publication_date,title,url
2015-10-09,How MTN Uganda’s offshore stash sent URA on the hunt,https://observer.ug/business/how-mtn-ugandas-offshore-stash-sent-ura-on-the-hunt/
2016-11-21,Wolokoso: Kadaga visitors worry Busoga MPs,https://observer.ug/news/wolokoso-kadaga-visitors-worry-busoga-mps/
2016-11-25,"Bahiga always suspected that Kamoga could kill, says witness",https://observer.ug/news/bahiga-always-suspected-that-kamoga-could-kill-says-witness/
2016-11-25,DStv partners Stanbic bank,https://observer.ug/business/business-business/dstv-partners-stanbic-bank/
2016-11-25,"Israel dumps Eritrea, Sudan refugees in Uganda, Rwanda",https://observer.ug/news/israel-dumps-eritrea-sudan-refugees-in-uganda-rwanda/
2016-11-25,UBL starts Shs 300m sanitation project for Nakawa traders,https://observer.ug/business/business-business/ubl-starts-shs-300m-sanitation-project-for-nakawa-traders/
2016-11-25,We forced Dr Besigye to stand in 2016 – Ssemujju,https://observer.ug/news/we-forced-dr-besigye-to-stand-in-2016-ssemujju/
2016-11-27,MPs from tea-growing areas push for national authority,https://observer.ug/news/mps-from-tea-growing-areas-push-for-national-authority/
2016-11-27,Mbabazi youths mobilise against age-limit removal,https://observer.ug/news/mbabazi-youths-mobilise-against-age-limit-removal/
2016-11-28,Court stops govt from reorganising bus terminals,https://observer.ug/news/court-stops-govt-from-reorganising-bus-terminals/
2016-11-28,"FAO, lands ministry push for land registration",https://observer.ug/business/business-business/fao-lands-ministry-push-for-land-registration/
2016-11-28,Government plans for more mini power dams,https://observer.ug/business/business-business/government-plans-for-more-mini-power-dams/
2016-11-30,CMI joins Major Kiggundu probe,https://observer.ug/news/cmi-joins-major-kiggundu-probe/
2016-11-30,Kasese: Religious leaders call for end to the bloodshed,https://observer.ug/news/kasese-religious-leaders-call-for-end-to-the-bloodshed/
2016-11-30,MPs blame Museveni for Kasese clashes,https://observer.ug/news/mps-blame-museveni-for-kasese-clashes/
2016-11-30,Mumbere charged as Kasese killings raise more questions,https://observer.ug/news/mumbere-charged-as-kasese-killings-raise-more-questions/
2016-11-30,Otunnu family seeks Shs 2bn from Museveni,https://observer.ug/news/otunnu-family-seeks-shs-2bn-from-museveni/
2016-12-02,Finance ministers bury hatchet on UEGCL board,https://observer.ug/news/finance-ministers-bury-hatchet-on-uegcl-board/
2016-12-02,Kadaga names MPs to probe Utl,https://observer.ug/news/kadaga-names-mps-to-probe-utl/
2016-12-02,Police arrest CMI officers over sale of guns to thugs,https://observer.ug/news/police-arrest-cmi-officers-over-sale-of-guns-to-thugs/
2016-12-02,Tracing Uganda’s unresolved murders,https://observer.ug/news/tracing-uganda-s-unresolved-murders/
2016-12-02,Why the state struggles to nail murder suspects,https://observer.ug/news/why-the-state-struggles-to-nail-murder-suspects/
2016-12-05,"Kasese killings could happen again if solutions are not found fast, MPs warn",https://observer.ug/news/news-news/kasese-killings-could-happen-again-if-solutions-are-not-found-fast-mps-warn/
2016-12-06,"Kanyamunyu girlfriend, brother sent back to Luzira",https://observer.ug/news/kanyamunyu-girlfriend-brother-sent-back-to-luzira/
2016-12-07,Business normalises in troubled Kasese,https://observer.ug/business/business-normalises-in-troubled-kasese/
2016-12-07,Inside the ignored Omaswa report on Makerere University,https://observer.ug/news/inside-the-ignored-omaswa-report-on-makerere-university/
2016-12-07,NRM bosses Tanga and Lumumba clash over salary raise,https://observer.ug/news/nrm-bosses-tanga-and-lumumba-clash-over-salary-raise/
2016-12-07,Tour operators cry foul over Kasese,https://observer.ug/business/tour-operators-cry-foul-over-kasese/
2016-12-07,Will South Sudan influence pace of EAC integration?,https://observer.ug/business/will-south-sudan-influence-pace-of-eac-integration/
2016-12-08,Hundreds demonstrate against MPs tax exemption,https://observer.ug/news/hundreds-demonstrate-against-mps-tax-exemption/
2016-12-08,Journalists not asking the right questions – Eric Chinje,https://observer.ug/news/journalists-not-asking-the-right-questions-eric-chinje/
2016-12-09,Has General Sejusa fled?,https://observer.ug/news/has-general-sejusa-fled/
2016-12-09,Journalists asked to rethink their purpose,https://observer.ug/news/journalists-asked-to-rethink-their-purpose/
2016-12-09,UIA touts natural waste treatment,https://observer.ug/news/uia-touts-natural-waste-treatment/
2016-12-12,Combating corruption takes total commitment – Agaba,https://observer.ug/news/combating-corruption-takes-total-commitment-agaba/
2016-12-12,"Corruption is democratised now, says Justice Katureebe",https://observer.ug/news/corruption-is-democratised-now-says-justice-katureebe/
2016-12-12,Northern Uganda’s untold oil story,https://observer.ug/news/northern-uganda-s-untold-oil-story/
2016-12-12,Police sends Bemuga file to DPP,https://observer.ug/news/police-sends-bemuga-file-to-dpp/
2016-12-12,The public needs to trust MPs – Kalemba,https://observer.ug/news/the-public-needs-to-trust-mps-kalemba/
2016-12-13,Besigye drags Civil Aviation Authority to court,https://observer.ug/news/besigye-drags-civil-aviation-authority-to-court/
2016-12-14,"Agaba’s last thoughts on Luzira deaths, Jennifer Musisi & KCCA",https://observer.ug/news/agaba-s-last-thoughts-on-luzira-deaths-jennifer-musisi-kcca/
2016-12-14,Insurance firms to pool funds for oil industry,https://observer.ug/business/insurance-firms-to-pool-funds-for-oil-industry/
2016-12-14,Insurers urged on being professional,https://observer.ug/business/insurers-urged-on-being-professional/
2016-12-14,Mumbere vows to fight on,https://observer.ug/news/mumbere-vows-to-fight-on/
2016-12-14,Solar interest grows as Soroti project takes off,https://observer.ug/business/solar-interest-grows-as-soroti-project-takes-off/
2016-12-14,Ugandans to pay to use Busega-Mpigi highway,https://observer.ug/news/ugandans-to-pay-to-use-busega-mpigi-highway/
2016-12-16,EPRC wins accolade,https://observer.ug/business/eprc-wins-accolade/
2016-12-16,"Go slow on palace redevelopment, Mayiga told",https://observer.ug/news/go-slow-on-palace-redevelopment-mayiga-told/
2016-12-16,It’s not just Acholi; even Bunyoro decries govt neglect on oil matters,https://observer.ug/news/it-s-not-just-acholi-even-bunyoro-decries-govt-neglect-on-oil-matters/
2016-12-16,"Minerals key, says Kasaija as UNCDF marks 50 years",https://observer.ug/news/minerals-key-says-kasaija-as-uncdf-marks-50-years/
2016-12-16,"Mumbere’s premier arrested, as MPs seek to meet king, Museveni",https://observer.ug/news/mumbere-s-premier-arrested-as-mps-seek-to-meet-king-museveni/
2016-12-16,Police called in as new ‘Omugabe’ claims Ankole throne,https://observer.ug/news/police-called-in-as-new-omugabe-claims-ankole-throne/
2016-12-17,Chaos as bailiffs attach Gulu district assets over Shs 4.4bn,https://observer.ug/news/chaos-as-bailiffs-attach-gulu-district-assets-over-shs-4-4bn/
2016-12-19,Couple sues Marie Stopes over unplanned child,https://observer.ug/news/couple-sues-marie-stopes-over-unplanned-child/
2016-12-19,"Museveni, Akena killing UPC – Bossa",https://observer.ug/news/museveni-akena-killing-upc-bossa/
2016-12-19,"Wolokoso: When Amelia, Nabilah got banging tables",https://observer.ug/news/wolokoso-when-amelia-nabilah-got-banging-tables/
2016-12-20,"FIFA fines Uganda Shs 17m, Burundi Shs 55m",https://observer.ug/news/fifa-fines-uganda-shs-17m-burundi-shs-55m/
2016-12-21,Higher education council calls for govt support on compliance,https://observer.ug/news/higher-education-council-calls-for-govt-support-on-compliance/
2016-12-21,Justice Kavuma amends his age,https://observer.ug/news/justice-kavuma-amends-his-age/
2016-12-21,Limited government business as MPs break off again,https://observer.ug/news/limited-government-business-as-mps-break-off-again/
2016-12-21,Minister hails end of Makerere strike,https://observer.ug/news/minister-hails-end-of-makerere-strike/
2016-12-21,Museveni meets Kasese elders,https://observer.ug/news/museveni-meets-kasese-elders/
2016-12-21,Residents protest against delayed Unra pay,https://observer.ug/business/residents-protest-against-delayed-unra-pay/
2016-12-21,Review committee wants UBC overhauled,https://observer.ug/news/review-committee-wants-ubc-overhauled/
2016-12-21,Unra achievements more accidental than deliberate – Katuntu,https://observer.ug/news/unra-achievements-more-accidental-than-deliberate-katuntu/
2016-12-23,Food prices stay up as drought ravages villages,https://observer.ug/business/food-prices-stay-up-as-drought-ravages-villages/
2016-12-23,Government suspends relocation of buses,https://observer.ug/news/government-suspends-relocation-of-buses/
2016-12-23,MP Mpuuga hits back at Museveni over ‘mad’ jibe,https://observer.ug/news/mp-mpuuga-hits-back-at-museveni-over-mad-jibe/
2016-12-23,Police offers security tips for festive season,https://observer.ug/news/police-offers-security-tips-for-festive-season/
2016-12-23,Police: We can’t place Desh at murder scene,https://observer.ug/news/police-we-can-t-place-desh-at-murder-scene/
2016-12-28,"Kasese: Scared residents shun bars, night prayers",https://observer.ug/news/kasese-scared-residents-shun-bars-night-prayers/
2016-12-28,Mumbere case hearing adjourned to January 12,https://observer.ug/news/jinja-court-adjourns-mumbere-case-hearing-to-january-12/
2016-12-28,"Oil should not over-dominate Uganda’s economy, WB chief advises",https://observer.ug/news/oil-should-over-dominate-uganda-s-economy-wb-chief-advises/
2016-12-30,Elumelu entrepreneurship programme calls for entries,https://observer.ug/business/elumelu-entrepreneurship-programme-calls-for-entries/
2016-12-30,Gone with the year 2016,https://observer.ug/news/gone-with-the-year-2016/
2016-12-30,"Mwenda, FDC social media war rages",https://observer.ug/news/mwenda-fdc-social-media-war-rages/
2016-12-30,Oil-rich Bunyoro seeks answers over pipeline,https://observer.ug/business/oil-rich-bunyoro-seeks-answers-over-pipeline/
2016-12-30,Poorly-staffed districts fail to deliver services,https://observer.ug/news/poorly-staffed-districts-fail-to-deliver-services/
2016-12-30,What a year! From Donald Trump to Kasese murders,https://observer.ug/news/what-a-year-from-donald-trump-to-kasese-murders/
2017-01-02,What businesses should expect in year 2017,https://observer.ug/business/what-businesses-should-expect-in-year-2017/
2017-01-04,Kasese leaders in chorus for peace at end-of-year prayers,https://observer.ug/news/kasese-leaders-in-chorus-for-peace-at-end-of-year-prayers/
2017-01-06,Parliament moots a chopper for speaker,https://observer.ug/news/parliament-moots-a-chopper-for-speaker/
2017-01-20,Katuntu to head oil cash bonus probe,https://observer.ug/news/katuntu-to-head-oil-cash-bonus-probe/
2017-02-06,Rwenzururu veterans ejected from kingdom meeting,https://observer.ug/news/rwenzururu-veterans-ejected-from-kingdom-meeting/
2017-02-15,Sheraton to mark Golden jubilee,https://observer.ug/business/sheraton-to-mark-golden-jubilee/
2017-03-03,Lawyer Muwema appeals TVO ruling in Ireland court,https://observer.ug/news/lawyer-muwema-appeals-tvo-ruling-in-ireland-court/
2017-03-03,MP Anywar airlifted to Kampala after accident in Lamwo,https://observer.ug/news/mp-anywar-airlifted-to-kampala-after-accident-in-lamwo/
2017-03-06,Norbert Mao: It’s FDC that’s in bed with NRM,https://observer.ug/news/norbert-mao-it-s-fdc-that-s-in-bed-with-nrm/
2017-03-10,How Capt Roy lost everything to Crane bank,https://observer.ug/news/how-capt-roy-lost-everything-to-crane-bank/
2017-03-15,Persons affected by refinery fault govt on broken promise,https://observer.ug/business/persons-affected-by-refinery-fault-govt-on-broken-promise/
2017-03-16,Police constable shoots self dead in Hoima barracks,https://observer.ug/news/police-constable-shoots-self-dead-in-hoima-barracks/
2017-03-20,Nabakooba: The Kaweesi I knew,https://observer.ug/news/nabakooba-the-kaweesi-i-knew/
2017-03-20,Reactions of some Ugandans to Kaweesi’s death,https://observer.ug/news/reactions-of-some-ugandans-to-kaweesi-s-death/
2017-03-22,Kaweesi wanted to join politics,https://observer.ug/news/kaweesi-wanted-to-join-politics/
2017-03-28,Ntare School suspends all 280 S.3 students over indiscipline,https://observer.ug/news/ntare-school-suspends-all-s-3-students-over-indiscipline/
2017-03-31,Bulenga police boss dies in accident,https://observer.ug/news/bulenga-police-boss-dies-in-accident/
2017-03-31,UPDF Major gunned down in Masindi,https://observer.ug/news/updf-major-gunned-down-in-masindi/
2017-04-12,Health ministry partners 10 facilities in Yellow Fever fight,https://observer.ug/news/health-ministry-partners-10-health-facilities-in-yellow-fever-fight/
2017-04-13,Hundreds grace Kabaka’s birthday,https://observer.ug/news/hundreds-grace-kabaka-s-birthday/
2017-04-19,Man who demarcated Rwenzori national park dies in Kasese,https://observer.ug/news/man-who-demarcated-rwenzori-national-park-dies-in-kasese/
2017-04-21,Sim card verification brings frustration,https://observer.ug/news/sim-card-verification-brings-frustration/
2017-04-24,Mulengani: Eala term limits can be lifted,https://observer.ug/news/mulengani-eala-term-limits-can-be-lifted/
2017-04-29,Masaka Police scraps free meals for officers,https://observer.ug/news/masaka-police-scraps-free-meals-for-officers/
2017-05-01,"I’ll retire in Uganda, says Unesco boss",https://observer.ug/news/i-ll-retire-in-uganda-says-unesco-boss/
2017-05-01,Oil cash probe MPs beg from Museveni,https://observer.ug/news/oil-cash-probe-mps-beg-from-museveni/
2017-05-03,Some media challenges are self-inflicted – ACME,https://observer.ug/news/some-media-challenges-are-self-inflicted-acme/
2017-05-08,"Police, Ssekikubo cited in land dispute",https://observer.ug/news/police-ssekikubo-cited-in-land-dispute/
2017-05-29,DP to honour Ben Kiwanuka with a multibillion building,https://observer.ug/news/dp-to-honour-ben-kiwanuka-with-a-multibillion-building/
2017-05-31,EC sets new polling date for Kyadondo East,https://observer.ug/news/ec-sets-new-polling-date-for-kyadondo-east/
2017-06-07,Mugambe’s judgement wins people’s choice global award,https://observer.ug/news/mugambe-s-judgement-wins-people-s-choice-global-award/
2017-06-12,"MPs: Why budget is good, bad for Uganda",https://observer.ug/news/mps-why-budget-is-good-bad-for-uganda/
2017-06-18,Legal officer drags NDA to court over unfair dismissal,https://observer.ug/news/legal-officer-drags-nda-to-court-over-unfair-dismissal/
2017-06-22,UPDF Captain accused of harassing relatives over land,https://observer.ug/news/updf-captain-accused-of-harassing-relatives-over-land/
2017-07-04,"Dress code: Ministry bans mini skirts, coloured hair",https://observer.ug/news/dress-code-ministry-bans-mini-skirts-coloured-hair/
2017-07-17,"Defence, Justice atop most indebted govt list",https://observer.ug/news/defence-justice-atop-most-indebted-govt-list/
2017-07-17,Iran’s giant enterprise seeks to invest in Uganda,https://observer.ug/business/iran-s-giant-enterprise-seeks-to-invest-in-uganda/
2017-07-18,Stella Nyanzi demands return to MISR,https://observer.ug/news/stella-nyanzi-demands-return-to-misr/
2017-07-21,USA pledges $62.7m for refugees in Uganda,https://observer.ug/news/usa-pledges-62-7m-for-refugees-in-uganda/
2017-07-24,Omugabi Mulindwa Muwonge bows out with a split legacy,https://observer.ug/news/omugabi-mulindwa-muwonge-bows-out-with-a-split-legacy/
2017-07-24,"South African child in HIV remission for 8 years, without drugs",https://observer.ug/news/south-african-child-in-hiv-remission-for-8-years-without-drugs/
2017-07-28,Mafabi wants Central Bank probed over Crane bank mess,https://observer.ug/news/mafabi-wants-central-bank-probed-over-crane-bank-mess/
2017-07-31,"Buganda to govt: don’t amend land laws, set up special court",https://observer.ug/news/buganda-to-govt-don-t-amend-land-laws-set-up-special-court/
2017-08-01,MP Kahonda out on bail,https://observer.ug/news/mp-kahonda-out-on-bail/
2017-08-02,Govt should only seize idle land – Alur premier,https://observer.ug/news/govt-should-only-seize-idle-land-alur-premier/
2017-08-09,ULC boss: gov’t will repossess Jinja property from Movit tycoon,https://observer.ug/news/ulc-boss-gov-t-will-repossess-jinja-property-from-movit-tycoon/
2017-08-14,Religious leaders speak out on presidential age limit,https://observer.ug/news/religious-leaders-speak-out-on-presidential-age-limit/
2017-08-23,Sheikh Kamoga gets life in prison,https://observer.ug/news/sheikh-kamoga-gets-life-in-prison/
2017-08-24,Angola awaits election results amid opposition complaints,https://observer.ug/news/angola-awaits-election-results-amid-opposition-complaints/
2017-08-28,"Museveni, Bobi Wine to square off in Kalungu poll",https://observer.ug/news/museveni-bobi-wine-to-square-off-in-kalungu-poll/
2017-08-28,SGS contract probe pins MP Sabiiti over conflict of interest,https://observer.ug/news/sgs-contract-probe-pins-mp-sabiiti-over-conflict-of-interest/
2017-09-04,NRM summons ‘errant’ MP Nambeshe over land bill,https://observer.ug/news/nrm-summons-errant-mp-nambeshe-over-land-bill/
2017-09-13,Evolution of age limit campaign since 2015,https://observer.ug/news/evolution-of-age-limit-campaign-since-2015/
2017-09-14,Two arrested for hacking into Centenary bank accounts,https://observer.ug/news/two-arrested-for-hacking-into-centenary-bank-accounts/
2017-09-20,Mao: land bill a trick to remove age limit,https://observer.ug/news/mao-land-bill-a-trick-to-remove-age-limit/
2017-09-22,"Ugandans getting poorer, states PWC expert report",https://observer.ug/business/ugandans-getting-poorer-states-pwc-expert-report/
2017-09-28,Age limit: Amnesty Int’l condemns UCC live coverage ban,https://observer.ug/news/age-limit-amnesty-int-l-condemns-ucc-live-coverage-ban/
2017-10-02,"Parliament, police count the cost of September 27 violence",https://observer.ug/news/parliament-police-count-the-cost-of-september-27-violence/
2017-10-02,"Police raid another NGO, Uhuru Institute",https://observer.ug/news/security-raids-another-ngo-uhuru-institute/
2017-10-05,Age limit: Kabale RDC under fire for disparaging Fr Gaetano,https://observer.ug/news/age-limit-kabale-rdc-under-fire-for-disparaging-fr-gaetano/
2017-10-09,Government moves to tax the rich more,https://observer.ug/news/government-moves-to-tax-the-rich-more/
2017-10-20,Can Uganda attract Chinese tourists?,https://observer.ug/business/can-uganda-attract-chinese-tourists/
2017-10-20,"Who is Kyuma kya Yesu, MP Simeo’s foe?",https://observer.ug/news/who-is-kyuma-kya-yesu-mp-simeo-s-foe/
2017-10-30,"I’m still consulting on age limit, says Nantaba",https://observer.ug/news/i-m-still-consulting-on-age-limit-says-nantaba/
2017-11-07,Age limits: Can referendum deliver the magic solution?,https://observer.ug/news/age-limits-can-referendum-deliver-the-magic-solution/
2017-11-14,It’s pay or die in public hospitals,https://observer.ug/news/it-s-now-pay-or-die-in-public-hospitals/
2017-11-14,Sudan’s Tarco airlines to start direct flights to Entebbe,https://observer.ug/news/sudan-s-tarco-airlines-to-start-direct-flights-to-entebbe/
2017-11-15,What now for Zimbabwe?,https://observer.ug/news/what-now-for-zimbabwe/
2017-11-16,Age limit consultation will achieve little – Prof Ssempebwa,https://observer.ug/news/age-limit-consultation-will-achieve-little-prof-ssempebwa/
2017-11-18,Protesters in Zimbabwe call for Mugabe to resign,https://observer.ug/news/protesters-in-zimbabwe-call-for-mugabe-to-resign/
2017-11-23,IUIU Medical School increases tuition,https://observer.ug/news/iuiu-medical-school-increases-tuition/
2017-11-27,Activity on social media may impact creditworthiness,https://observer.ug/business/activity-on-social-media-may-impact-creditworthiness/
2017-11-29,Expert calls for honesty in insurance business,https://observer.ug/business/expert-calls-for-honesty-in-insurance-business/
2017-11-30,PPDA suspends over 100 suppliers over forged documents,https://observer.ug/news/ppda-suspends-over-100-suppliers-over-forged-documents/
2017-12-05,Muntu sets terms to remain in FDC,https://observer.ug/news/muntu-sets-terms-to-remain-in-fdc/
2017-12-06,Court dismisses Katosi road suspect Senkeeto’s application,https://observer.ug/news/court-dismisses-katosi-road-fraud-suspect-senkeeto-application/
2017-12-13,Land probe runs into anti-Asian feelings,https://observer.ug/news/land-probe-runs-into-anti-asian-feelings/
2017-12-15,Ugandans deserve good governance – Dutch Ambassador,https://observer.ug/news/ugandans-deserve-good-governance-dutch-ambassador/
2017-12-21,Archbishop Lwanga shuns prayers at Parliament over SFC raid,https://observer.ug/news/archbishop-lwanga-shuns-prayers-at-parliament-over-sfc-raid/
2018-01-03,Kasese palace attack: broken families struggle to survive,https://observer.ug/news/kasese-palace-attack-broken-families-struggle-to-survive/
2018-01-03,Pro-Kadaga protesters storm High court,https://observer.ug/news/pro-kadaga-protesters-storm-high-court/
2018-01-11,PLE results out tomorrow,https://observer.ug/news/ple-results-out-tomorrow/
2018-01-12,MPs want constitutional right to health,https://observer.ug/news/mps-want-constitutional-right-to-health/
2018-01-18,Sadolin turn to ‘paint supermarkets’ to promote products,https://observer.ug/business/sadolin-turn-to-paint-supermarkets-to-promote-products/
2018-01-22,"State House website maintains outdated M7, Janet profiles",https://observer.ug/news/state-house-website-maintains-outdated-m7-janet-profiles/
2018-01-25,Airtel lowers data prices in new promo,https://observer.ug/business/airtel-lowers-data-prices-in-new-promo/
2018-01-25,"Wife drags IGP, CMI to court over Kitatta arrest",https://observer.ug/news/wife-drags-igp-cmi-to-court-over-kitatta-arrest/
2018-01-26,Tooro kingdom moves to sue gov’t over assets,https://observer.ug/news/tooro-kingdom-moves-to-sue-gov-t-over-assets/
2018-01-28,Museveni orders gov’t to switch to UTL internet,https://observer.ug/news/museveni-orders-gov-t-to-switch-to-utl-internet/
2018-01-31,"Muntu tells off FDC, talks to NRM loyalists",https://observer.ug/news/muntu-tells-off-fdc-talks-to-nrm-loyalists/
2018-02-01,Maverick DPC Kirumira arrested,https://observer.ug/news/maverick-dpc-kirumira-arrested/
2018-02-05,African leaders ‘almost’ demanded apology from Trump,https://observer.ug/news/african-leaders-almost-demanded-apology-from-trump/
2018-02-05,Illegal schools blame imminent closure on govt incompetence,https://observer.ug/news/illegal-schools-blame-govt-incompetence-on-imminent-closure/
2018-02-07,Mengo hospital cleared in brain surgery deaths,https://observer.ug/news/mengo-hospital-cleared-in-brain-surgery-deaths/
2018-02-10,"Bishop Kisembo, Museveni clash over age limit",https://observer.ug/news/bishop-kisembo-museveni-clash-over-age-limit/
2018-02-13,Govt to burn 1500 tons of expired drugs,https://observer.ug/news/govt-to-burn-1500-tons-of-expired-drugs/
2018-02-14,Police refutes reports of ACP Bakaleke’s arrest,https://observer.ug/news/police-refutes-reports-of-acp-bakaleke-s-arrest/
2018-02-20,"aYo and MTN to reward 2,500 loyal customers",https://observer.ug/business/ayo-insurance-to-reward-2-500-loyal-customers/
2018-02-24,Zimbabwe opposition fight over leadership following Tsvangarai demise,https://observer.ug/news/zimbabwe-opposition-fight-over-leadership-following-tsvangarai-demise/
2018-02-27,Botswana tells DRC President Kabila to step down,https://observer.ug/news/botswana-tells-drc-president-kabila-to-step-down/
2018-03-01,Mulago to get a second cancer machine in December,https://observer.ug/news/mulago-to-get-a-second-cancer-machine-in-december/
2018-03-09,Africa’s population explosion worries African Development Bank,https://observer.ug/business/africa-s-population-explosion-worries-african-development-bank/
2018-03-10,Zimbabwe court issues warrant to deepen Grace Mugabe PhD probe,https://observer.ug/news/zimbabwe-court-issues-warrant-to-deepen-grace-mugabe-phd-probe/
2018-03-14,How Gen Kayihura reacted to his firing,https://observer.ug/news/how-gen-kayihura-reacted-to-his-firing/
2018-03-20,Man captured on video beating 4-year-old son summoned by police,https://observer.ug/news/man-captured-on-video-beating-4-year-old-son-summoned-by-police/
2018-03-21,Hepatitis B scandal bites harder,https://observer.ug/news/hepatitis-b-scandal-bites-harder/
2018-03-22,NRM’s Matsiko thrown out of parliament as Panadol holds seat,https://observer.ug/news/nrm-s-matsiko-thrown-out-of-parliament-as-panadol-holds-seat/
2018-03-25,No fundamental problem between Uganda & Rwanda – Museveni,https://observer.ug/news/no-fundamental-problem-between-uganda-rwanda-museveni/
2018-03-28,Livingstone Sewanyana revels in new appointment as UN expert,https://observer.ug/news/livingstone-sewanyana-revels-in-new-appointment-as-un-expert/
2018-03-28,"Parliament probes into speaker Kadaga, minister Namuganza feud",https://observer.ug/news/parliament-probes-into-speaker-kadaga-minister-namuganza-feud/
2018-04-26,"Korea commits $10m towards clean water, sanitation in Karamoja",https://observer.ug/news/korea-commits-10m-towards-clean-water-sanitation-in-karamoja/
2018-05-01,India’s Tata assessing Umeme’s performance,https://observer.ug/business/india-s-tata-assessing-umeme-s-performance/
2018-05-11,"OPM to splash Shs 5bn on workshops, seminars",https://observer.ug/news/opm-to-splash-shs-5bn-on-workshops-seminars/
2018-05-20,Kadaga wants road safety included in national curriculum,https://observer.ug/news/kadaga-wants-road-safety-included-in-national-curriculum/
2018-06-02,CNOOC Uganda takes oil and gas training to grassroots,https://observer.ug/business/cnooc-uganda-takes-oil-and-gas-training-to-grassroots/
2018-06-05,Govt to borrow $200m to renovate health centre IIIs,https://observer.ug/news/govt-to-borrow-200m-to-renovate-health-centre-iiis/
2018-06-10,Several injured in another tragic accident in Kiryandongo,https://observer.ug/news/several-injured-in-another-tragic-accident-in-kiryandongo/
2018-06-25,Basalirwa’s supporters ‘attacked’ in Bugiri by-election campaigns,https://observer.ug/news/basalirwa-s-supporters-attacked-in-bugiri-by-election-campaigns/
2018-06-26,Drop in HIV infections a relief for campaigners,https://observer.ug/news/drop-in-hiv-infections-a-relief-for-campaigners/
2018-07-01,"Social media tax: Telecoms to block VPNs, says UCC",https://observer.ug/news/social-media-tax-telecoms-to-block-vpns-says-ucc/
2018-07-09,Two killed in Mityana gambling brawl,https://observer.ug/news/two-killed-in-mityana-gambling-brawl/
2018-07-11,Fire destroys Greenhill Academy boys’ dormitory,https://observer.ug/news/fire-destroys-greenhill-academy-boys-dormitory/
2018-08-03,Govt hires experts to improve animal breeding,https://observer.ug/news/govt-hires-experts-to-improve-animal-breeding/
2018-08-07,"All traffic commanders in Kampala, Wakiso transferred",https://observer.ug/news/all-traffic-commanders-in-kampala-wakiso-transferred/
2018-08-10,"Youth decry sexual harassment in schools, workplaces",https://observer.ug/news/youth-decry-sexual-harassment-in-schools-workplaces/
2018-08-14,Opposition hooligans to blame for death of Bobi Wine’s driver – police,https://observer.ug/news/opposition-hooligans-to-blame-for-death-of-bobi-wine-s-driver-police/
2018-08-20,Lawyer Mabirizi challenges Bobi Wine trial in Army court,https://observer.ug/news/lawyer-mabirizi-challenges-bobi-wine-trial-in-army-court/
2018-08-29,Bobi Wine: The making of people power,https://observer.ug/news/bobi-wine-the-making-of-people-power/
2018-08-29,Govt feels donor heat over #FreeBobiWine,https://observer.ug/news/govt-feels-donor-heat-over-freebobiwine/
2018-08-30,Cervical cancer: HPV vaccine safe for girls – minister,https://observer.ug/news/cervical-cancer-hpv-vaccine-safe-for-girls-minister/
2018-08-31,Bobi Wine now ‘cleared’ to travel for treatment,https://observer.ug/news/bobi-wine-now-cleared-to-travel-for-treatment/
2018-09-03,Boda boda 2010’s Kitatta applies for bail again,https://observer.ug/news/boda-boda-2010-s-kitatta-applies-for-bail-again/
2018-09-03,"MP Zaake charged with treason, released on police bond",https://observer.ug/news/mp-zaake-charged-with-treason-released-on-police-bond/
2018-09-05,Be careful what you say to your child,https://observer.ug/news/be-careful-what-you-say-to-your-child/
2018-09-05,Mbale MP Connie Nakayenze says her life is in danger,https://observer.ug/news/mbale-mp-connie-nakayenze-says-her-life-is-in-danger/
2018-09-07,Invest in typical agricultural institutions – Prof Nhamo,https://observer.ug/business/invest-in-typical-agricultural-institutions-prof-nhamo/
2018-09-14,Airtel opens premium shop,https://observer.ug/business/airtel-opens-premium-shop/
2018-09-17,R.Nile accident death toll rises to 7,https://observer.ug/news/r-nile-accident-death-toll-rises-to-7/
2018-09-27,MPs question Defence officials on LDU recruitment,https://observer.ug/news/mps-question-defence-officials-on-ldu-recruitment/
2018-10-02,Makerere ordered to reinstate suspended Stella Nyanzi,https://observer.ug/news/makerere-ordered-to-reinstate-suspended-stella-nyanzi/
2018-10-29,Musisi’s successor must first sort public transport,https://observer.ug/business/musisi-s-successor-must-first-sort-public-transport/
2018-10-31,"Denied pension, Serubyale endures hunger for 38 years",https://observer.ug/news/denied-pension-serubyale-endures-hunger-for-38-years/
2018-11-01,Police foils People Power meeting in Bugweri,https://observer.ug/news/police-foils-people-power-meeting-in-bugweri/
2018-11-03,Uganda to deploy Ebola vaccine to health workers on DRC border,https://observer.ug/news/uganda-to-deploy-ebola-vaccine-to-health-workers-on-drc-border/
2018-11-07,Oil: Can local companies measure up to standards?,https://observer.ug/business/oil-can-local-companies-measure-up-to-standards/
2018-11-14,Road Fund prioritizes rural community access roads,https://observer.ug/business/road-fund-prioritizes-rural-community-access-roads/
2018-11-14,"Sports, the next big thing for investors",https://observer.ug/business/sports-the-next-big-thing-for-investors/
2018-11-14,"Uganda, Zimbabwe top in prostate cancer cases",https://observer.ug/news/uganda-zimbabwe-top-in-prostate-cancer-cases/
2018-11-15,African leaders meet for ‘last push’ on AU reforms,https://observer.ug/news/african-leaders-meet-for-last-push-on-au-reforms/
2018-11-15,"UN bribery: FBI was tapping Sam Kutesa emails, phone calls",https://observer.ug/news/un-bribery-fbi-was-tapping-sam-kutesa-emails-phone-calls/
2018-11-24,Lands ministry advises on mailo titles,https://observer.ug/business/lands-ministry-advises-on-mailo-titles/
2018-11-26,"One dead, 9 injured as rally car rams into fans in Busiika",https://observer.ug/news/one-dead-9-injured-as-rally-car-rams-into-fans-in-busiika/
2018-11-28,Gov’t report: Ugandan boats are death traps,https://observer.ug/news/gov-t-report-ugandan-boats-are-death-traps/
2018-11-29,Bodies trapped under boat wreckage – divers,https://observer.ug/news/bodies-trapped-under-boat-wreckage-divers/
2018-12-07,How Bagyenda solely sold off GTB to Dfcu,https://observer.ug/news/how-bagyenda-solely-sold-off-gtb-to-dfcu/
2018-12-24,Indonesia tsunami death toll rises to 373,https://observer.ug/news/indonesia-tsunami-death-toll-rises-to-373/
2019-01-07,Cholera outbreak confirmed in Kampala,https://observer.ug/news/cholera-outbreak-confirmed-in-kampala-2/
2019-01-08,Kitatta disassociates self from Boda Boda 2010,https://observer.ug/news/kitatta-disassociates-self-from-boda-boda-2010/
2019-01-10,BOU spent Shs 930m on external lawyers in Crane bank sale,https://observer.ug/news/bou-spent-shs-930m-on-external-lawyers-in-crane-bank-sale/
2019-01-10,Bobi Wine can’t oust Museveni – opposition,https://observer.ug/news/bobi-wine-can-t-oust-museveni-opposition/
2019-01-15,Murder in Mukono: police fails to arrest their own,https://observer.ug/news/murder-in-mukono-police-fails-to-arrest-its-own/
2019-01-16,Uganda targets 1m more tourists in 2019,https://observer.ug/news/uganda-targets-1m-more-tourists-in-2019/
2019-01-24,Makerere students give management 48-hour ultimatum,https://observer.ug/news/makerere-students-give-management-48-hour-ultimatum/
2019-01-27,Social media taxpayers drop to 6 million,https://observer.ug/news/social-media-taxpayers-drop-to-6-million/
2019-01-29,Masindi hospital also hit by blood shortage,https://observer.ug/news/masindi-hospital-also-hit-by-blood-shortage/
2019-01-30,"Mugagga survives sex probe, retires",https://observer.ug/news/mugagga-survives-sex-probe-retires/
2019-01-30,NRM plots to end MP polls,https://observer.ug/news/nrm-plots-to-end-mp-polls/
2019-02-04,StanChart launches all-round banking App,https://observer.ug/business/stanchart-launches-all-round-banking-app/
2019-02-05,Egypt debates motion to extend presidential term limits,https://observer.ug/news/egypt-debates-motion-to-extend-presidential-term-limits/
2019-02-06,Kisanja Hakuna Mchezo marred by extrajudicial killings,https://observer.ug/news/kisanja-hakuna-mchezo-marred-by-extrajudicial-killings/
2019-02-06,Shs 600m retirement paycheck too little – Gen Kasirye Gwanga,https://observer.ug/news/shs-600m-retirement-paycheck-too-little-gen-kasirye-gwanga/
2019-02-14,"For women in gold mines, it’s a chance amidst hurdles",https://observer.ug/business/for-women-in-gold-mines-it-s-a-chance-amidst-hurdles/
2019-02-14,NSSF offers amnesty to defaulters,https://observer.ug/business/nssf-offers-amnesty-to-defaulters/
2019-03-06,How Rwanda quarrel with Uganda unfolded,https://observer.ug/news/how-rwanda-quarrel-with-uganda-unfolded/
2019-03-07,FDC designates Kasozi as Cosase vice chairperson,https://observer.ug/news/fdc-designates-kasozi-as-cosase-vice-chairperson/
2019-03-14,"Make Museveni regret holding unto power, Mao to opposition",https://observer.ug/news/make-museveni-regret-holding-unto-power-mao-to-opposition/
2019-03-23,Kadaga airlifted to Nairobi for treatment,https://observer.ug/news/kadaga-airlifted-to-nairobi-for-treatment/
2019-03-26,Kitatta transferred to Luzira prison,https://observer.ug/news/kitatta-transferred-to-makindye-barracks-to-luzira-prison/
2019-03-28,Iran flash-flood death toll up to 44,https://observer.ug/news/iran-flash-flood-death-toll-up-to-44/
2019-04-04,Obore fired from parliament after IGG investigation,https://observer.ug/news/obore-fired-from-parliament-after-igg-investigation/
2019-04-09,More Indonesians join cases against Boeing after CEO apology,https://observer.ug/business/more-indonesians-join-cases-against-boeing-after-ceo-apology/
2019-04-16,Lato initiative to offer free medical surgeries to disabled children,https://observer.ug/business/lato-initiative-to-offer-free-medical-surgeries-to-disabled-children/
2019-04-17,Standards regulator UNBS speaks out on Pearl salt,https://observer.ug/news/standards-regulator-unbs-speaks-out-on-pearl-salt/
2019-04-26,Court registrar faces suit over assaulting journalist,https://observer.ug/news/court-registrar-faces-suit-over-assaulting-journalist/
2019-04-28,Orthodox Christians celebrate Easter,https://observer.ug/news/orthodox-christians-celebrate-easter/
2019-05-06,FDC ‘unbothered’ by poll placing Bobi Wine ahead of Besigye,https://observer.ug/news/fdc-unbothered-by-poll-placing-bobi-wine-ahead-of-besigye/
2019-05-09,Makerere wins Shs 5bn from Google to monitor urban air quality,https://observer.ug/news/makerere-wins-shs-5bn-from-google-to-monitor-urban-air-quality/
2019-05-09,New POMA regulations: spontaneous meetings to be dispersed in 20 mins,https://observer.ug/news/new-poma-regulations-spontaneous-meetings-to-be-dispersed-in-20-mins/
2019-05-12,CMA promotes unit trusts as part of master plan,https://observer.ug/business/cma-promotes-unit-trusts-as-part-of-master-plan/
2019-05-16,Ministers involved in human trafficking – Kadaga,https://observer.ug/news/ministers-involved-in-human-trafficking-kadaga/
2019-05-17,Rwandan security entering Uganda illegally – Kutesa,https://observer.ug/news/rwandan-security-entering-uganda-illegally-kutesa/
2019-05-18,Nusaf III rolls out business start-up training,https://observer.ug/business/nusaf-iii-rolls-out-business-start-up-training/
2019-05-19,Church quietly lifts veil on family planning contraceptives,https://observer.ug/news/church-of-uganda-quietly-lifts-veil-on-family-planning-contraceptives/
2019-05-22,Charcoal trade continues to escalate in Acholi,https://observer.ug/business/charcoal-trade-continues-to-escalate-in-acholi/
2019-05-24,E.Africa closer to banning hydroquinone skin-lightening products,https://observer.ug/news/e-africa-closer-to-banning-hydroquinone-skin-lightening-products/
2019-05-26,Drones deliver medical supplies in Ghana,https://observer.ug/news/drones-deliver-medical-supplies-in-ghana/
2019-05-28,DPP withdraws embezzlement charges against Bakaleke,https://observer.ug/news/dpp-withdraws-embezzlement-charges-against-bakaleke/
2019-06-04,New research maps HIV prevalence for better disease control,https://observer.ug/news/new-research-maps-hiv-prevalence-for-better-disease-control/
2019-06-18,UPDF Captain kills self after shooting colleague in Somalia,https://observer.ug/news/updf-captain-kills-self-after-shooting-colleague-in-somalia/
2019-06-22,AFCON: Uganda in impressive 2-0 win against DR Congo,https://observer.ug/news/afcon-uganda-in-impressive-2-0-win-against-dr-congo/
2019-07-01,UBC fails to secure AFCON broadcasting rights,https://observer.ug/news/ubc-fails-to-secure-afcon-broadcasting-rights/
2019-07-12,Court issues criminal summons against Bobi Wine,https://observer.ug/news/court-issues-criminal-summons-against-bobi-wine/
2019-07-12,Police clears UNRA night repairs on Jinja highway,https://observer.ug/news/police-clears-unra-night-repairs-on-jinja-highway/
2019-07-14,Uganda defeats Scotland in tight contest at Netball World Cup,https://observer.ug/news/uganda-defeats-scotland-in-tight-contest-at-netball-world-cup/
2019-07-17,What guard said before shooting,https://observer.ug/news/what-guard-said-before-shooting/
2019-07-18,Uganda Airlines first commercial flight now pushed to August,https://observer.ug/news/uganda-airlines-first-commercial-flight-now-pushed-to-august/
2019-07-24,Uganda has 25 year old grannies – Minister,https://observer.ug/news/uganda-has-25-year-old-grannies-minister/
2019-08-05,Bobi Wine spits fire at Ziggy Wine vigil,https://observer.ug/news/bobi-wine-spits-fire-at-ziggy-wine-vigil/
2019-08-07,Trade standards translated into Luganda to boost fish sector,https://observer.ug/business/trade-standards-translated-into-luganda-to-boost-fish-sector/
2019-08-09,Stanbic bank rakes in Shs 134bn profit,https://observer.ug/business/stanbic-bank-rakes-in-shs-134bn-profit/
2019-08-13,Police analyzing suicide note recovered from dead Indian’s hotel room,https://observer.ug/news/experts-analyzing-suicide-note-recovered-from-dead-indian-s-hotel-room/
2019-09-12,One million register for Uneb exams,https://observer.ug/news/one-million-register-for-uneb-exams/
2019-09-18,Activists want details on Kenya oil contract with Chinese firm,https://observer.ug/news/activists-want-details-on-kenya-oil-contract-with-chinese-firm/
2019-09-18,"Ugandan gold miners exported 8,000kgs but declared only 16kgs",https://observer.ug/news/ugandan-gold-miners-exported-8-000kgs-but-declared-only-16kgs/
2019-09-19,NRM disowns “nailed” supporter,https://observer.ug/news/nrm-disowns-nailed-supporter/
2019-09-22,Treasonable for Kayihura to own assets in USA – Museveni,https://observer.ug/news/treasonable-for-kayihura-to-own-assets-in-usa-museveni/
2019-09-30,Cancer machine closed for servicing,https://observer.ug/news/cancer-machine-closed-for-servicing/
2019-10-01,"New UCC rules choke radio, TV",https://observer.ug/news/new-ucc-rules-choke-radio-tv/
2019-10-03,Uganda Airlines plans Burundi dominance,https://observer.ug/business/uganda-airlines-plans-burundi-dominance/
2019-10-08,Museveni blasts URA for failing manufacturers,https://observer.ug/news/museveni-blasts-ura-for-failing-manufacturers/
2019-10-10,All four Serere district ambulances grounded,https://observer.ug/news/all-four-serere-district-ambulances-grounded/
2019-10-30,Nantaba told: You will die like Kaweesi,https://observer.ug/news/nantaba-told-you-will-die-like-kaweesi/
2019-10-30,UNEB invigilator found dead in her room,https://observer.ug/news/uneb-invigilator-found-dead-in-her-room/
2019-11-07,Army will not immediately leave Makerere – Defense minister,https://observer.ug/news/army-will-not-immediately-leave-makerere-defense-minister/
2019-11-13,Over 3 million Ugandan women use modern contraception,https://observer.ug/news/over-shs3m-ugandan-women-use-modern-contraception/
2019-11-13,Quality Chemicals announces losses,https://observer.ug/news/quality-chemicals-announces-losses/
2019-11-27,Uganda Embassy land in Addis Ababa grabbed,https://observer.ug/news/uganda-embassy-land-in-addis-ababa-grabbed/
2019-11-27,Why Mbabaali remains favoured in Bukoto South,https://observer.ug/news/why-mbabaali-remains-favoured-in-bukoto-south/
2019-11-30,Black Friday: American holiday Africa has adopted,https://observer.ug/news/black-friday-american-holiday-africa-has-adopted/
2019-12-02,Four arrested over bank robbery in Soroti,https://observer.ug/news/four-arrested-over-bank-robbery-in-soroti/
2019-12-18,Maganga transforming food delivery in Kampala,https://observer.ug/business/maganga-transforming-food-delivery-in-kampala/
2019-12-19,Uganda’s mountain gorilla population increases,https://observer.ug/news/uganda-s-mountain-gorilla-population-increases/
2019-12-21,Ethiopia launches first satellite,https://observer.ug/news/ethiopia-launches-first-satellite/
2020-01-08,Uganda to host 2024 Commonwealth speakers conference,https://observer.ug/news/uganda-to-host-2024-commonwealth-speakers-conference/
2020-01-09,Makerere distances itself from imported gowns scandal,https://observer.ug/news/makerere-distances-itself-from-imported-gowns-scandal/
2020-01-09,Norway to take 600 migrants evacuated to Rwanda from Libya,https://observer.ug/news/norway-to-take-600-migrants-evacuated-to-rwanda-from-libya/
2020-01-13,Here’s why SMEs need to carefully consider expansion,https://observer.ug/business/here-s-why-smes-need-to-carefully-consider-expansion/
2020-01-14,Makerere has now secured all graduation gowns – Nawangwe,https://observer.ug/news/makerere-has-now-secured-all-graduation-gowns-nawangwe/
2020-01-21,Buganda positioned to become a tourism hub,https://observer.ug/business/buganda-positioned-to-become-a-tourism-hub/
2020-01-21,Facelift set to transform Namanve industrial park,https://observer.ug/business/facelift-set-to-transform-namanve-industrial-park/
2020-02-08,Eng Irene Kaggwa Ssewankambo replaces Mutabazi at UCC,https://observer.ug/news/eng-irene-kaggwa-ssewankambo-replaces-mutabazi-at-ucc/
2020-02-13,Gov’t losing billions in under-utilised internet – Auditor General,https://observer.ug/news/gov-t-losing-billions-in-under-utilised-internet-auditor-general/
2020-02-19,"Government secures aircraft, chemicals to fight locusts",https://observer.ug/news/government-secures-aircraft-chemicals-to-fight-locusts/
2020-02-21,Locusts not safe for human consumption – minister,https://observer.ug/news/locusts-not-safe-for-human-consumption-minister/
2020-02-26,Civil society unhappy with leakages in national budget,https://observer.ug/news/civil-society-unhappy-with-leakages-in-national-budget/
2020-02-29,Luweero accident death toll rises to 12,https://observer.ug/news/luweero-accident-death-toll-rises-to-12/
2020-03-04,S.Korean hospitals lack enough space for coronavirus patients,https://observer.ug/news/s-korean-hospitals-lack-enough-space-for-coronavirus-patients/
2020-03-05,US coronavirus death toll rises to 11 with California victim,https://observer.ug/news/us-coronavirus-death-toll-rises-to-11-with-california-victim/
2020-03-16,Suspected coronavirus patient isolated at Kihihi health centre IV,https://observer.ug/news/suspected-coronavirus-patient-isolated-at-kihihi-health-centre-iv/
2020-03-16,Uganda to start producing coronavirus spray in 2 weeks – Kadaga,https://observer.ug/news/uganda-to-start-producing-coronavirus-spray-in-2-weeks-kadaga/
2020-03-17,Kabaka Mutebi cancels Kyotera tour over coronavirus,https://observer.ug/news/kabaka-mutebi-cancels-kyotera-tour-over-coronavirus/
2020-04-06,Parliament rejects Byabashaija reappointment as prisons boss,https://observer.ug/news/parliament-rejects-byabashaija-reappointment-as-prisons-boss/
2020-04-17,Ugandan embassies start registering Ugandans stuck abroad,https://observer.ug/news/ugandan-embassies-start-registering-ugandans-stuck-abroad/
2020-04-29,Security names big lockdown violators,https://observer.ug/news/security-names-big-lockdown-violators/
2020-05-05,Microloans are best solution for economy,https://observer.ug/business/microloans-are-best-solution-for-economy/
2020-05-05,Uganda Covid-19 cases rise to 98 as Kenya sees biggest spike,https://observer.ug/news/uganda-covid-19-cases-rise-to-98-as-kenya-sees-biggest-spike/
2020-05-12,"Parliament makes U-turn, praises Museveni in COVID fight",https://observer.ug/news/parliament-makes-u-turn-praises-museveni-in-covid-fight/
2020-05-28,Uganda’s coronavirus cases rise by 36 to 317,https://observer.ug/news/uganda-s-coronavirus-cases-rise-by-36-to-317/
2020-05-29,Suspected bomb explosion injures four in Nakaseke,https://observer.ug/news/suspected-bomb-explosion-injures-four-in-nakaseke/
2020-05-30,Uganda’s trade in East Africa region increased by 21%,https://observer.ug/business/uganda-s-trade-in-east-africa-region-increased-by-21/
2020-06-04,Prudential donates Shs 300m in Covid-19 food relief,https://observer.ug/business/prudential-donates-shs-300m-in-covid-19-food-relief/
2020-06-13,MTN pays Shs 372bn for operating licence for next 12 years,https://observer.ug/business/mtn-pays-shs-372bn-for-operating-licence-for-next-12-years/
2020-06-16,Sanlam pays out Shs 475m after Covid-19 disruption,https://observer.ug/business/sanlam-pays-out-shs-475m-after-covid-19-disruption/
2020-06-18,‘Presidential advisor’ Buchaman arrested over NEMA meeting,https://observer.ug/news/presidential-advisor-buchaman-arrested-over-nema-meeting/
2020-06-24,How stress under lockdown affects you,https://observer.ug/news/how-stress-under-lockdown-affects-you/
2020-06-24,Sudhir defeats Bank of Uganda in court again,https://observer.ug/news/sudhir-defeats-bank-of-uganda-in-court-again/
2020-06-29,"Umeme lays out Shs 310bn to connect 300,000 consumers",https://observer.ug/business/umeme-lays-out-shs-310bn-to-connect-300-000-consumers/
2020-07-03,Govt halts return of Ugandans stranded abroad,https://observer.ug/news/govt-halts-return-of-ugandans-stranded-abroad/
2020-07-03,Here’s one way to retire with a million dollars in 30 years,https://observer.ug/business/here-s-one-way-to-retire-with-a-million-dollars-in-30-years/
2020-07-14,East African Court dismisses with costs Uganda age limit case,https://observer.ug/news/east-african-court-dismisses-with-costs-uganda-age-limit-case/
2020-07-15,Airtel in Covid-19 campaign,https://observer.ug/business/airtel-in-covid-19-campaign/
2020-07-15,FDC rejects Nabilah Naggayi’s nomination forms for Lord Mayor,https://observer.ug/news/fdc-rejects-nabilah-naggayi-s-nomination-forms/
2020-07-17,Experts offer tips to overcome disruption of human resource,https://observer.ug/business/experts-offer-tips-to-overcome-disruption-of-human-resource/
2020-07-23,Brazil president tests positive for COVID-19 a third time,https://observer.ug/news/brazil-president-tests-positive-for-covid-19-a-third-time/
2020-07-25,Beatrice Kihiki appointed Uganda’s first chairwoman at a cotton gin,https://observer.ug/business/beatrice-kihiki-appointed-uganda-s-first-chairwoman-at-a-cotton-gin/
2020-07-29,Court decision on salary loans could rattle financial market,https://observer.ug/business/court-decision-on-salary-loans-could-rattle-financial-market/
2020-08-08,"Boda Boda 2010’s Kitatta, bodyguard released from prison",https://observer.ug/news/boda-boda-2010-s-kitatta-bodyguards-released-from-prison/
2020-08-12,Umeme invests Shs 56bn in Mbale city electricity network,https://observer.ug/business/umeme-invests-shs-56bn-in-mbale-city-electricity-network/
2020-08-18,High court declines to block NRM CEC elections,https://observer.ug/news/high-court-declines-to-block-nrm-cec-elections/
2020-08-23,Another Ugandan man sets himself ablaze,https://observer.ug/news/another-ugandan-man-sets-himself-ablaze/
2020-08-26,Con bishop steals billions from Ugandans,https://observer.ug/news/con-bishop-steals-billions-from-ugandans/
2020-08-27,Museveni: Bobi Wine killing own supporters to implicate govt,https://observer.ug/news/museveni-bobi-wine-killing-own-supporters-to-implicate-govt/
2020-08-31,Arcades flouting Covid-19 SOPs named,https://observer.ug/news/arcades-flouting-covid-19-sops-named/
2020-09-05,"Beti Kamya, Margaret Zziwa win in NRM primaries",https://observer.ug/news/beti-kamya-margaret-zziwa-win-in-nrm-primaries/
2020-09-08,Namboole starts admitting COVID-19 patients today,https://observer.ug/news/namboole-starts-receiving-covid-19-patients-today/
2020-09-10,Tumukunde ‘itching’ to cross-examine CID boss Grace Akullo,https://observer.ug/news/tumukunde-itching-to-cross-examine-cid-boss-grace-akullo/
2020-09-10,Who will win Uganda Law Society presidency?,https://observer.ug/news/who-will-win-uganda-law-society-presidency/
2020-10-05,Gov’t to close COVID-19 quarantine centres,https://observer.ug/news/gov-t-to-close-covid-19-quarantine-centres/
2020-10-15,MTN partners BBS TV to promote market vendors,https://observer.ug/business/mtn-partners-bbs-tv-to-promote-market-vendors/
2020-10-20,Nigeria: Lagos imposes 24-hour curfew as anti-police protests continue,https://observer.ug/news/nigeria-lagos-imposes-24-hour-curfew-as-anti-police-protests-continue/
2020-11-01,"Kyagulanyi arrival stirs excitement, disorder at pastor Yiga’s burial",https://observer.ug/news/kyagulanyi-arrival-stirs-disorder-at-pastor-yiga-s-burial/
2020-11-02,Principal judge ‘rejects’ bribe offer in Ham-DTB appeal case,https://observer.ug/news/principal-judge-rejects-bribe-offer-in-ham-dtb-appeal-case/
2020-11-03,"Makerere University hospital doubles COVID test cost to Shs 200,000",https://observer.ug/news/makerere-university-hospital-doubles-covid-test-to-shs-200-000/
2020-11-05,Roke Telkom partners Facebook to bring high-speed internet,https://observer.ug/business/roke-telkom-partners-facebook-to-bring-high-speed-internet/
2020-11-09,EC guards are spying on me – Kabuleta,https://observer.ug/news/ec-guards-are-spying-on-me-kabuleta/
2020-11-09,Kiira Motors shouldn’t be selfish with Hightower,https://observer.ug/business/kiira-motors-shouldn-t-be-selfish-with-hightower/
2020-11-09,Pastor Mondo donates campaign vehicle to presidential candidate,https://observer.ug/news/pastor-mondo-donates-campaign-vehicle-to-presidential-candidate/
2020-11-17,Lessons from Sekanyolya’s 20 years of gates business,https://observer.ug/business/lessons-from-sekanyolya-s-20-years-of-gates-business/
2020-11-23,Kalangala hotels maintain low prices despite spike in tourists,https://observer.ug/news/kalangala-hotels-maintain-low-prices-despite-spike-in-tourists/
2020-11-25,"How BBC, CNN, Al Jazeera, AP covered Bobi protests",https://observer.ug/news/how-bbc-cnn-al-jazeera-ap-covered-bobi-protests/
2020-11-30,Gov’t sets up national task force to stop misuse of mosquito nets,https://observer.ug/news/gov-t-sets-up-national-task-force-to-stop-misuse-of-mosquito-nets/
2020-12-02,"Candidates under army, police siege",https://observer.ug/news/candidates-under-army-police-siege/
2020-12-04,Bobi Wine: Museveni has nothing new to offer Ugandans,https://observer.ug/news/bobi-wine-museveni-has-nothing-more-to-offer-ugandans/
2020-12-09,Manufacturers predict doom for Uganda over Kenya trade barriers,https://observer.ug/business/manufacturers-predict-doom-for-uganda-over-kenya-trade-barriers/
2020-12-11,Ministry of Health now bans condolence books at funerals,https://observer.ug/news/ministry-of-health-now-bans-condolence-books-at-funerals/
2020-12-16,Bobi Wine: UCC writes to Google to block 17 YouTube channels,https://observer.ug/news/bobi-wine-ucc-writes-to-google-to-block-17-youtube-channels/
2020-12-27,Winnie Byanyima disassociates self from NRM campaign advert,https://observer.ug/news/winnie-byanyima-disassociates-from-nrm-campaign-advert/
2020-12-29,Government should pay its debts to the private sector,https://observer.ug/business/government-should-pay-its-debts-to-the-private-sector/
2021-01-13,Bobi Wine projects 80% poll win,https://observer.ug/news/bobi-wine-projects-80-poll-win/
2021-01-22,Brutality on Bobi cost us in Buganda – defeated ministers,https://observer.ug/news/brutality-on-bobi-cost-us-in-buganda-defeated-ministers/
2021-01-23,NRM mayoral candidates storm State House over election cash,https://observer.ug/news/nrm-mayoral-candidates-storm-state-house-over-election-cash/
2021-01-25,"COVID-19: India to supply vaccines to 13 nations in Africa, Asia",https://observer.ug/news/covid-19-india-to-supply-vaccines-to-13-nations-in-africa-asia/
2021-02-01,Judicial Service Commission shuffles 15 chief magistrates,https://observer.ug/news/judicial-service-commission-shuffles-15-chief-magistrates/
2021-02-17,Covid-19 report rates govt interventions,https://observer.ug/news/covid-19-report-rates-govt-interventions/
2021-02-18,Makerere University professor Kerali found dead in his bedroom,https://observer.ug/news/makerere-university-professor-kerali-found-dead-in-his-bedroom/
2021-02-18,Museveni warns EU ambassadors off Uganda’s affairs,https://observer.ug/news/museveni-warns-eu-ambassadors-off-uganda-s-affairs/
2021-03-04,Coffee resurgence spurs export boom for Uganda,https://observer.ug/business/coffee-resurgence-spurs-export-boom-for-uganda/
2021-03-04,Will KCCA’s new infrastructure campaign solve mess in the city?,https://observer.ug/news/will-kcca-s-new-infrastructure-campaign-solve-mess-in-the-city/
2021-03-13,"Cement, sugar to implement Digital Tax Stamps in April",https://observer.ug/business/cement-sugar-to-implement-digital-tax-stamps-in-april/
2021-03-22,"Kenya milk ban: Mbarara’s Pearl Dairies lays off 1,500 workers",https://observer.ug/news/kenya-milk-ban-mbarara-s-pearl-dairies-lays-off-1-500-workers/
2021-03-29,Massive ship blocking Suez Canal finally freed,https://observer.ug/business/massive-ship-blocking-suez-canal-finally-freed/
2021-04-05,DPF reports seamless progress despite limitations of Covid-19,https://observer.ug/business/dpf-reports-seamless-progress-despite-limitations-of-covid-19/
2021-04-05,Kampala mayor Lukwago faints during requiem mass for Archbishop Lwanga,https://observer.ug/news/kampala-mayor-lukwago-faints-during-requiem-mass-for-archbishop-lwanga/
2021-04-06,When world’s largest plastic dhow sailed on Lake Victoria,https://observer.ug/news/when-world-s-largest-plastic-dhow-sailed-on-lake-victoria/
2021-04-21,Electricity: Uganda’s hydropower remains key to charging low prices,https://observer.ug/business/electricity-uganda-s-hydropower-remains-key-to-charging-low-prices/
2021-04-28,Gangsters planted in Bobi Wine camp – bodyguard,https://observer.ug/news/gangsters-planted-in-bobi-wine-camp-bodyguard/
2021-04-30,Turkey locks down again as COVID-19 numbers surge,https://observer.ug/news/turkey-locks-down-again-as-covid-19-numbers-surge/
2021-05-03,Plascon hosts dealers dinner at Sheraton,https://observer.ug/business/plascon-hosts-dealers-dinner-at-sheraton/
2021-05-10,Suspect commits suicide inside Kagadi police cells,https://observer.ug/news/suspect-commits-suicide-inside-kagadi-police-cells/
2021-05-11,Ex-champ Juuko barred from family property,https://observer.ug/news/ex-champ-juuko-barred-from-family-property/
2021-05-14,"Arua man, 30, rescued from L.Victoria after suicide attempt",https://observer.ug/news/arua-man-30-rescued-from-l-victoria-in-foiled-suicide-attempt/
2021-05-19,Allianz acquires majority stake in Jubilee Insurance,https://observer.ug/business/allianz-acquires-majority-stake-in-jubilee-insurance/
2021-05-31,One killed in cement truck explosion in Ngora,https://observer.ug/news/one-killed-in-cement-truck-explosion-in-ngora/
2021-06-02,Pakistani TV bans host of talk show after he criticized army,https://observer.ug/news/pakistani-tv-bans-host-of-talk-show-after-he-criticized-army/
2021-06-03,"Museveni, Janet get second COVID-19 vaccine jab",https://observer.ug/news/museveni-janet-get-second-covid-19-vaccine-jab/
2021-06-07,Oulanyah tasks MPs on responsive representation,https://observer.ug/news/oulanyah-tasks-mps-on-responsive-representation/
2021-06-16,KCCA starts investigation into missing COVID-19 vaccines,https://observer.ug/news/kcca-starts-investigation-into-missing-covid-19-vaccines/
2021-06-18,New internet tax to trap VPN users – govt,https://observer.ug/news/new-internet-tax-to-trap-vpn-users-govt/
2021-06-21,MPs reject Kaboyo ministerial appointment over corruption conviction,https://observer.ug/news/mps-reject-kaboyo-ministerial-appointment-over-corruption-conviction/
2021-06-28,Minister directs security to beat up people defying Covid-19 guidelines,https://observer.ug/news/minister-directs-security-to-beat-up-people-defying-covid-19-guidelines/
2021-07-04,Rapid Covid test kits returning false negatives in asymptomatic patients – Govt,https://observer.ug/news/rapid-covid-test-kits-returning-false-negatives-in-asymptomatic-patients-govt/
2021-07-07,Man arrested in Lira for strangling wife over sex,https://observer.ug/news/man-arrested-in-lira-over-strangling-wife-over-sex/
2021-07-13,Suspected Katumba shooters linked to 14 other murders,https://observer.ug/news/katumba-suspected-shooters-linked-to-14-other-murders/
2021-07-15,"Museveni appoints Kamya IGG, Ggoobi new Finance PS",https://observer.ug/news/museveni-appoints-kamya-igg-ggoobi-new-finance-ps/
2021-07-19,Nakaseke hospital principal medical officer succumbs to Covid-19,https://observer.ug/news/nakaseke-hospital-principal-medical-officer-succumbs-to-covid-19/
2021-07-21,Report: National ID is mass exclusion tool,https://observer.ug/news/report-national-id-is-mass-exclusion-tool/
2021-07-22,Payclide’s agency model promoting women financial inclusion,https://observer.ug/business/payclide-s-agency-model-promoting-women-financial-inclusion/
2021-07-26,Nakasero market vendors lose KCCA take over case,https://observer.ug/news/nakasero-market-vendors-lose-kcca-take-over-case/
2021-07-28,Delta variant: Even vaccinated people now have to wear face masks – US CDC,https://observer.ug/news/delta-variant-even-vaccinated-people-now-have-to-wear-face-masks-us-cdc/
2021-08-05,"Museveni retires 14 UPDF Generals, 590 others",https://observer.ug/news/museveni-retires-14-updf-generals-590-others/
2021-08-07,Enimiro Online connecting consumers to garden-fresh food supplies,https://observer.ug/business/enimiro-online-connecting-consumers-to-garden-fresh-food-supplies/
2021-08-09,Court fines govt Shs 75m for torturing MP Zaake,https://observer.ug/news/mp-zaake-awarded-shs-75m-for-torture/
2021-08-16,Yo Uganda enabling farmers integrate digital payments in their operations,https://observer.ug/business/yo-uganda-enabling-farmers-integrate-digital-payments-in-their-operations/
2021-08-17,EC asks court to dismiss election petition against Ssegirinya,https://observer.ug/news/ec-asks-court-to-dismiss-election-petition-against-ssegirinya/
2021-08-19,Court dismisses petition against deceased Kayunga LC V chairperson,https://observer.ug/news/court-dismisses-petition-against-deceased-kayunga-lc-v-chairperson/
2021-08-24,Can Tumwebaze’s energy reignite Uganda’s backbone of agriculture?,https://observer.ug/business/can-tumwebaze-s-energy-reignite-uganda-s-backbone-of-agriculture/
2021-09-02,Annual CEO Summit set for September 17,https://observer.ug/business/annual-ceo-summit-set-for-september-17/
2021-09-02,Johnson & Johnson HIV vaccine trial in Africa fails,https://observer.ug/news/johnson-johnson-hiv-vaccine-trial-in-africa-fails/
2021-09-06,Former S.Africa president Zuma released from prison on medical parole,https://observer.ug/news/former-s-africa-president-zuma-released-from-prison-on-medical-parole/
2021-09-07,Minister Kasaija ‘sad’ as Africell quits Uganda,https://observer.ug/business/minister-kasaija-sad-as-africell-quits-uganda/
2021-09-23,"Museveni gives NGO GiveDirectly ‘second chance’, to distribute Shs 106bn cash",https://observer.ug/news/museveni-gives-ngo-givedirectly-second-chance-to-distribute-shs-106bn-cash/
2021-09-28,Disentangling landlord from tenant in mailo land reforms,https://observer.ug/business/disentangling-landlord-from-tenant-in-mailo-land-reforms/
2021-10-04,Uganda Airlines makes first flight out of Africa,https://observer.ug/news/uganda-airlines-makes-first-flight-out-of-africa/
2021-10-05,No-bail law will bite you too,https://observer.ug/news/no-bail-law-will-bite-you-too/
2021-10-08,Museveni aides who flew with him to Dubai test positive for COVID-19,https://observer.ug/news/museveni-aides-who-flew-with-him-to-dubai-test-positive-for-covid-19/
2021-10-11,Controversy as KCCA disburses Shs 99m to “volunteer” city cleaners,https://observer.ug/news/controversy-as-kcca-disburses-shs-99m-to-volunteer-city-cleaners/
2021-10-12,"Lukwago: Judges shying away from Ssewanyana, Ssegirinya bail application",https://observer.ug/news/judges-shying-away-from-mps-ssewanyana-ssegirinya-bail-application/
2021-10-13,"Bribery: Former minister Kabafunzaki survives jail, pays Shs 10m fine",https://observer.ug/news/former-minister-kabafunzaki-pays-shs-10m-fine-after-bribery-conviction/
2021-10-24,"Clerk to parliament, director of clerks in standoff over breach of protocol",https://observer.ug/news/clerk-to-parliament-director-of-clerks-in-standoff-over-breach-of-protocol/
2021-10-26,Anti-Counterfeit body lobbies for strict laws on agriculture inputs,https://observer.ug/news/anti-counterfeit-body-lobbies-for-strict-laws-on-agriculture-inputs/
2021-10-28,"UNRA road workers lay down tools over unpaid salaries, working conditions",https://observer.ug/news/unra-road-workers-lay-down-tools-over-unpaid-salaries-working-conditions/
2021-11-01,NUP vows to defy speaker Among’s Covid-19 vaccination orders,https://observer.ug/news/nup-vows-to-defy-speaker-among-s-covid-19-vaccination-orders/
2021-11-16,How Ugandan soldiers killed 7 civilians in Somalia,https://observer.ug/news/how-ugandan-soldiers-killed-7-civilians-in-somalia/
2021-12-01,Bombs: Badly injured cops stuck with bills,https://observer.ug/news/bombs-badly-injured-cops-stuck-with-bills/
2021-12-01,Court dismisses case against MTN IPO,https://observer.ug/business/court-dismisses-case-against-mtn-ipo/
2021-12-01,"Crashed in road accident, will Hussein walk again?",https://observer.ug/news/crashed-in-road-accident-will-hussein-walk-again/
2021-12-04,"Zimbabwe announces 14-day quarantine, 9-hour curfew to contain Omicron",https://observer.ug/news/zimbabwe-announces-14-day-quarantine-9-hour-curfew-to-contain-omicron/
2021-12-08,Local govt could spur industrial growth,https://observer.ug/business/local-govt-could-spur-industrial-growth/
2021-12-08,"With so many donations, govt considers reallocating COVID vaccine funds",https://observer.ug/news/with-so-many-donations-govt-considers-reallocating-covid-vaccine-funds/
2021-12-17,NUP’s Lubinga wins Katuugo LC III by 75%,https://observer.ug/news/nup-s-lubinga-wins-katuugo-lc-iii-seat-by-75/
2021-12-28,UAE suspends flights from Uganda over COVID-19,https://observer.ug/news/uae-suspends-flights-from-uganda-over-covid-19/
2021-12-29,Terrorism threat puts police canine unit at the forefront,https://observer.ug/news/terrorism-threat-puts-police-canine-unit-at-the-forefront/
2022-01-09,Former Bushenyi MP Arinda succumbs to COVID-19,https://observer.ug/news/former-bushenyi-mp-arinda-succumbs-to-covid-19/
2022-01-23,MAAIF to publicise veterinary shops to expose dealers in fake drugs,https://observer.ug/business/maaif-to-publicise-veterinary-shops-to-expose-dealers-in-fake-drugs/
2022-01-25,Who will replace Mutebile?,https://observer.ug/news/who-will-replace-mutebile/
2022-01-26,How Sembuya built Sembule from a small hardware shop,https://observer.ug/news/how-sembuya-built-sembule-from-a-small-hardware-shop/
2022-02-01,Behind the scenes in Lubaga as Ssemogerere became Kampala archbishop,https://observer.ug/news/behind-the-scenes-in-lubaga-as-ssemogerere-became-kampala-archbishop/
2022-02-10,History repeats itself as minister Muhwezi faces censure over torture,https://observer.ug/news/history-repeats-itself-as-minister-muhwezi-faces-censure-over-torture/
2022-02-16,Accident: Saudi court awards Shs 270m to Ugandan domestic worker Nakintu,https://observer.ug/news/accident-saudi-court-awards-shs-270m-to-ugandan-domestic-worker-nakintu/
2022-03-02,Katikkiro Mayiga tips youth about innovation in business start-ups,https://observer.ug/business/katikkiro-mayiga-tips-youth-about-innovation-in-business-start-ups/
2022-03-10,Kawooya: Ugandan CEO ready to champion digital financial inclusion in Africa,https://observer.ug/business/kawooya-ugandan-ceo-ready-to-champion-digital-financial-inclusion-in-africa/
2022-03-14,"Makerere University students, staff to buy laptops at Shs 60,000/month",https://observer.ug/news/makerere-university-students-staff-to-buy-laptops-at-shs-60-000-month/
2022-03-15,Lira court convicts 22-year-old man for raping 5-year-old girl,https://observer.ug/news/lira-court-convicts-22-year-old-man-for-raping-5-year-old-girl/
2022-04-01,Pictorial: Jacob Oulanyah’s body returned to Uganda,https://observer.ug/news/pictorial-jacob-oulanyah-s-body-returned-to-uganda/
2022-04-05,Acholi leaders warned against using gov’t cash for Oulanyah’s burial,https://observer.ug/news/acholi-leaders-warned-against-sing-gov-t-cash-for-oulanyah-s-burial/
2022-04-05,Potential investment areas during period of inflation,https://observer.ug/business/potential-investment-areas-during-period-of-inflation/
2022-04-11,Army kills 11 in Karamoja as Museveni vows to end insecurity,https://observer.ug/news/army-kills-11-in-karamoja-as-museveni-vows-to-end-insecurity/
2022-04-13,MPs query exclusive coffee deal between gov’t and Lubowa hospital investor,https://observer.ug/news/mps-query-exclusive-coffee-deal-between-gov-t-and-lubowa-hospital-investor/
2022-04-19,MPs give nod of approval to Shs 71bn additional funding to State House,https://observer.ug/news/mps-give-nod-of-approval-to-shs-71bn-addition-funds-to-state-house/
2022-04-19,Museveni summons Omoro County aspirants,https://observer.ug/news/museveni-summons-omoro-county-aspirants/
2022-04-20,POISON: General buys antidote tablets,https://observer.ug/news/poison-general-buys-antidote-tablets/
2022-04-26,Electricity tariffs drop,https://observer.ug/business/electricity-tariffs-drop/
2022-04-28,Chinese national arrested for blocking minister from inspecting factory,https://observer.ug/news/chinese-national-arrested-for-blocking-minister-from-inspecting-factory/
2022-05-05,Uganda Land Commission blames COVID-19 for lack of land database,https://observer.ug/news/uganda-land-commission-blames-covid-19-for-lack-of-land-database/
2022-05-08,"Guinea to prosecute ousted President Alpha Conde for murder, rape",https://observer.ug/news/guinea-to-prosecute-ousted-president-alpha-conde-for-murder-rape/
2022-05-09,Court of Appeal confirms NRM’s Nabeta as Jinja South East MP,https://observer.ug/news/court-of-appeal-confirms-nrm-nabeta-as-jinja-south-east-mp/
2022-05-17,MTN commits Shs 2.8bn towards ICT interventions in 2022,https://observer.ug/business/mtn-commits-shs-2-8bn-towards-ict-interventions-in-2022/
2022-05-27,Kabuleta faults UPDF for ‘genocide’ in Karamoja,https://observer.ug/news/kabuleta-faults-updf-for-genocide-in-karamoja/
2022-05-30,"Kampala deputy mayor Nyanjura, Soroti Woman MP remanded over inflation protest",https://observer.ug/news/kampala-deputy-mayor-nyanjura-soroti-woman-mp-remanded-over-inflation-protest/
2022-06-01,"Don’t ban crypto currencies, regulate them",https://observer.ug/business/don-t-ban-crypto-currencies-regulate-them/
2022-06-03,Shs 13bn collected in Entebbe expressway toll fees in 4 months,https://observer.ug/news/shs-13bn-collected-in-entebbe-expressway-toll-fees-in-4-months/
2022-06-07,Mining investors flee Karamoja as insecurity intensifies,https://observer.ug/news/mining-investors-flee-karamoja-as-insecurity-intesifies/
2022-06-07,Untold story of high commodity prices,https://observer.ug/news/untold-story-of-high-commodity-prices/
2022-06-15,South Africa first country in Africa to produce meat in laboratory,https://observer.ug/news/south-africa-first-country-in-africa-to-produce-meat-in-laboratory/
2022-06-21,Rwanda resents its portrayal in UK asylum row,https://observer.ug/news/rwanda-resents-its-portrayal-in-uk-asylum-row/
2022-06-22,Kakwenza petitions Human Rights Commission over children’s passports,https://observer.ug/news/kakwenza-petitions-human-rights-commission-over-children-s-passports/
2022-06-28,Anti-Atwine protest case dismissed over lack of evidence,https://observer.ug/news/anti-atwine-protest-case-dismissed-over-lack-of-evidence/
2022-07-10,Massive Kabaka Birthday run turnout key to unlock potential,https://observer.ug/business/massive-kabaka-birthday-run-turnout-key-to-unlock-potential/
2022-07-10,NRM maintains all its six incumbent EALA MPs,https://observer.ug/news/nrm-maintains-all-its-six-incumbent-eala-mps/
2022-07-16,"Sejusa, Kayihura army retirement postponed",https://observer.ug/news/sejusa-kayihura-army-retirement-postponed/
2022-07-19,"Pinetti denies getting monopoly on Uganda’s coffee, questions MPs’ powers",https://observer.ug/news/pinetti-denies-getting-monopoly-over-uganda-s-coffee/
2022-07-26,Female security guard arrested for robbing UCU students,https://observer.ug/news/female-security-guard-arrested-for-robbing-ucu-students/
2022-07-27,How Buganda bigwigs planned to restore Kabaka’s Rolls Royce,https://observer.ug/news/how-buganda-bigwigs-planned-to-restore-kabaka-s-rolls-royce/
2022-07-27,MTN partners with Xeno to extend capital investments,https://observer.ug/business/mtn-partners-with-xeno-to-extend-capital-investments/
2022-07-29,"Big pink diamond discovered in Angola, largest in 300 years",https://observer.ug/news/big-pink-diamond-discovered-in-angola-largest-in-300-years/
2022-08-01,Laina Finance facilitates purchase of electronic devices on credit,https://observer.ug/business/laina-finance-facilitates-purchase-of-electronic-devices-on-credit/
2022-08-05,"Malawi blocks plans to ‘export’ 2000 unemployed nurses to US, Saudi Arabia",https://observer.ug/news/malawi-blocks-plans-to-export-2000-unemployed-nurses-to-us-saudi-arabia/
2022-08-15,Army condemns fake news that announced Gen Tumwine dead,https://observer.ug/news/army-condemns-fake-news-that-announced-gen-tumwine-dead/
2022-08-15,At least 41 dead in fire at Cairo Coptic church,https://observer.ug/news/at-least-41-dead-in-fire-at-cairo-coptic-church/
2022-08-16,Ambrose Murangira recognized for disability rights advocacy,https://observer.ug/news/ambrose-murangira-recognized-for-disability-rights-advocacy/
2022-08-16,Married woman dies while aborting 2-month-old pregnancy using ARVs,https://observer.ug/news/married-woman-dies-while-aborting-2-month-old-pregnancy-using-arvs/
2022-08-21,Body of Ugandan businessman mutilated in S.Africa returned for burial,https://observer.ug/news/body-of-ugandan-businessman-mutilated-in-s-africa-returned-for-burial/
2022-08-22,"Uganda admits buying Israeli phone-hacking software, says tech not currently in use",https://observer.ug/news/uganda-police-admits-buying-israeli-phone-hacking-software-says-technology-not-currently-in-use/
2022-08-23,Price of building materials creates housing headache,https://observer.ug/business/price-of-building-materials-creates-housing-headache/
2022-08-28,General Tumwine to be buried on Tuesday,https://observer.ug/news/general-tumwine-to-be-buried-on-tuesday/
2022-09-05,Kenya Supreme court upholds William Ruto election,https://observer.ug/news/kenya-supreme-court-upholds-william-ruto-election/
2022-09-09,Rivalry over a woman cited in Acorns International school security guard shooting,https://observer.ug/news/rivalry-over-a-woman-cited-in-acorns-international-school-security-guard-shooting/
2022-09-14,Let’s keep our mourning of the Queen brutally honest,https://observer.ug/news/let-s-keep-our-mourning-of-the-queen-brutally-honest/
2022-09-14,Uganda Airlines boss Bamuturaki in fresh trouble over Shs 49m travel per diem,https://observer.ug/news/uganda-airlines-boss-bamuturaki-in-fresh-trouble-over-shs-49m-travel-per-diem/
2022-09-23,China’s resource exploitation in Gilgit-Baltistan causing environmental degradation,https://observer.ug/news/china-s-resource-exploitation-in-gilgit-baltistan-causing-environmental-degradation/
2022-09-25,Tibetan president highlights repressive policies of CCP to Japanese MPs,https://observer.ug/news/tibetan-president-highlights-repressive-policies-of-ccp-to-japanese-mps/
2022-10-04,Fire guts boys dormitories at Kabale Brainstorm High School,https://observer.ug/news/fire-guts-boys-dormitories-at-kabale-brainstorm-high-school/
2022-10-07,"Uganda’s Science Week to focus on space science, electric cars",https://observer.ug/news/uganda-s-science-week-to-focus-on-space-science-electric-cars/
2022-10-10,Death toll in Nigeria boat accident rises to over 76,https://observer.ug/news/death-toll-in-nigeria-boat-accident-rises-to-over-76/
2022-10-11,Saracen Security guard arrested selling 31 bullets at Shs 2000,https://observer.ug/news/saracen-guard-arrested-selling-31-bullets-at-shs-2000/
2022-10-15,Uganda’s ‘Buyende nuclear power plant’ to cost Shs 34 trillion,https://observer.ug/news/uganda-s-buyende-nuclear-power-plant-to-cost-shs-34-trillion/
2022-10-26,Somali people dying to join EAC – President Mohamud,https://observer.ug/news/somali-people-dying-to-join-eac-president-mohamud/
2022-11-04,Basalirwa: Why I am close to speaker Among,https://observer.ug/news/basalirwa-why-i-am-close-to-speaker-among/
2022-11-07,"Court orders arrest, imprisonment of Busiro South elections loser",https://observer.ug/news/court-orders-arrest-imprisonment-of-busiro-south-elections-loser/
2022-11-15,Here’s the Shs 75bn World Cup trophy,https://observer.ug/news/here-s-the-shs-75bn-worth-world-cup-trophy/
2022-11-25,Geneva Chapter raises China on blocking UN move to designate global terrorists,https://observer.ug/news/geneva-chapter-raises-china-on-blocking-un-move-to-designate-global-terrorists/
2022-12-07,Makerere University Lung Institute evaluating herbal remedies for asthma,https://observer.ug/news/makerere-university-lung-institute-evaluating-herbal-remedies-for-asthma/
2022-12-12,CCTV footage pins American couple on torturing adopted Ugandan son,https://observer.ug/news/cctv-footage-pins-american-couple-on-torturing-adopted-ugandan-son/
2022-12-19,"Museveni lifts Ebola lockdown in Mubende, Kassanda",https://observer.ug/news/museveni-lifts-ebola-lockdown-in-mubende-kassanda/
2022-12-19,UK court to rule on migrant deportation flights to Rwanda,https://observer.ug/news/uk-court-to-rule-on-migrant-deportation-flights-to-rwanda/
2022-12-21,EU earmarks Shs 232bn to support Uganda’s climate change goals,https://observer.ug/news/eu-earmarks-shs-232bn-to-support-uganda-s-climate-change-goals/
2022-12-21,SFC deserter arrested over plans to attack Luuka police station,https://observer.ug/news/sfc-deserter-arrested-over-plans-to-attack-luuka-police-station/
2023-01-18,Businessman Buchanan granted bail by army court,https://observer.ug/news/businessman-buchanan-granted-bail-by-army-court/
2023-01-19,Four killed in two separate accidents in Mbarara,https://observer.ug/news/four-killed-in-two-separate-accidents-in-mbarara/
2023-01-23,Somali security end 5-hr-long al-Shabaab siege on Mogadishu mayor’s office,https://observer.ug/news/somali-security-end-5-hr-long-al-shabaab-siege-on-mogadishu-mayor-s-office/
2023-01-23,Two cleaners sentenced to 4 years in jail over aggravated robbery,https://observer.ug/news/two-cleaners-sentenced-to-4-years-in-jail-over-aggravated-robbery/
2023-02-01,Uneb: why UPE is failing,https://observer.ug/news/uneb-why-upe-is-failing/
2023-02-03,Kisaka summoned to explain Shs 1.1 trillion Kampala road works,https://observer.ug/news/kisaka-summoned-to-explain-shs-1-1-trillion-kampala-road-works/
2023-02-12,Is Islamic banking the next gold mine for Uganda?,https://observer.ug/business/is-islamic-banking-the-next-gold-mine-for-uganda/
2023-02-15,"Free at last, but broken after 523 days in jail",https://observer.ug/news/free-at-last-but-broken-after-523-days-in-jail/
2023-02-19,"Govt now bans foreign travel, salary enhancements",https://observer.ug/news/govt-bans-foreign-travel-salary-enhancements/
2023-02-25,How NSSF clamped down on suspense account fraud and won Shs 152m case,https://observer.ug/business/how-nssf-clamped-down-on-suspense-account-fraud-and-won-shs-152m-case/
2023-02-28,Solar-powered water irrigation sites to enhance rural farming,https://observer.ug/business/solar-powered-water-irrigation-sites-to-enhance-rural-farming/
2023-02-28,Stanbic bank’s Juuko speaks out on fraud in financial sector,https://observer.ug/business/stanbic-bank-s-juuko-speaks-out-on-fraud-in-financial-sector/
2023-03-03,Absa bank ordered to pay Shs 6bn for illegally selling Progressive SS,https://observer.ug/news/absa-bank-ordered-to-pay-shs-6bn-for-illegally-selling-progressive-ss/
2023-03-09,"PMM Girls School ‘lesbian’ deputy headteacher, lover charged",https://observer.ug/news/pmm-girls-school-lesbian-deputy-headteacher-lover-charged/
2023-03-16,Corruption probe clears S.African president of theft,https://observer.ug/news/corruption-probe-clears-s-african-president-of-theft/
2023-03-16,"Uganda, UAE reach deal on gold shipment tax recovery",https://observer.ug/news/uganda-uae-reach-deal-on-gold-shipment-tax-recovery/
2023-03-20,Gunmen kill 9 Chinese at mine in Central African Republic,https://observer.ug/news/gunmen-kill-9-chinese-at-mine-in-central-african-republic/
2023-03-22,Namibia Supreme court rules against gay couple’s child citizenship,https://observer.ug/news/namibia-supreme-court-rules-against-gay-couple-s-child-citizenship/
2023-03-29,MPs ask for more funding to police canine unit,https://observer.ug/news/mps-ask-for-more-funding-to-police-canine-unit/
2023-03-29,Museveni keeps Owiny-Dollo guessing over Justice Kisaakye,https://observer.ug/news/museveni-keeps-owiny-dollo-guessing-over-justice-kisaakye/
2023-03-30,Freed ‘Hotel Rwanda’ hero Rusesabagina arrives in US,https://observer.ug/news/freed-hotel-rwanda-hero-rusesabagina-arrives-in-us/
2023-04-04,Women businesses get seed funding,https://observer.ug/business/women-businesses-get-seed-funding/
2023-04-08,Arrest all 22 ministers involved in Karamoja iron sheets saga – Bishop Kisembo,https://observer.ug/news/arrest-all-22-ministers-involved-in-karamoja-iron-sheets-saga-bishop-kisembo/
2023-04-12,Shs 4 billion electricity project goes live,https://observer.ug/business/shs-4-billion-electricity-project-goes-live/
2023-05-02,"NWSC to disconnect police, prisons over Shs 19bn water bill arrears",https://observer.ug/news/nwsc-to-disconnect-police-prisons-over-shs-19bn-arrears/
2023-05-03,Minister Nandutu further remanded,https://observer.ug/news/minister-nandutu-further-remanded/
2023-05-09,Govt to doctors: Striking will not bring you any money,https://observer.ug/news/govt-to-doctors-striking-will-not-bring-you-any-money/
2023-05-11,"Sudan fighting death toll now over 600, more than 5000 injured",https://observer.ug/news/sudan-fighting-death-toll-now-over-600-more-than-5000-injured/
2023-05-15,Chaos in Arua after singer David Lutalo fails to show up,https://observer.ug/news/chaos-in-arua-after-singer-david-lutalo-fails-to-show-up/
2023-05-16,Food prices increase by 50% due to Masaka road closure,https://observer.ug/news/food-prices-increase-by-50-due-to-masaka-road-closure/
2023-05-17,Experts advise saccos to resist temptation of becoming banks,https://observer.ug/business/experts-advise-saccos-to-resist-temptation-of-becoming-banks/
2023-05-30,There’s no such thing as ‘expired course’ – Vice chancellors’ forum,https://observer.ug/news/there-s-no-such-thing-as-expired-course-vice-chancellors-forum/
2023-06-09,Karamoja iron sheets trial against minister Nandutu flops,https://observer.ug/news/karamoja-iron-sheets-trial-against-minister-nandutu-flops/
2023-06-13,"State withdraws all charges against Rwenzururu king, 218 others",https://observer.ug/news/dpp-withdraws-all-charges-against-rwenzururu-king-218-others/
2023-06-23,Robbers mock police’s Nampiima for being “too broke”,https://observer.ug/news/thugs-shocked-by-brokeness-of-police-s-faridah-nampiima/
2023-06-28,Makerere law don: Jurists should revisit perspectives on abortion,https://observer.ug/news/makerere-law-don-jurists-should-revisit-perspectives-on-abortion/
2023-06-28,USA pushes for control of Islamic schools in Uganda,https://observer.ug/news/usa-pushes-for-control-of-islamic-schools-in-uganda/
2023-06-29,Ibanda man commits suicide after killing wife over coffee cash,https://observer.ug/news/ibanda-man-commits-suicide-after-killing-wife-over-coffee-cash/
2023-07-02,Security shoot dead 3 suspected ADF rebels in Kiboga,https://observer.ug/news/security-shoot-dead-3-suspected-adf-rebels-in-kiboga/
2023-07-05,"After attack, Kasese survivors are hated",https://observer.ug/news/after-attack-kasese-survivors-are-hated/
2023-07-06,Kwesiga Bateyo ordered to pay Shs 86m over fraudulent land transaction,https://observer.ug/news/kwesiga-bateyo-ordered-to-pay-shs-86m-over-fraudulent-land-transaction/
2023-07-09,Kabalega International Airport to open in October,https://observer.ug/news/kabalega-international-airport-to-open-in-october/
2023-07-10,Six killed in knife attack at China kindergarten,https://observer.ug/news/six-killed-in-knife-attack-at-china-kindergarten/
2023-07-11,Common cryptocurrency scams new traders should watch out for,https://observer.ug/business/common-cryptocurrency-scams-new-traders-should-watch-out-for/
2023-07-16,Dfcu to pay dividends after two years,https://observer.ug/business/dfcu-to-pay-dividends-after-two-years/
2023-07-16,Proposed income tax amendment to limit carrying forward of tax losses,https://observer.ug/business/proposed-income-tax-amendment-to-limit-carrying-forward-of-tax-losses/
2023-07-26,HiPipo calls for 2023 Digital Impact Awards Africa nominations,https://observer.ug/business/hipipo-calls-for-2023-digital-impact-awards-africa-nominations/
2023-07-26,Will UPDF security services cripple or shake up industry?,https://observer.ug/news/will-updf-security-services-cripple-or-shake-up-industry/
2023-07-28,Uganda to host Africa Coffee Summit next month,https://observer.ug/news/uganda-to-host-africa-coffee-summit-next-month/
2023-08-02,France begins evacuating citizens from Niger,https://observer.ug/news/france-begins-evacuating-citizens-from-niger/
2023-08-05,China’s military influence in Africa grows,https://observer.ug/news/china-s-military-influence-in-africa-grows/
2023-08-07,School director killed by angry mob in Buyende after failed robbery,https://observer.ug/news/school-director-killed-by-angry-mob-in-buyende-during-failed-robbery/
2023-08-09,"Botswana seeks to recruit 1,000 pharmacists from abroad",https://observer.ug/news/botswana-seeks-to-recruit-1-000-pharmacists-from-abroad/
2023-08-09,Maid pleads guilty to luring boss’ 15-year-old daughter into early marriage,https://observer.ug/news/maid-pleads-guilty-to-luring-boss-15-year-old-daughter-into-early-marriage/
2023-08-10,Keith Kalyegira’s chieftaincy at CMA: a hit or a miss?,https://observer.ug/business/keith-kalyegira-s-chieftaincy-at-cma-a-hit-or-a-miss/
2023-08-16,"Programmers tipped on funding partnership, marketing skills",https://observer.ug/business/programmers-tipped-on-funding-partnership-marketing-skills/
2023-08-16,Protracted land dispute in Mukono leaves security in a spot of bother,https://observer.ug/news/protracted-land-dispute-in-mukono-leaves-security-in-a-spot-of-bother/
2023-08-25,Rosewell hospital sued for detaining newly born baby over medical bills,https://observer.ug/news/rosewell-hospital-sued-for-detaining-newly-born-baby-over-medical-bills/
2023-08-29,Is China still a developing country?,https://observer.ug/news/is-china-still-a-developing-country/
2023-09-06,Expert: new Narcotics bill risks exacerbating drug-addiction issue,https://observer.ug/news/expert-new-narcotics-bill-risks-exacerbating-drug-addiction-issue/
2023-09-06,Iran hails African countries’ resistance to ‘colonialism’,https://observer.ug/news/iran-hails-african-countries-resistance-to-colonialism/
2023-09-16,Presidential advisor on Luwero triangle affairs Kayiwa dies,https://observer.ug/news/presidential-advisor-on-luwero-triangle-affairs-kayiwa-dies/
2023-09-16,Two sentenced to 7 years in prison over attempts to traffick 13 children to DRC,https://observer.ug/news/two-sentenced-to-7-years-in-prison-over-attempts-to-traffick-13-children-to-drc/
2023-09-21,Police hunt for 14-year-old girl over stabbing father to death,https://observer.ug/news/police-hunt-for-14-year-old-girl-over-stabbing-father-to-death/
2023-09-27,"Will the battles between Kacita, URA ever stall?",https://observer.ug/news/will-the-battles-between-kacita-ura-ever-stall/
2023-10-06,NSSF announces 10% interest rate for members,https://observer.ug/business/nssf-announces-10-interest-rate-for-members/
2023-10-12,King Charles to visit Kenya to ‘deepen understanding’ of Britain painful colonial past,https://observer.ug/news/king-charles-to-visit-kenya-to-deepen-understanding-of-painful-colonial-past/
2023-10-16,Stanbic bank donates Mama Kits worth Shs 300m to health centres,https://observer.ug/news/stanbic-bank-donates-mama-kits-worth-shs-300m-to-health-centres/
2023-10-18,Soroti SS student out of UCE exams after developing mental health complications,https://observer.ug/news/soroti-ss-student-out-of-uce-exams-after-developing-mental-health-problems/
2023-10-22,Kingfisher to resume oil operations as govt lifts suspension,https://observer.ug/news/kingfisher-to-resume-oil-operations-as-govt-lifts-suspension/
2023-10-30,Diabetes: Costly elephant in Uganda’s healthcare,https://observer.ug/news/diabetes-costly-elephant-in-uganda-s-healthcare/
2023-10-30,Security shoots dead S.3 student in Napak during cattle rustling operation,https://observer.ug/news/army-shoots-dead-s-3-student-in-napak-during-cattle-rustling-operation/
2023-10-31,Masaka primary school fire death toll rises to 4,https://observer.ug/news/masaka-primary-school-fire-death-toll-rises-to-4/
2023-11-04,"Link Bus driver Jjemba denies using mobile phone while driving, granted bail",https://observer.ug/news/link-bus-driver-charged-for-using-mobile-phone-while-driving/
2023-11-08,Katanga death splits big shots,https://observer.ug/news/katanga-death-splits-big-shots/
2023-11-15,Researchers assess potential for industrial symbiosis in SMEs,https://observer.ug/news/researchers-assess-potential-for-industrial-symbiosis-in-smes/
2023-11-21,Katanga: DPP slaps murder charges against wife Molly,https://observer.ug/news/molly-charged-for-shooting-dead-husband-katanga/
2023-12-08,Uganda Gazette digitized to increase accessibility,https://observer.ug/news/uganda-gazette-digitized-to-increase-accessibility/
2023-12-09,Church fuelling corruption through fundraising events – Museveni,https://observer.ug/news/church-promoting-corruption-through-fundraising-events-museveni/
2023-12-17,DRC elections: Two candidates shot dead,https://observer.ug/news/two-candidates-shot-dead-during-drc-election-campaign/
2023-12-17,WHO includes false teeth on list of neglected tropical diseases,https://observer.ug/news/who-includes-false-teeth-on-list-of-neglected-tropical-diseases/
2023-12-18,"Mufti Mubaje ‘overthrown’ by his deputy, suspended for six months",https://observer.ug/news/mufti-mubaje-overthrown-by-his-deputy-suspended-for-six-months/
2023-12-19,Bench book to guide jurists in SGBV cases,https://observer.ug/news/bench-book-to-guide-jurists-in-sgbv-cases/
2024-01-02,Pastor Aloysius Bugingo shot by unknown gunmen,https://observer.ug/news/pastor-aloysius-bugingo-shot-by-unknown-gunmen/
2024-01-04,Museveni again slams the West for ‘imposing homosexuality’ on Africans,https://observer.ug/news/museveni-again-slams-the-west-for-imposing-homosexuality-on-africans/
2024-01-10,All-women birding club determined to leave mark on Ugandan tourism,https://observer.ug/news/all-women-birding-club-determined-to-leave-mark-on-ugandan-tourism/
2024-01-16,Luwero district bans medical interns from attending to patients without supervisors,https://observer.ug/news/luwero-district-bans-medical-interns-from-attending-to-patients-without-supervisors/
2024-01-17,How City House fire left its old resident languishing on streets,https://observer.ug/news/how-city-house-fire-left-its-old-resident-languishing-on-streets/
2024-01-17,How billions vanish in government,https://observer.ug/news/how-billions-vanish-in-government/
2024-01-22,Wife Molly’s DNA ‘found on pistol used to kill her husband’ Katanga,https://observer.ug/news/wife-molly-s-dna-found-on-pistol-used-to-kill-her-husband-katanga/
2024-01-24,Molly Katanga remanded to Luzira over shooting dead her husband,https://observer.ug/news/molly-katanga-remanded-to-luzira-over-shooting-dead-her-husband/
2024-01-25,"Body of Ugandan student who died in Egyptian police cells returned, buried",https://observer.ug/news/body-of-ugandan-student-who-died-in-egyptian-police-cells-returned-buried/
2024-01-29,"Public has provided clues in pastor Bugingo, Muhumuza shooting – police",https://observer.ug/news/public-has-provided-clues-in-muhumuza-shooting-police/
2024-01-30,Relatives of 18 missing NUP supporters storm High court,https://observer.ug/news/relatives-of-missing-nup-supporters-storm-high-court/
2024-01-31,Exam fraud: UNEB demands special court for cheats,https://observer.ug/news/exam-fraud-uneb-demands-special-court-for-cheats/
2024-02-06,Kisenyi criminal gang leader Dog succumbs to gun wounds,https://observer.ug/news/kisenyi-criminal-gang-leader-dog-succumbs-to-gun-wounds/
2024-02-06,Nangolo Mbumba sworn in as Namibia’s interim president,https://observer.ug/news/nangolo-mbumba-sworn-in-as-namibia-s-interim-president/
2024-02-14,Ugandan maids work in hell,https://observer.ug/news/ugandan-maids-work-in-hell/
2024-02-15,"Besigye, Mukaaku protest case resumes, adjourned again",https://observer.ug/news/besigye-mukaaku-protest-case-adjourned-to-next-month/
2024-02-22,FDC-Katonga faction moots forming new political party,https://observer.ug/news/fdc-katonga-faction-moots-forming-new-political-party/
2024-03-10,Gunmen kidnap another 15 schoolchildren in Nigeria,https://observer.ug/news/gunmen-kidnap-another-15-schoolchildren-in-nigeria/
2024-03-11,"Wealthier women five times more obese, unhealthy – WHO report",https://observer.ug/news/wealthier-women-five-times-more-obese-unhealthy-who-report/
2024-03-16,Kabale University deputy VC Basheka sacked over abuse of office,https://observer.ug/news/kabale-university-deputy-vc-basheka-sacked-over-abuse-of-office/
2024-03-16,Speaker Among blocks debate on parliament corruption,https://observer.ug/news/speaker-among-blocks-debate-on-parliament-corruption/
2024-03-25,Luwero employer wanted for torturing 15-year-old worker to death,https://observer.ug/news/luwero-employer-wanted-for-torturing-15-year-old-worker-to-death/
2024-03-30,Bukedea brothers hack mother over cheating on their father,https://observer.ug/news/bukedea-brothers-hack-mother-over-cheating-on-their-father/
2024-04-03,Bugoma destruction is adversely affecting Kikuube communities,https://observer.ug/news/news-news/bugoma-destruction-is-adversely-affecting-kikuube-communities/
2024-04-04,"Guard wanted over sedating colleagues, orchestrating robbery at Amref offices",https://observer.ug/news/guard-wanted-over-sedating-colleagues-orchestrating-robbery-at-amref-offices/
2024-04-04,Zimbabwe appeals for $2 billion to avert food insecurity,https://observer.ug/news/zimbabwe-appeals-for-2-billion-to-avert-food-insecurity/
2024-04-07,Judge recuses self from mental examination case against minister Mayanja,https://observer.ug/news/judge-recuses-self-from-mental-examination-case-against-minster-mayanja/
2024-04-10,How Congo’s timber is smuggled through Uganda,https://observer.ug/news/how-congo-s-timber-is-smuggled-through-uganda/
2024-04-10,Katanga murder: High court declines to grant widow Molly bail,https://observer.ug/news/katanga-murder-high-court-declines-to-grant-widow-molly-bail/
2024-04-10,Top officials evade tax – traders,https://observer.ug/news/top-officials-evade-tax-traders/
2024-04-24,Is Uganda truly a prime destination for investors?,https://observer.ug/news/is-uganda-truly-a-prime-destination-for-investors/
2024-04-29,"TikToker Pressure granted bail, barred from mentioning Kabaka, Museveni, Anita’s names",https://observer.ug/news/tiktoker-pressure-granted-bail-barred-from-mentioning-kabaka-museveni-anita-s-names/
2024-05-14,Civilians in army courts: Supreme court to deliver judgment on notice,https://observer.ug/news/civilians-in-army-courts-supreme-court-to-deliver-judgment-on-notice/
2024-05-21,"Ugandans save $7bn through digital tools, reveals new study",https://observer.ug/business/ugandans-save-7bn-through-digital-tools-reveals-new-study/
2024-05-23,Kenyan climber found dead on Mt Everest in Nepal,https://observer.ug/news/kenyan-climber-found-dead-on-mt-everest-in-nepal/
2024-05-30,"Latest M23 rebels, Congolese army clashes leave 8 dead, 9 injured",https://observer.ug/news/latest-m23-rebels-congolese-army-clashes-leave-8-dead-9-injured/
2024-06-04,Legal Brains Trust takes Molly Katanga bail denial to East African Court,https://observer.ug/news/legal-brains-trust-takes-molly-katanga-bail-denial-to-east-african-court/
2024-06-15,How a single painting tells the story of the Uganda Martyrs,https://observer.ug/news/how-a-single-painting-tells-the-story-of-the-uganda-martyrs/
2024-06-17,University of Cambridge ‘loans’ to Uganda 39 own looted traditional artifacts,https://observer.ug/news/university-of-cambridge-loans-to-uganda-39-own-looted-traditional-artifacts/
2024-06-19,Mathias Mpuuga: a model of resilience?,https://observer.ug/news/mathias-mpuuga-a-model-of-resilience/
2024-06-24,Ministry of Trade officer Kavundira remanded over Shs 3.4bn fraud,https://observer.ug/news/ministry-of-trade-officer-kavundira-remanded-over-shs-3-4bn-fraud/
2024-07-01,"Gunmen shoot dead 4 family members, injure 5 others in Mayuge",https://observer.ug/news/gunmen-shoot-dead-4-family-members-injure-5-others-in-mayuge/
2024-07-07,Kenya’s president gives in to more protestors’ demands,https://observer.ug/news/kenya-s-president-gives-in-to-more-protestors-demands/
2024-07-10,Urchick’s Rotary presidency to focus on adaptation and advancing peace,https://observer.ug/news/urchick-s-rotary-presidency-to-focus-on-adaptation-and-advancing-peace/
2024-07-24,Why Prof Umar Kakumba is being pushed out of Makerere,https://observer.ug/news/why-prof-umar-kakumba-is-being-pushed-out-of-makerere/
2024-07-25,Anti-corruption protests: 95 imprisoned as 40 more are remanded,https://observer.ug/news/anti-corruption-protests-95-imprisoned-as-45-more-are-remanded/
2024-07-26,Mercantile bank closure sparks concerns over depositors’ pay,https://observer.ug/news/mercantile-bank-closure-sparks-concerns-over-depositors-pay/
2024-08-02,Sudan military leader survives drone strike that killed 5,https://observer.ug/news/sudan-military-leader-survives-drone-strike-that-killed-5/
2024-08-05,Details emerge on ex-convict Otim shot dead in Mulago,https://observer.ug/news/details-emerge-on-ex-convict-otim-shot-dead-in-mulago/
2024-08-05,"MP Ssemujju, mayor Nyanjura remanded over anti-Kenya protests",https://observer.ug/news/mp-ssemujju-mayor-nyanjura-remanded-over-anti-kenya-protest-march/
2024-08-14,Tamale Mirundi the patriot leaves mixed legacy,https://observer.ug/news/tamale-mirundi-the-patriot-leaves-mixed-legacy/
2024-08-16,AI medical breakthroughs: insights from Uganda’s Business Trendsetters’ Forum,https://observer.ug/business/ai-medical-breakthroughs-insights-from-uganda-s-business-trendsetters-forum/
2024-08-23,Defense lawyers question postmortem report in Katanga murder trial,https://observer.ug/news/defense-lawyers-question-postmortem-report-in-katanga-murder-trial/
2024-08-27,Inside Musenero’s Shs 600bn Bukedi region’s wealth dev’t plan,https://observer.ug/news/inside-musenero-s-shs-600bn-bukedi-region-s-wealth-development-plan/
2024-08-28,"Katanga trial: Defense alleges pathologist bias, report backdating",https://observer.ug/news/katanga-trial-defense-alleges-pathologist-bias-report-backdating/
2024-08-29,Ruth Nankabirwa says oil pipeline financial closure due soon,https://observer.ug/business/ruth-nankabirwa-says-oil-pipeline-financial-closure-due-soon/
2024-09-03,Kyagulanyi shot as police accuses him of injuring self,https://observer.ug/news/kyagulanyi-shot-as-police-accuses-him-of-injuring-self/
2024-09-06,UIA’s Mukiza wins ‘Excellence in Investment Promotion’ accolade,https://observer.ug/business/uia-s-mukiza-wins-excellence-in-investment-promotion-accolade/
2024-09-07,"Kenya dormitory fire kills 18 students, 27 injured",https://observer.ug/news/kenya-dormitory-fire-kills-18-students-27-injured/
2024-09-11,"Red Cross, Prudential pass out 8,440 boda boda road safety trainees",https://observer.ug/news/red-cross-prudential-pass-out-8-440-boda-boda-road-safety-trainees/
2024-09-12,Body of missing Mbarara midwife Judith Kyarisima retrieved from river,https://observer.ug/news/body-of-missing-mbarara-midwife-judith-kyarisima-retrieved-from-river/
2024-09-16,Property destroyed in Arua in botched Eddy Kenzo concert,https://observer.ug/news/property-destroyed-in-arua-in-botched-eddy-kenzo-concert/
2024-09-23,Kidepo Valley park rangers win 2024 Wildlife Ranger Challenge,https://observer.ug/news/kidepo-valley-park-rangers-win-wildlife-ranger-challenge/
2024-10-05,Makerere ordered to reinstate suspended employee after 5-year legal battle,https://observer.ug/news/makerere-ordered-to-reinstate-suspended-employee-after-5-year-legal-battle/
2024-10-16,Kenya High court rejects move to block deputy president impeachement,https://observer.ug/news/kenya-high-court-rejects-move-to-block-deputy-president-impeachement/
2024-10-31,Chief Justice speaks out on justice Lydia Mugambe’s arrest in UK,https://observer.ug/news/chief-justice-speaks-out-on-justice-lydia-mugambe-s-arrest-in-uk/
2024-11-06,Wakiso P.7 candidate collapses during PLE,https://observer.ug/news/wakiso-p-7-candidate-collapses-during-ple/
2024-11-07,Real time African youth employment monitoring platform launched in Uganda,https://observer.ug/business/real-time-african-youth-employment-monitoring-platform-launched-in-nigeria/
2024-11-11,Toyota Dream Car Art contest returns in 18th edition,https://observer.ug/business/toyota-dream-car-art-contest-returns-in-18th-edition/
2024-11-21,Kyagulanyi condemns Kenya’s role in Besigye abduction,https://observer.ug/news/kyagulanyi-condemns-kenya-s-role-in-besigye-abduction/
2024-11-21,Ubos Statistics Week aims to increase statistical awareness,https://observer.ug/business/ubos-statistics-week-aims-to-increase-statistical-awareness/
2024-12-03,"2,000 Ugandan children trafficked for sexual exploitation in 2024",https://observer.ug/news/nearly-2000-ugandan-children-trafficked-for-sex-in-2024/
2024-12-03,Chad President orders French troops to leave,https://observer.ug/news/chad-president-orders-french-troops-to-leave/
2024-12-04,Stalled World Bank project puts contractor on the spot,https://observer.ug/news/stalled-world-bank-project-puts-contractor-on-the-spot/
2024-12-30,Capital markets can power Uganda’s growth – minister,https://observer.ug/business/capital-markets-can-power-ugandas-growth-minister/
2024-12-30,Why Dubai is a driving force for Ugandan trade,https://observer.ug/business/why-dubai-is-a-driving-force-for-ugandan-trade/
2025-01-06,Kenyan lawyer Karua granted practising licence to represent Besigye,https://observer.ug/news/kenyan-lawyer-karua-granted-practising-licence-to-represent-besigye/
2025-01-08,Garbage crisis: 9.8 million homes dump or burn garbage poorly,https://observer.ug/news/garbage-crisis-9-8-million-homes-dump-or-burn-garbage-poorly/
2025-01-13,Severe water crisis hits Kasese Municipality,https://observer.ug/news/severe-water-crisis-hits-kasese-municipality/
2025-01-14,"Army court declares jurisdiction, orders Besigye to take plea",https://observer.ug/news/army-court-declares-jurisdiction-orders-besigye-to-take-plea/
2025-01-19,Why is food-rich Uganda still malnourished?,https://observer.ug/news/why-is-food-rich-uganda-still-malnourished/
2025-01-21,Kiteezi landfill tragedy survivors reject govt’s housing proposal,https://observer.ug/news/kiteezi-landfill-tragedy-survivors-reject-govts-housing-proposal/
2025-01-22,Besigye’s hunger strike sparks food access debate,https://observer.ug/news/besigyes-hunger-strike-sparks-food-access-debate/
2025-01-27,Lira High court declines to put aside 2013 land dispute ruling,https://observer.ug/news/lira-high-court-declines-to-put-aside-2013-land-dispute-ruling/
2025-01-29,Zimbabwe: war veterans demand President Mnangagwa’s resignation,https://observer.ug/news/zimbabwe-war-veterans-demand-president-mnangagwas-resignation/
2025-02-05,Ankole heritage and tourism operators to sell great stories,https://observer.ug/business/ankole-heritage-and-tourism-operators-to-sell-great-stories/
2025-02-11,Museveni finally appoints Michael Atingi-Ego as Bank of Uganda Governor,https://observer.ug/business/museveni-finally-appoints-michael-atingi-ego-as-bank-of-uganda-governor/
2025-02-15,Lira hospital defends Shs 100 toilet fee,https://observer.ug/news/lira-hospital-defends-shs-100-toilet-fee/
2025-02-17,African govts urged to open up water sector amid aid withdrawal,https://observer.ug/news/african-govts-urged-to-open-up-water-sector-amid-aid-withdrawal/
2025-02-17,Top finance secret tips to make extra money,https://observer.ug/business/top-finance-secret-tips-to-make-extra-money/
2025-02-17,Ugandans fatigued with epidemics – Ministry of Health,https://observer.ug/news/ugandans-fatigued-with-epidemics-ministry-of-health/
2025-02-19,Shocking body parts prices,https://observer.ug/news/54636/
2025-03-06,"Five dead, 21 injured in nine-vehicle crash on Kampala-Bombo road",https://observer.ug/news/five-dead-21-injured-in-nine-vehicle-crash-on-kampala-bombo-road/
2025-03-07,Madi Okollo promoting cultural harmony amid standing environmental challenges,https://observer.ug/news/madi-okollo-promoting-cultural-harmony-amid-standing-environmental-challenges/
2025-03-18,Court reduces jail terms to 32 years for two Masaka defilement convicts,https://observer.ug/news/court-reduces-jail-terms-to-32-years-for-two-masaka-defilement-convicts/
2025-03-26,Ugandan worker allegedly abandoned by UK company in Somalia,https://observer.ug/news/ugandan-worker-allegedly-abandoned-by-uk-company-in-somalia/
2025-04-02,Govt squanders Shs 70bn a year on idle loans,https://observer.ug/news/govt-squanders-shs-70bn-a-year-on-idle-loans/
2025-04-02,"MPs reject DPP’s budget over inefficiencies, abuse of office",https://observer.ug/news/mps-reject-dpps-budget-over-lack-of-professionalism/
2025-04-06,Two arrested over counterfeit cement sale in Luwero,https://observer.ug/news/two-arrested-over-counterfeit-cement-sale-in-luwero/
2025-04-07,Uganda Red Cross calls for mandatory first aid training,https://observer.ug/news/uganda-red-cross-calls-for-mandatory-first-aid-training/
2025-04-13,"Three killed, 19 injured in Rukungiri-Ntungamo road accident",https://observer.ug/news/three-killed-19-injured-in-rukungiri-ntungamo-road-accident/
2025-04-15,Cash-for-votes scandal rocks Uganda’s parliament,https://observer.ug/news/cash-for-votes-scandal-rocks-ugandas-parliament/
2025-04-15,Court orders Mulago hospital to examine Nandutu amid illness claims,https://observer.ug/news/court-orders-mulago-hospital-to-examine-nandutu-amid-illness-claims/
2025-04-17,Kampala City Hall court convicts several for walking on city grass,https://observer.ug/news/kampala-city-hall-court-sentences-several-for-walking-on-city-grass/
2025-04-17,Law Society slams justice Kania over denying Besigye bail,https://observer.ug/news/law-society-slams-justice-kania-over-denying-besigye-bail/
2025-04-20,"MultiChoice introduces 7-day subscription packages for DStv, GOtv",https://observer.ug/business/multichoice-introduces-7-day-subscription-packages-for-dstv-gotv/
2025-04-29,We decided to rob Diamond Trust Bank to pay ourselves – security guard,https://observer.ug/news/we-decided-to-rob-diamond-trust-bank-to-pay-ourselves-security-guard/
2025-05-02,Army seals off NUP headquarters in Makerere,https://observer.ug/news/army-seals-off-nup-headquarters-in-makerere/
2025-05-03,Gold trading reimagined: inside the rise of White Rock Gold Trading LLC,https://observer.ug/business/gold-trading-reimagined-inside-the-rise-of-white-rock-gold-trading-llc/
2025-05-10,Kisoro man arrested for killing wife over supper,https://observer.ug/news/kisoro-man-arrested-for-killing-wife-over-supper/
2025-05-16,Bank of Uganda warned over ‘facilitating’ illicit gold trade,https://observer.ug/news/bank-of-uganda-warned-over-facilitating-illicit-gold-trade/
2025-06-02,East Africa looks to Uganda in fight against epidemics,https://observer.ug/news/east-africa-looks-to-uganda-in-fight-against-epidemics/
2025-06-29,Behind the curtains: Mirembe Irene Nagawa’s journey from poverty to power,https://observer.ug/business/behind-the-curtains-mirembe-irene-nagawas-journey-from-poverty-to-power/
2025-07-02,New C-suite leadership program to prepare managers for top-level roles,https://observer.ug/business/new-c-suite-leadership-program-to-prepare-managers-for-top-level-roles/
2025-07-07,Soroti schools shun scouts training,https://observer.ug/news/soroti-schools-shun-scouts-training/
2025-07-09,"Museveni to wetland farmers: Leave peacefully, earn more",https://observer.ug/news/museveni-to-wetland-farmers-leave-peacefully-earn-more/
2025-07-09,Taxing shifts in company control in Uganda: The fragile framework of change in ownership rules,https://observer.ug/business/taxing-shifts-in-company-control-in-uganda-the-fragile-framework-of-change-in-ownership-rules/
2025-07-11,Publishers of World University Rankings defend Makerere’s ‘912th’ position,https://observer.ug/news/publishers-of-world-university-rankings-defend-makereres-912th-position/
2025-07-15,Kyagulanyi’s bodyguard Nuwa Mutwe makes fresh bail attempt,https://observer.ug/news/kyagulanyis-bodyguard-nuwa-mutwe-makes-fresh-bail-attempt/
2025-07-18,Mapenduzi clinches NRM flag in Bardege-Layibi amid violence,https://observer.ug/news/mapenduzi-clinches-nrm-flag-in-bardege-layibi-amid-violence/
2025-07-22,Minister Namunganza denounces ‘social media’ NRM results,https://observer.ug/news/minister-namunganza-denounces-social-media-nrm-results/
2025-08-01,Fake doctor jailed 2yrs for causing deaths of 3 patients during surgery in Hoima,https://observer.ug/news/fake-doctor-jailed-2yrs-for-causing-deaths-of-3-patients-during-surgery-in-hoima/
2025-08-04,‘Mother of Parliament’ Rhoda Kalema bows out at 96,https://observer.ug/news/mother-of-parliament-rhoda-kalema-bows-out-at-96/
2025-08-15,Four arrested over forged academic docs in Kakumiro UPDF recruitment,https://observer.ug/news/four-arrested-over-forged-academic-docs-in-kakumiro-updf-recruitment/
2025-08-16,Over 40 per cent Ugandan children are in labour market,https://observer.ug/news/over-40-per-cent-ugandan-children-are-in-labour-market/
2025-08-18,Fire kills 3 girls in Katabi,https://observer.ug/news/fire-kills-3-girls-in-katabi/
2025-08-27,Healing wounds: Uganda’s struggle with the aftermath of Kyadondo’s bombing,https://observer.ug/news/healing-wounds-ugandas-struggle-with-the-aftermath-of-kyadondos-bombing/
2025-09-08,Albertine graben exploration sets delicate balance between oil and conservation,https://observer.ug/business/albertine-graben-exploration-sets-delicate-balance-between-oil-and-conservation/
2025-09-08,Seven nominated for Mbale city mayoral race,https://observer.ug/news/seven-nominated-for-mbale-city-mayoral-race/
2025-09-10,Arua to host Uganda’s World Tourism day as sector grows 24%,https://observer.ug/business/arua-to-host-ugandas-world-tourism-day-as-sector-grows-24/
2025-09-11,"Woman dies in Nsangi lodge after ‘two days of sex, boozing’",https://observer.ug/news/woman-dies-in-nsagi-lodge-after-two-days-of-sex-boozing/
2025-09-18,"Northern Uganda roads, food nutrition project strengthens ties with Germany",https://observer.ug/news/northern-uganda-roads-food-nutrition-project-strengthens-ties-with-germany/
2025-09-29,Four KIU students severely injured in Kasese road crash,https://observer.ug/news/four-kiu-students-severely-injured-in-kasese-road-crash/
2025-10-01,"Private guards cry foul: No guns; huge fees, fines",https://observer.ug/news/private-guards-cry-foul-no-guns-huge-fees-fines/
2025-10-02,Banking on a greener future with green finance solutions for SMEs,https://observer.ug/business/banking-on-a-greener-future-with-green-finance-solutions-for-smes/
2025-10-07,KCCA blames downtown flooding on Nakivubo Channel works,https://observer.ug/news/kcca-blames-downtown-flooding-on-nakivubo-channel-works/
2025-10-15,Government collaborates with Equity bank to combat poverty in Busoga,https://observer.ug/business/government-collaborates-with-equity-bank-to-combat-poverty-in-busoga/
2025-10-22,From Kilometres to Minutes: EU–UNICEF safe water ends long treks in Kiryandongo,https://observer.ug/news/from-kilometres-to-minutes-eu-unicef-safe-water-ends-long-treks-in-kiryandongo/
2025-10-26,"UPDF officer, nurse arrested as NDA recovers 150,000 stolen ARV doses",https://observer.ug/news/updf-officer-nurse-arrested-as-nda-recovers-150000-stolen-arv-doses/
2025-10-30,Abim artisanal miners granted gold mining license,https://observer.ug/business/abim-artisanal-miners-granted-gold-mining-license/
2025-11-06,Among petitions EC to gazette her Bukedea MP seat ahead of 2026 polls,https://observer.ug/news/among-petitions-ec-to-gazette-her-bukedea-mp-seat-ahead-of-2026-polls/
2025-11-06,Nyamugasani Water Project powers Kasese’s 10-fold economic growth drive,https://observer.ug/news/nyamugasani-water-project-powers-kaseses-10-fold-economic-growth-drive/
2025-11-12,"From Bududa to Mbarara, Uganda’s campaign trail turns chaotic",https://observer.ug/news/from-bududa-to-mbarara-ugandas-campaign-trail-turns-chaotic/
2025-11-12,Solar power partnership to bring water to millions across country,https://observer.ug/business/solar-power-partnership-to-bring-water-to-millions-across-country/
2025-11-20,"Boda Boda Union, Honda partner to supply motorcycles at Shs 250,000 deposit",https://observer.ug/business/boda-boda-union-honda-partner-to-supply-motorcycles-at-shs-250000-deposit/
2025-11-26,Thirty arraigned in court over PLE malpractice,https://observer.ug/news/thirty-arraigned-in-court-over-ple-malpractice/
2025-12-01,Munyagwa vows to deport all foreigners engaged in petty trade,https://observer.ug/news/munyagwa-vows-to-deport-all-foreigners-engaged-in-petty-trade/
2025-12-18,Xsabo Group eyes more solar plants,https://observer.ug/business/xsabo-group-eyes-more-solar-plants/
2025-12-23,Mulago hospital to start liver transplants next year,https://observer.ug/news/mulago-hospital-to-start-liver-transplants-next-year/
2026-01-01,Unsung community business group lifting lives in the Albertine graben,https://observer.ug/business/unsung-community-business-group-lifting-lives-in-the-albertine-graben/
2026-01-05,Environmental activists call for community-led governance of Ugandan lakes,https://observer.ug/news/environmental-activists-call-for-community-led-governance-of-ugandan-lakes/
2026-01-08,TDB Group celebrates 40 years,https://observer.ug/business/tdb-group-celebrates-40-years/
2026-01-10,"Adios Polly Ouma, Uganda’s most influential footballer and coach",https://observer.ug/news/adios-polly-ouma-ugandas-most-influential-footballer-and-coach/
2026-01-18,EC orders fresh elections in Ajuri County,https://observer.ug/news/ec-orders-fresh-elections-in-ajuri-county/
2026-01-18,Why Ugandans are not benefiting from gold boom,https://observer.ug/news/why-ugandans-are-not-benefiting-from-gold-boom/
2026-01-20,EuroGold opens main offices in Dubai,https://observer.ug/business/eurogold-opens-main-offices-in-dubai/
2026-01-21,AU flags internet blackout as threat to Uganda’s vote,https://observer.ug/news/au-flags-internet-blackout-as-threat-to-ugandas-vote/
2026-01-21,Masaka court orders Kalungu West vote recount over thin margin,https://observer.ug/news/masaka-court-orders-kalungu-west-vote-recount-over-thin-margin/
2026-01-22,"Museveni wins, why millions stayed away",https://observer.ug/news/museveni-wins-why-millions-stayed-away/
2026-01-23,My letter to the newly-elected first-time member of parliament,https://observer.ug/business/my-letter-to-the-newly-elected-first-time-member-of-parliament/
2026-01-23,"Two Kampala girls, one turning point",https://observer.ug/news/two-kampala-girls-one-turning-point/
2026-01-28,"‘We need change, not just as young people but as a country’: Uganda’s youth on 40 years of Museveni",https://observer.ug/news/we-need-change-not-just-as-young-people-but-as-a-country-ugandas-youth-on-40-years-of-museveni/
2026-02-04,Java House deepens commitment to local suppliers,https://observer.ug/business/java-house-deepens-commitment-to-local-suppliers/
2026-02-04,Uganda secures $6.3m grant to modernize weather infrastructure,https://observer.ug/business/uganda-secures-6-3m-grant-to-modernize-weather-infrastructure/
2026-02-06,New audit reveals rot in govt,https://observer.ug/news/new-audit-reveals-rot-in-govt/
2026-02-13,UGANDA AIRLINES: How billions vanished in 4 years,https://observer.ug/news/uganda-airlines-how-billions-vanished-in-4-years/
2026-02-14,AGOA returns-but with strings,https://observer.ug/business/agoa-returns-but-with-strings/
2026-02-18,Mobile Money: New World Bank data may shock you,https://observer.ug/news/mobile-money-new-world-bank-data-may-shock-you/
2026-02-19,"Pro Industries boss sues govt over ‘illegal raid’, seeks Shs 4bn compensation",https://observer.ug/news/pro-industries-boss-sues-govt-over-illegal-raid-seeks-shs-4bn-compensation/
2026-02-23,Kiboga prison warder shoots dead three supervisors,https://observer.ug/news/kiboga-prison-warder-shoots-dead-three-supervisors/
2026-02-24,dfcu bank opens new branch in Namanve,https://observer.ug/business/dfcu-bank-opens-55th-branch-in-namanve/
2026-02-25,Eight years after OTT: A failed experiment that stifled Uganda’s digital economy,https://observer.ug/news/eight-years-after-ott-a-failed-experiment-that-stifled-ugandas-digital-economy/
2026-02-25,"Harness China’s zero-tariff trade measures, Rwabwogo says",https://observer.ug/business/harness-chinas-zero-tariff-trade-measures-rwabwogo-says/
2026-02-25,Why Museveni embraces sore opposition losers,https://observer.ug/news/why-museveni-embraces-sore-opposition-losers/
2026-02-26,"Gulu hospital vehicle stolen, sold in Kenya for Shs 45m",https://observer.ug/news/gulu-hospital-vehicle-stolen-sold-in-kenya-for-shs-45m/
2026-02-26,Imprisonment won’t stop my fight for better judiciary – Mabirizi,https://observer.ug/news/imprisonment-wont-stop-my-fight-for-better-judiciary-mabirizi/
2026-02-27,Government urges media on patriotic communication,https://observer.ug/news/government-urges-media-on-patriotic-communication/
2026-03-01,"Traffic officer killed by vehicle in Mbale, driver lynched",https://observer.ug/news/traffic-officer-killed-by-vehicle-in-mbale-driver-lynched/
2026-03-02,Gulu businesswoman ‘commits suicide’ over Shs 6m loan,https://observer.ug/news/gulu-businesswoman-commits-suicide-over-shs-6m-loan/
2026-03-02,Ugandan among injured in Iran strikes on UAE,https://observer.ug/news/ugandan-among-injured-in-iran-strikes-on-uae/
2026-03-03,"Union, Spiro launch campaign to tackle air pollution in Kampala",https://observer.ug/business/union-spiro-launch-campaign-to-tackle-air-pollution-in-kampala/
2026-03-04,IMF’s Abebe advises gov’t to reduce tax exemptions,https://observer.ug/business/imfs-abebe-advices-govt-to-reduce-tax-exemptions/
2026-03-04,"Kololo Junior School pupil found dead in dormitory, headteacher arrested",https://observer.ug/news/kololo-junior-school-pupil-found-dead-in-dormitory-headteacher-arrested/
2026-03-04,Nine ministry of Finance officials committed over Shs 60bn Bank of Uganda heist,https://observer.ug/news/nine-ministry-of-finance-officials-committed-over-shs-60bn-bank-of-uganda-heist/
2026-03-06,Lawyer Mabirizi denied bail over lack of valid ID,https://observer.ug/news/lawyer-mabirizi-denied-bail-over-lack-of-valid-id/
2026-03-09,Four SPENA students injured in Nakasongola highway accident,https://observer.ug/news/four-spena-students-injured-in-nakasongola-highway-accident/
2026-03-09,Gov’t to hold nationwide consultations ahead of Express Penalty System relaunch,https://observer.ug/news/govt-to-hold-nationwide-consultations-ahead-of-electronic-penalty-system-relaunch/
2026-03-09,How Uganda’s case backlog is choking private investment,https://observer.ug/business/how-ugandas-case-backlog-is-choking-private-investment/
2026-03-10,Rubanda woman jailed over Shs 14m broken marriage promise debt,https://observer.ug/news/rubanda-woman-jailed-over-shs14m-broken-marriage-promise-debt/
2026-03-11,Dissent brews inside NRM as speakership race heats up,https://observer.ug/news/dissent-brews-inside-nrm-as-speakership-race-heats-up/
2026-03-11,Govt banks on new tax measures to boost revenues,https://observer.ug/business/govt-banks-on-new-tax-measures-to-boost-revenues/
2026-03-12,UN condemns drone strike that killed UNICEF staff in Goma,https://observer.ug/news/un-condemns-drone-strike-that-killed-unicef-staff-in-goma/
2026-03-13,Yalelo increases paid maternity leave to 90 working days,https://observer.ug/business/yalelo-increases-paid-maternity-leave-to-90-working-days/
2026-03-16,Minister Anite urges boda boda riders to save for the future,https://observer.ug/business/minister-anite-urges-boda-boda-riders-to-save-for-the-future/
2026-03-16,Why Otunnu ‘resisted’ photo op with Museveni,https://observer.ug/news/why-otunnu-resisted-photo-op-with-museveni/
2026-03-17,Gov’t seeks parliamentary approval for Shs 6 trillion already spent last year,https://observer.ug/news/govt-seeks-parliamentary-approval-for-shs-6-trillion-already-spent-last-year/
2026-03-17,Intern accused of sharing Gulu High court register details granted bail,https://observer.ug/news/intern-accused-of-sharing-gulu-high-court-register-details-granted-bail/
2026-03-17,M23 rebels: Entebbe mayor Rwalinda loses Shs 273m case against Stanbic bank,https://observer.ug/news/m23-rebels-entebbe-mayor-rulinda-loses-shs-273m-case-against-stanbic-bank/
2026-03-17,Namisindwa parish chiefs protest Shs179m unpaid allowances,https://observer.ug/news/namisindwa-parish-chiefs-protest-shs179m-unpaid-allowances/
2026-03-18,Will Uganda’s new love for airports grow the economy?,https://observer.ug/business/will-ugandas-new-love-for-airports-grow-the-economy/
2026-03-19,Kumi trader dies in fire after saving six-month-old baby,https://observer.ug/news/kumi-trader-dies-in-fire-after-saving-six-month-old-baby/
2026-03-20,How corruption stripped PwC naked,https://observer.ug/news/how-corruption-stripped-pwc-naked/
2026-03-21,"Roofings unveils e-commerce platform, plans iron ore investment",https://observer.ug/business/roofings-unveils-e-commerce-platform-plans-iron-ore-investment/
2026-03-22,Oulanyah’s father Adiyo dies at 97 on son’s death anniversary,https://observer.ug/news/oulanyahs-father-adiyo-dies-at-97-on-sons-death-anniversary/
2026-03-23,"DPP, police raise concerns over proposed forensic law",https://observer.ug/news/dpp-police-raise-concerns-over-proposed-forensic-law/
2026-03-23,TotalEnergies marks Chinese New Year with renewed sustainability commitment,https://observer.ug/business/totalenergies-marks-chinese-new-year-with-renewed-sustainability-commitment/
2026-03-25,Nakawa councillor Ssebuwufu granted bail after 2 months on remand,https://observer.ug/news/nakawa-councillor-ssebuwufu-granted-bail-after-2-months-on-remand/
2026-03-25,Uganda Baati ignites a new era of women’s empowerment,https://observer.ug/business/uganda-baati-ignites-a-new-era-of-womens-empowerment/
2026-03-29,Economics of forgiveness: A final chance to reset your business debt,https://observer.ug/business/economics-of-forgiveness-a-final-chance-to-reset-your-business-debt/
2026-03-31,"Crime report: 25 Ugandans die daily in murders, road crashes",https://observer.ug/news/crime-report-25-ugandans-die-daily-in-murders-road-crashes/
2026-04-01,Journalist Mukose charged over ‘false death’ report on First Lady,https://observer.ug/news/journalist-mukose-charged-over-false-death-report-on-first-lady/
2026-04-01,She started small: now her farm feeds thousands,https://observer.ug/news/she-started-small-now-her-farm-feeds-thousands/
2026-04-01,Thousands of refugee households in Uganda move towards self-reliance,https://observer.ug/news/thousands-of-refugee-households-in-uganda-move-towards-self-reliance/
2026-04-02,Four children killed in machete attack at Ggaba nursery school,https://observer.ug/news/four-children-killed-in-machete-attack-at-ggaba-nursery-school/
2026-04-02,Kenyan motorists dash to Uganda for cheaper fuel,https://observer.ug/news/kenyan-motorists-dash-to-uganda-for-cheaper-fuel/
2026-04-02,UIA board moves to replace Mukiza as director general,https://observer.ug/news/uia-board-moves-to-replace-mukiza-as-director-general/
2026-04-02,Ugandans breathe world’s dirtiest air,https://observer.ug/news/ugandans-breathe-worlds-dirtiest-air/
2026-04-06,Buliisa considers biometric machines to curb health worker absenteeism,https://observer.ug/news/buliisa-considers-biometric-machines-to-curb-health-worker-absenteeism/
2026-04-07,Kitara denies being used by speaker Among against minister Mao,https://observer.ug/news/kitara-denies-being-used-by-speaker-among-against-minister-mao/
2026-04-07,Seven Apac Seed SS students injured in panga attack,https://observer.ug/news/seven-apac-seed-ss-students-injured-in-panga-attack/
2026-04-07,"Unicef demands urgent action after Kampala, Apac school attacks",https://observer.ug/news/unicef-demands-urgent-action-after-kampala-apac-school-attacks/
2026-04-08,Ex-minister Nandutu found guilty of stealing Karamoja iron sheets,https://observer.ug/news/ex-minister-nandutu-found-guilty-of-stealing-karamoja-iron-sheets/
2026-04-08,Kapchorwa locals alarmed as key bridges near collapse,https://observer.ug/news/kapchorwa-locals-alarmed-as-key-bridges-near-collapse/
2026-04-08,Karema vs Kadondi: Will girl power redefine Makerere’s guild politics,https://observer.ug/news/karema-vs-kadondi-will-girl-power-redefine-makereres-guild-politics/
2026-04-09,Mubende goats introduced in Zombo,https://observer.ug/news/mubende-goats-introduced-in-zombo/
