source,url,publication_date,title,sentence,is_relevant,label_content,pred_content,conf_content,pred_semantic,conf_semantic,pred_final,conf_final,fusion_rule,month
The Observer,https://observer.ug/news/otunnu-family-seeks-shs-2bn-from-museveni/,2016-11-30,Otunnu family seeks Shs 2bn from Museveni,The family of former UPC leader Olara Otunnu has appealed to President Museveni to help them get compensation for property lost during the insurgency that followed his government’s rise to power.,True,land_row_dispute,land_row_dispute,0.319776378101397,land_row_dispute,0.22178256511688232,land_row_dispute,0.6353897358045698,agree,2016-11
The Observer,https://observer.ug/news/otunnu-family-seeks-shs-2bn-from-museveni/,2016-11-30,Otunnu family seeks Shs 2bn from Museveni,"Kamukama told us last week that Ogenga should utilise the ongoing government compensation programme targeting people who lost property during the LRA insurgency in northern Uganda and other parts of the country. “If his claims have been verified, I advise him to contact the ministry of Justice and Constitutional Affairs which is handling the process to know his fate,” she said.",True,land_row_dispute,land_row_dispute,0.4103372004561745,land_row_dispute,0.3124963045120239,land_row_dispute,0.6807083762420496,agree,2016-11
The Observer,https://observer.ug/news/otunnu-family-seeks-shs-2bn-from-museveni/,2016-11-30,Otunnu family seeks Shs 2bn from Museveni,"According to the letter, the family wants Shs 1 billion as compensation for four buses that were lost during the insurgency.",True,land_row_dispute,land_row_dispute,0.3896811433928286,land_row_dispute,0.2094394564628601,land_row_dispute,0.6497801499639222,agree,2016-11
The Observer,https://observer.ug/news/otunnu-family-seeks-shs-2bn-from-museveni/,2016-11-30,Otunnu family seeks Shs 2bn from Museveni,"There is also a Mercedes Benz estimated at Shs 200 million, which he says was forcefully stolen by an NRA officer in Gulu. “Many people can verify the claim because my parents drove the car [Benz] for nearly two years in Gulu and Kitgum [districts],” he notes.",True,,land_row_dispute,0.1772105029943114,land_row_dispute,0.15019965171813965,land_row_dispute,0.5818525386781128,agree,2016-11
The Observer,https://observer.ug/news/otunnu-family-seeks-shs-2bn-from-museveni/,2016-11-30,Otunnu family seeks Shs 2bn from Museveni,"In the telephone interview, Ogenga said he had not wanted to make the matter public but after years of unsuccessfully trying to seek compensation as well as audience with the president, he decided to come out. “I want a negotiated agreement.",True,land_row_dispute,land_row_dispute,0.2721022354685793,procurement_irregularity,0.30119243264198303,land_row_dispute,0.5,content_preferred,2016-11
The Observer,https://observer.ug/news/museveni-akena-killing-upc-bossa/,2016-12-19,"Museveni, Akena killing UPC – Bossa",They wrote saying that because the leadership of the party was in dispute; it [bank] had decided to freeze the party’s account.,True,,delay_time_overrun,0.30314363977149517,contract_management_failure,0.3088497519493103,delay_time_overrun,0.5,content_preferred,2016-12
The Observer,https://observer.ug/news/museveni-akena-killing-upc-bossa/,2016-12-19,"Museveni, Akena killing UPC – Bossa",I went to court to dispute Akena’s presidency and not to block the accounts.,True,,land_row_dispute,0.22843018632439233,contract_management_failure,0.22203975915908813,land_row_dispute,0.5,content_preferred,2016-12
The Observer,https://observer.ug/news/kasese-religious-leaders-call-for-end-to-the-bloodshed/,2016-11-30,Kasese: Religious leaders call for end to the bloodshed,"Speaking at a press conference on Monday, Joshua Kitakule, the IRCU secretary general, blamed the conflict on lack of implementation of government programmes and high poverty rates in the region.",True,,land_row_dispute,0.2876847628063537,governance_oversight_failure,0.36681246757507324,land_row_dispute,0.5,content_preferred,2016-11
The Observer,https://observer.ug/news/hundreds-demonstrate-against-mps-tax-exemption/,2016-12-08,Hundreds demonstrate against MPs tax exemption,Over 500 citizens and activists from different parts of the country assembled at Railway headquarters grounds and matched to UMA show grounds in Lugogo from where they read a statement to the president asking him to stop the ‘greed’ exhibited by Ugandan legislators.,True,,quality_technical_defect,0.25747886223778693,land_row_dispute,0.24359744787216187,quality_technical_defect,0.5,content_preferred,2016-12
The Observer,https://observer.ug/news/go-slow-on-palace-redevelopment-mayiga-told/,2016-12-16,"Go slow on palace redevelopment, Mayiga told","Critics claim Mayiga’s plan is inconsistent with Buganda’s tradition of consultation before any major project is undertaken. “The biggest problem with institutions like Buganda kingdom is that it has so many stakeholders with divergent views and elongated cultural norms which must be safeguarded,” Mukono Municipality MP Betty Nambooze Bakireke wrote in an open letter to Mayiga – suggesting that Mayiga had only consulted a few businessmen.",True,,land_row_dispute,0.15760452331315383,governance_oversight_failure,0.2291639745235443,land_row_dispute,0.5,content_preferred,2016-12
The Observer,https://observer.ug/news/inside-the-ignored-omaswa-report-on-makerere-university/,2016-12-07,Inside the ignored Omaswa report on Makerere University,OMASWA TASKFORCE The Omaswa-led Task Force was inspired by a September 2011 strike by Makerere University teaching staff over unpaid allowances.,True,,land_row_dispute,0.1799181004560125,land_row_dispute,0.20050939917564392,land_row_dispute,0.5951068749079141,agree,2016-12
The Observer,https://observer.ug/news/inside-the-ignored-omaswa-report-on-makerere-university/,2016-12-07,Inside the ignored Omaswa report on Makerere University,"Among other findings the committee discovered mismanagement of the university’s resources, leadership failure, lack of accountability and failure to teach on the side of lecturers.",True,governance_oversight_failure,governance_oversight_failure,0.3481593194013559,governance_oversight_failure,0.44748106598854065,governance_oversight_failure,0.6989100963474741,agree,2016-12
The Observer,https://observer.ug/business/eprc-wins-accolade/,2016-12-16,EPRC wins accolade,"In a statement, EPRC said: “[We are] committed to providing evidence that supports government in implementation of the sustainable development goals”.",True,,delay_time_overrun,0.3992169661452016,governance_oversight_failure,0.2545909881591797,delay_time_overrun,0.5,content_preferred,2016-12
The Observer,https://observer.ug/business/residents-protest-against-delayed-unra-pay/,2016-12-21,Residents protest against delayed Unra pay,Residents of Kitgum and Pader districts have held a peaceful demonstration to protest delayed compensation by Uganda National Roads Authority (Unra).,True,delay_time_overrun,delay_time_overrun,0.3895617249795891,land_row_dispute,0.38407066464424133,delay_time_overrun,0.5,content_preferred,2016-12
The Observer,https://observer.ug/business/residents-protest-against-delayed-unra-pay/,2016-12-21,Residents protest against delayed Unra pay,"Last month, residents affected by the Gulu-Acholibur-Musingo road works convened a meeting at Acholibur in Pader district in the presence of Unra engineers and district officials.",True,,land_row_dispute,0.3159143419942064,land_row_dispute,0.223200723528862,land_row_dispute,0.6347787663807671,agree,2016-12
The Observer,https://observer.ug/business/residents-protest-against-delayed-unra-pay/,2016-12-21,Residents protest against delayed Unra pay,"John Ocan, 78, says he has failed to maintain his home after the only commercial house from which he earned Shs 1.7m each month was demolished to pave way for the road works.",True,,land_row_dispute,0.2868656342923188,payment_financial_dispute,0.17725442349910736,land_row_dispute,0.5,content_preferred,2016-12
The Observer,https://observer.ug/news/police-we-can-t-place-desh-at-murder-scene/,2016-12-23,Police: We can’t place Desh at murder scene,Kananura was then arrested at Entebbe airport upon his return from the UK.,True,,land_row_dispute,0.14114805892460972,land_row_dispute,0.06420141458511353,land_row_dispute,0.5513373683774309,agree,2016-12
The Observer,https://observer.ug/news/mwenda-fdc-social-media-war-rages/,2016-12-30,"Mwenda, FDC social media war rages","Some social media users like the renowned social science researcher, Dr Stella Nyanzi, who had earlier launched a scathing attack against Mwenda, denounced the gay tag. “I hate Museveni’s gross mismanagement of Uganda and I am inspired by Besigye’s defiant opposition, I am not a homophobe.",True,governance_oversight_failure,governance_oversight_failure,0.21020318511571304,land_row_dispute,0.12071703374385834,governance_oversight_failure,0.5,content_preferred,2016-12
The Observer,https://observer.ug/business/will-south-sudan-influence-pace-of-eac-integration/,2016-12-07,Will South Sudan influence pace of EAC integration?,The stability should be the implementation of the peace accord.,True,,governance_oversight_failure,0.29648235494811315,governance_oversight_failure,0.2222335934638977,governance_oversight_failure,0.6296789871030027,agree,2016-12
The Observer,https://observer.ug/business/will-south-sudan-influence-pace-of-eac-integration/,2016-12-07,Will South Sudan influence pace of EAC integration?,"Despite the recent peace efforts and formation of a unity government in April 2016 after a turbulent three year civil war, the landlocked, low income economy has acute constraints in physical, infrastructure and institutional structures.",True,,land_row_dispute,0.07743332890792158,governance_oversight_failure,0.2316489964723587,land_row_dispute,0.5,content_preferred,2016-12
The Observer,https://observer.ug/news/uia-touts-natural-waste-treatment/,2016-12-09,UIA touts natural waste treatment,"I urge all manufacturing companies to view this as important and adopt it as soon as possible.” The demonstration was done by Danish firm, Transform 1994 APS, which is spearheading the implementation of the natural rootzone method of sewage treatment without using chemicals. “The interest of using nature to treat nature is rising everyday worldwide.",True,,land_row_dispute,0.2878372818533546,quality_technical_defect,0.09324122220277786,land_row_dispute,0.5,content_preferred,2016-12
The Observer,https://observer.ug/news/uia-touts-natural-waste-treatment/,2016-12-09,UIA touts natural waste treatment,"It came up 35 years ago in Europe and it is now spreading,” said Jorgen Logstrip, Transform’s founder and chief executive officer. “We have developed this to make sure that we can transform waste to something valuable, cost- effectively and without using chemicals.” ROOTZONE FILTER SYSTEM This system entails construction of an artificial swamp with a green treatment system known as the reed bed.",True,,land_row_dispute,0.3415992420856143,governance_oversight_failure,0.08465152978897095,land_row_dispute,0.5,content_preferred,2016-12
The Observer,https://observer.ug/news/uia-touts-natural-waste-treatment/,2016-12-09,UIA touts natural waste treatment,"The method however, drew mixed reactions from different factory owners in attendance.",True,,land_row_dispute,0.22279997914996966,contract_management_failure,0.23615485429763794,land_row_dispute,0.5,content_preferred,2016-12
The Observer,https://observer.ug/news/we-forced-dr-besigye-to-stand-in-2016-ssemujju/,2016-11-25,We forced Dr Besigye to stand in 2016 – Ssemujju,"Besigye took the FDC flag to The Democratic Alliance (TDA), a loose coalition of opposition political parties where he was abandoned by some of the DP politicians previously allied to the Ssuubi group.",True,,land_row_dispute,0.17705787389745645,governance_oversight_failure,0.18389716744422913,land_row_dispute,0.5,content_preferred,2016-11
The Observer,https://observer.ug/news/review-committee-wants-ubc-overhauled/,2016-12-21,Review committee wants UBC overhauled,"The committee also found that UBC’s radio broadcast infrastructure is completely run down and obsolete, with some UBC stations broadcasting from Kampala without being received in parts of the country.",True,,procurement_irregularity,0.32434784706462955,quality_technical_defect,0.17278403043746948,procurement_irregularity,0.5,content_preferred,2016-12
The Observer,https://observer.ug/news/justice-kavuma-amends-his-age/,2016-12-21,Justice Kavuma amends his age,"Insider judicial sources claim deputy chief justice Kavuma has sworn an affidavit contesting his birthday and current age of 69 years, which would make him a candidate for retirement in September next year.",True,,land_row_dispute,0.3661791225892204,procurement_irregularity,0.11823435872793198,land_row_dispute,0.5,content_preferred,2016-12
The Observer,https://observer.ug/news/justice-kavuma-amends-his-age/,2016-12-21,Justice Kavuma amends his age,"Besigye complained that instead of doing judicial work, the judge works for President Museveni and the NRM government.",True,,governance_oversight_failure,0.27062380401516306,governance_oversight_failure,0.25162166357040405,governance_oversight_failure,0.6305613668963918,agree,2016-12
The Observer,https://observer.ug/news/kadaga-names-mps-to-probe-utl/,2016-12-02,Kadaga names MPs to probe Utl,Speaker Rebecca Kadaga has named a seven-member select committee to investigate the mismanagement of the Uganda Telecom Company (UTL).,True,governance_oversight_failure,governance_oversight_failure,0.36439838088807663,governance_oversight_failure,0.1438460797071457,governance_oversight_failure,0.6270611151488056,agree,2016-12
The Observer,https://observer.ug/business/solar-interest-grows-as-soroti-project-takes-off/,2016-12-14,Solar interest grows as Soroti project takes off,"The race to have more solar power projects in Uganda is on after the launch of first such energy to be connected on the national grid, writes JEFF MBANGA.",True,,contract_management_failure,0.2314443943624247,delay_time_overrun,0.11748119443655014,contract_management_failure,0.5,content_preferred,2016-12
The Observer,https://observer.ug/business/solar-interest-grows-as-soroti-project-takes-off/,2016-12-14,Solar interest grows as Soroti project takes off,"The government’s rural electrification scheme has not yet pulled hydro-electricity to Okorom trading centre in Ngora district, but the area residents have learnt to make do with the next best alternative.",True,,land_row_dispute,0.20201959539532988,land_row_dispute,0.1337110698223114,land_row_dispute,0.5839326663044103,agree,2016-12
The Observer,https://observer.ug/business/solar-interest-grows-as-soroti-project-takes-off/,2016-12-14,Solar interest grows as Soroti project takes off,"In the evenings, parts of the trading centre is lit using solar electricity units that some residents have purchased, due to their growing accessibility.",True,,land_row_dispute,0.11498344428428105,payment_financial_dispute,0.07960236072540283,land_row_dispute,0.5,content_preferred,2016-12
The Observer,https://observer.ug/business/solar-interest-grows-as-soroti-project-takes-off/,2016-12-14,Solar interest grows as Soroti project takes off,Some homes whose owners can afford the units are also well lit.,True,,land_row_dispute,0.14114805892460972,quality_technical_defect,0.09758847951889038,land_row_dispute,0.5,content_preferred,2016-12
The Observer,https://observer.ug/business/solar-interest-grows-as-soroti-project-takes-off/,2016-12-14,Solar interest grows as Soroti project takes off,"In addition, the solar panels help residents charge their mobile phones.",True,,land_row_dispute,0.2296850478775243,payment_financial_dispute,0.1042155846953392,land_row_dispute,0.5,content_preferred,2016-12
The Observer,https://observer.ug/business/solar-interest-grows-as-soroti-project-takes-off/,2016-12-14,Solar interest grows as Soroti project takes off,"Unlike the past when the cost of installing a solar system and the wiring system ran into millions of shillings, today locals can purchase a “self-contained unit” (comprising a solar plate, a battery, a phone charging facility and three light bulbs) for as low as Shs 250,000.",True,,procurement_irregularity,0.23816362170848218,payment_financial_dispute,0.12501585483551025,procurement_irregularity,0.5,content_preferred,2016-12
The Observer,https://observer.ug/business/solar-interest-grows-as-soroti-project-takes-off/,2016-12-14,Solar interest grows as Soroti project takes off,The growth of solar energy from such small settings has evolved into the big stage with the Soroti project being the first to connect units on the national grid.,True,,contract_management_failure,0.14042830633964487,delay_time_overrun,0.11464998871088028,contract_management_failure,0.5,content_preferred,2016-12
The Observer,https://observer.ug/business/solar-interest-grows-as-soroti-project-takes-off/,2016-12-14,Solar interest grows as Soroti project takes off,"The launch of the 10MW solar power plant in Soroti on Monday, the biggest in East Africa, is expected to spur more investments in this particular renewable energy segment, especially now that the costs of equipment are said to be falling.",True,,contract_management_failure,0.31209125802338006,delay_time_overrun,0.09839107096195221,contract_management_failure,0.5,content_preferred,2016-12
The Observer,https://observer.ug/business/solar-interest-grows-as-soroti-project-takes-off/,2016-12-14,Solar interest grows as Soroti project takes off,"Fears that solar energy needed higher tariffs for investors to recoup the money they intended to spend on power projects have been dispelled, especially now that the prices of solar equipment have dropped by a half over the last five years.",True,,contract_management_failure,0.2856253778114963,contract_management_failure,0.1580207198858261,contract_management_failure,0.6109115244243306,agree,2016-12
The Observer,https://observer.ug/business/solar-interest-grows-as-soroti-project-takes-off/,2016-12-14,Solar interest grows as Soroti project takes off,"Godfrey Turyahikayo, the executive director of Rural Electrification Agency, explained that China, one of the largest producers of solar equipment, has influenced the movement of prices. “There are quite a number of things that have developed with regards to solar.",True,,procurement_irregularity,0.1672268306840745,land_row_dispute,0.10793408751487732,procurement_irregularity,0.5,content_preferred,2016-12
The Observer,https://observer.ug/business/solar-interest-grows-as-soroti-project-takes-off/,2016-12-14,Solar interest grows as Soroti project takes off,One is that the costs have actually drastically reduced over the last five years.,True,,delay_time_overrun,0.16722412393106115,delay_time_overrun,0.2761629819869995,delay_time_overrun,0.6108467764795151,agree,2016-12
The Observer,https://observer.ug/business/solar-interest-grows-as-soroti-project-takes-off/,2016-12-14,Solar interest grows as Soroti project takes off,The cost of solar has gone to about a half over that period.,True,,procurement_irregularity,0.1966717663468017,delay_time_overrun,0.22640204429626465,procurement_irregularity,0.5,content_preferred,2016-12
The Observer,https://observer.ug/business/solar-interest-grows-as-soroti-project-takes-off/,2016-12-14,Solar interest grows as Soroti project takes off,"The cost of production of panels in China has reduced; so, the market is flooded.",True,,quality_technical_defect,0.15779320335566072,contract_management_failure,0.15643423795700073,quality_technical_defect,0.5,content_preferred,2016-12
The Observer,https://observer.ug/business/solar-interest-grows-as-soroti-project-takes-off/,2016-12-14,Solar interest grows as Soroti project takes off,"Also, the efficient gains that have been achieved through scientific research have shown solar is less expensive.",True,,procurement_irregularity,0.1966717663468017,delay_time_overrun,0.14584988355636597,procurement_irregularity,0.5,content_preferred,2016-12
The Observer,https://observer.ug/business/solar-interest-grows-as-soroti-project-takes-off/,2016-12-14,Solar interest grows as Soroti project takes off,"So, there has been a number of innovations that have made solar cheaper. “Right now, we are actually looking at incorporating it into our system.",True,,land_row_dispute,0.2242791205116502,delay_time_overrun,0.09438952803611755,land_row_dispute,0.5,content_preferred,2016-12
The Observer,https://observer.ug/business/solar-interest-grows-as-soroti-project-takes-off/,2016-12-14,Solar interest grows as Soroti project takes off,"If you look at the small hydro power projects, the unit cost of energy is about 12 US cents.",True,,contract_management_failure,0.3189831026373418,procurement_irregularity,0.0962337926030159,contract_management_failure,0.5,content_preferred,2016-12
The Observer,https://observer.ug/business/solar-interest-grows-as-soroti-project-takes-off/,2016-12-14,Solar interest grows as Soroti project takes off,"But solar is also between 12 US cents and 15 US cents, right now, although that is without batteries,” he said.",True,,land_row_dispute,0.3093910764059397,procurement_irregularity,0.07671946287155151,land_row_dispute,0.5,content_preferred,2016-12
The Observer,https://observer.ug/business/solar-interest-grows-as-soroti-project-takes-off/,2016-12-14,Solar interest grows as Soroti project takes off,"MORE INVESTMENTS Plans are already underway to construct bigger solar projects as more Ugandans, especially those living in the rural areas, switch to using solar.",True,,land_row_dispute,0.23204908577244426,delay_time_overrun,0.14319950342178345,land_row_dispute,0.5,content_preferred,2016-12
The Observer,https://observer.ug/business/solar-interest-grows-as-soroti-project-takes-off/,2016-12-14,Solar interest grows as Soroti project takes off,"For example, Tororo PV Power Company Limited has already applied for a licence to construct, generate and sell electricity from its proposed 50MW solar power plant in Tororo district.",True,,contract_management_failure,0.35763695575846915,payment_financial_dispute,0.15319842100143433,contract_management_failure,0.5,content_preferred,2016-12
The Observer,https://observer.ug/business/solar-interest-grows-as-soroti-project-takes-off/,2016-12-14,Solar interest grows as Soroti project takes off,"MSS Xsabo Power Limited intends to generate 20MW of electricity from a solar power plant in Gomba, although the company ran into trouble with the regulators over its other planned 20MW wind power project in Tororo.",True,,contract_management_failure,0.3789584481334936,payment_financial_dispute,0.07686421275138855,contract_management_failure,0.5,content_preferred,2016-12
The Observer,https://observer.ug/business/solar-interest-grows-as-soroti-project-takes-off/,2016-12-14,Solar interest grows as Soroti project takes off,Emerging Power Limited plans to build a 15MW solar power project in Mayuge district at a cost of nearly $30 million.,True,,delay_time_overrun,0.3593947661979022,delay_time_overrun,0.12851379811763763,delay_time_overrun,0.621977141078885,agree,2016-12
The Observer,https://observer.ug/business/solar-interest-grows-as-soroti-project-takes-off/,2016-12-14,Solar interest grows as Soroti project takes off,"On a lower scale, more homes and public spaces are switching to solar.",True,,procurement_irregularity,0.29085199147056834,delay_time_overrun,0.11560514569282532,procurement_irregularity,0.5,content_preferred,2016-12
The Observer,https://observer.ug/business/solar-interest-grows-as-soroti-project-takes-off/,2016-12-14,Solar interest grows as Soroti project takes off,"This financial year, Uganda has set for itself a target of installing at least 20,000 solar systems in eight districts, plus also putting up solar-powered pumps in areas facing water shortages.",True,,quality_technical_defect,0.2470387756788002,delay_time_overrun,0.11078937351703644,quality_technical_defect,0.5,content_preferred,2016-12
The Observer,https://observer.ug/business/solar-interest-grows-as-soroti-project-takes-off/,2016-12-14,Solar interest grows as Soroti project takes off,Maintenance of solar equipment in more than 500 schools is already being undertaken under the Energy for Rural Transformation program.,True,,contract_management_failure,0.2208239000330281,delay_time_overrun,0.1588408350944519,contract_management_failure,0.5,content_preferred,2016-12
The Observer,https://observer.ug/business/solar-interest-grows-as-soroti-project-takes-off/,2016-12-14,Solar interest grows as Soroti project takes off,"The Joint Energy and Environment Project Uganda installed a solar micro grid, where at least 100 households have been connected to power.",True,,contract_management_failure,0.39752327189411885,payment_financial_dispute,0.10946734994649887,contract_management_failure,0.5,content_preferred,2016-12
The Observer,https://observer.ug/business/solar-interest-grows-as-soroti-project-takes-off/,2016-12-14,Solar interest grows as Soroti project takes off,Absolute Energy Ltd plans to set up a solar 230kW PV mini-grid at Kitobo island on Lake Victoria to supply more than 400 households and businesses.,True,,contract_management_failure,0.21313210056750412,payment_financial_dispute,0.09440550953149796,contract_management_failure,0.5,content_preferred,2016-12
The Observer,https://observer.ug/business/solar-interest-grows-as-soroti-project-takes-off/,2016-12-14,Solar interest grows as Soroti project takes off,"The increase in the interest in solar power, and other cleaner energies, has brightened Uganda’s international stature.",True,,contract_management_failure,0.3494309504334576,payment_financial_dispute,0.06378372013568878,contract_management_failure,0.5,content_preferred,2016-12
The Observer,https://observer.ug/business/solar-interest-grows-as-soroti-project-takes-off/,2016-12-14,Solar interest grows as Soroti project takes off,"For example, according to the 2014 Climate Scope report, an initiative by Bloomberg, Uganda was ranked 10th out of the 55 countries in the world ranked for attracting clean energy investments, and third in Africa.",True,,contract_management_failure,0.2043399921233596,governance_oversight_failure,0.14439073204994202,contract_management_failure,0.5,content_preferred,2016-12
The Observer,https://observer.ug/business/solar-interest-grows-as-soroti-project-takes-off/,2016-12-14,Solar interest grows as Soroti project takes off,The report noted that Uganda’s non-large hydro clean energy sector attracted $307m between 2006 and 2013.,True,,contract_management_failure,0.27267900545348867,procurement_irregularity,0.1269819140434265,contract_management_failure,0.5,content_preferred,2016-12
The Observer,https://observer.ug/business/solar-interest-grows-as-soroti-project-takes-off/,2016-12-14,Solar interest grows as Soroti project takes off,"GOVT STRATEGY As part of its strategy to attract more investments for strictly solar energy, Uganda, in January 2015, changed tact when it stopped using the feed-in tariff – an inbuilt tariff that the investor and private firm negotiate on – to competitive bidding for on-grid projects.",True,,contract_management_failure,0.3173098321479689,governance_oversight_failure,0.20884187519550323,contract_management_failure,0.5,content_preferred,2016-12
The Observer,https://observer.ug/business/solar-interest-grows-as-soroti-project-takes-off/,2016-12-14,Solar interest grows as Soroti project takes off,"Before, investors demanded for a particular feed-in tariff that the Electricity Regulatory Authority had capped at 11 US Cents per kWh for grid connected solar PV energy.",True,,contract_management_failure,0.2757453107818978,payment_financial_dispute,0.19842982292175293,contract_management_failure,0.5,content_preferred,2016-12
The Observer,https://observer.ug/business/solar-interest-grows-as-soroti-project-takes-off/,2016-12-14,Solar interest grows as Soroti project takes off,"But now, with the change to competitive bidding, the tariff can go even lower. “Continuous technological advancements have resulted into cheaper and more efficient solar photovoltaic technology worldwide.",True,,land_row_dispute,0.19643795880283837,procurement_irregularity,0.14079329371452332,land_row_dispute,0.5,content_preferred,2016-12
The Observer,https://observer.ug/business/solar-interest-grows-as-soroti-project-takes-off/,2016-12-14,Solar interest grows as Soroti project takes off,Benefits from these improvements can only be realized through effective management of the cost of production of electricity from this resource.,True,,contract_management_failure,0.26574938967206135,procurement_irregularity,0.09825508296489716,contract_management_failure,0.5,content_preferred,2016-12
The Observer,https://observer.ug/business/solar-interest-grows-as-soroti-project-takes-off/,2016-12-14,Solar interest grows as Soroti project takes off,"Competitive procurement of such capacity is one of the most effective means of guaranteeing reasonable and fair pricing of solar power, as well as harnessing the benefits of such modular technologies, including system loss reduction and voltage stability,” the Electricity Regulatory Authority noted in 2014.",True,procurement_irregularity,procurement_irregularity,0.4208862880813633,payment_financial_dispute,0.16561654210090637,procurement_irregularity,0.5,content_preferred,2016-12
The Observer,https://observer.ug/business/solar-interest-grows-as-soroti-project-takes-off/,2016-12-14,Solar interest grows as Soroti project takes off,"Still, government is calling for caution. “From a technical perspective, solar photovoltaic generation is associated with frequent power swings owing to its intermittent nature.",True,,delay_time_overrun,0.29996068958049515,contract_management_failure,0.19459368288516998,delay_time_overrun,0.5,content_preferred,2016-12
The Observer,https://observer.ug/business/solar-interest-grows-as-soroti-project-takes-off/,2016-12-14,Solar interest grows as Soroti project takes off,"This, therefore, calls for accurate determination of the extent to which the national electricity grid can accommodate power from solar without adversely affecting the quality of power supply,” ERA noted in 2015.",True,contract_management_failure,contract_management_failure,0.20445560981645333,payment_financial_dispute,0.15198194980621338,contract_management_failure,0.5,content_preferred,2016-12
The Observer,https://observer.ug/business/solar-interest-grows-as-soroti-project-takes-off/,2016-12-14,Solar interest grows as Soroti project takes off,Investors say that government might need to consider tax incentives for more investments in solar on-grid projects.,True,,procurement_irregularity,0.16735805419335262,payment_financial_dispute,0.1655183881521225,procurement_irregularity,0.5,content_preferred,2016-12
The Observer,https://observer.ug/business/solar-interest-grows-as-soroti-project-takes-off/,2016-12-14,Solar interest grows as Soroti project takes off,"Kristian Schmidt, the head of delegation for the European Union in Uganda, while at the ground-breaking launch of the Soroti project in March this year, said: “For grid-connected solar projects, for instance, the applicable tax treatment and standard contractual agreements already agreed could be improved to keep Uganda’s reputation as a stable, reliable and attractive environment for private sector investment.” Government used to offer tax incentives for solar equipment for off-grid projects but scrapped that when the prices for equipment started declining.",True,,delay_time_overrun,0.37980177868769044,payment_financial_dispute,0.2338496744632721,delay_time_overrun,0.5,content_preferred,2016-12
The Observer,https://observer.ug/business/solar-interest-grows-as-soroti-project-takes-off/,2016-12-14,Solar interest grows as Soroti project takes off,"Nevertheless, a number of financial institutions, such as Centenary bank and Post bank, are increasing their lending to those who need solar power. jeff@observer.ug",True,,governance_oversight_failure,0.16304082949252083,payment_financial_dispute,0.2247467339038849,governance_oversight_failure,0.5,content_preferred,2016-12
The Observer,https://observer.ug/news/israel-dumps-eritrea-sudan-refugees-in-uganda-rwanda/,2016-11-25,"Israel dumps Eritrea, Sudan refugees in Uganda, Rwanda","Now Al Jazeera has landed on ‘evidence’ in form of Eritreans who claim to have been part of this secret deal, as RYAN BROWN reports: Kampala, Uganda – The sky was still an inky black when the flight from Cairo touched down at Entebbe airport near Kampala, the capital of Uganda, one morning in mid-January, the fluorescent glow spilling from the small terminal providing the only source of light.",True,,governance_oversight_failure,0.3139581163976364,land_row_dispute,0.11622224748134613,governance_oversight_failure,0.5,content_preferred,2016-11
The Observer,https://observer.ug/news/israel-dumps-eritrea-sudan-refugees-in-uganda-rwanda/,2016-11-25,"Israel dumps Eritrea, Sudan refugees in Uganda, Rwanda","Without a glance from the border patrol officers, he led them around the queue, to the baggage claim where their luggage awaited, and then out of the airport’s sliding-glass doors.",True,,land_row_dispute,0.16201369201460708,contract_management_failure,0.09433475881814957,land_row_dispute,0.5,content_preferred,2016-11
The Observer,https://observer.ug/news/israel-dumps-eritrea-sudan-refugees-in-uganda-rwanda/,2016-11-25,"Israel dumps Eritrea, Sudan refugees in Uganda, Rwanda","Often, those who were resettled dispute whether they truly had a choice.",True,,land_row_dispute,0.14114805892460972,contract_management_failure,0.4055112600326538,contract_management_failure,0.5,semantic_override,2016-11
The Observer,https://observer.ug/news/israel-dumps-eritrea-sudan-refugees-in-uganda-rwanda/,2016-11-25,"Israel dumps Eritrea, Sudan refugees in Uganda, Rwanda","According to Interior Minister Gilad Erdan, the voluntary resettlement plan had “encourage[d] infiltrators to leave the borders of the state of Israel honourably and safely”.",True,land_row_dispute,land_row_dispute,0.2560786759573339,land_row_dispute,0.19615790247917175,land_row_dispute,0.6130591446091265,agree,2016-11
The Observer,https://observer.ug/news/northern-uganda-s-untold-oil-story/,2016-12-12,Northern Uganda’s untold oil story,"Titled Impact of oil exploration on wildlife in Murchison Falls Park, the study says activities at the oil pads are leading to lower densities of the large mammals and birds in the park. “Most large mammals were negatively affected by the activities at a drill pad site, even pad maintenance where there is not much activity but a presence of people and some vehicle traffic,” notes the study. “Elephants, buffalos and giraffes were most negatively affected with avoidance up to 750-1,000 metres being exhibited.” Yet the marauding elephants are not the only concern that oil exploration activities have brought onto Nwoya district.",True,,land_row_dispute,0.2270323004994501,governance_oversight_failure,0.07835861295461655,land_row_dispute,0.5,content_preferred,2016-12
The Observer,https://observer.ug/news/northern-uganda-s-untold-oil-story/,2016-12-12,Northern Uganda’s untold oil story,"At Pabit parish, Purongo sub-county, 46-year-old Douglas Olwoch narrates a vexing story of his two-year battle against oil companies that used his land as a waste dumping site. [See Olwoch’s full testimony in the side bar] The LC-V chairperson for Nwoya district, Patrick Okello Oryema, told The Observer that some of the problems could have been avoided if the government had prepared the people in northern Uganda for the disruptions brought about by the oil exploration and development activities.",True,,land_row_dispute,0.34847109486078814,land_row_dispute,0.2029639184474945,land_row_dispute,0.6378587533270706,agree,2016-12
The Observer,https://observer.ug/news/northern-uganda-s-untold-oil-story/,2016-12-12,Northern Uganda’s untold oil story,"DEVELOPMENT IMBALANCE Oryema also complained that the government and oil companies had not set up the requisite infrastructure that would enable locals in the north to tap into the opportunities sprouting out of the nascent oil industry. “When you go to Buliisa and Hoima, there are a lot of construction developments that are physically visible and people really appreciate.",True,,land_row_dispute,0.3602776126259343,delay_time_overrun,0.17840692400932312,land_row_dispute,0.5,content_preferred,2016-12
The Observer,https://observer.ug/news/northern-uganda-s-untold-oil-story/,2016-12-12,Northern Uganda’s untold oil story,Construction work on the road is ongoing.,True,,delay_time_overrun,0.32231654666752707,delay_time_overrun,0.42405614256858826,delay_time_overrun,0.6865931723090288,agree,2016-12
The Observer,https://observer.ug/news/northern-uganda-s-untold-oil-story/,2016-12-12,Northern Uganda’s untold oil story,"However, the head of the Acholi Technical Working Group on Oil and Gas (ATWCOG), Prof Morris Ogenga-Latigo, says such token offers like a petroleum institute do not equate to the resource that will be extracted from the region. “We asked for the pipeline and it has been rejected.",True,,land_row_dispute,0.16986031149437075,procurement_irregularity,0.13818547129631042,land_row_dispute,0.5,content_preferred,2016-12
The Observer,https://observer.ug/news/northern-uganda-s-untold-oil-story/,2016-12-12,Northern Uganda’s untold oil story,"In addition, according to Oryema, the government should work out a way of compensating people who lose their property to wild animals being destabilised from their natural habitat by the oil developments. “There should be some special audit on how the oil issue is affecting the animal habitat,” he said. “We are also saying, ‘can Parliament amend the wildlife Act to take care of compensation of people whose farms are damaged by animals?’ Right now, they are not compensating people.” BATTLE FOR OIL SHARE The leaders in northern Uganda feel particularly hard done by the government’s decision-making because, according to the Acholi Technical Working Group on Oil and Gas (ATWCOG), the region deserves more since it hosts nearly 60 per cent of the country’s oil deposits.",True,land_row_dispute,land_row_dispute,0.25009992153904803,governance_oversight_failure,0.2303178608417511,land_row_dispute,0.5,content_preferred,2016-12
The Observer,https://observer.ug/news/northern-uganda-s-untold-oil-story/,2016-12-12,Northern Uganda’s untold oil story,"In June 2014, members of the Joint Acholi Leaders Forum (JALF), from which ATWCOG is constituted, handed President Museveni a memorandum containing their observations and queries on “the lopsided planned development of oil and gas infrastructure that leaves Acholi and the North out of the picture.” According to Prof Latigo, also the MP for Agago North, the group wants the government to deal with issues of royalty payments to Acholi, infrastructure development and representation on national oil bodies to engender equity and a sense of share ownership.",True,,land_row_dispute,0.16222650978546452,land_row_dispute,0.18544568121433258,land_row_dispute,0.5869180477499493,agree,2016-12
The Observer,https://observer.ug/news/northern-uganda-s-untold-oil-story/,2016-12-12,Northern Uganda’s untold oil story,"They also wonder why none of the oil infrastructure (e.g. refinery, pipelines and central processing facilities) will be built in the north yet it will provide the bulk of the country’s oil produce.",True,,land_row_dispute,0.2812988359538595,delay_time_overrun,0.11680547893047333,land_row_dispute,0.5,content_preferred,2016-12
The Observer,https://observer.ug/news/fifa-fines-uganda-shs-17m-burundi-shs-55m/,2016-12-20,"FIFA fines Uganda Shs 17m, Burundi Shs 55m","In a circular released on Monday, by the Federation of International Football Associations disciplinary committee said Ugandan fans were seated in an ‘improper place’ during the game with Togo at the Mandela national stadium, Namboole on November 15, 2015.",True,,contract_management_failure,0.10357944379908114,procurement_irregularity,0.11128250509500504,contract_management_failure,0.5,content_preferred,2016-12
The Observer,https://observer.ug/news/what-a-year-from-donald-trump-to-kasese-murders/,2016-12-30,What a year! From Donald Trump to Kasese murders,"The likes of Senana Enterprises, Simba Group, Steel Rolling Mills, Shumuk Aluminum Industries, Roofings Limited, Grapes Construction, Ham Enterprises, Ssebaggala and Sons were on the list.",True,,governance_oversight_failure,0.24421727992574208,quality_technical_defect,0.1486910581588745,governance_oversight_failure,0.5,content_preferred,2016-12
The Observer,https://observer.ug/business/business-business/fao-lands-ministry-push-for-land-registration/,2016-11-28,"FAO, lands ministry push for land registration","Amongi added that the pilot project in Kasese has demonstrated that implementation of CCOs is within reach in Uganda, opening the way for nationwide rollout. “There will be need to support government to enforce this system in all districts to ensure that it adapts to the different circumstances and specific challenges that may arise,” she said.",True,,delay_time_overrun,0.4919768673087829,governance_oversight_failure,0.22154361009597778,delay_time_overrun,0.5,content_preferred,2016-11
The Observer,https://observer.ug/news/besigye-drags-civil-aviation-authority-to-court/,2016-12-13,Besigye drags Civil Aviation Authority to court,Dr Kizza Besigye has dragged the Civil Aviation Authority (CAA) to court over his recent arrest at Entebbe airport by security operatives.,True,,procurement_irregularity,0.27382350664789085,contract_management_failure,0.16856250166893005,procurement_irregularity,0.5,content_preferred,2016-12
The Observer,https://observer.ug/news/besigye-drags-civil-aviation-authority-to-court/,2016-12-13,Besigye drags Civil Aviation Authority to court,"In his suit filed by his lawyers of Rwakafuuzi & Co advocates, Besigye states that on October 3 this year, he was plucked off a Kenya Airways plane by security who connived with CAA officials and that he was driven against his will through remote routes from Entebbe airport to his home in Kasangati.",True,,contract_management_failure,0.14647140401421788,contract_management_failure,0.21159332990646362,contract_management_failure,0.5895161834801703,agree,2016-12
The Observer,https://observer.ug/news/besigye-drags-civil-aviation-authority-to-court/,2016-12-13,Besigye drags Civil Aviation Authority to court,"He further states in his suit that he was also denied the right to meet and move from the airport in the company of his waiting family, friends, associates and supporters, hence violating his freedom of association.",True,,land_row_dispute,0.24349645439527345,land_row_dispute,0.2412446290254593,land_row_dispute,0.6211852708551832,agree,2016-12
The Observer,https://observer.ug/news/besigye-drags-civil-aviation-authority-to-court/,2016-12-13,Besigye drags Civil Aviation Authority to court,"Besigye adds that before he could disembark from the staircase, a staff of CAA wearing a reflector jacket pulled him from the last step of the staircase and grabbed him by his trouser towards the CAA vehicle which drove him away before he could even go through immigration procedures at the airport.",True,,land_row_dispute,0.14862692503220593,contract_management_failure,0.17211726307868958,land_row_dispute,0.5,content_preferred,2016-12
The Observer,https://observer.ug/news/oil-should-over-dominate-uganda-s-economy-wb-chief-advises/,2016-12-28,"Oil should not over-dominate Uganda’s economy, WB chief advises",She works in the United States.,True,,procurement_irregularity,0.29122855271546966,quality_technical_defect,0.09095481038093567,procurement_irregularity,0.5,content_preferred,2016-12
The Observer,https://observer.ug/news/oil-should-over-dominate-uganda-s-economy-wb-chief-advises/,2016-12-28,"Oil should not over-dominate Uganda’s economy, WB chief advises","So, public investments in infrastructure, for example, in health and education, are some of the things that these revenues should give a priority to.",True,,procurement_irregularity,0.3072817948115475,payment_financial_dispute,0.13260218501091003,procurement_irregularity,0.5,content_preferred,2016-12
The Observer,https://observer.ug/news/oil-should-over-dominate-uganda-s-economy-wb-chief-advises/,2016-12-28,"Oil should not over-dominate Uganda’s economy, WB chief advises","You mentioned infrastructure, and we are big on infrastructure in Uganda.",True,,land_row_dispute,0.2441218374805137,land_row_dispute,0.16163693368434906,land_row_dispute,0.6014396927912157,agree,2016-12
The Observer,https://observer.ug/news/oil-should-over-dominate-uganda-s-economy-wb-chief-advises/,2016-12-28,"Oil should not over-dominate Uganda’s economy, WB chief advises",There are tools that we use to be able to assess whether a road or any other infrastructure will have a net economic benefit.,True,,land_row_dispute,0.22867651455388832,delay_time_overrun,0.16062670946121216,land_row_dispute,0.5,content_preferred,2016-12
The Observer,https://observer.ug/news/oil-should-over-dominate-uganda-s-economy-wb-chief-advises/,2016-12-28,"Oil should not over-dominate Uganda’s economy, WB chief advises","So, it’s not a question of just building [infrastructure] for the sake of it; it’s got to be a package of other things that have to be done in order to ensure economic returns.",True,,land_row_dispute,0.2072586873888876,delay_time_overrun,0.20384471118450165,land_row_dispute,0.5,content_preferred,2016-12
The Observer,https://observer.ug/news/higher-education-council-calls-for-govt-support-on-compliance/,2016-12-21,Higher education council calls for govt support on compliance,"These included having no staff, infrastructure, or accredited programmes but the university is still operational. “We had refused to give them a license but they went to court and got it through a court order.",True,,land_row_dispute,0.24105613441991497,procurement_irregularity,0.28624072670936584,land_row_dispute,0.5,content_preferred,2016-12
The Observer,https://observer.ug/news/agaba-s-last-thoughts-on-luzira-deaths-jennifer-musisi-kcca/,2016-12-14,"Agaba’s last thoughts on Luzira deaths, Jennifer Musisi & KCCA","How would you have handled it?” he threw back the question at me. “I would have called off the operation,” I said, before Agaba interjected: “Then you are not a firm person.” About Jennifer Musisi, the executive director of KCCA, Agaba said she had “lost direction” the moment she allowed politicians to dictate how the authority works. “She is intelligent and hardworking but she plays too much into the hands of politicians, including those in the NRM,” Agaba said.",True,,land_row_dispute,0.41800745484056356,contract_management_failure,0.26950111985206604,land_row_dispute,0.5,content_preferred,2016-12
The Observer,https://observer.ug/news/agaba-s-last-thoughts-on-luzira-deaths-jennifer-musisi-kcca/,2016-12-14,"Agaba’s last thoughts on Luzira deaths, Jennifer Musisi & KCCA","His most controversial moment came in January 2012, when he was accused alongside his bodyguard, Santos Komakech Makmot, of shooting and killing one person and injuring five others during a KCCA eviction exercise in Luzira.",True,land_row_dispute,land_row_dispute,0.2660953919588908,contract_management_failure,0.1682225465774536,land_row_dispute,0.5,content_preferred,2016-12
The Observer,https://observer.ug/news/why-the-state-struggles-to-nail-murder-suspects/,2016-12-02,Why the state struggles to nail murder suspects,"This view; is shared by another criminal lawyer, Isaac Walukagga, who works with MMAKS Advocates.",True,,governance_oversight_failure,0.24325881929355858,land_row_dispute,0.21155641973018646,governance_oversight_failure,0.5,content_preferred,2016-12
The Observer,https://observer.ug/news/police-called-in-as-new-omugabe-claims-ankole-throne/,2016-12-16,Police called in as new ‘Omugabe’ claims Ankole throne,Two Ankole factions have accused one another of being impostors as they each claim to be the rightful leaders of the defunct kingdom.,True,,land_row_dispute,0.18127552634139713,contract_management_failure,0.16718344390392303,land_row_dispute,0.5,content_preferred,2016-12
The Observer,https://observer.ug/news/police-called-in-as-new-omugabe-claims-ankole-throne/,2016-12-16,Police called in as new ‘Omugabe’ claims Ankole throne,This brings to life an age-old dispute over whether to have the controversial kingdom restored or not.,True,,land_row_dispute,0.16665497374430788,land_row_dispute,0.30628684163093567,land_row_dispute,0.6182354538438108,agree,2016-12
The Observer,https://observer.ug/news/police-called-in-as-new-omugabe-claims-ankole-throne/,2016-12-16,Police called in as new ‘Omugabe’ claims Ankole throne,"George William Katatumba, the ‘recognised’ Enganzi (prime minister) of Ankole kingdom, which has all along held out Aryaija Charles Rwebishengye, son of the late Prince John Barigye, as heir to the throne, has written to Inspector General of Police Gen Kale Kayihura, accusing one Umar Asiimwe Ntare, who recently laid claim to the throne, of being an impostor.",True,,land_row_dispute,0.25564766552007623,contract_management_failure,0.09481845051050186,land_row_dispute,0.5,content_preferred,2016-12
The Observer,https://observer.ug/news/police-called-in-as-new-omugabe-claims-ankole-throne/,2016-12-16,Police called in as new ‘Omugabe’ claims Ankole throne,"Reacting to the development, Katatumba said Asiimwe and one Max Muhumuza, who was named as speaker in the cabinet, “have been impersonating the kingdom, obtaining money by false pretense, spreading harmful propaganda and, above all, dividing the people of Ankole.” However, Muhumuza told The Observer that Prince Rwebishengye, who Katatumba holds out as the rightful future king, has never come out openly to claim the throne.",True,,land_row_dispute,0.3546566834041401,contract_management_failure,0.12516768276691437,land_row_dispute,0.5,content_preferred,2016-12
The Observer,https://observer.ug/news/police-called-in-as-new-omugabe-claims-ankole-throne/,2016-12-16,Police called in as new ‘Omugabe’ claims Ankole throne,"After the restoration of other kingdoms in 1993, two organisations were formed in support and against the Ankole institution – Nkore Cultural Trust (NCT) and Banyankore Cultural Foundation (BCF) respectively.",True,,land_row_dispute,0.3364681932731059,land_row_dispute,0.21011817455291748,land_row_dispute,0.6366465919565059,agree,2016-12
The Observer,https://observer.ug/news/police-called-in-as-new-omugabe-claims-ankole-throne/,2016-12-16,Police called in as new ‘Omugabe’ claims Ankole throne,"The British annexed them to Nkore kingdom and called it Ankole.” Therefore, Barya said, it would be very difficult for Rwebishengye or any other person claiming to be Ankole king to lay claim on the kingship.",True,,land_row_dispute,0.3360921944556201,land_row_dispute,0.1516193449497223,land_row_dispute,0.6219278848513357,agree,2016-12
The Observer,https://observer.ug/news/police-called-in-as-new-omugabe-claims-ankole-throne/,2016-12-16,Police called in as new ‘Omugabe’ claims Ankole throne,"On the other hand, very little is known about Asiimwe and his claim to the Ankole throne.",True,,land_row_dispute,0.1867180917283902,contract_management_failure,0.09569275379180908,land_row_dispute,0.5,content_preferred,2016-12
The Observer,https://observer.ug/news/minerals-key-says-kasaija-as-uncdf-marks-50-years/,2016-12-16,"Minerals key, says Kasaija as UNCDF marks 50 years","We also don’t have the right technical support,” Kasaija said, “As you can see, we are still struggling to see that we exploit the oil, build a pipeline, a refinery and so on.” Over the last 50 years in Uganda, UNCDF has supported projects in areas like food security, women economic empowerment, climate change and poverty eradication.",True,,land_row_dispute,0.3368336672116379,governance_oversight_failure,0.21791794896125793,land_row_dispute,0.5,content_preferred,2016-12
The Observer,https://observer.ug/news/minerals-key-says-kasaija-as-uncdf-marks-50-years/,2016-12-16,"Minerals key, says Kasaija as UNCDF marks 50 years","According to Mr Phrase Lubega, the MTN general manager for financial services, through UNCDF funding, the telecom company has been able to do research on the viability and implementation of MoKash service with now over three million subscribers.",True,,delay_time_overrun,0.31227065251869063,governance_oversight_failure,0.09833894670009613,delay_time_overrun,0.5,content_preferred,2016-12
The Observer,https://observer.ug/business/business-business/ubl-starts-shs-300m-sanitation-project-for-nakawa-traders/,2016-11-25,UBL starts Shs 300m sanitation project for Nakawa traders,Uganda Breweries Limited on Wednesday launched a sanitation project that will see the brewery construct public sanitation facilities for traders around Port Bell and Kirombe areas in Nakawa division.,True,,procurement_irregularity,0.4003908830989938,land_row_dispute,0.07188042253255844,procurement_irregularity,0.5,content_preferred,2016-11
The Observer,https://observer.ug/business/business-business/ubl-starts-shs-300m-sanitation-project-for-nakawa-traders/,2016-11-25,UBL starts Shs 300m sanitation project for Nakawa traders,Present at the ground- breaking ceremony was Nakawa MP Michael Kabaziguruka and Nakawa mayor Ronald Balimwezo.,True,,land_row_dispute,0.14114805892460972,land_row_dispute,0.08739541471004486,land_row_dispute,0.5571358684086637,agree,2016-11
The Observer,https://observer.ug/business/business-business/ubl-starts-shs-300m-sanitation-project-for-nakawa-traders/,2016-11-25,UBL starts Shs 300m sanitation project for Nakawa traders,"The three-month project, which is part of UBL’s “Water of Life” initiative, will cost Shs 300 million and more than 15,000 households are set to benefit.",True,,land_row_dispute,0.3276019371650771,delay_time_overrun,0.217770516872406,land_row_dispute,0.5,content_preferred,2016-11
The Observer,https://observer.ug/business/business-business/ubl-starts-shs-300m-sanitation-project-for-nakawa-traders/,2016-11-25,UBL starts Shs 300m sanitation project for Nakawa traders,"The project will not only reduce water pollution in the area but also decrease the rampant hygiene-related disease outbreaks amongst the residents, traders and fisher- men of Port Bell and Kirombe villages.",True,,delay_time_overrun,0.29877078906513893,land_row_dispute,0.15293869376182556,delay_time_overrun,0.5,content_preferred,2016-11
The Observer,https://observer.ug/business/business-business/ubl-starts-shs-300m-sanitation-project-for-nakawa-traders/,2016-11-25,UBL starts Shs 300m sanitation project for Nakawa traders,Balimwezo commended UBL for the initiative. “We ought to work with the private sector more often to improve the livelihood of Ugandans.,True,,land_row_dispute,0.2298868031331176,land_row_dispute,0.13873262703418732,land_row_dispute,0.5921548575418263,agree,2016-11
The Observer,https://observer.ug/business/business-business/ubl-starts-shs-300m-sanitation-project-for-nakawa-traders/,2016-11-25,UBL starts Shs 300m sanitation project for Nakawa traders,This gesture by UBL is a demonstration of a good responsibility that should be emulated by other business entities.”,True,,land_row_dispute,0.17009109685516635,contract_management_failure,0.16129329800605774,land_row_dispute,0.5,content_preferred,2016-11
The Observer,https://observer.ug/news/mps-blame-museveni-for-kasese-clashes/,2016-11-30,MPs blame Museveni for Kasese clashes,"His Busongora South counterpart Jackson Mbadi, a former minister in the Rwenzururu kingdom, also disputed Odongo’s claim that the royal guards were recruited and trained by the Omusinga Charles Wesley Mumbere.",True,,contract_management_failure,0.11289015510965143,governance_oversight_failure,0.12587469816207886,contract_management_failure,0.5,content_preferred,2016-11
The Observer,https://observer.ug/news/it-s-not-just-acholi-even-bunyoro-decries-govt-neglect-on-oil-matters/,2016-12-16,It’s not just Acholi; even Bunyoro decries govt neglect on oil matters,"Before [the construction of the paved road], climbing that hill would take you three or four hours,” he told The Observer recently.",True,,delay_time_overrun,0.2769960916257757,delay_time_overrun,0.32258108258247375,delay_time_overrun,0.6498942935520624,agree,2016-12
The Observer,https://observer.ug/news/it-s-not-just-acholi-even-bunyoro-decries-govt-neglect-on-oil-matters/,2016-12-16,It’s not just Acholi; even Bunyoro decries govt neglect on oil matters,"The assistant commissioner for refining in the energy ministry, Dozith Abeinomugisha, describes the roads as part of the “support infrastructure” that the area will need in order to ease oil production activities. “The roads must be developed and we have been in discussions with the ministry of works to ensure that the roads are developed,” he said, adding that they are also developing a master plan involving other critical infrastructure.",True,,delay_time_overrun,0.4018250060897567,delay_time_overrun,0.2570725083351135,delay_time_overrun,0.6647243786062176,agree,2016-12
The Observer,https://observer.ug/news/it-s-not-just-acholi-even-bunyoro-decries-govt-neglect-on-oil-matters/,2016-12-16,It’s not just Acholi; even Bunyoro decries govt neglect on oil matters,"In addition, there is an industrial park in the works, which will comprise an international airport, a refinery, an oil central processing facility,a storage hub, export hub, petro-chemical industries, an oil waste management plant, and at least two hydro-electricity projects.",True,,land_row_dispute,0.326621073585098,delay_time_overrun,0.10217692703008652,land_row_dispute,0.5,content_preferred,2016-12
The Observer,https://observer.ug/news/it-s-not-just-acholi-even-bunyoro-decries-govt-neglect-on-oil-matters/,2016-12-16,It’s not just Acholi; even Bunyoro decries govt neglect on oil matters,"They knew much earlier what would happen; so, they came, bought land cheaply and, when compensation [time] came, they are the people who benefitted.",True,land_row_dispute,land_row_dispute,0.3749267579605712,land_row_dispute,0.3442336916923523,land_row_dispute,0.6797901124132308,agree,2016-12
The Observer,https://observer.ug/news/it-s-not-just-acholi-even-bunyoro-decries-govt-neglect-on-oil-matters/,2016-12-16,It’s not just Acholi; even Bunyoro decries govt neglect on oil matters,"Using the Hoima-Kaiso-Tonya road to illustrate his argument, Nsamba said he does not see ordinary people in Bunyoro making the most of the improved infrastructure.",True,,land_row_dispute,0.3300292361471637,delay_time_overrun,0.10942932963371277,land_row_dispute,0.5,content_preferred,2016-12
The Observer,https://observer.ug/news/it-s-not-just-acholi-even-bunyoro-decries-govt-neglect-on-oil-matters/,2016-12-16,It’s not just Acholi; even Bunyoro decries govt neglect on oil matters,"Instead of benefits, Irumba says the only visible results so far are the repercussions of mismanagement of some initiatives that should have minimised the negative effects of oil exploration on Bunyoro.",True,governance_oversight_failure,governance_oversight_failure,0.2658433977045607,governance_oversight_failure,0.21698540449142456,governance_oversight_failure,0.6207072005489963,agree,2016-12
The Observer,https://observer.ug/news/it-s-not-just-acholi-even-bunyoro-decries-govt-neglect-on-oil-matters/,2016-12-16,It’s not just Acholi; even Bunyoro decries govt neglect on oil matters,"According to the area local councillor, Nelson Tich, the duo processed land titles and violently drove the hapless families from the land, which they sold to an investor for a waste disposal management plant. “These people were customary owners of the land.",True,,land_row_dispute,0.4587105380484743,land_row_dispute,0.24567973613739014,land_row_dispute,0.6760975685464661,agree,2016-12
The Observer,https://observer.ug/news/it-s-not-just-acholi-even-bunyoro-decries-govt-neglect-on-oil-matters/,2016-12-16,It’s not just Acholi; even Bunyoro decries govt neglect on oil matters,"The government is acquiring 29 square kilometres for the refinery and, according to the energy ministry’s Abeinomugisha, most related land issues have been dealt with transparently. “As of now, we have compensated about 98 per cent of the project-affected persons whose land we are taking,” he said. “The remaining two per cent have not been compensated, but these are the people who either didn’t show up or have contested the rates that they were given; so, we are trying to see how this can be resolved.” According to Abeinomugisha, for those who opted to be relocated to other places, the government is building for them houses, which he said “are at 80 per cent completion.” “By the end of this month or next month [January], the houses should be complete and by the end of February, these people should be able to move into their houses,” he said.",True,,land_row_dispute,0.46481316622687574,land_row_dispute,0.288565456867218,land_row_dispute,0.6883446557735234,agree,2016-12
The Observer,https://observer.ug/news/it-s-not-just-acholi-even-bunyoro-decries-govt-neglect-on-oil-matters/,2016-12-16,It’s not just Acholi; even Bunyoro decries govt neglect on oil matters,"In addition, he argued, they went slow on constructing infrastructure such as hospitals, roads and schools. “Some of us who studied during those times had to go out of Bunyoro to get good secondary education.",True,,land_row_dispute,0.25262577756310584,delay_time_overrun,0.22356754541397095,land_row_dispute,0.5,content_preferred,2016-12
The Observer,https://observer.ug/news/it-s-not-just-acholi-even-bunyoro-decries-govt-neglect-on-oil-matters/,2016-12-16,It’s not just Acholi; even Bunyoro decries govt neglect on oil matters,Bunyoro wanted compensation worth £3 trillion.,True,land_row_dispute,land_row_dispute,0.2733269585331745,procurement_irregularity,0.2200198620557785,land_row_dispute,0.5,content_preferred,2016-12
The Observer,https://observer.ug/news/chaos-as-bailiffs-attach-gulu-district-assets-over-shs-4-4bn/,2016-12-17,Chaos as bailiffs attach Gulu district assets over Shs 4.4bn,The 89 chiefs dragged the district to court and won the suit in 2011 when the High court in Gulu ruled in their favour and granted them a compensation package of Shs 2.6 billion.,True,land_row_dispute,land_row_dispute,0.347613568652515,contract_management_failure,0.3260119557380676,land_row_dispute,0.5,content_preferred,2016-12
The Observer,https://observer.ug/news/chaos-as-bailiffs-attach-gulu-district-assets-over-shs-4-4bn/,2016-12-17,Chaos as bailiffs attach Gulu district assets over Shs 4.4bn,This is the third time that the firm is attempting to attach assets of the district over the same compensation.,True,land_row_dispute,land_row_dispute,0.31667457684068245,contract_management_failure,0.3601541519165039,land_row_dispute,0.5,content_preferred,2016-12
The Observer,https://observer.ug/news/chaos-as-bailiffs-attach-gulu-district-assets-over-shs-4-4bn/,2016-12-17,Chaos as bailiffs attach Gulu district assets over Shs 4.4bn,"So I have talked to them and indeed they recognise and decided to go and we decided to meet on Monday.” Mapenduzi accuses the bailiffs of plotting to take Shs 1.5 billion donated to the district by Northern Uganda Development of Enhanced Local Governance, Infrastructure and Livelihoods (NUDEIL). “Yesterday [Thursday], they wanted to take Shs 1.5 billion, but we went to court and explained to court that; this money is not for Gulu district local government.",True,,land_row_dispute,0.2296887743688676,land_row_dispute,0.26901090145111084,land_row_dispute,0.6246749189549946,agree,2016-12
The Observer,https://observer.ug/news/chaos-as-bailiffs-attach-gulu-district-assets-over-shs-4-4bn/,2016-12-17,Chaos as bailiffs attach Gulu district assets over Shs 4.4bn,It is money for activities in Gulu but it is donor money – project money.,True,,delay_time_overrun,0.25872730925586357,land_row_dispute,0.18539494276046753,delay_time_overrun,0.5,content_preferred,2016-12
The Observer,https://observer.ug/business/insurers-urged-on-being-professional/,2016-12-14,Insurers urged on being professional,"Following the introduction of the training levy a few years ago, IIU is trying to bridge the skills and professionalism gaps through continuous trainings.",True,,quality_technical_defect,0.26913993809303904,delay_time_overrun,0.20191822946071625,quality_technical_defect,0.5,content_preferred,2016-12
The Observer,https://observer.ug/news/gone-with-the-year-2016/,2016-12-30,Gone with the year 2016,He also served as the head of the procurement and disposal unit at the ministry of Defence.,True,procurement_irregularity,procurement_irregularity,0.2704013471005955,payment_financial_dispute,0.16964660584926605,procurement_irregularity,0.5,content_preferred,2016-12
The Observer,https://observer.ug/news/gone-with-the-year-2016/,2016-12-30,Gone with the year 2016,"His most controversial moment came in January 2012 when he was accused along his bodyguard, Santos Komakech Makmot, of shooting dead one person and injuring five others during an eviction exercise in Luzira.",True,land_row_dispute,land_row_dispute,0.2549535105332431,contract_management_failure,0.16837884485721588,land_row_dispute,0.5,content_preferred,2016-12
The Observer,https://observer.ug/news/journalists-not-asking-the-right-questions-eric-chinje/,2016-12-08,Journalists not asking the right questions – Eric Chinje,"Chinje said that while supervising projects like Bujagali dam construction during his tenure as World Bank spokesperson for Africa, he was surprised at the level of unpreparedness of Ugandan journalists.",True,,delay_time_overrun,0.47258818701305777,procurement_irregularity,0.17861583828926086,delay_time_overrun,0.5,content_preferred,2016-12
The Observer,https://observer.ug/news/journalists-not-asking-the-right-questions-eric-chinje/,2016-12-08,Journalists not asking the right questions – Eric Chinje,"He said this lack of research and analysis on the part of journalists in Uganda applies also to other journalists in Africa. “Every time you went out to either announce a loan for a development project…like when I would come here, I came here many times with a delegation from the [World] Bank that was trying to figure out what in the world is happening to Bujagali.",True,,land_row_dispute,0.2747053648238842,procurement_irregularity,0.2212652564048767,land_row_dispute,0.5,content_preferred,2016-12
The Observer,https://observer.ug/news/the-public-needs-to-trust-mps-kalemba/,2016-12-12,The public needs to trust MPs – Kalemba,"He then headed the district tender board of Rakai, and was eventually elected LC-III chairman for Kakuuto sub-county.",True,,land_row_dispute,0.18559546393725815,governance_oversight_failure,0.12815280258655548,land_row_dispute,0.5,content_preferred,2016-12
The Observer,https://observer.ug/news/the-public-needs-to-trust-mps-kalemba/,2016-12-12,The public needs to trust MPs – Kalemba,"I want to appeal to government to bridge this gap, to continue sensitizing the communities to respect their leaders.",True,,quality_technical_defect,0.21057958004628965,land_row_dispute,0.27481895685195923,quality_technical_defect,0.5,content_preferred,2016-12
The Observer,https://observer.ug/business/business-business/government-plans-for-more-mini-power-dams/,2016-11-28,Government plans for more mini power dams,"PLANNED INVESTMENTS Bena said that a firm, Absolute Energy Ltd, has obtained a letter of intent from government to set up a 230kW PV mini-grid pilot project on Kitobo island on Lake Victoria.",True,,land_row_dispute,0.29814251490111404,contract_management_failure,0.14972689747810364,land_row_dispute,0.5,content_preferred,2016-11
The Observer,https://observer.ug/news/kanyamunyu-girlfriend-brother-sent-back-to-luzira/,2016-12-06,"Kanyamunyu girlfriend, brother sent back to Luzira","Anywar told URN that although the case might delay, they are glad the suspects are still being held.",True,delay_time_overrun,delay_time_overrun,0.34454608130105474,delay_time_overrun,0.18783731758594513,delay_time_overrun,0.6330958497217499,agree,2016-12
The Observer,https://observer.ug/business/tour-operators-cry-foul-over-kasese/,2016-12-07,Tour operators cry foul over Kasese,"Fred Ameny, the marketing manager of Nile resort hotel, said that on top of the usual challenges that the tourism industry faces, which include poor infrastructure and the limited skilled labour, among others, the Kasese incident has frustrated their plans of reaping returns this month. “Kasese has killed our hopes of harvesting big profits because everyone thinks that Uganda is on fire,” he said.",True,,land_row_dispute,0.2689583399612235,governance_oversight_failure,0.16529104113578796,land_row_dispute,0.5,content_preferred,2016-12
The Observer,https://observer.ug/business/tour-operators-cry-foul-over-kasese/,2016-12-07,Tour operators cry foul over Kasese,"Eastern Uganda is home to a number of tourism sites like Bishop Hannington memorial site in Mayuge district, Source of the Nile in Jinja district, Mt.",True,,land_row_dispute,0.1159655534444024,land_row_dispute,0.0181264691054821,land_row_dispute,0.5335230056374711,agree,2016-12
The Observer,https://observer.ug/news/wolokoso-kadaga-visitors-worry-busoga-mps/,2016-11-21,Wolokoso: Kadaga visitors worry Busoga MPs,Honourable Sabiiti’s ‘conflict of interest’ Last week was not easy for works minister Monica Azuba Ntege.,True,,procurement_irregularity,0.162752572284169,contract_management_failure,0.2612898349761963,procurement_irregularity,0.5,content_preferred,2016-11
The Observer,https://observer.ug/news/wolokoso-kadaga-visitors-worry-busoga-mps/,2016-11-21,Wolokoso: Kadaga visitors worry Busoga MPs,"But neither was it smooth sailing for Engineer Denis Sabiiti, who chairs parliament’s physical infrastructure committee.",True,,procurement_irregularity,0.2695493128922573,procurement_irregularity,0.22432664036750793,procurement_irregularity,0.6234689883149414,agree,2016-11
The Observer,https://observer.ug/news/wolokoso-kadaga-visitors-worry-busoga-mps/,2016-11-21,Wolokoso: Kadaga visitors worry Busoga MPs,"Before becoming Rubanda West MP, Sabiiti worked in the ministry of works.",True,,procurement_irregularity,0.0827601374724892,governance_oversight_failure,0.09818676114082336,procurement_irregularity,0.5,content_preferred,2016-11
The Observer,https://observer.ug/news/wolokoso-kadaga-visitors-worry-busoga-mps/,2016-11-21,Wolokoso: Kadaga visitors worry Busoga MPs,Minister: at least let me finish my tea Monica Azuba Ntege is really the minister for works.,True,,land_row_dispute,0.09642888204217802,delay_time_overrun,0.1199045404791832,land_row_dispute,0.5,content_preferred,2016-11
The Observer,https://observer.ug/news/wolokoso-kadaga-visitors-worry-busoga-mps/,2016-11-21,Wolokoso: Kadaga visitors worry Busoga MPs,I mean the minister works so hard she can hardly find time for a bottle of water let alone breakfast at home.,True,,land_row_dispute,0.25673714054926317,delay_time_overrun,0.07982876151800156,land_row_dispute,0.5,content_preferred,2016-11
The Observer,https://observer.ug/news/wolokoso-kadaga-visitors-worry-busoga-mps/,2016-11-21,Wolokoso: Kadaga visitors worry Busoga MPs,"This was the impression you got last week, when the honourable minister met parliament’s committee on physical infrastructure.",True,,procurement_irregularity,0.19162743904764087,delay_time_overrun,0.16213549673557281,procurement_irregularity,0.5,content_preferred,2016-11
The Observer,https://observer.ug/news/wolokoso-kadaga-visitors-worry-busoga-mps/,2016-11-21,Wolokoso: Kadaga visitors worry Busoga MPs,"Otherwise, our hardworking works minister could have collapsed on the way to the next meeting.",True,quality_technical_defect,delay_time_overrun,0.16866831174134744,governance_oversight_failure,0.25843289494514465,delay_time_overrun,0.5,content_preferred,2016-11
The Observer,https://observer.ug/business/food-prices-stay-up-as-drought-ravages-villages/,2016-12-23,Food prices stay up as drought ravages villages,"So, it created a shortage in food supply,” says Dr Fred Muhumuza, an economist working with the Financial Sector Deepening Project Uganda.",True,,governance_oversight_failure,0.18431553050922536,governance_oversight_failure,0.1597748100757599,governance_oversight_failure,0.5860225851462463,agree,2016-12
The Observer,https://observer.ug/business/insurance-firms-to-pool-funds-for-oil-industry/,2016-12-14,Insurance firms to pool funds for oil industry,"Also, Uganda is executing a number of infrastructure projects such as a crude oil export pipeline to Tanzania, which will run for 1,445km over different pieces of land.",True,,land_row_dispute,0.3698989222473393,delay_time_overrun,0.1804914027452469,land_row_dispute,0.5,content_preferred,2016-12
The Observer,https://observer.ug/business/insurance-firms-to-pool-funds-for-oil-industry/,2016-12-14,Insurance firms to pool funds for oil industry,The security risk for such a long pipeline will be one of the main concerns for both countries.,True,,land_row_dispute,0.18348264483562088,delay_time_overrun,0.14749771356582642,land_row_dispute,0.5,content_preferred,2016-12
The Observer,https://observer.ug/business/oil-rich-bunyoro-seeks-answers-over-pipeline/,2016-12-30,Oil-rich Bunyoro seeks answers over pipeline,"With the history of the compensation wrangles that dominated the acquisition of the land for the refinery still firmly etched on their minds, the people of Bunyoro want more clarity of how the crude oil pipeline will affect them, and how much they will earn from being displaced, writes JUSTUS LYATUU.",True,land_row_dispute,land_row_dispute,0.3979692799562376,land_row_dispute,0.20008845627307892,land_row_dispute,0.6495144340573291,agree,2016-12
The Observer,https://observer.ug/business/oil-rich-bunyoro-seeks-answers-over-pipeline/,2016-12-30,Oil-rich Bunyoro seeks answers over pipeline,"Government will, in January 2017, start the resettlement action plan process for the East Africa crude oil pipeline from Hoima in Uganda to Tanga in Tanzania.",True,land_row_dispute,land_row_dispute,0.41770437202737554,land_row_dispute,0.17701947689056396,land_row_dispute,0.6486809622294849,agree,2016-12
The Observer,https://observer.ug/business/oil-rich-bunyoro-seeks-answers-over-pipeline/,2016-12-30,Oil-rich Bunyoro seeks answers over pipeline,"But Dan Muhairwe, the member of Parliament for Buhaguzi county, Hoima district, said while so much activity has tak- en place since the discovery of oil, many people were still uninformed about the developments in the sector. “Why are they [communities] not informed of what is happening?",True,,land_row_dispute,0.358220943303501,governance_oversight_failure,0.17503774166107178,land_row_dispute,0.5,content_preferred,2016-12
The Observer,https://observer.ug/business/oil-rich-bunyoro-seeks-answers-over-pipeline/,2016-12-30,Oil-rich Bunyoro seeks answers over pipeline,Some of the people who were displaced by the refinery project don’t know where they will be relocated; whether they should grow food crops or wait.,True,,land_row_dispute,0.35724132152572546,land_row_dispute,0.20416289567947388,land_row_dispute,0.6403510543012998,agree,2016-12
The Observer,https://observer.ug/business/oil-rich-bunyoro-seeks-answers-over-pipeline/,2016-12-30,Oil-rich Bunyoro seeks answers over pipeline,"Now you are starting the pipe- line land acquisition,” Muhairwe told government officials at a recent meeting in Hoima district.",True,land_row_dispute,land_row_dispute,0.3095086658296384,land_row_dispute,0.16500329971313477,land_row_dispute,0.6186279913856932,agree,2016-12
The Observer,https://observer.ug/business/oil-rich-bunyoro-seeks-answers-over-pipeline/,2016-12-30,Oil-rich Bunyoro seeks answers over pipeline,Officials from Petroleum Exploration and Production Department (PEPD) said routing studies are ongoing and local leaders have been informed where the pipeline would pass.,True,,procurement_irregularity,0.3192613565522682,delay_time_overrun,0.25746485590934753,procurement_irregularity,0.5,content_preferred,2016-12
The Observer,https://observer.ug/business/oil-rich-bunyoro-seeks-answers-over-pipeline/,2016-12-30,Oil-rich Bunyoro seeks answers over pipeline,Community members tasked officials from PEPD to explain to them the impact of these developments at a recent meeting organised by Bunyoro Coalition on Oil and Sustainable Livelihood and Global Rights Alert.,True,,land_row_dispute,0.2620625537419382,land_row_dispute,0.23506981134414673,land_row_dispute,0.6242830912715213,agree,2016-12
The Observer,https://observer.ug/business/oil-rich-bunyoro-seeks-answers-over-pipeline/,2016-12-30,Oil-rich Bunyoro seeks answers over pipeline,Acquisition of land for the pipeline will be by far the biggest land exercise that the country will have undertaken because of the numerous districts the infrastructure will traverse.,True,,land_row_dispute,0.3398842888243399,land_row_dispute,0.2081570029258728,land_row_dispute,0.6370103229375532,agree,2016-12
The Observer,https://observer.ug/business/oil-rich-bunyoro-seeks-answers-over-pipeline/,2016-12-30,Oil-rich Bunyoro seeks answers over pipeline,"The crude oil export pipeline, which is estimated to cost $4 billion, will run a stretch of 1,443km in Uganda and Tanzania. “People will be consulted and sensitized about where the pipeline will pass and what this means for their land and communities.",True,,land_row_dispute,0.32882310129827547,delay_time_overrun,0.10485153645277023,land_row_dispute,0.5,content_preferred,2016-12
The Observer,https://observer.ug/business/oil-rich-bunyoro-seeks-answers-over-pipeline/,2016-12-30,Oil-rich Bunyoro seeks answers over pipeline,They will choose to be relocated or get cash compensation.,True,land_row_dispute,land_row_dispute,0.3440896342766732,land_row_dispute,0.33657336235046387,land_row_dispute,0.6701657491567843,agree,2016-12
The Observer,https://observer.ug/business/oil-rich-bunyoro-seeks-answers-over-pipeline/,2016-12-30,Oil-rich Bunyoro seeks answers over pipeline,"The resettlement action plan will consult people and also look at vulnerable groups including women,” said Deo Bukenya, the pipeline engineer at ministry of Energy and Mineral Development.",True,land_row_dispute,land_row_dispute,0.27652420970761366,land_row_dispute,0.2453596144914627,land_row_dispute,0.6304709560497691,agree,2016-12
The Observer,https://observer.ug/business/oil-rich-bunyoro-seeks-answers-over-pipeline/,2016-12-30,Oil-rich Bunyoro seeks answers over pipeline,Government will also develop two feeder pipelines; a northern feeder line from Buliisa to the refinery in Kabaale and a southern feeder line from the Kingfisher oil field to Kabaale.,True,,land_row_dispute,0.2412906496937454,delay_time_overrun,0.11452613770961761,land_row_dispute,0.5,content_preferred,2016-12
The Observer,https://observer.ug/business/oil-rich-bunyoro-seeks-answers-over-pipeline/,2016-12-30,Oil-rich Bunyoro seeks answers over pipeline,"A refined-products pipeline will also be developed from Kabaale to Buloba, and will include dual carriage and power transmission lines for 213 kilometres.",True,,land_row_dispute,0.25579947869493175,delay_time_overrun,0.14192406833171844,land_row_dispute,0.5,content_preferred,2016-12
The Observer,https://observer.ug/business/oil-rich-bunyoro-seeks-answers-over-pipeline/,2016-12-30,Oil-rich Bunyoro seeks answers over pipeline,"With the announcement of these new plans by government, communities that will be affect- ed want to be informed where the pipeline will pass in order for them to prepare for the developments.",True,,land_row_dispute,0.20108155725118554,delay_time_overrun,0.2283208817243576,land_row_dispute,0.5,content_preferred,2016-12
The Observer,https://observer.ug/business/oil-rich-bunyoro-seeks-answers-over-pipeline/,2016-12-30,Oil-rich Bunyoro seeks answers over pipeline,"The communities also want to know what size of land will be required, which will be eaten up by the pipeline. “Cnooc’s pipeline project estimated 33 meters width for the pipeline.",True,,land_row_dispute,0.22692296490551037,delay_time_overrun,0.1636875569820404,land_row_dispute,0.5,content_preferred,2016-12
The Observer,https://observer.ug/business/oil-rich-bunyoro-seeks-answers-over-pipeline/,2016-12-30,Oil-rich Bunyoro seeks answers over pipeline,Today they are saying 133.,True,,land_row_dispute,0.16924374026426198,delay_time_overrun,0.12771546840667725,land_row_dispute,0.5,content_preferred,2016-12
The Observer,https://observer.ug/business/oil-rich-bunyoro-seeks-answers-over-pipeline/,2016-12-30,Oil-rich Bunyoro seeks answers over pipeline,"This uncertainly is worrying the communities and we fear it would happen with the pipeline project,” said Julius Ochok, a community monitor with Global Rights Alert. “You want to know where the pipeline will pass?",True,,land_row_dispute,0.3176755289625086,delay_time_overrun,0.2231627255678177,land_row_dispute,0.5,content_preferred,2016-12
The Observer,https://observer.ug/business/oil-rich-bunyoro-seeks-answers-over-pipeline/,2016-12-30,Oil-rich Bunyoro seeks answers over pipeline,We also don’t know exactly where it will pass.,True,,land_row_dispute,0.18427216742655741,delay_time_overrun,0.18102127313613892,land_row_dispute,0.5,content_preferred,2016-12
The Observer,https://observer.ug/business/oil-rich-bunyoro-seeks-answers-over-pipeline/,2016-12-30,Oil-rich Bunyoro seeks answers over pipeline,I know the districts but the studies we are carrying out now will ascertain this.,True,,land_row_dispute,0.20725158725853596,land_row_dispute,0.13408923149108887,land_row_dispute,0.5853352046874062,agree,2016-12
The Observer,https://observer.ug/business/oil-rich-bunyoro-seeks-answers-over-pipeline/,2016-12-30,Oil-rich Bunyoro seeks answers over pipeline,"We are also worried about the speculators,” Bukenya replied.",True,,land_row_dispute,0.14114805892460972,quality_technical_defect,0.14958688616752625,land_row_dispute,0.5,content_preferred,2016-12
The Observer,https://observer.ug/business/oil-rich-bunyoro-seeks-answers-over-pipeline/,2016-12-30,Oil-rich Bunyoro seeks answers over pipeline,"People also want to hear from the ministry what compensation rates will be used for the pipeline route, especially that it will pass in different districts.",True,land_row_dispute,land_row_dispute,0.3243075926163011,land_row_dispute,0.1903725564479828,land_row_dispute,0.628670037266071,agree,2016-12
The Observer,https://observer.ug/business/oil-rich-bunyoro-seeks-answers-over-pipeline/,2016-12-30,Oil-rich Bunyoro seeks answers over pipeline,"People want to know the criteria for these rates because experience from the refinery compensation shows that government used old rates, so they want to know if compensation rates will be updated.",True,land_row_dispute,land_row_dispute,0.49578397663407564,payment_financial_dispute,0.1824156939983368,land_row_dispute,0.5,content_preferred,2016-12
The Observer,https://observer.ug/business/oil-rich-bunyoro-seeks-answers-over-pipeline/,2016-12-30,Oil-rich Bunyoro seeks answers over pipeline,Francis Elungat from PEPD said the compensation rates for Hoima district have been identified.,True,land_row_dispute,land_row_dispute,0.3960162364845902,payment_financial_dispute,0.2333170771598816,land_row_dispute,0.5,content_preferred,2016-12
The Observer,https://observer.ug/business/oil-rich-bunyoro-seeks-answers-over-pipeline/,2016-12-30,Oil-rich Bunyoro seeks answers over pipeline,All rates will be based on current approved compensation rates by the chief government valuer. justuslyatuu08@gmail.com,True,land_row_dispute,land_row_dispute,0.2851746280147808,payment_financial_dispute,0.23011815547943115,land_row_dispute,0.5,content_preferred,2016-12
The Observer,https://observer.ug/news/mumbere-charged-as-kasese-killings-raise-more-questions/,2016-11-30,Mumbere charged as Kasese killings raise more questions,Still in dispute is the number of people who have died so far.,True,,land_row_dispute,0.27205125130506796,land_row_dispute,0.15242601931095123,land_row_dispute,0.6061193176540048,agree,2016-11
The Observer,https://observer.ug/news/combating-corruption-takes-total-commitment-agaba/,2016-12-12,Combating corruption takes total commitment – Agaba,"These include influencing contract awards, although they are not taken seriously, yet they are killing our country and need to be addressed seriously.",True,procurement_irregularity,procurement_irregularity,0.20828175525594078,payment_financial_dispute,0.30395281314849854,procurement_irregularity,0.5,content_preferred,2016-12
The Observer,https://observer.ug/news/combating-corruption-takes-total-commitment-agaba/,2016-12-12,Combating corruption takes total commitment – Agaba,"The previous leadership code had challenges with implementation and several court cases invalidated some of the cases, and there was need to have a tribunal.",True,,delay_time_overrun,0.19183651030557947,governance_oversight_failure,0.3664478659629822,delay_time_overrun,0.5,content_preferred,2016-12
The Observer,https://observer.ug/news/ugandans-to-pay-to-use-busega-mpigi-highway/,2016-12-14,Ugandans to pay to use Busega-Mpigi highway,A parliamentary report has found that Ugandans will pay to use the proposed Busega-Mpigi expressway.,True,,delay_time_overrun,0.2615729073750358,payment_financial_dispute,0.136267751455307,delay_time_overrun,0.5,content_preferred,2016-12
The Observer,https://observer.ug/news/ugandans-to-pay-to-use-busega-mpigi-highway/,2016-12-14,Ugandans to pay to use Busega-Mpigi highway,The project will be implemented over a period of three years beginning 2018.,True,,delay_time_overrun,0.27824119358203386,delay_time_overrun,0.35994797945022583,delay_time_overrun,0.6595472932580649,agree,2016-12
The Observer,https://observer.ug/news/ugandans-to-pay-to-use-busega-mpigi-highway/,2016-12-14,Ugandans to pay to use Busega-Mpigi highway,ADB will contribute $91m (47.34%) of the total project costs.,True,,delay_time_overrun,0.3764640069764128,payment_financial_dispute,0.1997951865196228,delay_time_overrun,0.5,content_preferred,2016-12
The Observer,https://observer.ug/news/ugandans-to-pay-to-use-busega-mpigi-highway/,2016-12-14,Ugandans to pay to use Busega-Mpigi highway,Other roads set to be tolled include the soon-to-be completed Kampala-Entebbe expressway and the proposed Kampala-Jinja expressway.,True,,governance_oversight_failure,0.177354655773247,delay_time_overrun,0.2332521378993988,governance_oversight_failure,0.5,content_preferred,2016-12
The Observer,https://observer.ug/news/ugandans-to-pay-to-use-busega-mpigi-highway/,2016-12-14,Ugandans to pay to use Busega-Mpigi highway,KIBUYE-BUSEGA MPs said the operation and functionality of the Busega-Mpigi expressway is dependent on the availability of the Kibuye-Busega section.,True,,land_row_dispute,0.3176875810557165,delay_time_overrun,0.1350245475769043,land_row_dispute,0.5,content_preferred,2016-12
The Observer,https://observer.ug/news/ugandans-to-pay-to-use-busega-mpigi-highway/,2016-12-14,Ugandans to pay to use Busega-Mpigi highway,"The MPs have, however, given government a go-ahead to borrow the money for the project. amwesigwa@observer.ug",True,,delay_time_overrun,0.288520203049982,land_row_dispute,0.2548314929008484,delay_time_overrun,0.5,content_preferred,2016-12
The Observer,https://observer.ug/news/unra-achievements-more-accidental-than-deliberate-katuntu/,2016-12-21,Unra achievements more accidental than deliberate – Katuntu,"Katuntu further said that Unra’s negligence has seen contractors demand for compensation as a result of idle time on site and that consultants sent on sites were found to be incompetent, with some of them confessing not being well conversant with the laws of Uganda.",True,land_row_dispute,land_row_dispute,0.40391286097920365,contract_management_failure,0.334044486284256,land_row_dispute,0.5,content_preferred,2016-12
The Observer,https://observer.ug/news/unra-achievements-more-accidental-than-deliberate-katuntu/,2016-12-21,Unra achievements more accidental than deliberate – Katuntu,Katuntu singled out the Kampala-Entebbe expressway as one of the projects that embody gross mismanagement.,True,governance_oversight_failure,governance_oversight_failure,0.3592939510724068,governance_oversight_failure,0.17784483730793,governance_oversight_failure,0.6342846970950842,agree,2016-12
The Observer,https://observer.ug/news/unra-achievements-more-accidental-than-deliberate-katuntu/,2016-12-21,Unra achievements more accidental than deliberate – Katuntu,The cost of the 51.4km project is $479 million (Shs 1.7 trillion) which translated into a cost of $9.3 million (Shs 33 billion) per km.,True,,land_row_dispute,0.3102234158571711,delay_time_overrun,0.17664843797683716,land_row_dispute,0.5,content_preferred,2016-12
The Observer,https://observer.ug/news/unra-achievements-more-accidental-than-deliberate-katuntu/,2016-12-21,Unra achievements more accidental than deliberate – Katuntu,"According to the report, the contractor solicited the bid, conducted the feasibility study and design and eventually won the contract without any competitive bidding.",True,,delay_time_overrun,0.1945281769067305,procurement_irregularity,0.5028394460678101,procurement_irregularity,0.5028394460678101,semantic_override,2016-12
The Observer,https://observer.ug/news/unra-achievements-more-accidental-than-deliberate-katuntu/,2016-12-21,Unra achievements more accidental than deliberate – Katuntu,And this in our view resulted in inflated costs making the project unbelievably expensive.,True,,delay_time_overrun,0.29594179104367024,payment_financial_dispute,0.26583975553512573,delay_time_overrun,0.5,content_preferred,2016-12
The Observer,https://observer.ug/news/unra-achievements-more-accidental-than-deliberate-katuntu/,2016-12-21,Unra achievements more accidental than deliberate – Katuntu,The consultant engineer to supervise the project was also offered by the same Chinese.,True,,delay_time_overrun,0.394682250505482,payment_financial_dispute,0.2034338116645813,delay_time_overrun,0.5,content_preferred,2016-12
The Observer,https://observer.ug/news/unra-achievements-more-accidental-than-deliberate-katuntu/,2016-12-21,Unra achievements more accidental than deliberate – Katuntu,Parliament now wants Unra to take over the management of compensating project affected persons and has warned the entity against contracting any outsider.,True,,land_row_dispute,0.4640015749594675,land_row_dispute,0.22176159918308258,land_row_dispute,0.6714407935356375,agree,2016-12
The Observer,https://observer.ug/news/unra-achievements-more-accidental-than-deliberate-katuntu/,2016-12-21,Unra achievements more accidental than deliberate – Katuntu,Katuntu however told the House that government needs to keep a close eye on this exercise revealing that some Unra employees rush to purchase land in areas where new roads are planned to pass and later come to demand for compensation.,True,land_row_dispute,land_row_dispute,0.4469611482600077,land_row_dispute,0.24813969433307648,land_row_dispute,0.6737752106482711,agree,2016-12
The Observer,https://observer.ug/news/mp-mpuuga-hits-back-at-museveni-over-mad-jibe/,2016-12-23,MP Mpuuga hits back at Museveni over ‘mad’ jibe,"Masaka will continue to vote for people with a clear understanding of their history, journey and destiny.” FRUIT FACTORY On his Facebook page on Monday, Mpuuga declared a new fight against OWC.",True,,land_row_dispute,0.39699095301769743,land_row_dispute,0.15079540014266968,land_row_dispute,0.6369465882900918,agree,2016-12
The Observer,https://observer.ug/news/mp-mpuuga-hits-back-at-museveni-over-mad-jibe/,2016-12-23,MP Mpuuga hits back at Museveni over ‘mad’ jibe,"In his interview with The Observer, Mpuuga also challenged Museveni to deliver the fruit processing plant he promised during the 2001 presidential campaigns.",True,,land_row_dispute,0.2924230885455875,land_row_dispute,0.1578804850578308,land_row_dispute,0.6125758934008546,agree,2016-12
The Observer,https://observer.ug/news/mp-mpuuga-hits-back-at-museveni-over-mad-jibe/,2016-12-23,MP Mpuuga hits back at Museveni over ‘mad’ jibe,"If Ssekandi is his friend, why doesn’t he deliver the fruit processing plant?” sadabkk@observer.ug",True,,delay_time_overrun,0.18780431985895155,contract_management_failure,0.10348613560199738,delay_time_overrun,0.5,content_preferred,2016-12
The Observer,https://observer.ug/news/tracing-uganda-s-unresolved-murders/,2016-12-02,Tracing Uganda’s unresolved murders,"After “re-evaluating evidence,” Justice Mukasa ruled that Kalungi tried his level best as a lay person, in his capacity as a procurement specialist, and administered first aid to Nebanda.",True,procurement_irregularity,procurement_irregularity,0.26944833975855004,governance_oversight_failure,0.20102903246879578,procurement_irregularity,0.5,content_preferred,2016-12
The Observer,https://observer.ug/news/tracing-uganda-s-unresolved-murders/,2016-12-02,Tracing Uganda’s unresolved murders,The flamboyant Kananura was then arrested at Entebbe airport on his return from the UK.,True,,land_row_dispute,0.14114805892460972,land_row_dispute,0.04820183292031288,land_row_dispute,0.5473374729612307,agree,2016-12
The Observer,https://observer.ug/news/couple-sues-marie-stopes-over-unplanned-child/,2016-12-19,Couple sues Marie Stopes over unplanned child,"They say that they were advised by Marie Stopes, to undergo a bilateral tubal litigation, a surgical procedure that involves blocking the fallopian tubes to prevent the ovum from being fertilized.",True,,land_row_dispute,0.14114805892460972,contract_management_failure,0.24771344661712646,land_row_dispute,0.5,content_preferred,2016-12
The Observer,https://observer.ug/news/museveni-bobi-wine-to-square-off-in-kalungu-poll/,2017-08-28,"Museveni, Bobi Wine to square off in Kalungu poll","Instead, critics claim, the minister spends more time fanning ‘unnecessary’ political fights. “We have to punish the minister because he has misused his office to fight his fellow leaders in the district instead of using his office to develop the district,” Kiggundu said.",True,,land_row_dispute,0.252371842296274,contract_management_failure,0.25054270029067993,land_row_dispute,0.5,content_preferred,2017-08
The Observer,https://observer.ug/news/museveni-bobi-wine-to-square-off-in-kalungu-poll/,2017-08-28,"Museveni, Bobi Wine to square off in Kalungu poll","To respond to critics, Ssempijja carries a box file of documents listing some of the projects he has brought to Kalungu, including the government’s $11 million (Shs 39.6 billion) rural electrification project.",True,,delay_time_overrun,0.4845066115030272,land_row_dispute,0.18557505309581757,delay_time_overrun,0.5,content_preferred,2017-08
The Observer,https://observer.ug/news/museveni-bobi-wine-to-square-off-in-kalungu-poll/,2017-08-28,"Museveni, Bobi Wine to square off in Kalungu poll","However, Ssewungu also claims to be the brains behind the same project.",True,,land_row_dispute,0.29620738576015165,delay_time_overrun,0.11335558444261551,land_row_dispute,0.5,content_preferred,2017-08
The Observer,https://observer.ug/news/museveni-bobi-wine-to-square-off-in-kalungu-poll/,2017-08-28,"Museveni, Bobi Wine to square off in Kalungu poll","He carries copies of a printout of his email correspondences, lobbying the Rural Electrification Agency (REA) for the same project.",True,,delay_time_overrun,0.2840026551738324,land_row_dispute,0.18937352299690247,delay_time_overrun,0.5,content_preferred,2017-08
The Observer,https://observer.ug/news/museveni-bobi-wine-to-square-off-in-kalungu-poll/,2017-08-28,"Museveni, Bobi Wine to square off in Kalungu poll",He also handed over a double-cabin pickup truck procured under the World Bank-funded Agriculture Cluster Development Project (ACDP) to the district’s agriculture department.,True,,governance_oversight_failure,0.3060172954241597,land_row_dispute,0.17036525905132294,governance_oversight_failure,0.5,content_preferred,2017-08
The Observer,https://observer.ug/news/oil-cash-probe-mps-beg-from-museveni/,2017-05-01,Oil cash probe MPs beg from Museveni,Katuntu’s committee has spent the last four months investigating the irregularity of the Shs 6 billion reward given to some 42 government officials who successfully defended Uganda’s capital gains tax claim against oil exploration companies.,True,,land_row_dispute,0.21351679174682164,governance_oversight_failure,0.22795569896697998,land_row_dispute,0.5,content_preferred,2017-05
The Observer,https://observer.ug/news/nabakooba-the-kaweesi-i-knew/,2017-03-20,Nabakooba: The Kaweesi I knew,"You know as he is explaining, he tries to project the right image of the institution.",True,,land_row_dispute,0.2714186991365938,governance_oversight_failure,0.20480287075042725,land_row_dispute,0.5,content_preferred,2017-03
The Observer,https://observer.ug/news/mp-kahonda-out-on-bail/,2017-08-01,MP Kahonda out on bail,"However, Kahonda’s lawyer shot back saying the delay by the prosecution to complete investigations shouldn’t be a basis for denying his client justice.",True,delay_time_overrun,delay_time_overrun,0.3110635531799907,land_row_dispute,0.23963649570941925,delay_time_overrun,0.5,content_preferred,2017-08
The Observer,https://observer.ug/news/ec-sets-new-polling-date-for-kyadondo-east/,2017-05-31,EC sets new polling date for Kyadondo East,"According to a May 29 statement, Justice Simon Byabakama Mugenyi, the EC chairperson, said the commission experienced a technical problem. “This resulted in the delay to finalise printing of the national voters’ register for display.",True,delay_time_overrun,delay_time_overrun,0.27756698498655136,contract_management_failure,0.26725155115127563,delay_time_overrun,0.5,content_preferred,2017-05
The Observer,https://observer.ug/news/it-s-now-pay-or-die-in-public-hospitals/,2017-11-14,It’s pay or die in public hospitals,"There were very few doctors around since most of them had laid down their tools as the pay dispute with government rambled on. “The labour pains had started but the nurses advised me to be patient and wait for the few intern doctors who were moving around the ward and they advise them on what to do since I had remained with a few centimeters to give birth,” she said.",True,,land_row_dispute,0.43989965442248175,contract_management_failure,0.2696648836135864,land_row_dispute,0.5,content_preferred,2017-11
The Observer,https://observer.ug/news/omugabi-mulindwa-muwonge-bows-out-with-a-split-legacy/,2017-07-24,Omugabi Mulindwa Muwonge bows out with a split legacy,"Also a staunch SC Villa, no one could beat Muwonge at reconstructing how the club’s ferocious matches against Express FC in the eighties and nineties at Nakivubo stadium ended.",True,,land_row_dispute,0.14114805892460972,procurement_irregularity,0.1345844566822052,land_row_dispute,0.5,content_preferred,2017-07
The Observer,https://observer.ug/news/omugabi-mulindwa-muwonge-bows-out-with-a-split-legacy/,2017-07-24,Omugabi Mulindwa Muwonge bows out with a split legacy,Other sources claim Sematimba had had enough of complaints against Mulindwa and company and the station’s ratings had tremendously fallen as a result.,True,,land_row_dispute,0.1975462853734713,quality_technical_defect,0.26959022879600525,land_row_dispute,0.5,content_preferred,2017-07
The Observer,https://observer.ug/news/ppda-suspends-over-100-suppliers-over-forged-documents/,2017-11-30,PPDA suspends over 100 suppliers over forged documents,"This is according to records from the Public Procurement and disposal of Public Assets Authority, the principal regulator of public procurements.",True,procurement_irregularity,procurement_irregularity,0.3506797907062652,payment_financial_dispute,0.2528969347476959,procurement_irregularity,0.5,content_preferred,2017-11
The Observer,https://observer.ug/news/ppda-suspends-over-100-suppliers-over-forged-documents/,2017-11-30,PPDA suspends over 100 suppliers over forged documents,"According to the PPDA mandate under the law, it may suspend a provider from engaging in any procurement and disposal process on grounds which include among others; breach of the code of ethics, after an investigation by the auditor general, upon conviction of provider of corrupt practices, suspension of a provider by a professional body of conduct among others.",True,procurement_irregularity,procurement_irregularity,0.35404452690730936,payment_financial_dispute,0.3291406035423279,procurement_irregularity,0.5,content_preferred,2017-11
The Observer,https://observer.ug/news/ppda-suspends-over-100-suppliers-over-forged-documents/,2017-11-30,PPDA suspends over 100 suppliers over forged documents,"In May this year, PPDA issued a set of guidelines aimed at providing mechanisms of increasing the input of local labour goods and services in the procurement of public sector projects, goods and services within the country.",True,procurement_irregularity,procurement_irregularity,0.27060065722774146,payment_financial_dispute,0.17608857154846191,procurement_irregularity,0.5,content_preferred,2017-11
The Observer,https://observer.ug/business/activity-on-social-media-may-impact-creditworthiness/,2017-11-27,Activity on social media may impact creditworthiness,"Nvalaye Kourouma, the chief digital officer, Barclays Africa said the idea is “who is your friend?” “The lender can be able to assess your credibility for a loan [looking at your friends on social net- works,” Kourouma said. “If you’re a friend with Obama, then there is a likelihood you may pay back.” Social media networks have already become a key avenue for companies to assess one’s employability.",True,,procurement_irregularity,0.2599822973201503,payment_financial_dispute,0.17311616241931915,procurement_irregularity,0.5,content_preferred,2017-11
The Observer,https://observer.ug/business/what-businesses-should-expect-in-year-2017/,2017-01-02,What businesses should expect in year 2017,"At the end of it all, the performance of many businesses in the year 2017 will largely depend on how events play out in the economy; how much debt the central government will rack up through the central bank’s securities as it seeks to pay for its heavy bill of infrastructure projects, a factor that often times influences commercial bank interest rates; the level of fluctuation in the exchange rate market, which determines the price of key consumer goods such as fuel and electricity, among others.",True,,land_row_dispute,0.15750963286274555,delay_time_overrun,0.1690964698791504,land_row_dispute,0.5,content_preferred,2017-01
The Observer,https://observer.ug/business/what-businesses-should-expect-in-year-2017/,2017-01-02,What businesses should expect in year 2017,Government has already allowed local cement producers to supply to a key power dam – the 600MW Karuma dam – stripping Kenya’s Savannah Cement Limited of the monopoly it enjoyed.,True,,delay_time_overrun,0.22885325797207778,land_row_dispute,0.14456026256084442,delay_time_overrun,0.5,content_preferred,2017-01
The Observer,https://observer.ug/business/what-businesses-should-expect-in-year-2017/,2017-01-02,What businesses should expect in year 2017,Expect more cement players to enter the market as government paves the way for local suppliers to key infrastructure projects.,True,,delay_time_overrun,0.3515715764669704,delay_time_overrun,0.15417546033859253,delay_time_overrun,0.6264367592013907,agree,2017-01
The Observer,https://observer.ug/business/what-businesses-should-expect-in-year-2017/,2017-01-02,What businesses should expect in year 2017,"Local steel manufacturer, Roofings Limited, is already holding negotiations to supply steel to Karuma dam.",True,,procurement_irregularity,0.16095981264399672,land_row_dispute,0.2411552518606186,procurement_irregularity,0.5,content_preferred,2017-01
The Observer,https://observer.ug/business/what-businesses-should-expect-in-year-2017/,2017-01-02,What businesses should expect in year 2017,Local players will have a large market to supply to as a couple of infrastructure projects make preparations for execution.,True,,land_row_dispute,0.15008817108410286,delay_time_overrun,0.18866434693336487,land_row_dispute,0.5,content_preferred,2017-01
The Observer,https://observer.ug/business/what-businesses-should-expect-in-year-2017/,2017-01-02,What businesses should expect in year 2017,"Access to land for the standard gauge railway is nearly complete; the paperwork for the issuance of new oil exploration licenses is nearly signed, while the Petroleum Authority has already issued a pre-qualification call to local suppliers who are interested in being included in national data base for the oil sector.",True,,quality_technical_defect,0.24582349189524277,quality_technical_defect,0.1679244041442871,quality_technical_defect,0.6034369740098825,agree,2017-01
The Observer,https://observer.ug/business/what-businesses-should-expect-in-year-2017/,2017-01-02,What businesses should expect in year 2017,At least the construction of the two main oil-related infrastructure – the oil pipeline and the refinery – is not expect- ed to start before 2018.,True,,land_row_dispute,0.291997293012302,delay_time_overrun,0.32160937786102295,land_row_dispute,0.5,content_preferred,2017-01
The Observer,https://observer.ug/news/police-ssekikubo-cited-in-land-dispute/,2017-05-08,"Police, Ssekikubo cited in land dispute",Police and Lwemiyaga MP Theodore Ssekikubo have been accused of trying to interfere with a Supreme court’s decision over a disputed piece of land in Sembabule.,True,,land_row_dispute,0.25711111163301864,land_row_dispute,0.21094466745853424,land_row_dispute,0.6170139447728882,agree,2017-05
The Observer,https://observer.ug/news/police-ssekikubo-cited-in-land-dispute/,2017-05-08,"Police, Ssekikubo cited in land dispute","The accuser is Cresensio Mukasa who the Supreme court declared on April 6, 2017 as the lawful owner of two square miles of land in Ntusi, Lwemiyaga.",True,,land_row_dispute,0.27338281799857705,land_row_dispute,0.2719036340713501,land_row_dispute,0.6363216130174818,agree,2017-05
The Observer,https://observer.ug/news/police-ssekikubo-cited-in-land-dispute/,2017-05-08,"Police, Ssekikubo cited in land dispute","The land comprises Block 30 Plot 1, Kabagoma (641 acres) and Block 31, Plot 1 Ntyazo (623 acres).",True,,land_row_dispute,0.21838084913817166,land_row_dispute,0.188228040933609,land_row_dispute,0.6016522225179451,agree,2017-05
The Observer,https://observer.ug/news/police-ssekikubo-cited-in-land-dispute/,2017-05-08,"Police, Ssekikubo cited in land dispute","Mukasa accuses the police and Ssekikubo of protecting Yakobo Ssenkungu, James Kenjura, John Rwakamuranga, Giradesi Katonya and Yohana Rwakaaro who had claimed ownership of the land.",True,,land_row_dispute,0.24740806285437897,land_row_dispute,0.23017503321170807,land_row_dispute,0.6193957740165218,agree,2017-05
The Observer,https://observer.ug/news/police-ssekikubo-cited-in-land-dispute/,2017-05-08,"Police, Ssekikubo cited in land dispute","The land is occupied by squatters who, according to Mukasa’s son, Steven Tandeka, are being protected by police and Ssekikubo.",True,,land_row_dispute,0.28551235133111424,land_row_dispute,0.19767799973487854,land_row_dispute,0.6207975877664982,agree,2017-05
The Observer,https://observer.ug/news/police-ssekikubo-cited-in-land-dispute/,2017-05-08,"Police, Ssekikubo cited in land dispute","Tandeka said after the ruling, they obtained a court order allowing them to repossess their land but the police and a group of vigilantes, reportedly deployed by Ssekikubo, have refused to vacate the land. “Ssekikubo is looking at it politically.",True,,land_row_dispute,0.3749994092693847,land_row_dispute,0.3409152626991272,land_row_dispute,0.6789786679921279,agree,2017-05
The Observer,https://observer.ug/news/police-ssekikubo-cited-in-land-dispute/,2017-05-08,"Police, Ssekikubo cited in land dispute","That is why he is interfering with a matter which court has already decided,” he said.",True,,land_row_dispute,0.33473603296213056,contract_management_failure,0.29312077164649963,land_row_dispute,0.5,content_preferred,2017-05
The Observer,https://observer.ug/news/police-ssekikubo-cited-in-land-dispute/,2017-05-08,"Police, Ssekikubo cited in land dispute",Ssekikubo’s involvement in the matter has caught the attention of State House.,True,,land_row_dispute,0.27229433254262364,governance_oversight_failure,0.16810816526412964,land_row_dispute,0.5,content_preferred,2017-05
The Observer,https://observer.ug/news/police-ssekikubo-cited-in-land-dispute/,2017-05-08,"Police, Ssekikubo cited in land dispute","The Observer has seen a letter from the office of the president’s principal private secretary to the resident district commissioner (RDC) of Sembabule, directing that the Lwemiyaga MP be restrained from interfering with the court ruling. “…Hon Ssekikubo Theodore and his agents unlawfully trespassed and occupied the said land by force, holding spears, pangas, stones etc…they are currently in occupation of the said land with their animals and have allegedly issued eminent threats against the petitioners with the intention of hurting or killing them,” reads part of the letter dated April 12, 2017.",True,,land_row_dispute,0.38884263974729133,land_row_dispute,0.27544841170310974,land_row_dispute,0.6660727628626003,agree,2017-05
The Observer,https://observer.ug/news/police-ssekikubo-cited-in-land-dispute/,2017-05-08,"Police, Ssekikubo cited in land dispute",It is signed by Emmanuel Illukor on behalf of the principal private secretary to the president.,True,,procurement_irregularity,0.14259881570894958,contract_management_failure,0.17056205868721008,procurement_irregularity,0.5,content_preferred,2017-05
The Observer,https://observer.ug/news/police-ssekikubo-cited-in-land-dispute/,2017-05-08,"Police, Ssekikubo cited in land dispute","On April 13, 2017, Charles Mutungi, the commandant of the police force’s land protection unit, instructed the regional police commander for greater Masaka in writing to oversee the eviction exercise and have Mukasa repossess the land. “The police should ensure the excursion is carried out peacefully and, should the exercise turn violent, be called off or halted for further consultations,” said Mutungi’s letter.",True,land_row_dispute,land_row_dispute,0.30756503016759384,land_row_dispute,0.28082868456840515,land_row_dispute,0.6470984286839998,agree,2017-05
The Observer,https://observer.ug/news/police-ssekikubo-cited-in-land-dispute/,2017-05-08,"Police, Ssekikubo cited in land dispute","Mutungi further tasked the deployed officers “only to witness, keep law and order but not in any way participate in the exercise.” Seven days later, on April 20, Mutungi wrote to the same RPC of greater Masaka saying he had received a complaint about the execution of the order.",True,,land_row_dispute,0.2584980913846477,contract_management_failure,0.35400283336639404,land_row_dispute,0.5,content_preferred,2017-05
The Observer,https://observer.ug/news/police-ssekikubo-cited-in-land-dispute/,2017-05-08,"Police, Ssekikubo cited in land dispute","He did not expound on the nature of the complaint but directed that the eviction be stayed until “we receive legal guidance from the director, human rights and legal services” of the force.",True,land_row_dispute,land_row_dispute,0.3196173999466748,contract_management_failure,0.3490864038467407,land_row_dispute,0.5,content_preferred,2017-05
The Observer,https://observer.ug/news/police-ssekikubo-cited-in-land-dispute/,2017-05-08,"Police, Ssekikubo cited in land dispute",Ssekikubo told The Observer last week that Mukasa and his family were peddling falsehoods.,True,,land_row_dispute,0.24166670839969406,payment_financial_dispute,0.1441972851753235,land_row_dispute,0.5,content_preferred,2017-05
The Observer,https://observer.ug/news/police-ssekikubo-cited-in-land-dispute/,2017-05-08,"Police, Ssekikubo cited in land dispute","He claimed he is also a victim of the court ruling because he has property in Kabagoma. “I have been fighting all my life for the rights of the people but this time, I am also a victim,” he said.",True,,land_row_dispute,0.49723680320309027,land_row_dispute,0.26439332962036133,land_row_dispute,0.6904075332058629,agree,2017-05
The Observer,https://observer.ug/news/police-ssekikubo-cited-in-land-dispute/,2017-05-08,"Police, Ssekikubo cited in land dispute","The Lwemiyaga MP claimed Mukasa was a front of Sam Kutesa, the minister of Foreign Affairs, and the land conflict was in fact an extension of their political fight. “Kutesa wants to take all the land through Mukasa,” he said. “He has told people that he will build his retirement home right where my farm is and this will mark my political defeat.” Ssekikubo said the conflict has taken another twist after a new case was lodged at the High court last week by a one Kiganda and Robert Tayebwa seeking to have the eviction order revised.",True,land_row_dispute,land_row_dispute,0.40693380448593297,contract_management_failure,0.2676508128643036,land_row_dispute,0.5,content_preferred,2017-05
The Observer,https://observer.ug/news/police-ssekikubo-cited-in-land-dispute/,2017-05-08,"Police, Ssekikubo cited in land dispute","These two, he said, were not party to the original suit yet they have property on part of the land in Ntyazo.",True,,land_row_dispute,0.47872770784815366,land_row_dispute,0.22355252504348755,land_row_dispute,0.6755700582229103,agree,2017-05
The Observer,https://observer.ug/news/police-ssekikubo-cited-in-land-dispute/,2017-05-08,"Police, Ssekikubo cited in land dispute","He said they were not represented at the Supreme court and, therefore, need to be heard.",True,,land_row_dispute,0.3718177030371729,contract_management_failure,0.20572760701179504,land_row_dispute,0.5,content_preferred,2017-05
The Observer,https://observer.ug/news/police-ssekikubo-cited-in-land-dispute/,2017-05-08,"Police, Ssekikubo cited in land dispute",LEGAL DRAMA The two-square-mile land has been under dispute for more than 30 years.,True,,land_row_dispute,0.24313506117772185,land_row_dispute,0.3796510696411133,land_row_dispute,0.6556965327047087,agree,2017-05
The Observer,https://observer.ug/news/police-ssekikubo-cited-in-land-dispute/,2017-05-08,"Police, Ssekikubo cited in land dispute",It is also the subject of at least 15 years of court battles.,True,,delay_time_overrun,0.21084461392777185,contract_management_failure,0.2537546753883362,delay_time_overrun,0.5,content_preferred,2017-05
The Observer,https://observer.ug/news/police-ssekikubo-cited-in-land-dispute/,2017-05-08,"Police, Ssekikubo cited in land dispute","According to court documents, Mukasa said the land belonged to his grandfather, Guisite Nakaima, who died on June 13, 1941.",True,,land_row_dispute,0.41031878627092805,land_row_dispute,0.15446943044662476,land_row_dispute,0.6411970541793882,agree,2017-05
The Observer,https://observer.ug/news/police-ssekikubo-cited-in-land-dispute/,2017-05-08,"Police, Ssekikubo cited in land dispute","Mukasa says upon his grandfather’s death, the land was taken over by the family.",True,,land_row_dispute,0.381920288987503,land_row_dispute,0.17891189455986023,land_row_dispute,0.6402080458868408,agree,2017-05
The Observer,https://observer.ug/news/police-ssekikubo-cited-in-land-dispute/,2017-05-08,"Police, Ssekikubo cited in land dispute","However, in 1986, when he went to obtain letters of administration, he was shocked to discover that the certificate of title to the land had been transferred into other names, including that of Ssenkungu.",True,,land_row_dispute,0.3999608536168135,contract_management_failure,0.1595255732536316,land_row_dispute,0.5,content_preferred,2017-05
The Observer,https://observer.ug/news/police-ssekikubo-cited-in-land-dispute/,2017-05-08,"Police, Ssekikubo cited in land dispute","In 1987, Mukasa filed a suit at the High court in Kampala but the case was later moved to Masaka.",True,,land_row_dispute,0.29968972107484626,contract_management_failure,0.2211722433567047,land_row_dispute,0.5,content_preferred,2017-05
The Observer,https://observer.ug/news/police-ssekikubo-cited-in-land-dispute/,2017-05-08,"Police, Ssekikubo cited in land dispute","In 2006, Justice Kibuuka Musoke ruled in favour of Ssenkungu and other appellants, saying they had provided evidence that the land belonged to them, not to Mukasa.",True,,land_row_dispute,0.33592819766281223,land_row_dispute,0.2553805112838745,land_row_dispute,0.6478271772366717,agree,2017-05
The Observer,https://observer.ug/news/police-ssekikubo-cited-in-land-dispute/,2017-05-08,"Police, Ssekikubo cited in land dispute","Dissatisfied, Mukasa appealed in the Court of Appeal which on July 26, 2010 overturned the High court ruling.",True,,land_row_dispute,0.22843018632439233,land_row_dispute,0.20995907485485077,land_row_dispute,0.6095973152948108,agree,2017-05
The Observer,https://observer.ug/news/police-ssekikubo-cited-in-land-dispute/,2017-05-08,"Police, Ssekikubo cited in land dispute","Justice George Engwau, who wrote the lead judgment, noted that Ssenkungu and company had obtained the land through fraud and, therefore, could not be lawful owners. “Fraud unravels everything.",True,,land_row_dispute,0.34190479488124187,land_row_dispute,0.30701911449432373,land_row_dispute,0.6622309773438914,agree,2017-05
The Observer,https://observer.ug/news/police-ssekikubo-cited-in-land-dispute/,2017-05-08,"Police, Ssekikubo cited in land dispute",The court is careful not to find fraud unless it is distinctly pleaded and proved.,True,,land_row_dispute,0.22843018632439233,procurement_irregularity,0.30424386262893677,land_row_dispute,0.5,content_preferred,2017-05
The Observer,https://observer.ug/news/police-ssekikubo-cited-in-land-dispute/,2017-05-08,"Police, Ssekikubo cited in land dispute","But once it is proved, it vitiates judgements, contracts and all transactions whatsoever,” Engwau, who has since retired, wrote.",True,,land_row_dispute,0.19136160970037297,procurement_irregularity,0.30076220631599426,land_row_dispute,0.5,content_preferred,2017-05
The Observer,https://observer.ug/news/police-ssekikubo-cited-in-land-dispute/,2017-05-08,"Police, Ssekikubo cited in land dispute","Ssenkungu and group then took the matter to the Supreme court, which on April 6, 2017 upheld the decision of the Court of Appeal. ekiggundu@observer.ug",True,,delay_time_overrun,0.23652868533530672,land_row_dispute,0.2551161050796509,delay_time_overrun,0.5,content_preferred,2017-05
The Observer,https://observer.ug/news/muntu-sets-terms-to-remain-in-fdc/,2017-12-05,Muntu sets terms to remain in FDC,"Whichever works, we change the system.",True,,land_row_dispute,0.25371618004048563,governance_oversight_failure,0.09937603771686554,land_row_dispute,0.5,content_preferred,2017-12
The Observer,https://observer.ug/news/hundreds-grace-kabaka-s-birthday/,2017-04-13,Hundreds grace Kabaka’s birthday,He said that the newly commissioned building will always remind the kingdom of her contribution but also strengthen Nnamasole’s role in the affairs of the kingdom. “We now celebrate the life of the woman who gave birth to the king on this day.,True,,land_row_dispute,0.29724401771339504,quality_technical_defect,0.019062722101807594,land_row_dispute,0.5,content_preferred,2017-04
The Observer,https://observer.ug/news/hundreds-grace-kabaka-s-birthday/,2017-04-13,Hundreds grace Kabaka’s birthday,"Immediately after his speech, Kabaka Mutebi descended the stairs in company of his wife to cut a cake, a replica of the newly commissioned building amidst cheers from his subjects.",True,,land_row_dispute,0.21584345205803993,quality_technical_defect,0.0796331837773323,land_row_dispute,0.5,content_preferred,2017-04
The Observer,https://observer.ug/news/parliament-police-count-the-cost-of-september-27-violence/,2017-10-02,"Parliament, police count the cost of September 27 violence","Over the weekend, Chris Obore, parliament’s director for communications and public affairs, said the assessment team is yet to quantify the cost of the damaged property in consultation with the procurement department. “The chief government valuer will do the costing since the properties destroyed are for government.",True,procurement_irregularity,procurement_irregularity,0.4086974695126558,payment_financial_dispute,0.33802688121795654,procurement_irregularity,0.5,content_preferred,2017-10
The Observer,https://observer.ug/news/parliament-police-count-the-cost-of-september-27-violence/,2017-10-02,"Parliament, police count the cost of September 27 violence",There is ongoing procurement for a new public address system for the chambers which has been in the works since last year.,True,procurement_irregularity,procurement_irregularity,0.4119222503673882,delay_time_overrun,0.1632346361875534,procurement_irregularity,0.5,content_preferred,2017-10
The Observer,https://observer.ug/news/sgs-contract-probe-pins-mp-sabiiti-over-conflict-of-interest/,2017-08-28,SGS contract probe pins MP Sabiiti over conflict of interest,"In June this year, the speaker of parliament, Rebecca Kadaga, directed the Physical Infrastructure committee to investigate the SGS contract terms and also look into the fees levied and the management of the inspection exercise.",True,,contract_management_failure,0.2404412895835049,payment_financial_dispute,0.364226758480072,contract_management_failure,0.5,content_preferred,2017-08
The Observer,https://observer.ug/news/sgs-contract-probe-pins-mp-sabiiti-over-conflict-of-interest/,2017-08-28,SGS contract probe pins MP Sabiiti over conflict of interest,"In the course of the investigation, the committee found that Eng.",True,,procurement_irregularity,0.2538400815616201,quality_technical_defect,0.2229483723640442,procurement_irregularity,0.5,content_preferred,2017-08
The Observer,https://observer.ug/news/sgs-contract-probe-pins-mp-sabiiti-over-conflict-of-interest/,2017-08-28,SGS contract probe pins MP Sabiiti over conflict of interest,Sabiiti was the chairman of the ministry of Works’ contracts committee at the time SGS was awarded the contract.,True,,contract_management_failure,0.2621036559889685,payment_financial_dispute,0.2939373254776001,contract_management_failure,0.5,content_preferred,2017-08
The Observer,https://observer.ug/news/sgs-contract-probe-pins-mp-sabiiti-over-conflict-of-interest/,2017-08-28,SGS contract probe pins MP Sabiiti over conflict of interest,He later resigned in May 2015 to join elective politics.,True,,land_row_dispute,0.28372229090032647,governance_oversight_failure,0.12781892716884613,land_row_dispute,0.5,content_preferred,2017-08
The Observer,https://observer.ug/news/sgs-contract-probe-pins-mp-sabiiti-over-conflict-of-interest/,2017-08-28,SGS contract probe pins MP Sabiiti over conflict of interest,"Last Wednesday, Sabiiti was grilled by MPs for his role in brokering the SGS deal, an accusation he roundly denied.",True,,land_row_dispute,0.16378207794055089,procurement_irregularity,0.19402986764907837,land_row_dispute,0.5,content_preferred,2017-08
The Observer,https://observer.ug/news/sgs-contract-probe-pins-mp-sabiiti-over-conflict-of-interest/,2017-08-28,SGS contract probe pins MP Sabiiti over conflict of interest,"He said all decisions were authorized by the permanent secretary, ministry of Works, and were in conformity with procurement laws.",True,procurement_irregularity,procurement_irregularity,0.3568522875787111,payment_financial_dispute,0.2625771760940552,procurement_irregularity,0.5,content_preferred,2017-08
The Observer,https://observer.ug/news/sgs-contract-probe-pins-mp-sabiiti-over-conflict-of-interest/,2017-08-28,SGS contract probe pins MP Sabiiti over conflict of interest,"However, the committee chaired by Lilian Nakate (Luweero Woman) received a confidential document, showing that Sabiiti was hired as a consultant after the contract award and received Shs 10 million ($3,000) from SGS.",True,procurement_irregularity,procurement_irregularity,0.23844227548201383,procurement_irregularity,0.2850002646446228,procurement_irregularity,0.6308606350316591,agree,2017-08
The Observer,https://observer.ug/news/sgs-contract-probe-pins-mp-sabiiti-over-conflict-of-interest/,2017-08-28,SGS contract probe pins MP Sabiiti over conflict of interest,"His contract ran for 10 months from July 17, 2015 to May 17, 2016. “SGS does not hire an individual and that is in their policy.",True,,contract_management_failure,0.06570352216610077,procurement_irregularity,0.2588513195514679,contract_management_failure,0.5,content_preferred,2017-08
The Observer,https://observer.ug/news/sgs-contract-probe-pins-mp-sabiiti-over-conflict-of-interest/,2017-08-28,SGS contract probe pins MP Sabiiti over conflict of interest,"You ask them; they have company policies, which they submitted.",True,,land_row_dispute,0.22830570906999303,payment_financial_dispute,0.24040676653385162,land_row_dispute,0.5,content_preferred,2017-08
The Observer,https://observer.ug/news/sgs-contract-probe-pins-mp-sabiiti-over-conflict-of-interest/,2017-08-28,SGS contract probe pins MP Sabiiti over conflict of interest,"I resigned from the ministry in May 2015 and I was free to solicit for work anywhere,” Sabiiti told MPs and demanded that they produce evidence linking him to SGS.",True,,land_row_dispute,0.15110745870239115,land_row_dispute,0.19853615760803223,land_row_dispute,0.5874109040776059,agree,2017-08
The Observer,https://observer.ug/news/sgs-contract-probe-pins-mp-sabiiti-over-conflict-of-interest/,2017-08-28,SGS contract probe pins MP Sabiiti over conflict of interest,"When Jonathan Odur (Erute South) asked him whether he was paid any money by SGS, Sabiiti said no.",True,,land_row_dispute,0.284359381032578,procurement_irregularity,0.26023995876312256,land_row_dispute,0.5,content_preferred,2017-08
The Observer,https://observer.ug/news/sgs-contract-probe-pins-mp-sabiiti-over-conflict-of-interest/,2017-08-28,SGS contract probe pins MP Sabiiti over conflict of interest,"But during another meeting on Friday, August 25, top SGS managers in the country revealed that Sabiiti was hired as a consultant.",True,,procurement_irregularity,0.23323466236896084,contract_management_failure,0.15640434622764587,procurement_irregularity,0.5,content_preferred,2017-08
The Observer,https://observer.ug/news/sgs-contract-probe-pins-mp-sabiiti-over-conflict-of-interest/,2017-08-28,SGS contract probe pins MP Sabiiti over conflict of interest,SGS country director Christophe Dubois told the committee that Sabiiti was hired by the parent company SGS SA in Switzerland for consultancy work. “I am not aware of the content of this consultancy agreement.,True,,procurement_irregularity,0.19884735885171384,procurement_irregularity,0.20070092380046844,procurement_irregularity,0.5998870706630456,agree,2017-08
The Observer,https://observer.ug/news/sgs-contract-probe-pins-mp-sabiiti-over-conflict-of-interest/,2017-08-28,SGS contract probe pins MP Sabiiti over conflict of interest,"As far as I know, he was supposed to assist in his field of expertise about regulations in motor vehicle inspection services and other technical issues.",True,,procurement_irregularity,0.24495026682523025,governance_oversight_failure,0.19700998067855835,procurement_irregularity,0.5,content_preferred,2017-08
The Observer,https://observer.ug/news/sgs-contract-probe-pins-mp-sabiiti-over-conflict-of-interest/,2017-08-28,SGS contract probe pins MP Sabiiti over conflict of interest,"We have a code of integrity that forbids us from appointing any elected person, that is why the consultancy agreement ended,” Dubois said.",True,,land_row_dispute,0.2724805059723212,governance_oversight_failure,0.2758266031742096,land_row_dispute,0.5,content_preferred,2017-08
The Observer,https://observer.ug/news/sgs-contract-probe-pins-mp-sabiiti-over-conflict-of-interest/,2017-08-28,SGS contract probe pins MP Sabiiti over conflict of interest,MPs including Elijah Okupa (Kasilo) and Richard Othieno Okoth (West Budama North) demanded a copy of SGS’ contract with Sabiiti.,True,,procurement_irregularity,0.27872415623549684,contract_management_failure,0.2884374260902405,procurement_irregularity,0.5,content_preferred,2017-08
The Observer,https://observer.ug/news/sgs-contract-probe-pins-mp-sabiiti-over-conflict-of-interest/,2017-08-28,SGS contract probe pins MP Sabiiti over conflict of interest,"But Dubois declined, citing confidentiality issues. “This is something I have to reroute to my bosses in Geneva.",True,,procurement_irregularity,0.16084075591144822,contract_management_failure,0.2513743042945862,procurement_irregularity,0.5,content_preferred,2017-08
The Observer,https://observer.ug/news/sgs-contract-probe-pins-mp-sabiiti-over-conflict-of-interest/,2017-08-28,SGS contract probe pins MP Sabiiti over conflict of interest,"I am not allowed to disclose this,” Dubois said.",True,,land_row_dispute,0.497625705874091,procurement_irregularity,0.14326900243759155,land_row_dispute,0.5,content_preferred,2017-08
The Observer,https://observer.ug/news/sgs-contract-probe-pins-mp-sabiiti-over-conflict-of-interest/,2017-08-28,SGS contract probe pins MP Sabiiti over conflict of interest,"Okupa, however, told him that the committee under Rule 197 of the Rules of Procedure has powers to compel witnesses to produce documents needed for its investigations.",True,,delay_time_overrun,0.29368958164129605,governance_oversight_failure,0.19718590378761292,delay_time_overrun,0.5,content_preferred,2017-08
The Observer,https://observer.ug/news/sgs-contract-probe-pins-mp-sabiiti-over-conflict-of-interest/,2017-08-28,SGS contract probe pins MP Sabiiti over conflict of interest,The committee directed him to produce the contract on Monday (today). eyotaru@gmail.com,True,,procurement_irregularity,0.25179874686826564,contract_management_failure,0.3175479769706726,procurement_irregularity,0.5,content_preferred,2017-08
The Observer,https://observer.ug/news/religious-leaders-speak-out-on-presidential-age-limit/,2017-08-14,Religious leaders speak out on presidential age limit,I have seen so many government initiatives targeting community transformation but somehow not successful due to poor implementation.,True,,governance_oversight_failure,0.2832107725566617,governance_oversight_failure,0.40237656235694885,governance_oversight_failure,0.6713968337284026,agree,2017-08
The Observer,https://observer.ug/news/mao-land-bill-a-trick-to-remove-age-limit/,2017-09-20,Mao: land bill a trick to remove age limit,"What we want is innovative approaches, we want what works.",True,,land_row_dispute,0.1309796068406664,delay_time_overrun,0.11075156182050705,land_row_dispute,0.5,content_preferred,2017-09
The Observer,https://observer.ug/news/mao-land-bill-a-trick-to-remove-age-limit/,2017-09-20,Mao: land bill a trick to remove age limit,This one [the draft policy on land] is broader than even the amendment on Article 26 [which proposes compulsory acquisition of private land by government for public works without prior compensation of the owner].,True,land_row_dispute,land_row_dispute,0.38642154647431853,land_row_dispute,0.3228644132614136,land_row_dispute,0.677321489933933,agree,2017-09
The Observer,https://observer.ug/news/mafabi-wants-central-bank-probed-over-crane-bank-mess/,2017-07-28,Mafabi wants Central Bank probed over Crane bank mess,He observed that the failure to detect decade-long cases of mismanagement in Crane bank depict incompetence in the central bank.,True,governance_oversight_failure,governance_oversight_failure,0.34853586637634104,governance_oversight_failure,0.4173787534236908,governance_oversight_failure,0.6914786549500079,agree,2017-07
The Observer,https://observer.ug/news/mafabi-wants-central-bank-probed-over-crane-bank-mess/,2017-07-28,Mafabi wants Central Bank probed over Crane bank mess,The legislator also rebuked actions of the central bank when it commissioned PricewaterhouseCoopers (PWC) to carry out a forensic audit on Crane bank.,True,,governance_oversight_failure,0.32163585701065395,payment_financial_dispute,0.34846970438957214,governance_oversight_failure,0.5,content_preferred,2017-07
The Observer,https://observer.ug/news/mafabi-wants-central-bank-probed-over-crane-bank-mess/,2017-07-28,Mafabi wants Central Bank probed over Crane bank mess,Nandala prayed that parliament investigates the mismanagement of Crane bank and the officers at BoU who were charged with responsibility of carrying out routine supervision.,True,governance_oversight_failure,governance_oversight_failure,0.3692839423537792,governance_oversight_failure,0.3087896704673767,governance_oversight_failure,0.669518403205289,agree,2017-07
The Observer,https://observer.ug/news/legal-officer-drags-nda-to-court-over-unfair-dismissal/,2017-06-18,Legal officer drags NDA to court over unfair dismissal,His contract runs to January 2021.,True,,contract_management_failure,0.2566786862692487,contract_management_failure,0.23473146557807922,contract_management_failure,0.6228525379618319,agree,2017-06
The Observer,https://observer.ug/news/legal-officer-drags-nda-to-court-over-unfair-dismissal/,2017-06-18,Legal officer drags NDA to court over unfair dismissal,"However, the contract was abruptly suspended, on June 6, for reasons that were not spelt out in his termination letter.",True,contract_management_failure,contract_management_failure,0.2806637446023526,contract_management_failure,0.40843749046325684,contract_management_failure,0.6722753087664024,agree,2017-06
The Observer,https://observer.ug/news/legal-officer-drags-nda-to-court-over-unfair-dismissal/,2017-06-18,Legal officer drags NDA to court over unfair dismissal,He contends that his five-year contract was unfairly terminated and wants court to issue an interim order stopping his termination.,True,contract_management_failure,contract_management_failure,0.3405408983754005,contract_management_failure,0.42765700817108154,contract_management_failure,0.6920494766366205,agree,2017-06
The Observer,https://observer.ug/news/legal-officer-drags-nda-to-court-over-unfair-dismissal/,2017-06-18,Legal officer drags NDA to court over unfair dismissal,"Kamanzi states that throughout the time he has served in office, he had never been accused of any misconduct, which would constitute the basis for his contract’s termination.",True,contract_management_failure,contract_management_failure,0.3961140974251773,procurement_irregularity,0.2579174339771271,contract_management_failure,0.5,content_preferred,2017-06
The Observer,https://observer.ug/news/legal-officer-drags-nda-to-court-over-unfair-dismissal/,2017-06-18,Legal officer drags NDA to court over unfair dismissal,He accuses NDA board chairman Dr Medard Bitekyerezo of acting without due regard to the rules of natural justice and in total abuse of his office with intention of damaging his career in purporting to terminate the contract.,True,,contract_management_failure,0.1165119839543905,contract_management_failure,0.24506203830242157,contract_management_failure,0.590393505564203,agree,2017-06
The Observer,https://observer.ug/news/defence-justice-atop-most-indebted-govt-list/,2017-07-17,"Defence, Justice atop most indebted govt list","In the case of ministry of Justice, the debt includes claims for damages and compensation from people who successfully sue government agencies.",True,land_row_dispute,land_row_dispute,0.35171776607440575,land_row_dispute,0.31150656938552856,land_row_dispute,0.6658060838649835,agree,2017-07
The Observer,https://observer.ug/news/defence-justice-atop-most-indebted-govt-list/,2017-07-17,"Defence, Justice atop most indebted govt list","This amount will be released in the first quarter of next financial year,” Kasaija said, adding that “government departments that delay payments for goods and services supplied by the private sector for more than fourteen (14) days will have their future releases withheld until such payments have been made.” Some government agencies have accumulated arrears in utilities such as water and electricity.",True,delay_time_overrun,delay_time_overrun,0.23092948311529635,payment_financial_dispute,0.23889397084712982,delay_time_overrun,0.5,content_preferred,2017-07
The Observer,https://observer.ug/news/defence-justice-atop-most-indebted-govt-list/,2017-07-17,"Defence, Justice atop most indebted govt list","In February, National Water and Sewerage Corporation was forced to cut off Uganda Prisons, Uganda Police, and Mulago hospital over unpaid bills stretching years back.",True,,delay_time_overrun,0.13261529765199379,governance_oversight_failure,0.23765575885772705,delay_time_overrun,0.5,content_preferred,2017-07
The Observer,https://observer.ug/news/defence-justice-atop-most-indebted-govt-list/,2017-07-17,"Defence, Justice atop most indebted govt list","Agency Debt (Shs) Ministry of Defence 718.5bn Min of Justice and Constitutional Affairs 673.3bn Office of the President 33bn Ministry of Public Service 2bn Ministry of Foreign Affairs 47.3bn Ministry of Finance 140bn Office of the Prime Minister 797.4m Ministry of Foreign Affairs 1.9bn Ministry of Local Government 30bn Ministry of Lands 10.3bn Ministry of Education 14bn Ministry of Health 9bn Ministry of Trade 6.3bn Ministry of East African Affairs 2.3bn Ministry of Works and Transport 112m Ministry of Energy 3.1bn Ministry of Water and Environment 20bn Ministry of ICT 4.2bn Ministry of Tourism 5.6bn Judiciary 2.1bn Electoral Commission 4.3bn Inspectorate of Government 36m Parliamentary Commission 1bn Uganda Human Rights Commission 2.7bn Uganda Aids Commission 166.5m National Planning Authority 6.6m UNRA 222.1bn Uganda Industrial Research Institute 527m Busitema University 1.5bn Uganda Cancer Institute 13.4m Uganda Heart Institute 1.1bn National Medical Stores 137.3bn Uganda Tourism Board 74m Uganda Road Fund 213m Uganda Registration Services Bureau 1bn Dairy Development Authority 35m KCCA 13.5bn Rural Electricity Agency 61,017 Equal Opportunities Commission 879m NAGRC & DB 30m NITA (U) 200m Muni University 1.2bn Office of the Auditor General 496.7m Education Service Commission 3.6m Health Service Commission 9.5m Makerere University 28.5bn Mbarara University 387m MUBS 1.3bn Kyambogo University 14.7bn NARO 269m Uganda Bureau of Statistics 20m Uganda Police 26bn Uganda Prisons 43bn Public Service Commission 40m Local Government Finance Commission 1.4m Gulu University 5.6bn NEMA 25m Uganda Blood Transfusion Services 53m PPDA 44m UNBS 49m Cotton Development Authority 521,300 Uganda Land Commission 7.3bn NFA 47m External Security Organisation 20bn Uganda Coffee Development Authority 22bn Uganda National Meteorological Authority 1.2bn Uganda Export Promotion Board 750,000 Mulago National Referral hospital 1.3bn Gulu Regional Referral hospital 1.3bn Kabale Regional Referral hospital 1.6m Masaka Regional Referral hospital 323m Mbale Regional Referral hospital 12m Soroti Regional Referral hospital 153m Mbarara Regional Referral hospital 1.6bn Mubende Regional Referral hospital 8.6m Moroto Regional Referral hospital 92m Uganda High Commission in India 228m Uganda Embassy in Egypt 51m Uganda Embassy in China 915m Uganda Embassy in Italy 13.2m Total Shs 2.3tn",True,,procurement_irregularity,0.19966456048881331,governance_oversight_failure,0.19832395017147064,procurement_irregularity,0.5,content_preferred,2017-07
The Observer,https://observer.ug/news/nrm-summons-errant-mp-nambeshe-over-land-bill/,2017-09-04,NRM summons ‘errant’ MP Nambeshe over land bill,"In case of a dispute with a private landowner, the central government or local governments would still be able to take possession of the land after depositing in court its compensation award.",True,land_row_dispute,land_row_dispute,0.4530871280575707,land_row_dispute,0.38337984681129456,land_row_dispute,0.7091167437172163,agree,2017-09
The Observer,https://observer.ug/news/i-ll-retire-in-uganda-says-unesco-boss/,2017-05-01,"I’ll retire in Uganda, says Unesco boss","Bokova, who has visited Uganda twice; before she became Unesco director general and in 2010 as a the director general, says she has lasting memories of the country. “I recall very well my visit to Uganda, the pearl of Africa’s crown, in June 2010, where I was honoured to meet with President Museveni and to discuss African languages in the context of the dictionary of African languages Runyankore-Rukiga-English dictionary),” she said. “I recall my visit to the outstanding tombs of Buganda kings, at the Kasubi world heritage site, following fire that ravaged the Muzibu Azaala Mpanga tomb in 2010.",True,,land_row_dispute,0.15463928386758896,land_row_dispute,0.04455288127064705,land_row_dispute,0.549798041284559,agree,2017-05
The Observer,https://observer.ug/news/i-ll-retire-in-uganda-says-unesco-boss/,2017-05-01,"I’ll retire in Uganda, says Unesco boss","Bokova applauded Ambassador Nimisha for helping Uganda engage in taking forward Sustainable Development Goal 4, with the development of a national road map to support the implementation of the National Education Strategic Plan.",True,,delay_time_overrun,0.3184605012469158,delay_time_overrun,0.1284797489643097,delay_time_overrun,0.6117350625528064,agree,2017-05
The Observer,https://observer.ug/news/i-ll-retire-in-uganda-says-unesco-boss/,2017-05-01,"I’ll retire in Uganda, says Unesco boss","Uganda has been benefitting from the Unesco-China funds-in-trust project on teacher training. “Just last month, the director of the Unesco regional office for Eastern Africa in Nairobi met with Janet Kataaha Museveni, the first lady and minister of Education and Sports, when they discussed Unesco’s action of harnessing teacher training, including through information and communication technologies,” she said. “Together, we are working to empower and nurture the energy and commitment of young women and men, to strengthen Ugandan society as a whole.” PARTING SHOT Nimisha, whose mission in Paris is accredited to France, Spain, Portugal, and the Organisation for Economic Cooperation and Development (OECD), has been moved to United Arab Emirates and replaced by Richard Nduhura, the former minister of Health and currently Uganda’s permanent representative to the United Nations in New York.",True,,land_row_dispute,0.3392181193541285,governance_oversight_failure,0.15755707025527954,land_row_dispute,0.5,content_preferred,2017-05
The Observer,https://observer.ug/news/i-ll-retire-in-uganda-says-unesco-boss/,2017-05-01,"I’ll retire in Uganda, says Unesco boss","This is on top of the embassy playing a major role in the oil pipeline negotiations that were recently approved and will see Total and CNOOC invest eight million Euros in the project, the largest investment in Uganda so far. “I go with a richer experience serving four years on the executive board of Unesco as well as bilaterally with France, Spain and Portugal,” Nimisha said. “This experience will certainly enrich me further in my new assignment.” musasimo@gmail.com",True,,land_row_dispute,0.3213019372082099,payment_financial_dispute,0.14431709051132202,land_row_dispute,0.5,content_preferred,2017-05
The Observer,https://observer.ug/news/sudan-s-tarco-airlines-to-start-direct-flights-to-entebbe/,2017-11-14,Sudan’s Tarco airlines to start direct flights to Entebbe,"They directed their respective ministers to fast-track implementation of all decisions agreed upon and conclude all pending MoU for cooperation in the areas of agriculture, sports and youth as well as security before the next Joint Ministerial Commission (JMC) to be hosted by Uganda by March 2018.",True,,delay_time_overrun,0.038674572528654805,delay_time_overrun,0.20752444863319397,delay_time_overrun,0.5615497552904622,agree,2017-11
The Observer,https://observer.ug/news/sudan-s-tarco-airlines-to-start-direct-flights-to-entebbe/,2017-11-14,Sudan’s Tarco airlines to start direct flights to Entebbe,The presidents also reviewed the implementation of the decisions made during President Museveni’s official visit to Sudan in September 2015 as well as the 5th Joint Ministerial Commission.,True,,governance_oversight_failure,0.30244345633786496,governance_oversight_failure,0.15320053696632385,governance_oversight_failure,0.6139109983260472,agree,2017-11
The Observer,https://observer.ug/news/katuntu-to-head-oil-cash-bonus-probe/,2017-01-20,Katuntu to head oil cash bonus probe,"Speaker of Parliament Rebecca Kadaga yesterday directed the committee on Commissions, Statutory Authorities and State Enterprises (Cosase) to investigate the Shs 6bn paid to 42 public officers for winning a tax arbitration case between government and Heritage Oil and Gas Limited.",True,,land_row_dispute,0.35909141480395157,governance_oversight_failure,0.25991177558898926,land_row_dispute,0.5,content_preferred,2017-01
The Observer,https://observer.ug/business/persons-affected-by-refinery-fault-govt-on-broken-promise/,2017-03-15,Persons affected by refinery fault govt on broken promise,"As the resettlement process of persons that lived near the oil refinery site drags on, there is not just confusion on who was promised a house or not, but also conflicts brewing among the displaced people and pastoralists, writes ALON MWESIGWA.",True,land_row_dispute,land_row_dispute,0.3597437818670161,land_row_dispute,0.25826743245124817,land_row_dispute,0.654502803579566,agree,2017-03
The Observer,https://observer.ug/business/persons-affected-by-refinery-fault-govt-on-broken-promise/,2017-03-15,Persons affected by refinery fault govt on broken promise,"Three words – regret, misery, and hopelessness – can best describe families affected by the oil refinery project as they accuse government of not keeping true to its promises as the resettlement process drags on.",True,land_row_dispute,land_row_dispute,0.3078163688394945,governance_oversight_failure,0.21541960537433624,land_row_dispute,0.5,content_preferred,2017-03
The Observer,https://observer.ug/business/persons-affected-by-refinery-fault-govt-on-broken-promise/,2017-03-15,Persons affected by refinery fault govt on broken promise,Some people accuse government of building houses for only 46 households out of the 93 that opted for resettlement.,True,land_row_dispute,land_row_dispute,0.2850570928414119,land_row_dispute,0.19474555552005768,land_row_dispute,0.6199506620903674,agree,2017-03
The Observer,https://observer.ug/business/persons-affected-by-refinery-fault-govt-on-broken-promise/,2017-03-15,Persons affected by refinery fault govt on broken promise,They also accuse government of not respecting the timelines it set of when the affected people would be resettled in a new place.,True,,land_row_dispute,0.32851544276780736,land_row_dispute,0.33495765924453735,land_row_dispute,0.6658682755030861,agree,2017-03
The Observer,https://observer.ug/business/persons-affected-by-refinery-fault-govt-on-broken-promise/,2017-03-15,Persons affected by refinery fault govt on broken promise,"More than 90 families opted for resettlement in 2012, rejecting cash payments to pave way for the construction of a refinery in Kabaale, Hoima district.",True,land_row_dispute,land_row_dispute,0.3413287600412761,land_row_dispute,0.27057766914367676,land_row_dispute,0.6529766072962382,agree,2017-03
The Observer,https://observer.ug/business/persons-affected-by-refinery-fault-govt-on-broken-promise/,2017-03-15,Persons affected by refinery fault govt on broken promise,Most of those who opted for cash were paid but the future looks increasingly bleak for those who chose to be resettled.,True,,land_row_dispute,0.23520084795101184,payment_financial_dispute,0.2391369491815567,land_row_dispute,0.5,content_preferred,2017-03
The Observer,https://observer.ug/business/persons-affected-by-refinery-fault-govt-on-broken-promise/,2017-03-15,Persons affected by refinery fault govt on broken promise,Elderly woman Joyce Kaikara is one of the people facing an uncertain future over resettlement.,True,land_row_dispute,land_row_dispute,0.3219027579042032,governance_oversight_failure,0.1236172690987587,land_row_dispute,0.5,content_preferred,2017-03
The Observer,https://observer.ug/business/persons-affected-by-refinery-fault-govt-on-broken-promise/,2017-03-15,Persons affected by refinery fault govt on broken promise,"At a village meeting at Nyehayo primary school in Kabaale with reporters and the NGO African Institute for Energy Governance (Afiego), Kaikara said she had opted for cash compensation but she was told she was vulnerable and could not be allowed to handle money.",True,land_row_dispute,land_row_dispute,0.3330188633218458,procurement_irregularity,0.2572372555732727,land_row_dispute,0.5,content_preferred,2017-03
The Observer,https://observer.ug/business/persons-affected-by-refinery-fault-govt-on-broken-promise/,2017-03-15,Persons affected by refinery fault govt on broken promise,She was told government would give her land and then construct a house for her.,True,,land_row_dispute,0.3492450641757846,land_row_dispute,0.20889690518379211,land_row_dispute,0.6395354923398942,agree,2017-03
The Observer,https://observer.ug/business/persons-affected-by-refinery-fault-govt-on-broken-promise/,2017-03-15,Persons affected by refinery fault govt on broken promise,"Kaikara, who now lives at her sister’s home, says she was recently told she would only be given land and would not receive a house since the land that government took did not have property on it. “I am not happy with what is going on,” Kaikara said.",True,,land_row_dispute,0.3627029229149773,land_row_dispute,0.24126218259334564,land_row_dispute,0.6509912763770808,agree,2017-03
The Observer,https://observer.ug/business/persons-affected-by-refinery-fault-govt-on-broken-promise/,2017-03-15,Persons affected by refinery fault govt on broken promise,Government is finishing the construction of the 46 houses but those who will not get a house are running out of patience.,True,,land_row_dispute,0.3433525874521603,delay_time_overrun,0.3248477876186371,land_row_dispute,0.5,content_preferred,2017-03
The Observer,https://observer.ug/business/persons-affected-by-refinery-fault-govt-on-broken-promise/,2017-03-15,Persons affected by refinery fault govt on broken promise,"Last month, they set up huts adjacent to where government is constructing.",True,,land_row_dispute,0.29087528915695443,land_row_dispute,0.18346837162971497,land_row_dispute,0.6185859151966674,agree,2017-03
The Observer,https://observer.ug/business/persons-affected-by-refinery-fault-govt-on-broken-promise/,2017-03-15,Persons affected by refinery fault govt on broken promise,The huts were burnt at night but residents say they will construct new ones again.,True,,delay_time_overrun,0.25075459547480927,land_row_dispute,0.2075824737548828,delay_time_overrun,0.5,content_preferred,2017-03
The Observer,https://observer.ug/business/persons-affected-by-refinery-fault-govt-on-broken-promise/,2017-03-15,Persons affected by refinery fault govt on broken promise,"Margaret Nankya, another affected person, said they had met with area members of parliament but haven’t been helped.",True,,land_row_dispute,0.32455961096608194,governance_oversight_failure,0.1548394113779068,land_row_dispute,0.5,content_preferred,2017-03
The Observer,https://observer.ug/business/persons-affected-by-refinery-fault-govt-on-broken-promise/,2017-03-15,Persons affected by refinery fault govt on broken promise,"In 2012, government stopped the affected persons from growing crops that take long to mature, such as coffee, cassava and trees pending resettlement.",True,land_row_dispute,land_row_dispute,0.3179971995953064,land_row_dispute,0.24804629385471344,land_row_dispute,0.641510873362505,agree,2017-03
The Observer,https://observer.ug/business/persons-affected-by-refinery-fault-govt-on-broken-promise/,2017-03-15,Persons affected by refinery fault govt on broken promise,They were told they could only grow seasonal crops like maize and beans.,True,,land_row_dispute,0.20935261898614313,land_row_dispute,0.1710415482521057,land_row_dispute,0.5950985418095622,agree,2017-03
The Observer,https://observer.ug/business/persons-affected-by-refinery-fault-govt-on-broken-promise/,2017-03-15,Persons affected by refinery fault govt on broken promise,"Five years later, they have not been taken to the new places.",True,,land_row_dispute,0.3993158975303323,delay_time_overrun,0.2568214237689972,land_row_dispute,0.5,content_preferred,2017-03
The Observer,https://observer.ug/business/persons-affected-by-refinery-fault-govt-on-broken-promise/,2017-03-15,Persons affected by refinery fault govt on broken promise,Government had promised that the affected persons would enter their houses at the start of this year.,True,,land_row_dispute,0.28831116106051785,land_row_dispute,0.20942413806915283,land_row_dispute,0.6244338247824177,agree,2017-03
The Observer,https://observer.ug/business/persons-affected-by-refinery-fault-govt-on-broken-promise/,2017-03-15,Persons affected by refinery fault govt on broken promise,They are still not sure when they will be resettled.,True,,land_row_dispute,0.14114805892460972,delay_time_overrun,0.2255145162343979,land_row_dispute,0.5,content_preferred,2017-03
The Observer,https://observer.ug/business/persons-affected-by-refinery-fault-govt-on-broken-promise/,2017-03-15,Persons affected by refinery fault govt on broken promise,"According to government’s resettlement action plan, a total of 7,118 people were affected by the project.",True,land_row_dispute,land_row_dispute,0.5100137637672363,land_row_dispute,0.2858942151069641,land_row_dispute,0.6989769947185501,agree,2017-03
The Observer,https://observer.ug/business/persons-affected-by-refinery-fault-govt-on-broken-promise/,2017-03-15,Persons affected by refinery fault govt on broken promise,"Some 2,708 had property and 2,615 of these opted for cash compensation while 93 asked to be resettled.",True,land_row_dispute,land_row_dispute,0.2954851105988873,land_row_dispute,0.3054346442222595,land_row_dispute,0.6502299387052867,agree,2017-03
The Observer,https://observer.ug/business/persons-affected-by-refinery-fault-govt-on-broken-promise/,2017-03-15,Persons affected by refinery fault govt on broken promise,Government acquired at least 533.6 acres in Kabaale for resettlement.,True,land_row_dispute,land_row_dispute,0.3150830313561647,land_row_dispute,0.2387169599533081,land_row_dispute,0.6384499978273682,agree,2017-03
The Observer,https://observer.ug/business/persons-affected-by-refinery-fault-govt-on-broken-promise/,2017-03-15,Persons affected by refinery fault govt on broken promise,"In the budget framework paper for 2017/18 financial year, government said it would “focus on the implementation of the refinery development activities including the development of the oil pipelines, aerodrone, and the implementation of the oil and gas policy.” The government says it will allocate at least Shs 114.2bn for the refinery land and other related corridors for other infrastructure such as the pipeline in the upcoming national budget for 2017/2018.",True,,governance_oversight_failure,0.2742632159161081,delay_time_overrun,0.20388799905776978,governance_oversight_failure,0.5,content_preferred,2017-03
The Observer,https://observer.ug/business/persons-affected-by-refinery-fault-govt-on-broken-promise/,2017-03-15,Persons affected by refinery fault govt on broken promise,"The accusations that project- affected persons are throwing at the state have become fodder for non-governmental organisations, who see the situation as a complete disregard by government of basic human rights.",True,,land_row_dispute,0.2787539874355715,land_row_dispute,0.37659063935279846,land_row_dispute,0.6638361566970925,agree,2017-03
The Observer,https://observer.ug/business/persons-affected-by-refinery-fault-govt-on-broken-promise/,2017-03-15,Persons affected by refinery fault govt on broken promise,"ENTER PASTORALISTS Meanwhile, a conflict between the affected persons and the pastoralists is brewing.",True,,land_row_dispute,0.4239747611058756,land_row_dispute,0.1575598418712616,land_row_dispute,0.6453836507442843,agree,2017-03
The Observer,https://observer.ug/business/persons-affected-by-refinery-fault-govt-on-broken-promise/,2017-03-15,Persons affected by refinery fault govt on broken promise,The refinery-affected people say pastoralists have since invaded the plots where they are living temporarily.,True,,land_row_dispute,0.3482803503015592,land_row_dispute,0.18340450525283813,land_row_dispute,0.6329212138885993,agree,2017-03
The Observer,https://observer.ug/business/persons-affected-by-refinery-fault-govt-on-broken-promise/,2017-03-15,Persons affected by refinery fault govt on broken promise,They say the pastoralists come from Kyankwanzi and other western Uganda districts searching for pastures.,True,,land_row_dispute,0.2948230186739461,land_row_dispute,0.13735267519950867,land_row_dispute,0.6080439234683637,agree,2017-03
The Observer,https://observer.ug/business/persons-affected-by-refinery-fault-govt-on-broken-promise/,2017-03-15,Persons affected by refinery fault govt on broken promise,"Abel Tugarukayo, who is waiting for resettlement, says he now hires people to guard his maize from pastoralists’ cows.",True,land_row_dispute,land_row_dispute,0.4591654829281119,land_row_dispute,0.165108785033226,land_row_dispute,0.6560685669903344,agree,2017-03
The Observer,https://observer.ug/business/persons-affected-by-refinery-fault-govt-on-broken-promise/,2017-03-15,Persons affected by refinery fault govt on broken promise,"Tugarukayo said the pastoralists were arrogant and intentionally graze animals on people’s crops. “Our situation is worse than refugees,” he said.",True,,land_row_dispute,0.47001804103921563,land_row_dispute,0.14742857217788696,land_row_dispute,0.6543616533042756,agree,2017-03
The Observer,https://observer.ug/business/persons-affected-by-refinery-fault-govt-on-broken-promise/,2017-03-15,Persons affected by refinery fault govt on broken promise,"Dickens Kamugisha, the executive director of Afiego, said the affected persons represent a community “that is completely stuck”. “They were promised to be relocated six years ago but up to now they haven’t,” he said. “Their children are not going to school, no health centre, they can’t grow crops.",True,,land_row_dispute,0.5366274781772534,land_row_dispute,0.2435959279537201,land_row_dispute,0.6950558515327434,agree,2017-03
The Observer,https://observer.ug/business/persons-affected-by-refinery-fault-govt-on-broken-promise/,2017-03-15,Persons affected by refinery fault govt on broken promise,"Most of the families are broken.” Innocent Tumwebaze, the leader of the oil refinery residents association, said government “delays were making us regret the choices we made”.",True,delay_time_overrun,delay_time_overrun,0.29869755936868375,governance_oversight_failure,0.25355422496795654,delay_time_overrun,0.5,content_preferred,2017-03
The Observer,https://observer.ug/business/persons-affected-by-refinery-fault-govt-on-broken-promise/,2017-03-15,Persons affected by refinery fault govt on broken promise,"Government’s refinery project is expected to stand on 29 square kilometres of land and would process at least 60,000 barrels of oil daily, although government’s target is to start with 30,000 barrels per day.",True,,land_row_dispute,0.4248153506043812,delay_time_overrun,0.13833698630332947,land_row_dispute,0.5,content_preferred,2017-03
The Observer,https://observer.ug/business/persons-affected-by-refinery-fault-govt-on-broken-promise/,2017-03-15,Persons affected by refinery fault govt on broken promise,"Last year, the project suffered a setback when the lead investor RT Global Resources, a Russian firm, pulled out of the deal, saying Ugandan government was dragging its feet.",True,,land_row_dispute,0.15808453772350353,governance_oversight_failure,0.2838500738143921,land_row_dispute,0.5,content_preferred,2017-03
The Observer,https://observer.ug/business/persons-affected-by-refinery-fault-govt-on-broken-promise/,2017-03-15,Persons affected by refinery fault govt on broken promise,Government is looking for a new investor. amwesigwa@observer.ug,True,,delay_time_overrun,0.34376497925786276,land_row_dispute,0.13869254291057587,delay_time_overrun,0.5,content_preferred,2017-03
The Observer,https://observer.ug/news/land-probe-runs-into-anti-asian-feelings/,2017-12-13,Land probe runs into anti-Asian feelings,"He told the commission of inquiry that government compensated the Asians for their properties, and that the Patel family, therefore, had no claim over his property.",True,,land_row_dispute,0.29461334084439633,land_row_dispute,0.320242315530777,land_row_dispute,0.6537139140937933,agree,2017-12
The Observer,https://observer.ug/news/land-probe-runs-into-anti-asian-feelings/,2017-12-13,Land probe runs into anti-Asian feelings,"The Patel family is also accusing the custodian board of illegal allocation of its land. “The custodian board has no address, people just show up with documents and claim our properties.",True,,land_row_dispute,0.35097403844777636,land_row_dispute,0.2837393879890442,land_row_dispute,0.6586783566092052,agree,2017-12
The Observer,https://observer.ug/news/land-probe-runs-into-anti-asian-feelings/,2017-12-13,Land probe runs into anti-Asian feelings,"In Mubende district, central Uganda, Asian businessman, Abid Alam, has run into trouble with the commission over alleged violent eviction of thousands in Bukoba district.",True,land_row_dispute,land_row_dispute,0.311176596702456,contract_management_failure,0.25238317251205444,land_row_dispute,0.5,content_preferred,2017-12
The Observer,https://observer.ug/news/govt-should-only-seize-idle-land-alur-premier/,2017-08-02,Govt should only seize idle land – Alur premier,"Government tabled to parliament the Constitutional Amendment Bill 2017, which seeks to give it powers to acquire private land for infrastructure projects without being bogged down by compensation issues. “Many people depend on their land for livelihood.",True,land_row_dispute,land_row_dispute,0.39762752558254677,land_row_dispute,0.30554449558258057,land_row_dispute,0.6757930052912818,agree,2017-08
The Observer,https://observer.ug/news/govt-should-only-seize-idle-land-alur-premier/,2017-08-02,Govt should only seize idle land – Alur premier,"So, if you take it away before compensating them or if you give them little compensation, what do you want them to do,” Ochaya said. “I think government should consider this only on land that is idle and not so much economically important to the owner.” Alur kingdom covers the West Nile districts of Nebbi, Pakwach, Zombo and some parts of Eastern Democratic Republic of Congo.",True,land_row_dispute,land_row_dispute,0.41327311110422316,land_row_dispute,0.22714367508888245,land_row_dispute,0.6601041965482763,agree,2017-08
The Observer,https://observer.ug/news/govt-should-only-seize-idle-land-alur-premier/,2017-08-02,Govt should only seize idle land – Alur premier,"On Monday, Buganda Katikkiro Charles Peter Mayiga asked government not to amend land laws but, instead, form a special court to solve compensation disputes.",True,land_row_dispute,land_row_dispute,0.28850150687092685,land_row_dispute,0.36500534415245056,land_row_dispute,0.6633767127558443,agree,2017-08
The Observer,https://observer.ug/business/ugandans-getting-poorer-states-pwc-expert-report/,2017-09-22,"Ugandans getting poorer, states PWC expert report","Whereas government maintains that only 19.7 per cent (seven million) of Ugandans are below the poverty line, analysts claim that as many as 70 per cent of Ugandans are vulnerable and occasionally fall below the poverty line depending on the season.",True,,land_row_dispute,0.05210897649304754,governance_oversight_failure,0.13822075724601746,land_row_dispute,0.5,content_preferred,2017-09
The Observer,https://observer.ug/business/ugandans-getting-poorer-states-pwc-expert-report/,2017-09-22,"Ugandans getting poorer, states PWC expert report","PWC says the National Development Plan II prioritization on agriculture, tourism, infrastructure, mineral, oil and gas and human capital development was meant to ensure that the economy grows.",True,,land_row_dispute,0.20903625431689976,delay_time_overrun,0.14417198300361633,land_row_dispute,0.5,content_preferred,2017-09
The Observer,https://observer.ug/business/ugandans-getting-poorer-states-pwc-expert-report/,2017-09-22,"Ugandans getting poorer, states PWC expert report",It found that the richest 10 per cent of the population enjoy 35.7 per cent of national income while the poorest 10 per cent claim a meagre 2.5 per cent.,True,,quality_technical_defect,0.0,payment_financial_dispute,0.04680619388818741,quality_technical_defect,0.5,content_preferred,2017-09
The Observer,https://observer.ug/business/ugandans-getting-poorer-states-pwc-expert-report/,2017-09-22,"Ugandans getting poorer, states PWC expert report","PWC said the long drought of 2016 affected agricultural output, tight financial conditions saw private businesses struggle to get loans while slow implementation of government infrastructure projects has delayed the realization of the economic benefits expected from these investments. amwesigwa@observer.ug",True,delay_time_overrun,delay_time_overrun,0.39843176976505945,delay_time_overrun,0.278276264667511,delay_time_overrun,0.6691770086081426,agree,2017-09
The Observer,https://observer.ug/news/mps-why-budget-is-good-bad-for-uganda/,2017-06-12,"MPs: Why budget is good, bad for Uganda",Aruu South MP Samuel Odonga Otto (FDC) said the budget speech was simply a collection of many good speeches. “The only good thing I got from it is the idea of renegotiating a loan to fund Bujagali hydroelectricity dam.,True,,quality_technical_defect,0.13735565374833414,land_row_dispute,0.15570306777954102,quality_technical_defect,0.5,content_preferred,2017-06
The Observer,https://observer.ug/news/mps-why-budget-is-good-bad-for-uganda/,2017-06-12,"MPs: Why budget is good, bad for Uganda","Limestone is transported to Tororo cement factory but there is no plan in this budget that shows how the people of Karamoja will benefit from the limestone extracted from Karamoja, as well as other minerals,” he added.",True,,land_row_dispute,0.3469731307573783,delay_time_overrun,0.09228989481925964,land_row_dispute,0.5,content_preferred,2017-06
The Observer,https://observer.ug/news/mugambe-s-judgement-wins-people-s-choice-global-award/,2017-06-07,Mugambe’s judgement wins people’s choice global award,As such she awarded the couple Shs 85 million in compensation.,True,land_row_dispute,land_row_dispute,0.49451920095502017,procurement_irregularity,0.2553333640098572,land_row_dispute,0.5,content_preferred,2017-06
The Observer,https://observer.ug/news/who-is-kyuma-kya-yesu-mp-simeo-s-foe/,2017-10-20,"Who is Kyuma kya Yesu, MP Simeo’s foe?",The force only paid for two of these multimillion shilling gadgets despite a promise of full compensation by Inspector General of Police Kale Kayihura.,True,land_row_dispute,land_row_dispute,0.26448229240603655,procurement_irregularity,0.3049721419811249,land_row_dispute,0.5,content_preferred,2017-10
The Observer,https://observer.ug/news/who-is-kyuma-kya-yesu-mp-simeo-s-foe/,2017-10-20,"Who is Kyuma kya Yesu, MP Simeo’s foe?",But I shall stay in the struggle until we defeat this life presidency project.” bakerbatte@observer.ug,True,,delay_time_overrun,0.3421976118131893,governance_oversight_failure,0.145180344581604,delay_time_overrun,0.5,content_preferred,2017-10
The Observer,https://observer.ug/news/buganda-to-govt-don-t-amend-land-laws-set-up-special-court/,2017-07-31,"Buganda to govt: don’t amend land laws, set up special court","In the bill, government proposes acquisition of private land for government infrastructural developments and projects without being bogged down by compensation issues and delays.",True,delay_time_overrun,delay_time_overrun,0.4389409305685172,land_row_dispute,0.38597989082336426,delay_time_overrun,0.5,content_preferred,2017-07
The Observer,https://observer.ug/news/buganda-to-govt-don-t-amend-land-laws-set-up-special-court/,2017-07-31,"Buganda to govt: don’t amend land laws, set up special court","Because of its importance, we don’t want government to take it away from people forcefully without compensation,” Mayiga said.",True,land_row_dispute,land_row_dispute,0.45960271008445513,land_row_dispute,0.22448769211769104,land_row_dispute,0.6710226005505365,agree,2017-07
The Observer,https://observer.ug/news/buganda-to-govt-don-t-amend-land-laws-set-up-special-court/,2017-07-31,"Buganda to govt: don’t amend land laws, set up special court","He added; “What we propose is for government to pay compensation to land owners before taking their land and in cases where compensation disputes come up, a special court must be set up to solve these issues.” Mayiga said that for the proposed special court to work; it must be efficient, independent and able to deliver timely rulings and this will enable government projects move at a progressive pace.",True,land_row_dispute,land_row_dispute,0.41559438192853143,land_row_dispute,0.3559299409389496,land_row_dispute,0.6928810807168703,agree,2017-07
The Observer,https://observer.ug/news/buganda-to-govt-don-t-amend-land-laws-set-up-special-court/,2017-07-31,"Buganda to govt: don’t amend land laws, set up special court","On the part of government, Prime Minister Ruhakana Rugunda, who represented President Yoweri Museveni at the ceremony told the gathering that government will consider proposals from various sectors in regards to the proposed land amendment. “There are two main reasons why government has made these proposals, we want to stop the long delays in developing government projects,” Rugunda said. “These delays also increase the costs of the project we spend more money on projects for which we planned to use little.",True,delay_time_overrun,delay_time_overrun,0.3221951730379375,delay_time_overrun,0.3133561611175537,delay_time_overrun,0.6588878335388728,agree,2017-07
The Observer,https://observer.ug/news/iuiu-medical-school-increases-tuition/,2017-11-23,IUIU Medical School increases tuition,The striking doctors claim they are being pay lowly compared to the education investment they incur for the profession.,True,,land_row_dispute,0.19652152031548967,contract_management_failure,0.2584814727306366,land_row_dispute,0.5,content_preferred,2017-11
The Observer,https://observer.ug/news/court-dismisses-katosi-road-fraud-suspect-senkeeto-application/,2017-12-06,Court dismisses Katosi road suspect Senkeeto’s application,"Justice Gidudu, repeated that the Constitutional court in the judgments of Jim Muhwezi and 3 others of 2008 Vs the Attorney General and that of Syston Kekurutso and another Vs Attorney General of 2007 concluded that the IGG has powers to prosecute private individuals who have allegedly committed corruption offences in conjunction with public officials. “Once the Constitutional court has interpreted the Constitution, the cases which are similar are equally dealt with,” Justice Gidudu ruled, “I’m unable to refer this case to the Constitutional court since the applicant hasn’t met the bench mark upon which I can grant the application.” In the case, Abraham Byandala, the former minister for works and transport, is charged with abuse of office, disobedience of lawful orders and influence-peddling.",True,,delay_time_overrun,0.32102829040833425,contract_management_failure,0.2770996391773224,delay_time_overrun,0.5,content_preferred,2017-12
The Observer,https://observer.ug/news/court-dismisses-katosi-road-fraud-suspect-senkeeto-application/,2017-12-06,Court dismisses Katosi road suspect Senkeeto’s application,"Senkeeto, who introduced himself as the country representative of Eutaw, and Isaac Mugote, a former Housing Finance bank employee, are accused of aiding Eutaw to forge a bid security document that helped the company win the contract.",True,,procurement_irregularity,0.18864395733078249,payment_financial_dispute,0.23231562972068787,procurement_irregularity,0.5,content_preferred,2017-12
The Observer,https://observer.ug/news/dp-to-honour-ben-kiwanuka-with-a-multibillion-building/,2017-05-29,DP to honour Ben Kiwanuka with a multibillion building,"Uganda’s oldest political party, the Democratic Party (DP), is set to start the construction of a multi-billion shilling headquarters in Kampala, its president general, Norbert Mao, has said.",True,,delay_time_overrun,0.24788743352896986,land_row_dispute,0.0729861781001091,delay_time_overrun,0.5,content_preferred,2017-05
The Observer,https://observer.ug/news/dp-to-honour-ben-kiwanuka-with-a-multibillion-building/,2017-05-29,DP to honour Ben Kiwanuka with a multibillion building,"Speaking to The Observer in Gulu municipality on Thursday, Mao said construction of the building will start in July this year.",True,,delay_time_overrun,0.3856259344310354,delay_time_overrun,0.14359715580940247,delay_time_overrun,0.6323057725601094,agree,2017-05
The Observer,https://observer.ug/news/dp-to-honour-ben-kiwanuka-with-a-multibillion-building/,2017-05-29,DP to honour Ben Kiwanuka with a multibillion building,"According to Mao, DP has allocated more than Shs 6 billion towards the construction of the five-storied structure on a land secured by former DP leaders in Lubaga division.",True,,land_row_dispute,0.3572670100231333,land_row_dispute,0.15579697489738464,land_row_dispute,0.6282659962301295,agree,2017-05
The Observer,https://observer.ug/news/dp-to-honour-ben-kiwanuka-with-a-multibillion-building/,2017-05-29,DP to honour Ben Kiwanuka with a multibillion building,"Mao said the construction of a permanent home for DP will boost the administration of the party, since all leaders can be accommodated in a centralized location and all decisions taken after consultations with all representatives.",True,,procurement_irregularity,0.3636092610907616,land_row_dispute,0.09328147023916245,procurement_irregularity,0.5,content_preferred,2017-05
The Observer,https://observer.ug/news/dp-to-honour-ben-kiwanuka-with-a-multibillion-building/,2017-05-29,DP to honour Ben Kiwanuka with a multibillion building,"Without indicating how long the construction will take, Mao added that the party will dedicate a floor to the women league leadership, another floor to the youth and other offices for the executive leaders.",True,,delay_time_overrun,0.15419803798857856,delay_time_overrun,0.21337458491325378,delay_time_overrun,0.5918931557254581,agree,2017-05
The Observer,https://observer.ug/news/man-who-demarcated-rwenzori-national-park-dies-in-kasese/,2017-04-19,Man who demarcated Rwenzori national park dies in Kasese,"As a lead surveyor, he instructed his workers to plant trees along the entire 996 square kilometre boundary across the current districts of Kasese, Kabarole, Ntoroko and Bundibugyo.",True,,land_row_dispute,0.1918251272796458,delay_time_overrun,0.14285364747047424,land_row_dispute,0.5,content_preferred,2017-04
The Observer,https://observer.ug/news/ulc-boss-gov-t-will-repossess-jinja-property-from-movit-tycoon/,2017-08-09,ULC boss: gov’t will repossess Jinja property from Movit tycoon,"It’s headed; ‘Controversy surrounding the eviction of tenants and demolition of a government building on plot 60 to 62 Alidina road in Jinja.’ Now, what is pertinent to the letter of the PS is the following: The PS said the original file was not available, instead, a back-up file was availed to me [that is to PS] by the registrar ULC.",True,land_row_dispute,land_row_dispute,0.2540265549239045,land_row_dispute,0.1991795301437378,land_row_dispute,0.6133015212669106,agree,2017-08
The Observer,https://observer.ug/news/ulc-boss-gov-t-will-repossess-jinja-property-from-movit-tycoon/,2017-08-09,ULC boss: gov’t will repossess Jinja property from Movit tycoon,"Isoke: “Immediate actions; Investigate and punish some government officials whose omissions and commissions directly or indirectly aided the fraudulent acquisition of a lease by Mr Birungi, eviction of bona fide tenants on plot 60 to 62 Alidina road and the demolition of a building thereon.” Byenkya: So, that would have been relevant to some of your officers.",True,land_row_dispute,land_row_dispute,0.277749531877209,procurement_irregularity,0.27242571115493774,land_row_dispute,0.5,content_preferred,2017-08
The Observer,https://observer.ug/news/ulc-boss-gov-t-will-repossess-jinja-property-from-movit-tycoon/,2017-08-09,ULC boss: gov’t will repossess Jinja property from Movit tycoon,"Isoke: “Immediate action number five; Government should verify and recognize the bona fide tenants on its property plot 60 to 62 Alidina road and should also provide legal aid to those bona fide tenants to pursue compensation from Mr Birungi for the losses they suffered during their eviction and demolition of the property… Cabinet agreed that the following officers should be investigated further to establish their role in the eviction of tenants and demolition of government building: Mr Paul Idude (principal land officer, ULC), Mr Emmanuel Olauna (undersecretary, ministry of Lands, Housing and Urban Development), [the late] Andrew Felix Kaweesi (assistant inspector general of police), ACP Julius Twinomujuni (commander Land Protection Unit), SP Edgar Nyabongo (RPC Kiira region), SP Apollo Kateeba (DPC Jinja), ASP Felix Mugizi (OC Jinja police station).” Byenkya: But what would come to our attention now is that these officers just appeared before this commission yet cabinet had considered immediate actions against them.",True,land_row_dispute,land_row_dispute,0.3173998921563753,contract_management_failure,0.2437763810157776,land_row_dispute,0.5,content_preferred,2017-08
The Observer,https://observer.ug/business/can-uganda-attract-chinese-tourists/,2017-10-20,Can Uganda attract Chinese tourists?,"But now, with Albatross Travel and Safaris, he only works as a part-time consultant with Smart Telecom.",True,,land_row_dispute,0.3428102154651279,governance_oversight_failure,0.1306561529636383,land_row_dispute,0.5,content_preferred,2017-10
The Observer,https://observer.ug/business/can-uganda-attract-chinese-tourists/,2017-10-20,Can Uganda attract Chinese tourists?,"So, even as she works to open the borders to the tourists from the East, Rwese wants to remain cautious.",True,,contract_management_failure,0.2628163774393464,delay_time_overrun,0.11802109330892563,contract_management_failure,0.5,content_preferred,2017-10
The Observer,https://observer.ug/news/kasese-leaders-in-chorus-for-peace-at-end-of-year-prayers/,2017-01-04,Kasese leaders in chorus for peace at end-of-year prayers,"Earlier during the prayers, the chairperson of the interfaith committee, Rev Ezra Yongeza Mukonzo, had attributed the unrest in the Rwenzori region to the art and works of the devil.",True,,delay_time_overrun,0.260333376721711,land_row_dispute,0.14378033578395844,delay_time_overrun,0.5,content_preferred,2017-01
The Observer,https://observer.ug/news/some-media-challenges-are-self-inflicted-acme/,2017-05-03,Some media challenges are self-inflicted – ACME,"The goal would be to ensure a self-regulatory mechanism that works and is respected and recognised by media players; otherwise, the media industry is going to become chaotic.",True,,procurement_irregularity,0.2781339506072319,contract_management_failure,0.13688749074935913,procurement_irregularity,0.5,content_preferred,2017-05
The Observer,https://observer.ug/news/govt-hires-experts-to-improve-animal-breeding/,2018-08-03,Govt hires experts to improve animal breeding,"Lagu said the centre continues to lobby for support from government to increase funding to support this initiative expected to cost trillions of shillings training of staff, importing good genetic material, semen, embryos and building infrastructure in all the regions.",True,,land_row_dispute,0.364751238919207,land_row_dispute,0.1738344430923462,land_row_dispute,0.6346464205028883,agree,2018-08
The Observer,https://observer.ug/news/mps-question-defence-officials-on-ldu-recruitment/,2018-09-27,MPs question Defence officials on LDU recruitment,"In March, while meeting a group of crime preventers at Lugogo indoor stadium in Kampala, President Museveni announced that the crime preventers who were initially under police will be integrated into the UPDF.",True,,governance_oversight_failure,0.24155496730822681,land_row_dispute,0.07026446610689163,governance_oversight_failure,0.5,content_preferred,2018-09
The Observer,https://observer.ug/news/mps-question-defence-officials-on-ldu-recruitment/,2018-09-27,MPs question Defence officials on LDU recruitment,"For long, crime preventers had been seen as former police chief Kale Kayihura project, whose first recruitment kicked off in 2013 under their umbrella body, National Crime Preventers Forum (NCPF).",True,,delay_time_overrun,0.11231351237377184,land_row_dispute,0.156192809343338,delay_time_overrun,0.5,content_preferred,2018-09
The Observer,https://observer.ug/news/kadaga-wants-road-safety-included-in-national-curriculum/,2018-05-20,Kadaga wants road safety included in national curriculum,"Launching a legislative action plan on road safety on Friday aimed at curbing road carnage in the country, Kadaga wondered whether teachers still had time to teach children how to cross roads. “In my [primary] school [Shimoni demonstration] which is now a construction site, we were taught how to cross a road.",True,,land_row_dispute,0.3644802229252911,delay_time_overrun,0.22758749127388,land_row_dispute,0.5,content_preferred,2018-05
The Observer,https://observer.ug/news/kadaga-wants-road-safety-included-in-national-curriculum/,2018-05-20,Kadaga wants road safety included in national curriculum,"In March 2015, government signed a contract with a Swiss company Societe Generale De Surveillance (SGS) to routinely inspect vehicles, largely to get cars in poor mechanical condition off the roads and reduce accidents.",True,,delay_time_overrun,0.3602156011804528,payment_financial_dispute,0.25472378730773926,delay_time_overrun,0.5,content_preferred,2018-05
The Observer,https://observer.ug/news/kadaga-wants-road-safety-included-in-national-curriculum/,2018-05-20,Kadaga wants road safety included in national curriculum,"However, the number of vehicles and boda-bodas taken for inspection have reduced following parliament’s resolution to investigate the company’s contract terms.",True,,contract_management_failure,0.3673855268992303,payment_financial_dispute,0.23926156759262085,contract_management_failure,0.5,content_preferred,2018-05
The Observer,https://observer.ug/news/kadaga-wants-road-safety-included-in-national-curriculum/,2018-05-20,Kadaga wants road safety included in national curriculum,The parliamentary forum on road safety indicated that the implementation of road safety legislative action plan in conjunction with the World Bank group would address legislative issues regarding the institutionalized management of road safety issues.,True,,land_row_dispute,0.33789782682898967,governance_oversight_failure,0.22736914455890656,land_row_dispute,0.5,content_preferred,2018-05
The Observer,https://observer.ug/news/african-leaders-meet-for-last-push-on-au-reforms/,2018-11-15,African leaders meet for ‘last push’ on AU reforms,"A diplomat who works with the AU said Egypt has publicly backed the reforms but likely would concentrate on different aspects than Kagame, such as security and post-conflict reconstruction. “No one’s particularly hopeful that the summit is going to resolve anything, but you might see a few decisions,” the diplomat said.",True,,procurement_irregularity,0.4227010672828678,governance_oversight_failure,0.2221534252166748,procurement_irregularity,0.5,content_preferred,2018-11
The Observer,https://observer.ug/news/how-bagyenda-solely-sold-off-gtb-to-dfcu/,2018-12-07,How Bagyenda solely sold off GTB to Dfcu,Bagyenda confirmed that there was no procurement process followed and no existing bid document.,True,procurement_irregularity,procurement_irregularity,0.4577439265192619,procurement_irregularity,0.4180265963077545,procurement_irregularity,0.7189426307067541,agree,2018-12
The Observer,https://observer.ug/news/how-bagyenda-solely-sold-off-gtb-to-dfcu/,2018-12-07,How Bagyenda solely sold off GTB to Dfcu,"She admitted that no procurement process was undertaken or any bid documents submitted #BOUProbe #BOUCrisis #banking pic.twitter.com/b3oVpnYWEW — The Observer (@observerug) December 7, 2018",True,procurement_irregularity,procurement_irregularity,0.3456253888979778,procurement_irregularity,0.41903549432754517,procurement_irregularity,0.6911652208063808,agree,2018-12
The Observer,https://observer.ug/news/korea-commits-10m-towards-clean-water-sanitation-in-karamoja/,2018-04-26,"Korea commits $10m towards clean water, sanitation in Karamoja","As part of the project, local government leaders in the respective districts will receive mindset change training at KOICA’s National Farmers Leadership Center in Mpigi and in Korea.",True,,delay_time_overrun,0.2034232719216704,governance_oversight_failure,0.12501931190490723,delay_time_overrun,0.5,content_preferred,2018-04
The Observer,https://observer.ug/business/oil-can-local-companies-measure-up-to-standards/,2018-11-07,Oil: Can local companies measure up to standards?,"Several companies that are listed in the national suppliers’ database appear as Ugandan companies but their websites show that their incorporation is in Europe and the USA which defeats the intent of the law. “The policy should be beneficial to an average Ugandan, better still, its implementation should be tailored to benefit the local people, say in Buliisa, who are affected by the negative impacts of the exploration of oil,” Twesigye said.",True,,land_row_dispute,0.2583283194485197,governance_oversight_failure,0.14752525091171265,land_row_dispute,0.5,content_preferred,2018-11
The Observer,https://observer.ug/business/oil-can-local-companies-measure-up-to-standards/,2018-11-07,Oil: Can local companies measure up to standards?,Oil and gas companies are now mainly adhering to the local content requirements through their procurement of goods and services.,True,procurement_irregularity,procurement_irregularity,0.3618284599593397,quality_technical_defect,0.14552640914916992,procurement_irregularity,0.5,content_preferred,2018-11
The Observer,https://observer.ug/business/oil-can-local-companies-measure-up-to-standards/,2018-11-07,Oil: Can local companies measure up to standards?,"One of the first groups to respond to the call is Uganda Insurers Association (UIA) with the formation of the Oil & Gas Co-Insurance Syndicate, a consortium of 14 Ugandan registered companies that are targeting the high-risk liabilities, heavy intensive machinery, and the East African Crude Oil Pipeline, among others. “Oil and gas is capital-intensive.",True,,procurement_irregularity,0.16425891597035855,contract_management_failure,0.2116001844406128,procurement_irregularity,0.5,content_preferred,2018-11
The Observer,https://observer.ug/business/oil-can-local-companies-measure-up-to-standards/,2018-11-07,Oil: Can local companies measure up to standards?,"It is estimated that during the peak period of field development, construction of the oil refinery and pipeline, the workforce requirement will be 161,700 jobs of which, about 14,000 will be direct jobs while 42,700 will be indirect and 105,000 induced jobs.",True,,land_row_dispute,0.3730380011229488,delay_time_overrun,0.13091683387756348,land_row_dispute,0.5,content_preferred,2018-11
The Observer,https://observer.ug/news/gov-t-report-ugandan-boats-are-death-traps/,2018-11-28,Gov’t report: Ugandan boats are death traps,"Most of the boats, the report says, that transport between six to eight million people annually are informal, mainly modeled by local fishermen and can hardly meet safety standards. “Overall navigation on Ugandan water bodies remains risky,” says the government report signed by Minister of Works and Transport Monica Azuba Ntege. “This is largely because over 90% of the vessels are of traditional build and our water bodies lack hydrographical and bathymetrical charts, except those that were conducted on Lake Victoria charted in 1901.” “The charts on Lake Victoria are too old to be relied on for safe navigation especially around populated islands.” The report also found that in the year under review, the ministry could only inspect 78 of the 100 known formal vessels (ferries etc.) in the whole country.",True,,delay_time_overrun,0.297158219273927,delay_time_overrun,0.12088292837142944,delay_time_overrun,0.6045102869113391,agree,2018-11
The Observer,https://observer.ug/news/gov-t-report-ugandan-boats-are-death-traps/,2018-11-28,Gov’t report: Ugandan boats are death traps,"The report by the ministry of Works and Transport perhaps gives an insightful glimpse into why disasters like the one on Saturday, which killed at 32 people, were a bubble waiting to explode.",True,,land_row_dispute,0.18501454078545987,delay_time_overrun,0.114010289311409,land_row_dispute,0.5,content_preferred,2018-11
The Observer,https://observer.ug/news/gov-t-report-ugandan-boats-are-death-traps/,2018-11-28,Gov’t report: Ugandan boats are death traps,"It shows that in the year under review, they didn’t have any projects for the water transport division. “The main activities were to review and harmonize maritime legislation, prepare a maritime transport policy, create a maritime administration (regulatory body) and accede to key IMO (International Maritime Organization) conventions to be able to regulate and manage water transport.” The report says that apart from the wagon ferries operated by RVR, and ferries operated by UNRA and Kalangala infrastructure Services (KIS) vessels, the other formal services are, the MV Kalangala, which plies between Nakiwogo near Entebbe and Lutoboka in the Ssese Islands, Lake Bisina Ferry operated by the Government of Uganda, and the Uganda Wildlife Authority vessels on Lake Kyoga, Lake Albert & the River Nile.",True,,delay_time_overrun,0.13689423727966887,land_row_dispute,0.1423439383506775,delay_time_overrun,0.5,content_preferred,2018-11
The Observer,https://observer.ug/news/gov-t-report-ugandan-boats-are-death-traps/,2018-11-28,Gov’t report: Ugandan boats are death traps,"The report decries the need to “regulate and manage the water transport subsector effectively and efficiently through review of the marine laws and regulations, acceding to IMO conventions, setting up a regulatory body to integrate the maritime affairs and maritime training for sustainable development and utilization of the navigable water bodies.” The Works ministry says there is no regulatory institution set up to efficiently and safely regulate the subsector for water transport.",True,,delay_time_overrun,0.3001161146781512,quality_technical_defect,0.15010210871696472,delay_time_overrun,0.5,content_preferred,2018-11
The Observer,https://observer.ug/business/ayo-insurance-to-reward-2-500-loyal-customers/,2018-02-20,"aYo and MTN to reward 2,500 loyal customers",The system works on aYo Recharge with Care and Send with Care to MTN mobile money transfers.,True,,delay_time_overrun,0.2641763260482377,land_row_dispute,0.07057960331439972,delay_time_overrun,0.5,content_preferred,2018-02
The Observer,https://observer.ug/news/no-fundamental-problem-between-uganda-rwanda-museveni/,2018-03-25,No fundamental problem between Uganda & Rwanda – Museveni,"Before this incident, Kagame had skipped the East African Heads of State Summit held in Kampala on February 22 to raise funds for health and infrastructure developments.",True,,delay_time_overrun,0.35619607121424246,delay_time_overrun,0.17975777387619019,delay_time_overrun,0.6339884612726081,agree,2018-03
The Observer,https://observer.ug/news/bobi-wine-now-cleared-to-travel-for-treatment/,2018-08-31,Bobi Wine now ‘cleared’ to travel for treatment,Bobi was on Thursday night blocked from leaving the country as he arrived at Entebbe airport to fly to the US for further treatment.,True,,land_row_dispute,0.24522164192362875,delay_time_overrun,0.0997457355260849,land_row_dispute,0.5,content_preferred,2018-08
The Observer,https://observer.ug/business/africa-s-population-explosion-worries-african-development-bank/,2018-03-09,Africa’s population explosion worries African Development Bank,"To bridge the gap, ensure inclusive growth, and create employment for the continent’s population, the meeting endorsed the AfDB-led African Investment Forum and described it as a timely opportunity to catalyse investments into projects and attract social impact financing to Africa.",True,,quality_technical_defect,0.22888100384828747,delay_time_overrun,0.20552800595760345,quality_technical_defect,0.5,content_preferred,2018-03
The Observer,https://observer.ug/business/cnooc-uganda-takes-oil-and-gas-training-to-grassroots/,2018-06-02,CNOOC Uganda takes oil and gas training to grassroots,"More than 20,000 casual and skilled laborers mainly those with technical skills including welders will be required during the development of the oil production related infrastructure including Kabaale oil refinery and the related crude oil pipeline connecting the refinery to Tanga port in Tanzania, according to the Petroleum Authority of Uganda (PAU).",True,,land_row_dispute,0.3940027480506386,quality_technical_defect,0.1256583333015442,land_row_dispute,0.5,content_preferred,2018-06
The Observer,https://observer.ug/business/sports-the-next-big-thing-for-investors/,2018-11-14,"Sports, the next big thing for investors","Previously, the country had at least two major stadia: Namboole and the Nakibubo stadium in downtown Kampala.",True,,procurement_irregularity,0.277283685739142,delay_time_overrun,0.06283187121152878,procurement_irregularity,0.5,content_preferred,2018-11
The Observer,https://observer.ug/business/sports-the-next-big-thing-for-investors/,2018-11-14,"Sports, the next big thing for investors",It now means the country has got only one major stadium.,True,,procurement_irregularity,0.24749903812482807,quality_technical_defect,0.09967277199029922,procurement_irregularity,0.5,content_preferred,2018-11
The Observer,https://observer.ug/business/sports-the-next-big-thing-for-investors/,2018-11-14,"Sports, the next big thing for investors",The other stadium that comes close to Namboole is Lawrence Mulindwa’s St Mary’s stadium Kitende.,True,,procurement_irregularity,0.16583901693074893,delay_time_overrun,0.051516152918338776,procurement_irregularity,0.5,content_preferred,2018-11
The Observer,https://observer.ug/business/sports-the-next-big-thing-for-investors/,2018-11-14,"Sports, the next big thing for investors",People have to climb trees to catch the game because there are no proper stadium seats.,True,,land_row_dispute,0.4495644918180914,delay_time_overrun,0.10786496102809906,land_row_dispute,0.5,content_preferred,2018-11
The Observer,https://observer.ug/business/sports-the-next-big-thing-for-investors/,2018-11-14,"Sports, the next big thing for investors",I don’t know how profitable St Mary’s stadium is at the moment but I am sure matches played there bring in much more revenue than those played in an open ground in Kawempe or Lugazi.,True,,land_row_dispute,0.1955311424725125,procurement_irregularity,0.15355604887008667,land_row_dispute,0.5,content_preferred,2018-11
The Observer,https://observer.ug/business/sports-the-next-big-thing-for-investors/,2018-11-14,"Sports, the next big thing for investors",The stadium can easily put a value on the most prominent advertising spaces.,True,,land_row_dispute,0.17572378658516102,procurement_irregularity,0.10409659892320633,land_row_dispute,0.5,content_preferred,2018-11
The Observer,https://observer.ug/business/sports-the-next-big-thing-for-investors/,2018-11-14,"Sports, the next big thing for investors","Second, St Mary’s has proper gates and with ticketing technology now freely available, the stadium collects more revenue.",True,,land_row_dispute,0.1992304295952613,delay_time_overrun,0.12076349556446075,land_row_dispute,0.5,content_preferred,2018-11
The Observer,https://observer.ug/business/sports-the-next-big-thing-for-investors/,2018-11-14,"Sports, the next big thing for investors",There are many other income-generating opportunities for a stadium.,True,,land_row_dispute,0.14114805892460972,procurement_irregularity,0.14978158473968506,land_row_dispute,0.5,content_preferred,2018-11
The Observer,https://observer.ug/news/police-foils-people-power-meeting-in-bugweri/,2018-11-01,Police foils People Power meeting in Bugweri,"The meeting was prompted by tension between the JEEMA candidate, Sarah Babirye and Walukamba, who both claim support from the People Power movement led by Kyadondo East MP, Robert Kyagulanyi.",True,,land_row_dispute,0.2855303598039971,land_row_dispute,0.14949055016040802,land_row_dispute,0.6087552274911012,agree,2018-11
The Observer,https://observer.ug/news/denied-pension-serubyale-endures-hunger-for-38-years/,2018-10-31,"Denied pension, Serubyale endures hunger for 38 years","After serving in various construction companies and the Buganda government as an engineer, Serubyale was on January 7, 1957 appointed acting assistant superintendent of works in the then Mengo government.",True,,land_row_dispute,0.3273939141188412,governance_oversight_failure,0.1444648802280426,land_row_dispute,0.5,content_preferred,2018-10
The Observer,https://observer.ug/news/denied-pension-serubyale-endures-hunger-for-38-years/,2018-10-31,"Denied pension, Serubyale endures hunger for 38 years","The acting commissioner for compensation in the ministry of Public Service, Victor Bua, told I recently that Serubyale’s matter can only be addressed if he presents original appointment, confirmation and retirement letters. “We need to establish circumstances under which he was retired, his salary scale and terms and conditions of the job, among others, before we write to the appropriate office to start processing his pension if he deserves it,” Bua said.",True,land_row_dispute,land_row_dispute,0.3735023816303338,procurement_irregularity,0.1647162288427353,land_row_dispute,0.5,content_preferred,2018-10
The Observer,https://observer.ug/news/denied-pension-serubyale-endures-hunger-for-38-years/,2018-10-31,"Denied pension, Serubyale endures hunger for 38 years","Meanwhile, Serubyale is also looking for a one Michael Kabugo who allegedly works with Lubowa-based Joint Clinical Research Centre.",True,,procurement_irregularity,0.2837373692436816,contract_management_failure,0.10773925483226776,procurement_irregularity,0.5,content_preferred,2018-10
The Observer,https://observer.ug/business/sadolin-turn-to-paint-supermarkets-to-promote-products/,2018-01-18,Sadolin turn to ‘paint supermarkets’ to promote products,Nieuwoudt further revealed that the company will also launch their paint manufacturing plant in Namanve in March this year.,True,,procurement_irregularity,0.2565111747521181,delay_time_overrun,0.12173564732074738,procurement_irregularity,0.5,content_preferred,2018-01
The Observer,https://observer.ug/news/mp-zaake-charged-with-treason-released-on-police-bond/,2018-09-03,"MP Zaake charged with treason, released on police bond",Zaake was last week along Kyadondo East MP Robert Kyagulanyi blocked from leaving the country and subsequently arrested at Entebbe airport.,True,,land_row_dispute,0.20604492705859948,delay_time_overrun,0.06988155096769333,land_row_dispute,0.5,content_preferred,2018-09
The Observer,https://observer.ug/business/airtel-lowers-data-prices-in-new-promo/,2018-01-25,Airtel lowers data prices in new promo,An additional 165 sites are under implementation with an objective to enhance rural capacity and coverage thus providing an unmatched internet experience to our customers”.,True,,procurement_irregularity,0.35317061474933137,delay_time_overrun,0.15162308514118195,procurement_irregularity,0.5,content_preferred,2018-01
The Observer,https://observer.ug/news/govt-to-burn-1500-tons-of-expired-drugs/,2018-02-13,Govt to burn 1500 tons of expired drugs,"She said, a collaborative approach has been put in place between Ministry of Health, National Drug Authority (NDA), National Medical Stores (NMS) and Joint Medical Store (JMS) towards successful implementation and execution of this exercise. “NDA has set aside resources to pay the contracted provider to incinerate the expired and obsolete medicines and other health supplies.",True,,procurement_irregularity,0.11689784479627562,contract_management_failure,0.11707480251789093,procurement_irregularity,0.5,content_preferred,2018-02
The Observer,https://observer.ug/news/zimbabwe-court-issues-warrant-to-deepen-grace-mugabe-phd-probe/,2018-03-10,Zimbabwe court issues warrant to deepen Grace Mugabe PhD probe,"Lawyers of the University of Zimbabwe claim that the search warrant is invalid, arguing that some of the demands are in violation of the higher education institute’s ordinances.",True,,land_row_dispute,0.15809939617661706,quality_technical_defect,0.2357708364725113,land_row_dispute,0.5,content_preferred,2018-03
The Observer,https://observer.ug/news/zimbabwe-court-issues-warrant-to-deepen-grace-mugabe-phd-probe/,2018-03-10,Zimbabwe court issues warrant to deepen Grace Mugabe PhD probe,"But Nyagura, in an interview with the Herald, dismissed the lecturers’ claim saying they were “ignorant Messrs and doctors” with no academic capacity to supervise a PhD student.",True,,land_row_dispute,0.20356720022539218,governance_oversight_failure,0.19588495790958405,land_row_dispute,0.5,content_preferred,2018-03
The Observer,https://observer.ug/news/livingstone-sewanyana-revels-in-new-appointment-as-un-expert/,2018-03-28,Livingstone Sewanyana revels in new appointment as UN expert,Suc called upon all states to cooperate with the newly appointed mandate holders in the implementation of their mandates.,True,,governance_oversight_failure,0.29648235494811315,governance_oversight_failure,0.22013910114765167,governance_oversight_failure,0.6291553640239412,agree,2018-03
The Observer,https://observer.ug/news/drop-in-hiv-infections-a-relief-for-campaigners/,2018-06-26,Drop in HIV infections a relief for campaigners,This results drove him to have unprotected sex with multiple partners under the belief that he could not contract the disease.,True,,contract_management_failure,0.2738031899214471,quality_technical_defect,0.12493450939655304,contract_management_failure,0.5,content_preferred,2018-06
The Observer,https://observer.ug/news/un-bribery-fbi-was-tapping-sam-kutesa-emails-phone-calls/,2018-11-15,"UN bribery: FBI was tapping Sam Kutesa emails, phone calls","According to the prosecution, Gadio is expected to testify, in sum and among other things, that (i) the defendant provided $2 million in cash, concealed within a gift box, to the President of Chad in connection with a business meeting in Chad in or about December 2014, (ii) the President refused to accept this obvious bribe, which Gadio understood was connected to the defendant’s interest in business opportunities in Chad, and (iii) the defendant thereafter drafted a letter to the President, purporting to pledge this $2 million to charitable causes, but the defendant appeared to have no interest in doing charitable works in Chad, and indeed, the defendant never asked Gadio about the status of the purported “donation” or made any other reference to the subject.",True,,land_row_dispute,0.12593310229633334,procurement_irregularity,0.2759970426559448,land_row_dispute,0.5,content_preferred,2018-11
The Observer,https://observer.ug/news/police-refutes-reports-of-acp-bakaleke-s-arrest/,2018-02-14,Police refutes reports of ACP Bakaleke’s arrest,More than five senior officers including Bakaleke have been implicated as having obtained the money at gunpoint from the South Koreans who claim they had gone to meet probable gold dealers.,True,,land_row_dispute,0.19180796879158368,procurement_irregularity,0.18779921531677246,land_row_dispute,0.5,content_preferred,2018-02
The Observer,https://observer.ug/news/police-refutes-reports-of-acp-bakaleke-s-arrest/,2018-02-14,Police refutes reports of ACP Bakaleke’s arrest,"Social media reports further indicated that Bakaleke was detained at Railway police in Kampala while other suspects are at Nalufenya in Jinja. “It is indicated that on February 5, Bakaleke received a call from Wanyoto and tipped him that he had investors with large sums of money.",True,,governance_oversight_failure,0.11554347314019424,procurement_irregularity,0.15477588772773743,governance_oversight_failure,0.5,content_preferred,2018-02
The Observer,https://observer.ug/news/police-refutes-reports-of-acp-bakaleke-s-arrest/,2018-02-14,Police refutes reports of ACP Bakaleke’s arrest,"For now, just know that we are still investigating the matter but he is not under arrest.” He further explained that other police officers involved in the case were arrested by the Police Flying Squad at Entebbe airport. nangonzi@observer.ug",True,,land_row_dispute,0.11163520153456347,payment_financial_dispute,0.08994755148887634,land_row_dispute,0.5,content_preferred,2018-02
The Observer,https://observer.ug/business/india-s-tata-assessing-umeme-s-performance/,2018-05-01,India’s Tata assessing Umeme’s performance,"Tata was commissioned by the Electricity Regulatory Authority (ERA) and is to analyse the performance of Umeme, especially its investment in the network.",True,,procurement_irregularity,0.24158775706132135,contract_management_failure,0.14674636721611023,procurement_irregularity,0.5,content_preferred,2018-05
The Observer,https://observer.ug/business/india-s-tata-assessing-umeme-s-performance/,2018-05-01,India’s Tata assessing Umeme’s performance,Tata’s assessment comes at a time when some industry players got the president to cancel Umeme’s contract.,True,,contract_management_failure,0.2543621215886743,procurement_irregularity,0.243165522813797,contract_management_failure,0.5,content_preferred,2018-05
The Observer,https://observer.ug/business/india-s-tata-assessing-umeme-s-performance/,2018-05-01,India’s Tata assessing Umeme’s performance,The process of reviewing Umeme’s contract is critical and nearly everyone should be interested because it ultimately determines how much is paid for electricity.,True,,contract_management_failure,0.31283039540310903,payment_financial_dispute,0.31709903478622437,contract_management_failure,0.5,content_preferred,2018-05
The Observer,https://observer.ug/news/bishop-kisembo-museveni-clash-over-age-limit/,2018-02-10,"Bishop Kisembo, Museveni clash over age limit",Museveni contributed Shs 300 million for the completion of the chapel estimated to cost Shs 3 billion.,True,,land_row_dispute,0.3225843740758544,delay_time_overrun,0.15090951323509216,land_row_dispute,0.5,content_preferred,2018-02
The Observer,https://observer.ug/news/illegal-schools-blame-govt-incompetence-on-imminent-closure/,2018-02-05,Illegal schools blame imminent closure on govt incompetence,"Meanwhile, Zaujja Ndifuna Matovu, the vice chairperson of Fenei, blamed this delay on the huge list of requirements for acquisition of an operational license, thereby hampering them from submitting their documents since they do not yet have all the requirements in place.",True,delay_time_overrun,delay_time_overrun,0.24572637390038124,delay_time_overrun,0.28722959756851196,delay_time_overrun,0.6332389928672233,agree,2018-02
The Observer,https://observer.ug/news/museveni-orders-gov-t-to-switch-to-utl-internet/,2018-01-28,Museveni orders gov’t to switch to UTL internet,The MPs claim the liability is as high as SHs 18.3 billion as of March 2017 and not Shs 10.6 billion as reported by UTL management.,True,,land_row_dispute,0.21172575632152812,payment_financial_dispute,0.28938695788383484,land_row_dispute,0.5,content_preferred,2018-01
The Observer,https://observer.ug/news/museveni-orders-gov-t-to-switch-to-utl-internet/,2018-01-28,Museveni orders gov’t to switch to UTL internet,They also have infrastructure to transmit and store electronic data.,True,,land_row_dispute,0.19062339267931064,delay_time_overrun,0.08410591632127762,land_row_dispute,0.5,content_preferred,2018-01
The Observer,https://observer.ug/news/museveni-orders-gov-t-to-switch-to-utl-internet/,2018-01-28,Museveni orders gov’t to switch to UTL internet,"Recently, NITA-U was accused by an Internal Security Organisation (ISO) whistle blower of inflating its procurement and sale with the aim of fleecing taxpayers.",True,procurement_irregularity,procurement_irregularity,0.3657387426823527,procurement_irregularity,0.23468494415283203,procurement_irregularity,0.6501059217087962,agree,2018-01
The Observer,https://observer.ug/news/museveni-orders-gov-t-to-switch-to-utl-internet/,2018-01-28,Museveni orders gov’t to switch to UTL internet,"According to Obbo, a directive to purchase Internet services would be in violation of the role of ministry of ICT under which NITA-U falls, the lead ministry mandated to implement ICT interventions in Uganda including providing the infrastructure for government data, internet and voice services. “Furthermore”, the SG wrote “rationalization of the ICT services under ICT ministry was based on the decision of cabinet on ICT services utilisation under cabinet minute no.",True,,procurement_irregularity,0.24959933158154032,governance_oversight_failure,0.2051691859960556,procurement_irregularity,0.5,content_preferred,2018-01
The Observer,https://observer.ug/news/museveni-orders-gov-t-to-switch-to-utl-internet/,2018-01-28,Museveni orders gov’t to switch to UTL internet,"261(CT2012). “It is our opinion that the implementation of the directive does not pass the test of NITA Act, regulations and cabinet decision of 2012 that led to the designation of Ministry of ICT through NITA-U as the primary agency in provision of internet services to government.”",True,,land_row_dispute,0.22454594219342508,governance_oversight_failure,0.2071668952703476,land_row_dispute,0.5,content_preferred,2018-01
The Observer,https://observer.ug/news/be-careful-what-you-say-to-your-child/,2018-09-05,Be careful what you say to your child,"The report notes that there should be implementation and enforcement of a protective legal framework, including promulgation of legislation forbidding violent punishment of children by parents, teachers, and others, and laws banning sexual abuse and exploitation of children.",True,,delay_time_overrun,0.3461140587393217,governance_oversight_failure,0.24963802099227905,delay_time_overrun,0.5,content_preferred,2018-09
The Observer,https://observer.ug/news/several-injured-in-another-tragic-accident-in-kiryandongo/,2018-06-10,Several injured in another tragic accident in Kiryandongo,This is the fifth motor tragic accident in three weeks on the stretch of the road between Kiryandongo and Karuma Bridge on Kampala-Gulu highway.,True,,quality_technical_defect,0.18820784478897667,delay_time_overrun,0.19477678835391998,quality_technical_defect,0.5,content_preferred,2018-06
The Observer,https://observer.ug/news/opm-to-splash-shs-5bn-on-workshops-seminars/,2018-05-11,"OPM to splash Shs 5bn on workshops, seminars","Others are: compensation to third parties (Shs 26.4bn), agricultural supplies (Shs 127.7bn), contract staff salaries, including casuals (Shs 10.8bn), short-term consultancy services (Shs 9.2bn) and travel inland (Shs 8.8bn).",True,land_row_dispute,land_row_dispute,0.34498746185621176,payment_financial_dispute,0.2882383167743683,land_row_dispute,0.5,content_preferred,2018-05
The Observer,https://observer.ug/news/opm-to-splash-shs-5bn-on-workshops-seminars/,2018-05-11,"OPM to splash Shs 5bn on workshops, seminars","The prime minister leads government business in parliament and is responsible for the coordination and implementation of government programmes across ministries, departments, and other public institutions.",True,,delay_time_overrun,0.30998496337622256,governance_oversight_failure,0.20084598660469055,delay_time_overrun,0.5,content_preferred,2018-05
The Observer,https://observer.ug/news/opm-to-splash-shs-5bn-on-workshops-seminars/,2018-05-11,"OPM to splash Shs 5bn on workshops, seminars","Next financial year, according to the ministerial statement, general staff will earn Shs 2.4bn while contract staff, including casual labourers, will earn Shs 10.8bn.",True,,procurement_irregularity,0.2270710950418594,payment_financial_dispute,0.20654205977916718,procurement_irregularity,0.5,content_preferred,2018-05
The Observer,https://observer.ug/business/uganda-airlines-plans-burundi-dominance/,2019-10-03,Uganda Airlines plans Burundi dominance,"Uganda and Burundi were the first countries to contribute troops to the African Union Mission in Somalia (AMISOM) and as the state minister for Works, Gen Katumba Wamala, addressed guests at a brief function in Bujumbura, he suggested to the airline’s board to offer concessions to Burundian troops. “For Uganda to show appreciation for the contribution of Ugandan and Burundian troops to the pacification of Somalia, Uganda Airlines should give tickets at a [cheaper] rate for [the two countries’] troops,” Wamala said.",True,,procurement_irregularity,0.41702652676400925,land_row_dispute,0.11422714591026306,procurement_irregularity,0.5,content_preferred,2019-10
The Observer,https://observer.ug/news/egypt-debates-motion-to-extend-presidential-term-limits/,2019-02-05,Egypt debates motion to extend presidential term limits,The motion would give the president the power to appoint top judges and bypass judiciary oversight in vetting draft legislation before it is voted into law.,True,governance_oversight_failure,governance_oversight_failure,0.24391380566364218,contract_management_failure,0.19811533391475677,governance_oversight_failure,0.5,content_preferred,2019-02
The Observer,https://observer.ug/news/egypt-debates-motion-to-extend-presidential-term-limits/,2019-02-05,Egypt debates motion to extend presidential term limits,"Many opposition lawmakers and figures have decried the motion, and critics have taken to social media to reject what they see as an attempt to enshrine an authoritarian government. “Project to amend Egypt’s constitution unfolding & in full throttle,” Nobel Peace Prize winner and former vice president Mohamed ElBaradei, who left Egypt in 2013, tweeted on Monday. “Main features: extending presidential term limit; diminishing judicial and anointing military as the guardian of the state.",True,,governance_oversight_failure,0.27509564418389476,governance_oversight_failure,0.16486048698425293,governance_oversight_failure,0.609989032792037,agree,2019-02
The Observer,https://observer.ug/news/nrm-disowns-nailed-supporter/,2019-09-19,NRM disowns “nailed” supporter,Katoogo isn’t the first person to claim that he has been nailed because of his support for NRM.,True,,land_row_dispute,0.17330687168833125,procurement_irregularity,0.12312722951173782,land_row_dispute,0.5,content_preferred,2019-09
The Observer,https://observer.ug/news/shs-600m-retirement-paycheck-too-little-gen-kasirye-gwanga/,2019-02-06,Shs 600m retirement paycheck too little – Gen Kasirye Gwanga,"“In normal circumstances our country’s economy is bad but when you hear other government officers who did not shed blood stealing billions of shillings and remain untouched, you cannot get content with just millions…I joined the army during Idi Amin’s time [in the 1970s] and for 46 years when you talk of Shs 600m as you claim, it is just peanuts, I will ask for more,” Kasirye Gwanga said.",True,,land_row_dispute,0.33394067539926886,procurement_irregularity,0.1532096415758133,land_row_dispute,0.5,content_preferred,2019-02
The Observer,https://observer.ug/news/activists-want-details-on-kenya-oil-contract-with-chinese-firm/,2019-09-18,Activists want details on Kenya oil contract with Chinese firm,"“The challenge that is ongoing in the sector is a lack of proper disclosure,” said Wanguhu. “So the ministry indicated there was abiding process of the oil but we have not had access to any of the bidding documents, for example on which other companies bid for the oil and how much they bid for the oil so by the time they got ChemChina, which was the eventual buyer, we were asking for a more transparent process of these biddings that we could say the country got the best deal.” Kenya’s principal secretary of petroleum, Andrew Kamau, says the information the government provided on who bought the oil and how much they paid was enough. “It is not a fair comment,” said Kamau. “We told them who bought it, how much they bought for it and the volume.",True,,land_row_dispute,0.42390456440003527,procurement_irregularity,0.3586181104183197,land_row_dispute,0.5,content_preferred,2019-09
The Observer,https://observer.ug/news/activists-want-details-on-kenya-oil-contract-with-chinese-firm/,2019-09-18,Activists want details on Kenya oil contract with Chinese firm,What more would you want?,True,,land_row_dispute,0.1733358014689734,contract_management_failure,0.03390961512923241,land_row_dispute,0.5,content_preferred,2019-09
The Observer,https://observer.ug/news/activists-want-details-on-kenya-oil-contract-with-chinese-firm/,2019-09-18,Activists want details on Kenya oil contract with Chinese firm,You know people have all sort of phobias so I can’t really speak to that.” The ministry was also reluctant to share how much was spent in the oil exploration.,True,,land_row_dispute,0.37450735368471916,procurement_irregularity,0.16039445996284485,land_row_dispute,0.5,content_preferred,2019-09
The Observer,https://observer.ug/news/activists-want-details-on-kenya-oil-contract-with-chinese-firm/,2019-09-18,Activists want details on Kenya oil contract with Chinese firm,China has helped Kenya to build roads and standard gauge railway line running into millions of dollars.,True,,quality_technical_defect,0.0986225435165257,delay_time_overrun,0.16178494691848755,quality_technical_defect,0.5,content_preferred,2019-09
The Observer,https://observer.ug/news/activists-want-details-on-kenya-oil-contract-with-chinese-firm/,2019-09-18,Activists want details on Kenya oil contract with Chinese firm,"Wanguhu says he fears for the future if China will be the primary oil buyer from Kenya. “The challenge is that we have a significant amount of debt that has been accrued to China in the building of infrastructure around the SGR and so its significant when you see that if our oil is going to China then the risk falls that if we are unable to service our debts that we might get into an agreement that might not be suitable for the country,” said Wanguhu .",True,,land_row_dispute,0.2585225895146109,procurement_irregularity,0.16081565618515015,land_row_dispute,0.5,content_preferred,2019-09
The Observer,https://observer.ug/news/activists-want-details-on-kenya-oil-contract-with-chinese-firm/,2019-09-18,Activists want details on Kenya oil contract with Chinese firm,"Hellen Odegi, an oil and gas expert, says history does not favor Kenya when it comes to managing public resources. “The side I would be worried [about] is because of the history we have had in Kenya of misuse of resources, so that we don’t find ourselves facing another issue like what we have seen in the past two-three years, where massive amount of money being lost in counties and national government so that we don’t make money and it’s going to the pocket of two companies only,” said Odegi.",True,,land_row_dispute,0.20049174469632214,governance_oversight_failure,0.1793237179517746,land_row_dispute,0.5,content_preferred,2019-09
The Observer,https://observer.ug/news/activists-want-details-on-kenya-oil-contract-with-chinese-firm/,2019-09-18,Activists want details on Kenya oil contract with Chinese firm,"Kenya currently produces about 2,000 barrels of oil per day.",True,,land_row_dispute,0.2877157796537989,delay_time_overrun,0.03334295377135277,land_row_dispute,0.5,content_preferred,2019-09
The Observer,https://observer.ug/news/activists-want-details-on-kenya-oil-contract-with-chinese-firm/,2019-09-18,Activists want details on Kenya oil contract with Chinese firm,"Last month, oil explorer Tullow said that production could rise to 100,000 barrels per day by 2024.",True,,land_row_dispute,0.19210108603535472,delay_time_overrun,0.14003850519657135,land_row_dispute,0.5,content_preferred,2019-09
The Observer,https://observer.ug/business/lato-initiative-to-offer-free-medical-surgeries-to-disabled-children/,2019-04-16,Lato initiative to offer free medical surgeries to disabled children,"The first phase of the project which started in October 2018 and which will run for 12 months is targeted to raise funds to perform 150 surgeries, of which 20 surgeries have already been successfully done.",True,,delay_time_overrun,0.2147007500315328,delay_time_overrun,0.2701044976711273,delay_time_overrun,0.6212013119256651,agree,2019-04
The Observer,https://observer.ug/news/police-clears-unra-night-repairs-on-jinja-highway/,2019-07-12,Police clears UNRA night repairs on Jinja highway,Ssali also explained that the New Nile Bridge that was being reworked on following the peeling off of waterproof surface that happened four months after its commissioning is complete.,True,quality_technical_defect,quality_technical_defect,0.1933741574921216,quality_technical_defect,0.2123904824256897,quality_technical_defect,0.6014411599794528,agree,2019-07
The Observer,https://observer.ug/news/murder-in-mukono-police-fails-to-arrest-its-own/,2019-01-15,Murder in Mukono: police fails to arrest their own,"The dispute of Kigaya Golomola land in Buikwe went up to the Justice Catherine Bamugemereire-led Land Commission, which summoned to Kibuule to explain how he obtained the disputed land.",True,,land_row_dispute,0.38878905999084956,land_row_dispute,0.3184974789619446,land_row_dispute,0.6768216347381986,agree,2019-01
The Observer,https://observer.ug/news/uganda-embassy-land-in-addis-ababa-grabbed/,2019-11-27,Uganda Embassy land in Addis Ababa grabbed,"In the June 2018 report, the auditor general says “I observed that GOU delayed fulfilling the conditions of the offer resulting in part of this land being re-allocated to a private developer thus affecting the embassy’s construction plan.” He said interviews held with the Uganda Embassy staff revealed that the remaining land may not be enough for the intended development.",True,delay_time_overrun,delay_time_overrun,0.4073935954116617,delay_time_overrun,0.27402663230895996,delay_time_overrun,0.6703550569301554,agree,2019-11
The Observer,https://observer.ug/business/maganga-transforming-food-delivery-in-kampala/,2019-12-18,Maganga transforming food delivery in Kampala,"Confident with its restaurant listings and delivery infrastructure, Food911 will focus on more advertising and publicity.",True,,delay_time_overrun,0.23263458596855996,delay_time_overrun,0.1233164519071579,delay_time_overrun,0.5889877594689295,agree,2019-12
The Observer,https://observer.ug/news/museveni-blasts-ura-for-failing-manufacturers/,2019-10-08,Museveni blasts URA for failing manufacturers,The tax body writes on its website that unnecessary delay to refund VAT should attract a 2% monthly fine on its part.,True,delay_time_overrun,delay_time_overrun,0.2837617086256072,payment_financial_dispute,0.1833459585905075,delay_time_overrun,0.5,content_preferred,2019-10
The Observer,https://observer.ug/news/mugagga-survives-sex-probe-retires/,2019-01-30,"Mugagga survives sex probe, retires","Even after the file was closed, we called people who had recorded statements like Egesa and communicated the DPP’s response.” He added: “You cannot claim that Mugagga sexually assaulted you but again fail to come and give evidence against him.",True,,land_row_dispute,0.20037435852460633,contract_management_failure,0.184790700674057,land_row_dispute,0.5,content_preferred,2019-01
The Observer,https://observer.ug/news/mugagga-survives-sex-probe-retires/,2019-01-30,"Mugagga survives sex probe, retires","Under the then ministry permanent secretary Francis Xavier Lubanga, Mugagga was transferred to Lubiri SS where he spent three years and was moved to Kibuli SS where his tenure ended on a low note last year. “I WILL MISS KIBULI” As he prepares to officially tender in his retirement letter, Mugagga said he has dedicated a lot of time to transforming the school but didn’t get a chance to accomplish his dream. “If Kibuli ever drops in sports and academic performance, I will feel so bad,” he said.",True,,procurement_irregularity,0.41804194724406907,delay_time_overrun,0.11030811816453934,procurement_irregularity,0.5,content_preferred,2019-01
The Observer,https://observer.ug/business/trade-standards-translated-into-luganda-to-boost-fish-sector/,2019-08-07,Trade standards translated into Luganda to boost fish sector,"Holloway added; “This was a18-month pilot project …we are not providing new standards but we are encouraging Commonwealth countries to have standards that would enable them trade among themselves.” The process involved capacity building on how standards work, laboratory management training, assisting fish folks market and set prices as well as tell them where the markets are.",True,,procurement_irregularity,0.3184024783441051,quality_technical_defect,0.2401677668094635,procurement_irregularity,0.5,content_preferred,2019-08
The Observer,https://observer.ug/news/drones-deliver-medical-supplies-in-ghana/,2019-05-26,Drones deliver medical supplies in Ghana,"Combined, they will provide deliveries to 2,000 health facilities serving 12 million people, making up to 600 delivery flights a day on behalf of the Ghanaian government, under a contract worth $12.5 million over four years.",True,,land_row_dispute,0.2475645500617905,delay_time_overrun,0.1448899507522583,land_row_dispute,0.5,content_preferred,2019-05
The Observer,https://observer.ug/news/cancer-machine-closed-for-servicing/,2019-09-30,Cancer machine closed for servicing,"In an earlier interview, Dr Daniel Kanyike who heads radiotherapy at the institute said the machine works 24/7 every Monday to Friday and can treat 80 patients per day.",True,,delay_time_overrun,0.3588679780397139,delay_time_overrun,0.11245992034673691,delay_time_overrun,0.6178319745966127,agree,2019-09
The Observer,https://observer.ug/news/fdc-unbothered-by-poll-placing-bobi-wine-ahead-of-besigye/,2019-05-06,FDC ‘unbothered’ by poll placing Bobi Wine ahead of Besigye,Those official figures have always been disputed by Besigye and FDC who still claim that they were rigged out by Museveni and his party.,True,,land_row_dispute,0.1041769429595106,payment_financial_dispute,0.2489786446094513,land_row_dispute,0.5,content_preferred,2019-05
The Observer,https://observer.ug/news/fdc-unbothered-by-poll-placing-bobi-wine-ahead-of-besigye/,2019-05-06,FDC ‘unbothered’ by poll placing Bobi Wine ahead of Besigye,"For instance, they have been part of an ongoing discussion on drafting regulations that will guide the implementation of the Public Order Management Act (POMA), 2013.",True,,land_row_dispute,0.2142435885589327,contract_management_failure,0.24904128909111023,land_row_dispute,0.5,content_preferred,2019-05
The Observer,https://observer.ug/business/nssf-offers-amnesty-to-defaulters/,2019-02-14,NSSF offers amnesty to defaulters,"Byarugaba said employers that do not take advantage of the amnesty window risk court action to recover the arrears, the penalty and interest accrued. “Litigation is our last resort.",True,,land_row_dispute,0.35011401437326756,contract_management_failure,0.2600191533565521,land_row_dispute,0.5,content_preferred,2019-02
The Observer,https://observer.ug/news/makerere-wins-shs-5bn-from-google-to-monitor-urban-air-quality/,2019-05-09,Makerere wins Shs 5bn from Google to monitor urban air quality,"Under the project dubbed AirQo, the department of computer science aims to develop low-cost tools and methods that can be used by city and regulatory authorities to do regular monitoring of air quality in urban areas.",True,,governance_oversight_failure,0.30436379830087235,quality_technical_defect,0.08610546588897705,governance_oversight_failure,0.5,content_preferred,2019-05
The Observer,https://observer.ug/news/makerere-wins-shs-5bn-from-google-to-monitor-urban-air-quality/,2019-05-09,Makerere wins Shs 5bn from Google to monitor urban air quality,"He said that the grant will help to scale up their existing air quality monitoring coverage and make AI a key tool to improve air quality monitoring, analysis, forecasting and awareness. “We are thrilled to be receiving a grant from Google to support the AirQo project that aims to contribute to improved air quality in Kampala and other urban towns.",True,,land_row_dispute,0.4321483155353708,land_row_dispute,0.08164004236459732,land_row_dispute,0.6284470894749921,agree,2019-05
The Observer,https://observer.ug/news/makerere-wins-shs-5bn-from-google-to-monitor-urban-air-quality/,2019-05-09,Makerere wins Shs 5bn from Google to monitor urban air quality,"He added that the Google grant will make a huge difference to the project and allow it to truly scale up the network to become an effective resource for all Ugandan citizens and policymakers.” Next week, representatives from the Makerere AirQo project will travel to San Francisco to dive into the execution of the project.",True,,land_row_dispute,0.39055705951733244,delay_time_overrun,0.17664146423339844,land_row_dispute,0.5,content_preferred,2019-05
The Observer,https://observer.ug/news/makerere-wins-shs-5bn-from-google-to-monitor-urban-air-quality/,2019-05-09,Makerere wins Shs 5bn from Google to monitor urban air quality,"During the five days, all the 20 winning projects will join Google AI experts, project managers and the start-up specialists from Google’s launchpad accelerator for the program’s six months, from May to November 2019.",True,,delay_time_overrun,0.292119208956457,delay_time_overrun,0.2813952565193176,delay_time_overrun,0.6433786163689437,agree,2019-05
The Observer,https://observer.ug/news/how-rwanda-quarrel-with-uganda-unfolded/,2019-03-06,How Rwanda quarrel with Uganda unfolded,Why would it require you to “construct a bridge” with strict orders not to allow them cross over?,True,,quality_technical_defect,0.18752907802686097,contract_management_failure,0.28195375204086304,quality_technical_defect,0.5,content_preferred,2019-03
The Observer,https://observer.ug/news/nantaba-told-you-will-die-like-kaweesi/,2019-10-30,Nantaba told: You will die like Kaweesi,"Currently, this person was transferred from Nakasero to Entebbe airport.",True,,contract_management_failure,0.06474412763979982,land_row_dispute,0.06753842532634735,contract_management_failure,0.5,content_preferred,2019-10
The Observer,https://observer.ug/news/nantaba-told-you-will-die-like-kaweesi/,2019-10-30,Nantaba told: You will die like Kaweesi,I was told there was a plan to plant narcotics in my travel bag so I could be arrested on my way out of the country.,True,,land_row_dispute,0.38910861374202615,delay_time_overrun,0.10678493976593018,land_row_dispute,0.5,content_preferred,2019-10
The Observer,https://observer.ug/news/nantaba-told-you-will-die-like-kaweesi/,2019-10-30,Nantaba told: You will die like Kaweesi,One officer at the airport actually urged me to travel only with a handbag to avoid falling in trouble.,True,,land_row_dispute,0.20600092791296404,contract_management_failure,0.10676860809326172,land_row_dispute,0.5,content_preferred,2019-10
The Observer,https://observer.ug/news/nantaba-told-you-will-die-like-kaweesi/,2019-10-30,Nantaba told: You will die like Kaweesi,Karangwa in 2016 told The Observer on the sidelines of a rally that his dispute with Nantaba emanates from a business transaction the two had after the 2010 NRM primaries.,True,,delay_time_overrun,0.22328613388456847,contract_management_failure,0.2629258632659912,delay_time_overrun,0.5,content_preferred,2019-10
The Observer,https://observer.ug/news/nantaba-told-you-will-die-like-kaweesi/,2019-10-30,Nantaba told: You will die like Kaweesi,The dispute between these two bubbles to the surface every now and then.,True,,land_row_dispute,0.14114805892460972,contract_management_failure,0.1324455738067627,land_row_dispute,0.5,content_preferred,2019-10
The Observer,https://observer.ug/news/ugandan-gold-miners-exported-8-000kgs-but-declared-only-16kgs/,2019-09-18,"Ugandan gold miners exported 8,000kgs but declared only 16kgs",Agaba said under declaration of extracted gold does not only hamper the country’s economy but leaves permanent damage to areas where an extraction has been done since there will be no financial resource to land restoration. “There is no evidence of payment of royalties on the exported gold.,True,,delay_time_overrun,0.4725009896155788,procurement_irregularity,0.22112902998924255,delay_time_overrun,0.5,content_preferred,2019-09
The Observer,https://observer.ug/news/ugandan-gold-miners-exported-8-000kgs-but-declared-only-16kgs/,2019-09-18,"Ugandan gold miners exported 8,000kgs but declared only 16kgs",The CSOs concerns were raised in auditor general reports of 2014 and 2015 where Shs 679 million of unpaid royalties by Hima Cement had been registered.,True,,procurement_irregularity,0.2545592460104901,payment_financial_dispute,0.34481412172317505,procurement_irregularity,0.5,content_preferred,2019-09
The Observer,https://observer.ug/news/ugandan-gold-miners-exported-8-000kgs-but-declared-only-16kgs/,2019-09-18,"Ugandan gold miners exported 8,000kgs but declared only 16kgs","CSOs have called upon the government to put in place measures to nip corruption and human rights abuses in the extractives industry. “Most importantly, we call upon the government to ensure proper implementation of policies to address the issue of royalty sharing not only to increase the percentage of the Gross Domestic Product (GDP) but also ensure that the royalties benefit the communities in which mining activities take place,” Agaba said.",True,,governance_oversight_failure,0.46785675917139496,governance_oversight_failure,0.26248055696487427,governance_oversight_failure,0.6825843290340673,agree,2019-09
The Observer,https://observer.ug/news/quality-chemicals-announces-losses/,2019-11-13,Quality Chemicals announces losses,"In March 2019, the company tried to calm fears of shareholders about the company’s dismal performance, saying it “had secured the first-ever tender award by the USA President’s Malaria Initiative (PMI) for WHO prequalified antimalarial to an African-based manufacturer”. “That is one example of how we are constantly in search of alternative revenue streams and product opportunities to future proof our business,” the company said.",True,,land_row_dispute,0.26451808587506664,procurement_irregularity,0.25199568271636963,land_row_dispute,0.5,content_preferred,2019-11
The Observer,https://observer.ug/business/stanchart-launches-all-round-banking-app/,2019-02-04,StanChart launches all-round banking App,"Institutions that fail to keep up might lose out and at the very worst be pushed out of business in the long run, however, this disruption to bank business models works in the interest of customers and the general populace.” Mutebile said.",True,,procurement_irregularity,0.1480561217783432,governance_oversight_failure,0.27719709277153015,procurement_irregularity,0.5,content_preferred,2019-02
The Observer,https://observer.ug/news/standards-regulator-unbs-speaks-out-on-pearl-salt/,2019-04-17,Standards regulator UNBS speaks out on Pearl salt,"However, as a quality assurance measure, UNBS routinely picked samples for further laboratory analysis and the tested samples passed.” Nevertheless, he said, “UNBS does not take the allegations lightly and we have picked samples from the market to carry out further laboratory analysis to ascertain whether the salt meets the requirements of the standard for fortified food salt (US EAS 35:2012).” However, people familiar with the local salt industry, said Olanya’s complaint is part of a wider business rivalry in the Acholi sub-region, a claim the MP roundly denies.",True,,land_row_dispute,0.4387972108543622,procurement_irregularity,0.260495126247406,land_row_dispute,0.5,content_preferred,2019-04
The Observer,https://observer.ug/business/more-indonesians-join-cases-against-boeing-after-ceo-apology/,2019-04-09,More Indonesians join cases against Boeing after CEO apology,"Families of 11 Lion Air victims said at a news conference organized by Jakarta law firm Kailimang & Ponto that they are joining dozens of other Indonesian families in filing lawsuits against Boeing. “Boeing’s CEO explicitly apologized to 346 passenger families,” said Merdian Agustin, whose husband died in the crash. “We hope this is good momentum to have compensation rights.” Agustin, the mother of three children, said that she and dozens of other families have not received 1.2 billion rupiah ($85,000) compensation they are entitled to in Indonesia because they refused to sign a “release and discharge” document that extinguishes their right to sue Lion Air, Boeing or their subsidiaries. “We refused to sign such a document containing statements that are treating our loved ones like lost baggage,” Agustin said. “It’s ridiculous and hurts us.” Boeing acknowledged that the sensor malfunctioned and Muilenburg said last week that a new software update would prevent future incidents. “It’s our responsibility to eliminate this risk,” Muilenburg said in a video statement. “We own it, and we know how to do it.” Lawyer Michael Indrajana said that since the crash, families in Indonesia have faced a complicated and painful process against Boeing and Lion Air in their battle to get compensation.",True,land_row_dispute,land_row_dispute,0.6796812242368933,contract_management_failure,0.26727762818336487,land_row_dispute,0.6796812242368933,content_preferred,2019-04
The Observer,https://observer.ug/business/nusaf-iii-rolls-out-business-start-up-training/,2019-05-18,Nusaf III rolls out business start-up training,"The project, which is funded by the Japanese Social Development Fund, involves skilling participants with business enterprise start-up tools.",True,,delay_time_overrun,0.16996272991484437,land_row_dispute,0.1480472981929779,delay_time_overrun,0.5,content_preferred,2019-05
The Observer,https://observer.ug/business/nusaf-iii-rolls-out-business-start-up-training/,2019-05-18,Nusaf III rolls out business start-up training,"Charles Ocici, the lead trainer and executive director, Enterprise Uganda, says these trainings are beneficial to broaden the investment knowledge. “Group investment funds are increasingly becoming a more secure way of investment because every member can ably access what is on the account,” he says. “People are used to Saccos but there are treasury bonds as well as unit trusts that are more secure.” Through the SLP project, Nusaf has already given funds to more than 300 villages to help people improve their group enterprises.",True,,land_row_dispute,0.28007917772553836,governance_oversight_failure,0.13664409518241882,land_row_dispute,0.5,content_preferred,2019-05
The Observer,https://observer.ug/news/ethiopia-launches-first-satellite/,2019-12-21,Ethiopia launches first satellite,"The satellite was developed by the China Academy of Space Technology (CAST), the prime contractor, in collaboration with 21 Ethiopian scientists, trained on the project as part of the technology-transfer agreement between Beijing and the Ethiopian Space Science Technology Institute (ESSTI). “This will be a foundation for our historic journey to prosperity,” deputy prime minister Demeke Mekonnen said in a speech at the event. “The technology is an important even if it’s delayed.” The flight was earlier scheduled for December 17 but was postponed for three days due to unfavourable weather.",True,delay_time_overrun,delay_time_overrun,0.4137747758481338,delay_time_overrun,0.18533429503440857,delay_time_overrun,0.6497772677206356,agree,2019-12
The Observer,https://observer.ug/news/ethiopia-launches-first-satellite/,2019-12-21,Ethiopia launches first satellite,"The Chinese government reportedly spent $8 million for the design, construction and in-orbit delivery of the satellite including the cost of setting up the ground station in Ethiopia.",True,,delay_time_overrun,0.5336864363345349,payment_financial_dispute,0.17727941274642944,delay_time_overrun,0.5336864363345349,content_preferred,2019-12
The Observer,https://observer.ug/news/ethiopia-launches-first-satellite/,2019-12-21,Ethiopia launches first satellite,An additional $6 million was spent on the satellite and training Ethiopian engineers while the Ethiopian government provided $2 million to the project.,True,,land_row_dispute,0.3362860125123933,payment_financial_dispute,0.18464219570159912,land_row_dispute,0.5,content_preferred,2019-12
The Observer,https://observer.ug/news/black-friday-american-holiday-africa-has-adopted/,2019-11-30,Black Friday: American holiday Africa has adopted,"In the world of electronic commerce, Black Friday has been a game-changer, said Abdesslam Benzitouni, a spokesperson for Jumia, a Nigeria-based shopping site that operates in more than 10 African countries.",True,,land_row_dispute,0.31284212985800924,land_row_dispute,0.08640310913324356,land_row_dispute,0.5998113097478132,agree,2019-11
The Observer,https://observer.ug/news/black-friday-american-holiday-africa-has-adopted/,2019-11-30,Black Friday: American holiday Africa has adopted,"So we are creating an infrastructure and visibility for a new digital economy,” he said.",True,,land_row_dispute,0.38356925396172575,delay_time_overrun,0.07406389713287354,land_row_dispute,0.5,content_preferred,2019-11
The Observer,https://observer.ug/news/new-poma-regulations-spontaneous-meetings-to-be-dispersed-in-20-mins/,2019-05-09,New POMA regulations: spontaneous meetings to be dispersed in 20 mins,"Rugunda told journalists that implementation of new regulations should have started as “early as yesterday.” He did not commit timelines. “There is agreement that the law (POMA) is a good law but there has been operational challenges which have been now resolved in the regulations,” Rugunda said. “These regulations are going to be considered by appropriate government organs.",True,,land_row_dispute,0.25476756007546536,governance_oversight_failure,0.2525966465473175,land_row_dispute,0.5,content_preferred,2019-05
The Observer,https://observer.ug/news/new-poma-regulations-spontaneous-meetings-to-be-dispersed-in-20-mins/,2019-05-09,New POMA regulations: spontaneous meetings to be dispersed in 20 mins,"Democratic Party secretary-general, Gerald Siranda who is IPOD council chairperson said further meetings will be held with inspector general of police and Internal Affairs minister to discuss implementation of the new regulations.",True,,delay_time_overrun,0.2443774995779876,governance_oversight_failure,0.21849071979522705,delay_time_overrun,0.5,content_preferred,2019-05
The Observer,https://observer.ug/news/church-of-uganda-quietly-lifts-veil-on-family-planning-contraceptives/,2019-05-19,Church quietly lifts veil on family planning contraceptives,"But with the number of different units that have been implemented because I have talked of four facilities, that is one project, but there are also other projects that had about 18 facilities across the country and the uptake is good because we also involve the community VHTs [village health teams] to offer the short term methods like the moon beads, the cycle beads, the pills and the injectables…They have been part of the team.” Nakiriggya added.",True,,procurement_irregularity,0.29870057718828263,delay_time_overrun,0.15067222714424133,procurement_irregularity,0.5,content_preferred,2019-05
The Observer,https://observer.ug/news/church-of-uganda-quietly-lifts-veil-on-family-planning-contraceptives/,2019-05-19,Church quietly lifts veil on family planning contraceptives,It is during this meeting that Christian families are encouraged to send girl children to school in order to delay child bearing to at least 18 years.,True,delay_time_overrun,delay_time_overrun,0.2789848300565342,delay_time_overrun,0.1995324343442917,delay_time_overrun,0.6196293161002064,agree,2019-05
The Observer,https://observer.ug/news/ministers-involved-in-human-trafficking-kadaga/,2019-05-16,Ministers involved in human trafficking – Kadaga,"The Anti-Slavery Bill 2018, seeks to repeal the Prevention of Trafficking in Persons Act, 2009 and make provision for the prohibition of slavery, servitude and forced or compulsory labour, commercial sexual exploitation, debt bondage, human organ trafficking as well as provide for the repatriation and compensation of victims of the offences under this Act.",True,land_row_dispute,land_row_dispute,0.3340276209612321,land_row_dispute,0.2159733772277832,land_row_dispute,0.6375002495472538,agree,2019-05
The Observer,https://observer.ug/news/uganda-airlines-first-commercial-flight-now-pushed-to-august/,2019-07-18,Uganda Airlines first commercial flight now pushed to August,The Shs 280bn budget for the purchase of the first two planes was passed by MPs in April on condition that the ministry presents the list of board of directors before parliament’s Physical Infrastructure committee for scrutiny and subsequent approval.,True,,procurement_irregularity,0.2636285770468162,delay_time_overrun,0.20206467807292938,procurement_irregularity,0.5,content_preferred,2019-07
The Observer,https://observer.ug/news/uganda-airlines-first-commercial-flight-now-pushed-to-august/,2019-07-18,Uganda Airlines first commercial flight now pushed to August,"The board also has Transport economist, Benon Kajuna representing ministry of works and Transport and Godfrey Ssemugooma representing the ministry of Finance.",True,,procurement_irregularity,0.08571255454469007,delay_time_overrun,0.10800620913505554,procurement_irregularity,0.5,content_preferred,2019-07
The Observer,https://observer.ug/news/over-shs3m-ugandan-women-use-modern-contraception/,2019-11-13,Over 3 million Ugandan women use modern contraception,"As we look ahead to 2030, we must continue to push for progress, build on what works well, and ensure we leave no woman or girl behind.” Challenges remain significant as FP2020 approaches a key timebound deadline.",True,,land_row_dispute,0.21683049554414166,delay_time_overrun,0.31747061014175415,land_row_dispute,0.5,content_preferred,2019-11
The Observer,https://observer.ug/news/bobi-wine-can-t-oust-museveni-opposition/,2019-01-10,Bobi Wine can’t oust Museveni – opposition,"Nambooze suggests that before he is abandoned by his courtiers, Bobi Wine should use this time to preach to Ugandans about the power they hold to determine their destiny. “An election can only be used as a trigger to a revolution where Ugandans will assert their power and take over.",True,,land_row_dispute,0.3393853003841609,land_row_dispute,0.08965186029672623,land_row_dispute,0.6072592901702218,agree,2019-01
The Observer,https://observer.ug/news/bobi-wine-can-t-oust-museveni-opposition/,2019-01-10,Bobi Wine can’t oust Museveni – opposition,Although Kazibwe admits that practically it is hard for anybody to claim he can win an election in Uganda but nonetheless miracles happen. “We have seen near-abnormal things happening on the African continent.,True,,land_row_dispute,0.2644091045673811,land_row_dispute,0.09476733207702637,land_row_dispute,0.5897941091611019,agree,2019-01
The Observer,https://observer.ug/business/charcoal-trade-continues-to-escalate-in-acholi/,2019-05-22,Charcoal trade continues to escalate in Acholi,"By the time our reporter reached the accident scene, Masaba and the driver had left, but Kato said he had gone to look for a crane to remove the truck and the merchandise. “We had seen a pothole at the bridge and asked the driver to stop, but the boss [Masaba] insisted the truck would pass,” said Kato, adding that the truck tipped over after the rear tyres hit a ditch.",True,,land_row_dispute,0.33211517766601906,contract_management_failure,0.19470861554145813,land_row_dispute,0.5,content_preferred,2019-05
The Observer,https://observer.ug/news/s-korean-hospitals-lack-enough-space-for-coronavirus-patients/,2020-03-04,S.Korean hospitals lack enough space for coronavirus patients,"The Federal Reserve announced the biggest interest-rate cut in over a decade to try to fend off damage to the US economy from the factory shutdowns, travel restrictions and other disruptions caused around the globe by the outbreak.",True,,delay_time_overrun,0.18704227180245442,delay_time_overrun,0.15351274609565735,delay_time_overrun,0.5851387544745279,agree,2020-03
The Observer,https://observer.ug/news/s-korean-hospitals-lack-enough-space-for-coronavirus-patients/,2020-03-04,S.Korean hospitals lack enough space for coronavirus patients,"Also, the Food and Drug and Administration moved to ease a shortage of face masks by giving health care workers the OK to use an industrial type of respirator mask designed to protect construction workers from dust and debris.",True,,delay_time_overrun,0.2803170453091865,quality_technical_defect,0.1427667737007141,delay_time_overrun,0.5,content_preferred,2020-03
The Observer,https://observer.ug/business/umeme-invests-shs-56bn-in-mbale-city-electricity-network/,2020-08-12,Umeme invests Shs 56bn in Mbale city electricity network,Works on the power line are 97 per cent complete.,True,,contract_management_failure,0.09944092129328784,quality_technical_defect,0.17526789009571075,contract_management_failure,0.5,content_preferred,2020-08
The Observer,https://observer.ug/business/umeme-invests-shs-56bn-in-mbale-city-electricity-network/,2020-08-12,Umeme invests Shs 56bn in Mbale city electricity network,"Siti-II project also includes the construction of a switching station and plant house at Umeme’s Mbale existing sub-station to stabilize the 16.5MW for onward distribution to industrial, commercial and residential customers.",True,,delay_time_overrun,0.3469096717033068,quality_technical_defect,0.14709530770778656,delay_time_overrun,0.5,content_preferred,2020-08
The Observer,https://observer.ug/business/umeme-invests-shs-56bn-in-mbale-city-electricity-network/,2020-08-12,Umeme invests Shs 56bn in Mbale city electricity network,"The project also included the compensation of 3,242 project affected persons (PAPs).",True,land_row_dispute,land_row_dispute,0.5054116427719323,land_row_dispute,0.29981130361557007,land_row_dispute,0.7013057365968756,agree,2020-08
The Observer,https://observer.ug/business/umeme-invests-shs-56bn-in-mbale-city-electricity-network/,2020-08-12,Umeme invests Shs 56bn in Mbale city electricity network,"According to Eng Job Watti, the Umeme project engineer, this project is scheduled for completion by August 31, 2020.",True,,delay_time_overrun,0.30506471528832724,delay_time_overrun,0.3041486144065857,delay_time_overrun,0.6523033324237282,agree,2020-08
The Observer,https://observer.ug/business/umeme-invests-shs-56bn-in-mbale-city-electricity-network/,2020-08-12,Umeme invests Shs 56bn in Mbale city electricity network,"Umeme will also spend $5.99 (Shs 22 billion) on the Tangshan Mbale industrial park project that includes a 75km Tororo-Mbale power line, carrying up to 25MW from Tororo’s UETCL substation to the Sino-Uganda Mbale industrial park in Mbale.",True,,contract_management_failure,0.45992963275529536,delay_time_overrun,0.07597500085830688,contract_management_failure,0.5,content_preferred,2020-08
The Observer,https://observer.ug/business/umeme-invests-shs-56bn-in-mbale-city-electricity-network/,2020-08-12,Umeme invests Shs 56bn in Mbale city electricity network,Both the switching station and distribution network are under construction and are scheduled for completion by the end of December 2020.,True,,delay_time_overrun,0.24811631457479572,delay_time_overrun,0.3103756606578827,delay_time_overrun,0.6396229938081696,agree,2020-08
The Observer,https://observer.ug/business/umeme-invests-shs-56bn-in-mbale-city-electricity-network/,2020-08-12,Umeme invests Shs 56bn in Mbale city electricity network,"On completion, both projects will increase the Mbale Umeme district’s electricity supply by 205 per cent from the current 20MW to well over 61MW. “The Mbale projects are one of our major investments for 2020 in support of government’s efforts to attract industries and jobs in the eastern region,” Babungi said. “Having been granted city status, we expect demand in Mbale city and the surrounding areas to grow considerably fast.",True,,land_row_dispute,0.2979581198253453,delay_time_overrun,0.09449062496423721,land_row_dispute,0.5,content_preferred,2020-08
The Observer,https://observer.ug/business/umeme-invests-shs-56bn-in-mbale-city-electricity-network/,2020-08-12,Umeme invests Shs 56bn in Mbale city electricity network,Current demand is about 20MW but the industrial park alone is expected to consume 220MW of power at full capacity.,True,,land_row_dispute,0.16916100561777161,delay_time_overrun,0.06887900829315186,land_row_dispute,0.5,content_preferred,2020-08
The Observer,https://observer.ug/business/umeme-invests-shs-56bn-in-mbale-city-electricity-network/,2020-08-12,Umeme invests Shs 56bn in Mbale city electricity network,"In addition to the industrial park, there is a cement factory in the pipeline in Mbale,” he said. “Umeme is totally committed to supporting the government plan on industrialisation for jobs growth; import-substitution, and export promotion,” Babungi said, adding: “Industrial parks are the future of industrialisation in Uganda because they guarantee a lower cost of production per unit.",True,,land_row_dispute,0.43912114273872915,delay_time_overrun,0.12029068171977997,land_row_dispute,0.5,content_preferred,2020-08
The Observer,https://observer.ug/business/umeme-invests-shs-56bn-in-mbale-city-electricity-network/,2020-08-12,Umeme invests Shs 56bn in Mbale city electricity network,"The Mbale industrial park particularly because of its proximity to the Kenyan border and subsequently the Mombasa port, is strategic for both import substitution and export-based factories.” Godfrey Bwire, the Umeme customer services engineer, networks said that while previously electricity demand in Mbale had grown at an average 1 per cent annually, in 2019 alone, demand had jumped by 5 per cent.",True,,land_row_dispute,0.1992116834982987,contract_management_failure,0.10194225609302521,land_row_dispute,0.5,content_preferred,2020-08
The Observer,https://observer.ug/business/umeme-invests-shs-56bn-in-mbale-city-electricity-network/,2020-08-12,Umeme invests Shs 56bn in Mbale city electricity network,"Over and above the 61MW projected by the end of December 2020, additional capacity to the industrial park is expected to come from a UETCL transmission sub-station planned for 2021.",True,,delay_time_overrun,0.2608682199849851,delay_time_overrun,0.22069470584392548,delay_time_overrun,0.6203907314572277,agree,2020-08
The Observer,https://observer.ug/business/facelift-set-to-transform-namanve-industrial-park/,2020-01-21,Facelift set to transform Namanve industrial park,"Out of the 45km of roads in the park, only 7.5km is tarmacked, water supply covers only 10 per cent while electricity covers only 24 per cent.",True,,delay_time_overrun,0.10924143837754235,delay_time_overrun,0.14779391884803772,delay_time_overrun,0.564258839306395,agree,2020-01
The Observer,https://observer.ug/business/facelift-set-to-transform-namanve-industrial-park/,2020-01-21,Facelift set to transform Namanve industrial park,"The groundbreaking ceremony, which took place at Steel and Tube industries in Namanve, was presided over by Evelyn Anite, the state minister for Investment and Privatization, Gen Katumba Wamala, the minister of Works and Transport, and the UK minister for Africa, Andrew Stephenson, who is in the country to meet President Museveni ahead of the UK-Africa Investment Summit in London next week.",True,,land_row_dispute,0.1681162262138281,delay_time_overrun,0.10315285623073578,land_row_dispute,0.5,content_preferred,2020-01
The Observer,https://observer.ug/business/facelift-set-to-transform-namanve-industrial-park/,2020-01-21,Facelift set to transform Namanve industrial park,"Speaking at the event, Anite said that the decision to develop infrastructures within the Namanve industrial park is in line with the government’s objective of industrializing the country and creating jobs for young people who are unemployed.",True,,land_row_dispute,0.39899133239719137,land_row_dispute,0.19117537140846252,land_row_dispute,0.6475416759514134,agree,2020-01
The Observer,https://observer.ug/business/facelift-set-to-transform-namanve-industrial-park/,2020-01-21,Facelift set to transform Namanve industrial park,"She added that upon completion of the project, at least 500 companies will be established in the park, which are in turn expected to create more than 200,000 jobs for the people. “This means that we are going to get the youths off the streets and start working in these companies and also for Uganda to stop being a supermarket for Chinese imported products because they will now be manufactured from here,” Anite said.",True,,procurement_irregularity,0.3730206518480841,land_row_dispute,0.19164590537548065,procurement_irregularity,0.5,content_preferred,2020-01
The Observer,https://observer.ug/business/facelift-set-to-transform-namanve-industrial-park/,2020-01-21,Facelift set to transform Namanve industrial park,"Gen Katumba Wamala said the government is fully committed to lowering the cost of doing business within Namanve industrial park through projects which are underway such as developing the Bukasa port, repairing the meter gauge railway as well as the construction of the Kampala-Jinja expressway. “These projects will lower the cost of transport and congestion, which industrialists have been complaining about.",True,,delay_time_overrun,0.34993770395637536,delay_time_overrun,0.18931210041046143,delay_time_overrun,0.6348124510917093,agree,2020-01
The Observer,https://observer.ug/business/facelift-set-to-transform-namanve-industrial-park/,2020-01-21,Facelift set to transform Namanve industrial park,"I thank the industrialists who started investing in this area even before the infrastructures have been set up,” he said.",True,,land_row_dispute,0.336082786806646,payment_financial_dispute,0.13888795673847198,land_row_dispute,0.5,content_preferred,2020-01
The Observer,https://observer.ug/business/facelift-set-to-transform-namanve-industrial-park/,2020-01-21,Facelift set to transform Namanve industrial park,"The UK minister for Africa, Andrew Stephenson, said Uganda has for long been a development partner of the UK and this project is a great opportunity for both countries to strengthen their business relationship and deliver more investment, jobs and growth through increased bilateral trade. “The UK supports Uganda’s ambition to become a middle-income country by 2040.",True,,delay_time_overrun,0.19104790817524359,land_row_dispute,0.0978136658668518,delay_time_overrun,0.5,content_preferred,2020-01
The Observer,https://observer.ug/business/facelift-set-to-transform-namanve-industrial-park/,2020-01-21,Facelift set to transform Namanve industrial park,"Boosting infrastructure, enhancing investment and trade and strengthening Uganda’s manufacturing base is vital.",True,,land_row_dispute,0.279016229007463,delay_time_overrun,0.13689318299293518,land_row_dispute,0.5,content_preferred,2020-01
The Observer,https://observer.ug/business/facelift-set-to-transform-namanve-industrial-park/,2020-01-21,Facelift set to transform Namanve industrial park,"That is why I am delighted to be here at the ground-breaking of the construction of infrastructures at Namanve Industrial park,” Stephenson added.",True,,procurement_irregularity,0.2623333060691897,quality_technical_defect,0.17426669597625732,procurement_irregularity,0.5,content_preferred,2020-01
The Observer,https://observer.ug/business/facelift-set-to-transform-namanve-industrial-park/,2020-01-21,Facelift set to transform Namanve industrial park,The Namanve infrastructure development project is planned to run for 42 months with a warranty period of 12 months for the contractor and 24 months for the owner’s engineer.,True,,delay_time_overrun,0.2736314839020196,delay_time_overrun,0.3190007209777832,delay_time_overrun,0.6481580512199507,agree,2020-01
The Observer,https://observer.ug/business/facelift-set-to-transform-namanve-industrial-park/,2020-01-21,Facelift set to transform Namanve industrial park,The project will be handled by UK company Lagan Group Limited and Dott Services Limited as the contractors.,True,,governance_oversight_failure,0.2560407742917578,land_row_dispute,0.22762949764728546,governance_oversight_failure,0.5,content_preferred,2020-01
The Observer,https://observer.ug/business/facelift-set-to-transform-namanve-industrial-park/,2020-01-21,Facelift set to transform Namanve industrial park,"The Namanve Industrial and Business Park is the largest industrial park in Uganda, sitting on 2,200 acres of land.",True,,land_row_dispute,0.3306823105730994,land_row_dispute,0.10441549122333527,land_row_dispute,0.6087744504491086,agree,2020-01
The Observer,https://observer.ug/business/facelift-set-to-transform-namanve-industrial-park/,2020-01-21,Facelift set to transform Namanve industrial park,"It currently has 40 fully operational industries, 100 are under various stages of development while 140 companies are under pre-start stages.",True,,procurement_irregularity,0.2109900321475711,delay_time_overrun,0.18529856204986572,procurement_irregularity,0.5,content_preferred,2020-01
The Observer,https://observer.ug/news/sudhir-defeats-bank-of-uganda-in-court-again/,2020-06-24,Sudhir defeats Bank of Uganda in court again,"The suit sought to recover a total of $93.8 million and Shs 60.3 billion, together with the freehold titles to Crane bank’s branches, general damages, interest and costs. “The facts giving rise to Crane bank’s claim are set out in detail in the papers that were filed in the High court and the defendants shall be given an opportunity to formally respond, as is their right” a statement that BOU posted on their website said. “We have observed that there is a lot of unfounded speculation in the media regarding this Court case.",True,,land_row_dispute,0.288243771314616,procurement_irregularity,0.34003275632858276,land_row_dispute,0.5,content_preferred,2020-06
The Observer,https://observer.ug/news/principal-judge-rejects-bribe-offer-in-ham-dtb-appeal-case/,2020-11-02,Principal judge ‘rejects’ bribe offer in Ham-DTB appeal case,"Kiwanuka also noted that the decision would to have far-reaching implications on the entire banking sector in Uganda if the implementation is done before their appeal, which has high chances of success is not yet determined.",True,,governance_oversight_failure,0.32418036605807066,land_row_dispute,0.2030041515827179,governance_oversight_failure,0.5,content_preferred,2020-11
The Observer,https://observer.ug/news/principal-judge-rejects-bribe-offer-in-ham-dtb-appeal-case/,2020-11-02,Principal judge ‘rejects’ bribe offer in Ham-DTB appeal case,"Here, Dr Zeija said it important to stay the implementation so that the Court of Appeal can first determine whether the transaction was illegal since it remains an issue of contention in as far as the Contract Act of 2010 is concerned.",True,,governance_oversight_failure,0.21340190392775388,contract_management_failure,0.2873028516769409,governance_oversight_failure,0.5,content_preferred,2020-11
The Observer,https://observer.ug/news/principal-judge-rejects-bribe-offer-in-ham-dtb-appeal-case/,2020-11-02,Principal judge ‘rejects’ bribe offer in Ham-DTB appeal case,Justice Zeija also said the Court of Appeal also needs to first answer the question of agency banking – whether foreign banks that are not trading in Uganda are required to obtain a license from Uganda to execute a contract.,True,,delay_time_overrun,0.45404399086784936,procurement_irregularity,0.23770728707313538,delay_time_overrun,0.5,content_preferred,2020-11
The Observer,https://observer.ug/news/principal-judge-rejects-bribe-offer-in-ham-dtb-appeal-case/,2020-11-02,Principal judge ‘rejects’ bribe offer in Ham-DTB appeal case,"The principal judge explained that Bank of Uganda recently released a statement indicating that a license was not required in the transaction under dispute, adding that the Court of Appeal has to first determine whether Bank of Uganda was right or not.",True,,governance_oversight_failure,0.23439824572460183,procurement_irregularity,0.271636039018631,governance_oversight_failure,0.5,content_preferred,2020-11
The Observer,https://observer.ug/news/namboole-starts-receiving-covid-19-patients-today/,2020-09-08,Namboole starts admitting COVID-19 patients today,The ministry was handed over the management of the facility officially by the Catholic Relief Services (CRS) that carried out rehabilitation works on the sports facility.,True,,procurement_irregularity,0.15223084416796764,governance_oversight_failure,0.1645839661359787,procurement_irregularity,0.5,content_preferred,2020-09
The Observer,https://observer.ug/news/namboole-starts-receiving-covid-19-patients-today/,2020-09-08,Namboole starts admitting COVID-19 patients today,"Atwine said that Ugandans should not claim that the patients admitted there are fake cases if they see them running around the stadium since they are asymptomatic patients. “We anticipated this phase, and it has been part of our preparations.",True,,delay_time_overrun,0.3399583001516531,procurement_irregularity,0.217078298330307,delay_time_overrun,0.5,content_preferred,2020-09
The Observer,https://observer.ug/news/namboole-starts-receiving-covid-19-patients-today/,2020-09-08,Namboole starts admitting COVID-19 patients today,"A fifth of the stadium facility has undergone works to be able to accommodate 1,500 patients.",True,,procurement_irregularity,0.29122855271546966,quality_technical_defect,0.1442086398601532,procurement_irregularity,0.5,content_preferred,2020-09
The Observer,https://observer.ug/news/namboole-starts-receiving-covid-19-patients-today/,2020-09-08,Namboole starts admitting COVID-19 patients today,"According to CRS, the rehabilitation and renovation works cost Shs 400 million.",True,,land_row_dispute,0.2542509205262636,quality_technical_defect,0.213494673371315,land_row_dispute,0.5,content_preferred,2020-09
The Observer,https://observer.ug/news/namboole-starts-receiving-covid-19-patients-today/,2020-09-08,Namboole starts admitting COVID-19 patients today,The works also included extending water to parts of the stadium that previously did not have water.,True,,procurement_irregularity,0.23658014087519239,delay_time_overrun,0.20750603079795837,procurement_irregularity,0.5,content_preferred,2020-09
The Observer,https://observer.ug/news/namboole-starts-receiving-covid-19-patients-today/,2020-09-08,Namboole starts admitting COVID-19 patients today,"Last week, Health minister Dr Ruth Aceng made a bizarre claim that the reason the asymptomatic patients had not been picked up from their homes was due to the heavy city traffic jam.",True,,land_row_dispute,0.04899477275274886,contract_management_failure,0.18923787772655487,land_row_dispute,0.5,content_preferred,2020-09
The Observer,https://observer.ug/news/suspected-bomb-explosion-injures-four-in-nakaseke/,2020-05-29,Suspected bomb explosion injures four in Nakaseke,Several residents have been killed and other injured after bombs allegedly abandoned in bushes exploded in the Nakaseke and Luweero which were the epicentre of the war.,True,,delay_time_overrun,0.18230255050593233,land_row_dispute,0.1390141099691391,delay_time_overrun,0.5,content_preferred,2020-05
The Observer,https://observer.ug/news/suspected-bomb-explosion-injures-four-in-nakaseke/,2020-05-29,Suspected bomb explosion injures four in Nakaseke,"In June 2019, police in Luweero recovered two grenades from Katikamu and Kamira sub-counties which were suspected to have been abandoned during the NRA war.",True,,land_row_dispute,0.16431979504822206,governance_oversight_failure,0.1197061836719513,land_row_dispute,0.5,content_preferred,2020-05
The Observer,https://observer.ug/news/candidates-under-army-police-siege/,2020-12-02,"Candidates under army, police siege",Security officials publicly claim they are following candidates to ensure they don’t flout the Covid-19 guidelines that limit gatherings to 200 people.,True,,land_row_dispute,0.17753339467196194,governance_oversight_failure,0.12967747449874878,land_row_dispute,0.5,content_preferred,2020-12
The Observer,https://observer.ug/news/candidates-under-army-police-siege/,2020-12-02,"Candidates under army, police siege","But everyone in the opposition says, the current crackdown has nothing to do with the pandemic. “Unlike Kyagulanyi, neither candidate Museveni nor his campaign agents or supporters have been teargassed, pepper sprayed, beaten, arrested, detained or intimidated by security organs even when there is overwhelming evidence of them gathering by roadsides, making processions and addressing crowds of people without masks among other actions that breach Covid-19 guidelines.",True,,land_row_dispute,0.16393251130179393,governance_oversight_failure,0.11111103743314743,land_row_dispute,0.5,content_preferred,2020-12
The Observer,https://observer.ug/business/buganda-positioned-to-become-a-tourism-hub/,2020-01-21,Buganda positioned to become a tourism hub,"If you visited any clan site today, even those that have not hosted the Kabaka, you will realise that there has been great facelift in anticipation of a royal visit.",True,,land_row_dispute,0.1641395783609543,delay_time_overrun,0.09885024279356003,land_row_dispute,0.5,content_preferred,2020-01
The Observer,https://observer.ug/business/buganda-positioned-to-become-a-tourism-hub/,2020-01-21,Buganda positioned to become a tourism hub,"These are just in the interim but we have long-term plans to remodel the coronation site of Naggalabi, identify and label tourism sites within Buganda and document their history.",True,,land_row_dispute,0.22093292383600663,delay_time_overrun,0.21960504353046417,land_row_dispute,0.5,content_preferred,2020-01
The Observer,https://observer.ug/business/buganda-positioned-to-become-a-tourism-hub/,2020-01-21,Buganda positioned to become a tourism hub,"Some critics claim that apart from Kasubi, other tombs were neglected and they are rotting away.",True,,land_row_dispute,0.2227099148021304,quality_technical_defect,0.12163038551807404,land_row_dispute,0.5,content_preferred,2020-01
The Observer,https://observer.ug/business/buganda-positioned-to-become-a-tourism-hub/,2020-01-21,Buganda positioned to become a tourism hub,Restoration of the Kasubi tombs is behind schedule and news has emerged that the original contractor is threatening to sue for breach of contract.,True,delay_time_overrun,delay_time_overrun,0.28068361502700695,contract_management_failure,0.3837617337703705,delay_time_overrun,0.5,content_preferred,2020-01
The Observer,https://observer.ug/business/buganda-positioned-to-become-a-tourism-hub/,2020-01-21,Buganda positioned to become a tourism hub,The contractor [Omega Construction] is demanding money as per the work he did and the certificates issued to the kingdom.,True,,delay_time_overrun,0.35137474004093067,payment_financial_dispute,0.4365832507610321,delay_time_overrun,0.5,content_preferred,2020-01
The Observer,https://observer.ug/business/buganda-positioned-to-become-a-tourism-hub/,2020-01-21,Buganda positioned to become a tourism hub,"If there is any disagreement between the contractor and the kingdom, there are available channels within the legal framework in the country to resolve them.",True,,delay_time_overrun,0.1905848622921877,contract_management_failure,0.3845685124397278,delay_time_overrun,0.5,content_preferred,2020-01
The Observer,https://observer.ug/business/buganda-positioned-to-become-a-tourism-hub/,2020-01-21,Buganda positioned to become a tourism hub,Works at Kasubi have been accelerated in recent months.,True,,delay_time_overrun,0.10306064890036597,delay_time_overrun,0.2976668179035187,delay_time_overrun,0.6001818667009712,agree,2020-01
The Observer,https://observer.ug/business/buganda-positioned-to-become-a-tourism-hub/,2020-01-21,Buganda positioned to become a tourism hub,What is remaining is not a contractor’s work but steps that follow the norms and traditions of Buganda.,True,,delay_time_overrun,0.36099936817974704,quality_technical_defect,0.296050101518631,delay_time_overrun,0.5,content_preferred,2020-01
The Observer,https://observer.ug/news/beti-kamya-margaret-zziwa-win-in-nrm-primaries/,2020-09-05,"Beti Kamya, Margaret Zziwa win in NRM primaries","He noted that just like his name Kalumba connotes, he will continue moving forward to claim what belongs to him citing his effort towards the creation of the Nakawa West constituency.",True,,contract_management_failure,0.052290900683020405,delay_time_overrun,0.12262491881847382,contract_management_failure,0.5,content_preferred,2020-09
The Observer,https://observer.ug/business/experts-offer-tips-to-overcome-disruption-of-human-resource/,2020-07-17,Experts offer tips to overcome disruption of human resource,"Employees just need to step in the shoes of their employers and appreciate that the playing field is no longer a normal one; therefore, any enterprise that works towards surviving during this season has to deal with maximizing returns and reducing the cost of doing business, those costs include payment of salaries,” he says. “So, cutting salaries and reducing the number of workers is normal and relevant under the prevailing circumstances.” Meanwhile, Charles Bbosa, an economist with the ministry of Trade, says that whatever circumstances that are being experienced by employees right now should not just be looked at in isolation. “If the entity you are working for has taken a salary reduction decision, you may feel uncomfortable but stay calm, hopeful and watch, things will get better.",True,,land_row_dispute,0.2699666642230322,payment_financial_dispute,0.19495615363121033,land_row_dispute,0.5,content_preferred,2020-07
The Observer,https://observer.ug/news/kabaka-mutebi-cancels-kyotera-tour-over-coronavirus/,2020-03-17,Kabaka Mutebi cancels Kyotera tour over coronavirus,"However, although most of the activities ahead of the tour are close to completion, the visit has been cancelled.",True,,procurement_irregularity,0.22574098482677404,delay_time_overrun,0.3127504587173462,procurement_irregularity,0.5,content_preferred,2020-03
The Observer,https://observer.ug/business/court-decision-on-salary-loans-could-rattle-financial-market/,2020-07-29,Court decision on salary loans could rattle financial market,Or so it seems until one of the intrinsic dangers of such an arrangement – termination of the employee’s job contract – strikes.,True,contract_management_failure,contract_management_failure,0.30504793141064257,contract_management_failure,0.4003679156303406,contract_management_failure,0.6763539617602458,agree,2020-07
The Observer,https://observer.ug/business/court-decision-on-salary-loans-could-rattle-financial-market/,2020-07-29,Court decision on salary loans could rattle financial market,"Salary loan arrangements are independent of, and separate from, the obligations of the parties under an employment contract between the employee and employer.",True,,contract_management_failure,0.2509773066484084,payment_financial_dispute,0.2597424387931824,contract_management_failure,0.5,content_preferred,2020-07
The Observer,https://observer.ug/business/court-decision-on-salary-loans-could-rattle-financial-market/,2020-07-29,Court decision on salary loans could rattle financial market,"On the face of it, this should mean that upon termination of the employment contract, the employer’s obligation to remit payments to the lender ceases, leaving the lender and the borrower (former employee) to deal with each other according to the terms of their loan agreement.",True,contract_management_failure,contract_management_failure,0.2736641578364868,payment_financial_dispute,0.2788171172142029,contract_management_failure,0.5,content_preferred,2020-07
The Observer,https://observer.ug/business/court-decision-on-salary-loans-could-rattle-financial-market/,2020-07-29,Court decision on salary loans could rattle financial market,"This ought to be the position regardless of whether the termination of the employment contract is subsequently found to have been fair, unfair or even unlawful.",True,contract_management_failure,contract_management_failure,0.372341645429577,contract_management_failure,0.3673609793186188,contract_management_failure,0.6849256561870489,agree,2020-07
The Observer,https://observer.ug/business/court-decision-on-salary-loans-could-rattle-financial-market/,2020-07-29,Court decision on salary loans could rattle financial market,"This is in line with the principle of restutio in integrum, which seeks to restore a person to a position they would have been in had the breach, in this case unfair termination, not happened.",True,contract_management_failure,contract_management_failure,0.2723420115690617,contract_management_failure,0.39837127923965454,contract_management_failure,0.6676783227021791,agree,2020-07
The Observer,https://observer.ug/business/court-decision-on-salary-loans-could-rattle-financial-market/,2020-07-29,Court decision on salary loans could rattle financial market,A loan agreement is an independent contract separate from an employment contract and the two should not be married in the name of finding appropriate remedies for an unfairly terminated or dismissed employee.,True,,contract_management_failure,0.28913811773822073,procurement_irregularity,0.26181063055992126,contract_management_failure,0.5,content_preferred,2020-07
The Observer,https://observer.ug/business/government-should-pay-its-debts-to-the-private-sector/,2020-12-29,Government should pay its debts to the private sector,"So, she spends days in office WhatsApping or reading reports and differing implementation to another time.",True,,delay_time_overrun,0.3474903318697661,governance_oversight_failure,0.25998377799987793,delay_time_overrun,0.5,content_preferred,2020-12
The Observer,https://observer.ug/business/government-should-pay-its-debts-to-the-private-sector/,2020-12-29,Government should pay its debts to the private sector,She works in a critical ministry which deals with a key sector of Uganda’s economy.,True,,procurement_irregularity,0.2173314776629779,governance_oversight_failure,0.14611555635929108,procurement_irregularity,0.5,content_preferred,2020-12
The Observer,https://observer.ug/news/parliament-rejects-byabashaija-reappointment-as-prisons-boss/,2020-04-06,Parliament rejects Byabashaija reappointment as prisons boss,"He said that although he is aged 62, the law does not apply to him in the circumstances because he is serving on a contract basis of three years.",True,,delay_time_overrun,0.34731635306430997,contract_management_failure,0.1979970633983612,delay_time_overrun,0.5,content_preferred,2020-04
The Observer,https://observer.ug/news/gov-t-to-close-covid-19-quarantine-centres/,2020-10-05,Gov’t to close COVID-19 quarantine centres,"Ainebyoona who was responding to complaints raised in a video shared on Twitter by a group of women who claim to be stuck at Douglas Villa hostel, one of the quarantine centres, said those that had already arrived earlier than Thursday, have to complete their mandatory duration and then the facility will be closed.",True,,land_row_dispute,0.10030917374654985,delay_time_overrun,0.21936997771263123,land_row_dispute,0.5,content_preferred,2020-10
The Observer,https://observer.ug/news/gov-t-to-close-covid-19-quarantine-centres/,2020-10-05,Gov’t to close COVID-19 quarantine centres,"In the video, the women claim to have paid Shs 850,000 for quarantine with the promise that they will be secluded and monitored for COVID-19 symptoms until the elapse of their quarantine.",True,,land_row_dispute,0.2560372946738324,payment_financial_dispute,0.18383172154426575,land_row_dispute,0.5,content_preferred,2020-10
The Observer,https://observer.ug/news/makerere-distances-itself-from-imported-gowns-scandal/,2020-01-09,Makerere distances itself from imported gowns scandal,"According to Nawangwe, the contractor justified his decision including delayed payment and lack of an advance payment. “Of course this is going to be addressed by [university] council.",True,delay_time_overrun,delay_time_overrun,0.5407138310602875,payment_financial_dispute,0.3179733455181122,delay_time_overrun,0.5407138310602875,content_preferred,2020-01
The Observer,https://observer.ug/news/makerere-distances-itself-from-imported-gowns-scandal/,2020-01-09,Makerere distances itself from imported gowns scandal,"And once council address that we will inform you,” Nawangwe said. “Where he [contractor] makes them, how he makes them provided he makes them to the desired standards and specifications that we have given him that is what is important,” Nawangwe added.",True,,delay_time_overrun,0.351719366302261,quality_technical_defect,0.22828377783298492,delay_time_overrun,0.5,content_preferred,2020-01
The Observer,https://observer.ug/news/makerere-distances-itself-from-imported-gowns-scandal/,2020-01-09,Makerere distances itself from imported gowns scandal,"Nawangwe blames the late distribution of the gowns to the late supply by the contractor who he says demanded for advance payment, which wasn’t done in time. “The contract that we have with the supplier is that we shall pay after the gowns have been delivered.",True,,delay_time_overrun,0.27721312423922684,contract_management_failure,0.2971975803375244,delay_time_overrun,0.5,content_preferred,2020-01
The Observer,https://observer.ug/news/makerere-distances-itself-from-imported-gowns-scandal/,2020-01-09,Makerere distances itself from imported gowns scandal,That means that the supplier who has been appointed and we have a contract with him which still runs I think for another two years – the contract says you supply and we pay.,True,,contract_management_failure,0.1713902938253934,payment_financial_dispute,0.32558417320251465,contract_management_failure,0.5,content_preferred,2020-01
The Observer,https://observer.ug/business/here-s-one-way-to-retire-with-a-million-dollars-in-30-years/,2020-07-03,Here’s one way to retire with a million dollars in 30 years,That would leave them with Shs 1.2m to pay for the transfer of titles and even plant some trees on it (depending on the location).,True,,land_row_dispute,0.24674328258238168,land_row_dispute,0.21503424644470215,land_row_dispute,0.615444382256771,agree,2020-07
The Observer,https://observer.ug/news/fdc-rejects-nabilah-naggayi-s-nomination-forms/,2020-07-15,FDC rejects Nabilah Naggayi’s nomination forms for Lord Mayor,"While at Najanankumbi, Naggayi was confronted by some members who claim to be Lukwago’s supporters.",True,,delay_time_overrun,0.171627280449847,land_row_dispute,0.1955936700105667,delay_time_overrun,0.5,content_preferred,2020-07
The Observer,https://observer.ug/news/eng-irene-kaggwa-ssewankambo-replaces-mutabazi-at-ucc/,2020-02-08,Eng Irene Kaggwa Ssewankambo replaces Mutabazi at UCC,"“It is true I received the letter in regard to the changes, but it is just because his contract has expired.",True,,contract_management_failure,0.279733879684154,contract_management_failure,0.37963253259658813,contract_management_failure,0.6648416030701856,agree,2020-02
The Observer,https://observer.ug/news/eng-irene-kaggwa-ssewankambo-replaces-mutabazi-at-ucc/,2020-02-08,Eng Irene Kaggwa Ssewankambo replaces Mutabazi at UCC,"Mutabazi, however, told URN that although his contract is expiring, his re-appointment is still being considered.",True,,contract_management_failure,0.2907836414738973,contract_management_failure,0.2648962438106537,contract_management_failure,0.6389199713211378,agree,2020-02
The Observer,https://observer.ug/news/eng-irene-kaggwa-ssewankambo-replaces-mutabazi-at-ucc/,2020-02-08,Eng Irene Kaggwa Ssewankambo replaces Mutabazi at UCC,"He says that the process is before the president, who will determine whether to renew his contract or not. “Unless the president appoints a substantive person, then that will now show that I am not the ED, but for now, the process is still ongoing… and that depends on the president,” Mutabazi said.",True,,land_row_dispute,0.16440482497144013,contract_management_failure,0.2170352041721344,land_row_dispute,0.5,content_preferred,2020-02
The Observer,https://observer.ug/news/eng-irene-kaggwa-ssewankambo-replaces-mutabazi-at-ucc/,2020-02-08,Eng Irene Kaggwa Ssewankambo replaces Mutabazi at UCC,Mutabazi has reportedly for several months been lobbying to have his contract renewed.,True,,contract_management_failure,0.25425532187393596,contract_management_failure,0.20487451553344727,contract_management_failure,0.6147824593518458,agree,2020-02
The Observer,https://observer.ug/business/manufacturers-predict-doom-for-uganda-over-kenya-trade-barriers/,2020-12-09,Manufacturers predict doom for Uganda over Kenya trade barriers,"“UMA demands that the government of Uganda changes tactics to retaliate against partner states that breach the EAC Common Market Protocol through blocking Ugandan-originating goods into their markets,” Birungi said.",True,,land_row_dispute,0.2623520253686221,contract_management_failure,0.28059130907058716,land_row_dispute,0.5,content_preferred,2020-12
The Observer,https://observer.ug/news/civil-society-unhappy-with-leakages-in-national-budget/,2020-02-26,Civil society unhappy with leakages in national budget,Also highlighted is the under absorption of funds in the upgrading of health centres and construction of seed secondary schools.,True,,delay_time_overrun,0.33461182412141083,delay_time_overrun,0.1604120135307312,delay_time_overrun,0.6237559594130355,agree,2020-02
The Observer,https://observer.ug/news/civil-society-unhappy-with-leakages-in-national-budget/,2020-02-26,Civil society unhappy with leakages in national budget,"The main blame was placed on the ‘hybrid procurement system’ adopted by the line ministries of Education and Sports, and Health which took long to be concluded and the administrative reviews of the Public Procurement and Disposal of Public Assets Authority.",True,procurement_irregularity,procurement_irregularity,0.3943328218160626,governance_oversight_failure,0.3167587220668793,procurement_irregularity,0.5,content_preferred,2020-02
The Observer,https://observer.ug/news/civil-society-unhappy-with-leakages-in-national-budget/,2020-02-26,Civil society unhappy with leakages in national budget,The report mentions lost money through energy losses in power evacuation and delayed construction of power evacuation lines and substations.,True,delay_time_overrun,delay_time_overrun,0.4020766477211411,quality_technical_defect,0.23051322996616364,delay_time_overrun,0.5,content_preferred,2020-02
The Observer,https://observer.ug/news/winnie-byanyima-disassociates-from-nrm-campaign-advert/,2020-12-27,Winnie Byanyima disassociates self from NRM campaign advert,No individual should claim to have given us this right.,True,,land_row_dispute,0.15025210637261802,land_row_dispute,0.24862301349639893,land_row_dispute,0.5997187799672542,agree,2020-12
The Observer,https://observer.ug/business/kiira-motors-shouldn-t-be-selfish-with-hightower/,2020-11-09,Kiira Motors shouldn’t be selfish with Hightower,She didn’t have any automotive skills and she had never worked in any factory before.,True,,land_row_dispute,0.14114805892460972,procurement_irregularity,0.18352901935577393,land_row_dispute,0.5,content_preferred,2020-11
The Observer,https://observer.ug/business/kiira-motors-shouldn-t-be-selfish-with-hightower/,2020-11-09,Kiira Motors shouldn’t be selfish with Hightower,Many investors in the automotive industry and emerging markets should be interested in what makes a global executive work with a small firm which is just building its vehicle production plant outside Jinja town.,True,,land_row_dispute,0.19824209144937183,delay_time_overrun,0.1409536600112915,land_row_dispute,0.5,content_preferred,2020-11
The Observer,https://observer.ug/news/who-will-win-uganda-law-society-presidency/,2020-09-10,Who will win Uganda Law Society presidency?,I was particularly impressed with the growth of the ULS legal aid project under her leadership and the pro bono project’s continued support for vulnerable members of our community during the lockdown and their securing IDLO funding in such difficult circumstances.,True,,delay_time_overrun,0.40497559448442977,land_row_dispute,0.22969993948936462,delay_time_overrun,0.5,content_preferred,2020-09
The Observer,https://observer.ug/news/who-will-win-uganda-law-society-presidency/,2020-09-10,Who will win Uganda Law Society presidency?,Advocates Ssemambo the bridge to create ULS consensus By David Lukwago Rashid Ssemambo is a pragmatic and solution-oriented private legal practice.,True,,quality_technical_defect,0.1798070130872279,land_row_dispute,0.2323189079761505,quality_technical_defect,0.5,content_preferred,2020-09
The Observer,https://observer.ug/news/who-will-win-uganda-law-society-presidency/,2020-09-10,Who will win Uganda Law Society presidency?,He has been involved in litigation where landmark decisions have been made.,True,,land_row_dispute,0.14114805892460972,contract_management_failure,0.3123170733451843,land_row_dispute,0.5,content_preferred,2020-09
The Observer,https://observer.ug/news/who-will-win-uganda-law-society-presidency/,2020-09-10,Who will win Uganda Law Society presidency?,"Having taught at various universities, he is currently teaching corporate and commercial practice as well as civil litigation at the Law Development Center (LDC), where he shares his personal experience with the future legal practioners.",True,,governance_oversight_failure,0.28934423576423823,land_row_dispute,0.11179597675800323,governance_oversight_failure,0.5,content_preferred,2020-09
The Observer,https://observer.ug/news/who-will-win-uganda-law-society-presidency/,2020-09-10,Who will win Uganda Law Society presidency?,"He is, therefore, able to bridge to create consensus amongst all members of our fraternity in order to encourage a sense of collectiveness which is of paramount importance in resolving whatever challenges that may arise.",True,,quality_technical_defect,0.24070806246893597,contract_management_failure,0.10440598428249359,quality_technical_defect,0.5,content_preferred,2020-09
The Observer,https://observer.ug/news/gov-t-losing-billions-in-under-utilised-internet-auditor-general/,2020-02-13,Gov’t losing billions in under-utilised internet – Auditor General,76 sites though connected to the infrastructure are not utilizing the available services at all.,True,,procurement_irregularity,0.21997486767439958,delay_time_overrun,0.15113943815231323,procurement_irregularity,0.5,content_preferred,2020-02
The Observer,https://observer.ug/news/gov-t-losing-billions-in-under-utilised-internet-auditor-general/,2020-02-13,Gov’t losing billions in under-utilised internet – Auditor General,"An additional Shs 1.04 billion, which was spent on the connection infrastructure to the 76 sites that are not using the NBI services according to the report could also become a wasted investment over non-utilization of the equipment, which is becoming obsolete before it is even used.",True,,land_row_dispute,0.29923742846299584,delay_time_overrun,0.21820813417434692,land_row_dispute,0.5,content_preferred,2020-02
The Observer,https://observer.ug/news/gov-t-losing-billions-in-under-utilised-internet-auditor-general/,2020-02-13,Gov’t losing billions in under-utilised internet – Auditor General,Muwanga recommends to government to fully enforce the National Information and Technology Authority (NITA) Act that requires all public agencies to use the NBI electronic and government infrastructure as their primary vehicle for all their data and internet services.,True,,delay_time_overrun,0.3011424048251661,governance_oversight_failure,0.11604006588459015,delay_time_overrun,0.5,content_preferred,2020-02
The Observer,https://observer.ug/news/tumukunde-itching-to-cross-examine-cid-boss-grace-akullo/,2020-09-10,Tumukunde ‘itching’ to cross-examine CID boss Grace Akullo,"However, the principal state attorney Richard Adrole and commissioner in charge of civil litigation George Kalemera who represented the attorney general opposed the application.",True,,land_row_dispute,0.23752969935834467,contract_management_failure,0.29122811555862427,land_row_dispute,0.5,content_preferred,2020-09
The Observer,https://observer.ug/business/umeme-lays-out-shs-310bn-to-connect-300-000-consumers/,2020-06-29,"Umeme lays out Shs 310bn to connect 300,000 consumers","Supporting Uganda’s industrialisation agenda According to Babungi, Umeme is spending $26.27 million (Shs 98 billion) to convert the remaining 150,000 post-paid customers to prepaid metering (Yaka) to address losses as well as improve operational efficiency. $9.23 million (Shs 34.7 billion) will be put into distributing the power generated from the 16.5MW Siti II Hydroelectric power station in Bukwo district via a new $5.99 million (Shs 22.5 billion) feeder powerline the new Tangshan Mbale industrial park.",True,,land_row_dispute,0.23367596955270264,payment_financial_dispute,0.12754344940185547,land_row_dispute,0.5,content_preferred,2020-06
The Observer,https://observer.ug/business/umeme-lays-out-shs-310bn-to-connect-300-000-consumers/,2020-06-29,"Umeme lays out Shs 310bn to connect 300,000 consumers",This project shall also include a new switching station.,True,,land_row_dispute,0.23008835086728516,delay_time_overrun,0.14013859629631042,land_row_dispute,0.5,content_preferred,2020-06
The Observer,https://observer.ug/business/umeme-lays-out-shs-310bn-to-connect-300-000-consumers/,2020-06-29,"Umeme lays out Shs 310bn to connect 300,000 consumers","In the Mukono area, Umeme is also investing $3.4 million (Shs 12.7 billion) into evacuating power from the new UETCL substation in Mukono town, to the Mukono industrial area and to the in-construction National Water & Sewerage Corporation (NWSC) water plant in Katosi, Mukono district.",True,,delay_time_overrun,0.1456132961352268,procurement_irregularity,0.1379716396331787,delay_time_overrun,0.5,content_preferred,2020-06
The Observer,https://observer.ug/business/umeme-lays-out-shs-310bn-to-connect-300-000-consumers/,2020-06-29,"Umeme lays out Shs 310bn to connect 300,000 consumers","To support growing demand in the Bombo area, just to the north of Kampala, a $1.82 million (Shs 6.8 billion) switching station will be built at Matugga to enable network reconfiguration and network operational efficiency around the Liao Shen industrial park, Kapeeka.",True,,land_row_dispute,0.3453366478279962,delay_time_overrun,0.08140330016613007,land_row_dispute,0.5,content_preferred,2020-06
The Observer,https://observer.ug/business/umeme-lays-out-shs-310bn-to-connect-300-000-consumers/,2020-06-29,"Umeme lays out Shs 310bn to connect 300,000 consumers",An additional $1.66 million (Shs 6.2 billion) will be spent on replacing the Bombo substation.,True,,land_row_dispute,0.3150995774564875,delay_time_overrun,0.1588948369026184,land_row_dispute,0.5,content_preferred,2020-06
The Observer,https://observer.ug/business/umeme-lays-out-shs-310bn-to-connect-300-000-consumers/,2020-06-29,"Umeme lays out Shs 310bn to connect 300,000 consumers","For northern Uganda, $1.56 million (Shs 5.8 billion) is being allocated to an evacuation line from the new Karuma hydropower dam, to address demand growth in and around Gulu district.",True,,land_row_dispute,0.1927620301711862,land_row_dispute,0.13072001934051514,land_row_dispute,0.5808705123779253,agree,2020-06
The Observer,https://observer.ug/business/umeme-lays-out-shs-310bn-to-connect-300-000-consumers/,2020-06-29,"Umeme lays out Shs 310bn to connect 300,000 consumers",Another $1.32 million (Shs 4.9 billion) will be spent on reconfiguring the Gulu substation to supplement and improve the old substation infrastructure and address the overloading of the existing power transformers.,True,,land_row_dispute,0.3113549838740694,delay_time_overrun,0.12614686787128448,land_row_dispute,0.5,content_preferred,2020-06
The Observer,https://observer.ug/business/umeme-lays-out-shs-310bn-to-connect-300-000-consumers/,2020-06-29,"Umeme lays out Shs 310bn to connect 300,000 consumers","In the Kampala area, Umeme is spending $2.1 million (Shs 7.8 billion) to replace the outdated power transformers and switchgear at the Ntinda substation with new 33kV equipment.",True,,land_row_dispute,0.18819465339331726,contract_management_failure,0.11380642652511597,land_row_dispute,0.5,content_preferred,2020-06
The Observer,https://observer.ug/business/umeme-lays-out-shs-310bn-to-connect-300-000-consumers/,2020-06-29,"Umeme lays out Shs 310bn to connect 300,000 consumers","In the neighbouring Nakawa are, $1.7 million (Shs 6.3 billion) will be injected into a new substation to feed the growing electricity demand from housing developments and industrial areas in the Nakawa and Bugolobi areas.",True,,land_row_dispute,0.2349532853568678,payment_financial_dispute,0.08171544969081879,land_row_dispute,0.5,content_preferred,2020-06
The Observer,https://observer.ug/business/umeme-lays-out-shs-310bn-to-connect-300-000-consumers/,2020-06-29,"Umeme lays out Shs 310bn to connect 300,000 consumers",The Entebbe area will get a new substation at a cost of $1.38 million (SHS 5.1 billion).,True,,land_row_dispute,0.39775946116282784,delay_time_overrun,0.11924827843904495,land_row_dispute,0.5,content_preferred,2020-06
The Observer,https://observer.ug/business/umeme-lays-out-shs-310bn-to-connect-300-000-consumers/,2020-06-29,"Umeme lays out Shs 310bn to connect 300,000 consumers",This is in anticipation of increased demand from the sprawling real estate developments and the Entebbe Airport expansions.,True,,land_row_dispute,0.17606337937585295,delay_time_overrun,0.27354535460472107,land_row_dispute,0.5,content_preferred,2020-06
The Observer,https://observer.ug/business/umeme-lays-out-shs-310bn-to-connect-300-000-consumers/,2020-06-29,"Umeme lays out Shs 310bn to connect 300,000 consumers","Other projects include $1.93 million (Shs 7.2 billion) in operational and network management systems to ease the services provision to its customers; $1.81 million (Shs 6.8 billion) to be injected into network refurbishment in Njeru Municipality, Jinja district and $1.8 million (Shs 6.7 billion) allocated to injecting new transformers in the network across the country. “Umeme supports the government of Uganda’s post-Covid-19 recovery strategy of import substitution.",True,,land_row_dispute,0.4175419423756909,payment_financial_dispute,0.1094851866364479,land_row_dispute,0.5,content_preferred,2020-06
The Observer,https://observer.ug/business/enimiro-online-connecting-consumers-to-garden-fresh-food-supplies/,2021-08-07,Enimiro Online connecting consumers to garden-fresh food supplies,"Gimogoi applauded HiPipo for the programme, saying it has provided them a platform to learn more about how this industry works. “Enimiro as a brand is new but its founding partners are not novices.",True,,land_row_dispute,0.15122928704551591,quality_technical_defect,0.08392123878002167,land_row_dispute,0.5,content_preferred,2021-08
The Observer,https://observer.ug/news/covid-19-report-rates-govt-interventions/,2021-02-17,Covid-19 report rates govt interventions,Community engagement and sensitization bridge knowledge gaps related to disease outbreak and discourage discrimination and stigmatisation towards community health workers.,True,,governance_oversight_failure,0.15080287849780055,land_row_dispute,0.21296344697475433,governance_oversight_failure,0.5,content_preferred,2021-02
The Observer,https://observer.ug/news/covid-19-report-rates-govt-interventions/,2021-02-17,Covid-19 report rates govt interventions,"Delay in the delivery government masks: As a Covid-19 containment measure, the government promised to deliver free face masks to all Ugandans above the age 10.",True,delay_time_overrun,delay_time_overrun,0.2766550421960045,delay_time_overrun,0.16339105367660522,delay_time_overrun,0.6100115239681524,agree,2021-02
The Observer,https://observer.ug/news/when-world-s-largest-plastic-dhow-sailed-on-lake-victoria/,2021-04-06,When world’s largest plastic dhow sailed on Lake Victoria,"Ali Skanda, co-founder of the Flipflopi project and builder of the world’s first recycled plastic dhow, said the boat was built to engage people around the value of waste plastic and that single use of plastic does not make sense. “In Uganda, we hope to help draw attention to Ugandans who are making change happen in their communities.",True,,land_row_dispute,0.4188397480993724,land_row_dispute,0.1055113673210144,land_row_dispute,0.6310877788550967,agree,2021-04
The Observer,https://observer.ug/news/when-world-s-largest-plastic-dhow-sailed-on-lake-victoria/,2021-04-06,When world’s largest plastic dhow sailed on Lake Victoria,"Throughout the Water and Environment Week, the Flipflopi project with help from local innovators and business leaders, showcased alternative uses of plastic waste and called for a consensus to ban unnecessary single use of plastics through engagements with schools, communities, policymakers and conservationists.",True,,land_row_dispute,0.28064045116793257,land_row_dispute,0.15911099314689636,land_row_dispute,0.6099378610787072,agree,2021-04
The Observer,https://observer.ug/business/electricity-uganda-s-hydropower-remains-key-to-charging-low-prices/,2021-04-21,Electricity: Uganda’s hydropower remains key to charging low prices,"The Nalubaale and Kiira hydropower complex at Jinja, the Bujagali hydropower plant, and the Isimba hydropower plant, account for nearly two-thirds of the country’s energy output, and charge far lower tariffs than those from thermal and solar power plants.",True,,contract_management_failure,0.34309026152794625,procurement_irregularity,0.1046660989522934,contract_management_failure,0.5,content_preferred,2021-04
The Observer,https://observer.ug/business/electricity-uganda-s-hydropower-remains-key-to-charging-low-prices/,2021-04-21,Electricity: Uganda’s hydropower remains key to charging low prices,"Also, the pending commissioning of the 600MW Karuma, the biggest in the country, which is expected to start commercial operations next year, will drag the electricity tariffs further down.",True,,procurement_irregularity,0.3018609041671659,delay_time_overrun,0.21783508360385895,procurement_irregularity,0.5,content_preferred,2021-04
The Observer,https://observer.ug/business/electricity-uganda-s-hydropower-remains-key-to-charging-low-prices/,2021-04-21,Electricity: Uganda’s hydropower remains key to charging low prices,"Karuma’s tariff is expected to be four USA cents, one of the lowest in the region.",True,,delay_time_overrun,0.12004805637661807,procurement_irregularity,0.1493997573852539,delay_time_overrun,0.5,content_preferred,2021-04
The Observer,https://observer.ug/business/electricity-uganda-s-hydropower-remains-key-to-charging-low-prices/,2021-04-21,Electricity: Uganda’s hydropower remains key to charging low prices,The electricity tariff is increasingly attracting attention from investors looking to put in place large projects in the region.,True,,delay_time_overrun,0.26387741031516454,land_row_dispute,0.13696718215942383,delay_time_overrun,0.5,content_preferred,2021-04
The Observer,https://observer.ug/business/electricity-uganda-s-hydropower-remains-key-to-charging-low-prices/,2021-04-21,Electricity: Uganda’s hydropower remains key to charging low prices,Manufacturers across the region are pleading with their governments to bring down the cost of electricity.,True,,land_row_dispute,0.2187791768784658,land_row_dispute,0.24196231365203857,land_row_dispute,0.6151853726326261,agree,2021-04
The Observer,https://observer.ug/business/electricity-uganda-s-hydropower-remains-key-to-charging-low-prices/,2021-04-21,Electricity: Uganda’s hydropower remains key to charging low prices,"The calls come as more countries in East Africa take up inward approaches to doing business, and in some areas sparking off what have been termed as trade wars.",True,,land_row_dispute,0.22135566869054416,contract_management_failure,0.1792721152305603,land_row_dispute,0.5,content_preferred,2021-04
The Observer,https://observer.ug/business/electricity-uganda-s-hydropower-remains-key-to-charging-low-prices/,2021-04-21,Electricity: Uganda’s hydropower remains key to charging low prices,"Daniel Birungi, the executive director of the Uganda Manufacturers Association, whose members are some of the biggest consumers of electricity in the country, recently said that while there “has been tremendous improvement over the last 15 years… it is time for the electricity industry to provide more incentives such as offering a special power rate.” DIFFICULT YEAR Mucai Kunyiha, the chairperson of the Kenya Association of Manufacturers, also recently complained how his members were choking under the weight of high costs of doing business, especially coming after a difficult year of the coronavirus pandemic. “Efforts to enhance our productivity are hampered by the increasing cost of doing business and low competitiveness.",True,,procurement_irregularity,0.3946778411239932,payment_financial_dispute,0.21309351921081543,procurement_irregularity,0.5,content_preferred,2021-04
The Observer,https://observer.ug/business/electricity-uganda-s-hydropower-remains-key-to-charging-low-prices/,2021-04-21,Electricity: Uganda’s hydropower remains key to charging low prices,"Some of the issues that contribute to this are… high cost of energy, transport, and logistics costs.",True,,contract_management_failure,0.19562978519082472,contract_management_failure,0.21697846055030823,contract_management_failure,0.6031520614352832,agree,2021-04
The Observer,https://observer.ug/business/electricity-uganda-s-hydropower-remains-key-to-charging-low-prices/,2021-04-21,Electricity: Uganda’s hydropower remains key to charging low prices,"To resolve these headwinds, it is paramount that government and its agencies strongly commit and demonstrate goodwill to securing the future of our country’s economic development,” Kunyiha said.",True,,delay_time_overrun,0.4651383646837445,governance_oversight_failure,0.1878013163805008,delay_time_overrun,0.5,content_preferred,2021-04
The Observer,https://observer.ug/business/electricity-uganda-s-hydropower-remains-key-to-charging-low-prices/,2021-04-21,Electricity: Uganda’s hydropower remains key to charging low prices,"ERA recently released new electricity prices for customers served by the main distribution firm, Umeme Limited, for the months April to June 2021, pointing to a drop in the charges for two of the six consumer categories.",True,,quality_technical_defect,0.0013244911219713142,contract_management_failure,0.18321946263313293,quality_technical_defect,0.5,content_preferred,2021-04
The Observer,https://observer.ug/business/electricity-uganda-s-hydropower-remains-key-to-charging-low-prices/,2021-04-21,Electricity: Uganda’s hydropower remains key to charging low prices,"According to the new rates, commercial consumers will pay Shs 639.8 from Shs 642.4 and medium industrial consumers will pay Shs 556.0 from Shs 560.2.",True,,land_row_dispute,0.20773772938253635,payment_financial_dispute,0.20230722427368164,land_row_dispute,0.5,content_preferred,2021-04
The Observer,https://observer.ug/business/electricity-uganda-s-hydropower-remains-key-to-charging-low-prices/,2021-04-21,Electricity: Uganda’s hydropower remains key to charging low prices,"In a statement, ERA said, “This is the second time in a row that the Authority is reducing tariffs for the two consumer categories, with the aim of supporting the electricity consumers and the economy to recover from the effects of the Covid-19 pandemic.” The authority announced that the tariffs for domestic consumers, large industrial consumers, extra large industrial consumers, and street lighting remained the same at Shs 750.9, Shs 361, Shs 301.7 and Shs 370, respectively.",True,,procurement_irregularity,0.39787797669646424,contract_management_failure,0.255016952753067,procurement_irregularity,0.5,content_preferred,2021-04
The Observer,https://observer.ug/business/electricity-uganda-s-hydropower-remains-key-to-charging-low-prices/,2021-04-21,Electricity: Uganda’s hydropower remains key to charging low prices,The new tariffs are competitive when compared to regional peers – and are a strong indicator for businesses looking to make investment decisions based on the costs of production.,True,,land_row_dispute,0.15042445709268887,contract_management_failure,0.1126297190785408,land_row_dispute,0.5,content_preferred,2021-04
The Observer,https://observer.ug/business/electricity-uganda-s-hydropower-remains-key-to-charging-low-prices/,2021-04-21,Electricity: Uganda’s hydropower remains key to charging low prices,"According to the latest figures on regional electricity tariffs, domestic consumers in Uganda pay $20.5 cents per kWh, those in Kenya are charged 22.4 USA cents per kWh, Rwanda’s is at USA 21 cents per kWh, while Tanzania is at USA 15.1 cents per kWh.",True,,land_row_dispute,0.25595638359866435,payment_financial_dispute,0.12389815598726273,land_row_dispute,0.5,content_preferred,2021-04
The Observer,https://observer.ug/business/electricity-uganda-s-hydropower-remains-key-to-charging-low-prices/,2021-04-21,Electricity: Uganda’s hydropower remains key to charging low prices,The trend in the figures for the other consumer categories varies across the countries.,True,,land_row_dispute,0.14114805892460972,contract_management_failure,0.07087737321853638,land_row_dispute,0.5,content_preferred,2021-04
The Observer,https://observer.ug/business/electricity-uganda-s-hydropower-remains-key-to-charging-low-prices/,2021-04-21,Electricity: Uganda’s hydropower remains key to charging low prices,"And yet, these numbers cannot be taken on face value.",True,,procurement_irregularity,0.2176402298426777,procurement_irregularity,0.14954838156700134,procurement_irregularity,0.5917971528524197,agree,2021-04
The Observer,https://observer.ug/business/electricity-uganda-s-hydropower-remains-key-to-charging-low-prices/,2021-04-21,Electricity: Uganda’s hydropower remains key to charging low prices,"For example, the electricity tariffs in Tanzania and Rwanda are directly subsidised unlike those in Uganda and Kenya.",True,,contract_management_failure,0.306251813302465,contract_management_failure,0.16432684659957886,contract_management_failure,0.617644664975511,agree,2021-04
The Observer,https://observer.ug/business/electricity-uganda-s-hydropower-remains-key-to-charging-low-prices/,2021-04-21,Electricity: Uganda’s hydropower remains key to charging low prices,"Mary Goretti Kitutu, the minister of Energy and Mineral Development, said as much. “Uganda’s electricity tariffs especially the industrial tariffs are the most competitive in the region, which is why our goods are now finding ways to the regional markets,” she explained.",True,,contract_management_failure,0.31577908665076954,contract_management_failure,0.1046895757317543,contract_management_failure,0.605117165595631,agree,2021-04
The Observer,https://observer.ug/business/electricity-uganda-s-hydropower-remains-key-to-charging-low-prices/,2021-04-21,Electricity: Uganda’s hydropower remains key to charging low prices,"She added: “Uganda is among the few African countries with a financially viable electricity sub sector and this is because it runs a fairly cost reflective tariff and more so, in comparison to the regional tariffs, Uganda’s electricity tariff is generally competitive besides a few countries like Tanzania whose tariff is heavily subsidized by the government.” Looking at the factors that influence the price of electricity in the country, Kenya and Tanzania, the two largest economies in East Africa, should have an upper hand.",True,,procurement_irregularity,0.26490147560412386,procurement_irregularity,0.10351324826478958,procurement_irregularity,0.5921036809672283,agree,2021-04
The Observer,https://observer.ug/business/electricity-uganda-s-hydropower-remains-key-to-charging-low-prices/,2021-04-21,Electricity: Uganda’s hydropower remains key to charging low prices,"THREE FACTORS At least three main factors influence the electricity tariff: the exchange rate regime, international oil prices, and the inflation rate.",True,,contract_management_failure,0.2631949171077408,contract_management_failure,0.10714985430240631,contract_management_failure,0.5925861928525368,agree,2021-04
The Observer,https://observer.ug/business/electricity-uganda-s-hydropower-remains-key-to-charging-low-prices/,2021-04-21,Electricity: Uganda’s hydropower remains key to charging low prices,"Kenya has a more predictable exchange rate system, and their local currency is stronger than Uganda’s.",True,,procurement_irregularity,0.2609122069296804,contract_management_failure,0.06495166569948196,procurement_irregularity,0.5,content_preferred,2021-04
The Observer,https://observer.ug/business/electricity-uganda-s-hydropower-remains-key-to-charging-low-prices/,2021-04-21,Electricity: Uganda’s hydropower remains key to charging low prices,"Also, blessed with a coastline, Kenya and Tanzania do not have to incur high import charges when bringing in petroleum products for their energy industry, and the change in their prices of goods and services (inflation) is not as exposed to external factors such as Uganda’s.",True,,procurement_irregularity,0.31748072967628166,procurement_irregularity,0.149577796459198,procurement_irregularity,0.61676463153387,agree,2021-04
The Observer,https://observer.ug/business/electricity-uganda-s-hydropower-remains-key-to-charging-low-prices/,2021-04-21,Electricity: Uganda’s hydropower remains key to charging low prices,"Uganda, on the other hand, encounters a number of challenges.",True,,land_row_dispute,0.28521929631437487,land_row_dispute,0.1730329990386963,land_row_dispute,0.6145630738382678,agree,2021-04
The Observer,https://observer.ug/business/electricity-uganda-s-hydropower-remains-key-to-charging-low-prices/,2021-04-21,Electricity: Uganda’s hydropower remains key to charging low prices,"Due to the country’s shallow financial system, where there are few capital markets products, the shilling is highly exposed to volatile foreign markets.",True,,procurement_irregularity,0.17223297778184493,payment_financial_dispute,0.13616855442523956,procurement_irregularity,0.5,content_preferred,2021-04
The Observer,https://observer.ug/business/electricity-uganda-s-hydropower-remains-key-to-charging-low-prices/,2021-04-21,Electricity: Uganda’s hydropower remains key to charging low prices,"Also, Uganda runs a wide current account deficit as a result of the high demand for the dollar against the shilling, especially from importers.",True,,land_row_dispute,0.21610029615329124,payment_financial_dispute,0.19447070360183716,land_row_dispute,0.5,content_preferred,2021-04
The Observer,https://observer.ug/business/electricity-uganda-s-hydropower-remains-key-to-charging-low-prices/,2021-04-21,Electricity: Uganda’s hydropower remains key to charging low prices,"Then again, an independent power producer has to incur higher costs in importing plant equipment into landlocked Uganda compared to his peers in Kenya and Tanzania.",True,,contract_management_failure,0.35254672962695943,contract_management_failure,0.16944509744644165,contract_management_failure,0.6304979567683503,agree,2021-04
The Observer,https://observer.ug/business/electricity-uganda-s-hydropower-remains-key-to-charging-low-prices/,2021-04-21,Electricity: Uganda’s hydropower remains key to charging low prices,"And lastly, transportation costs for petroleum products are more for a project developer in Uganda compared to the one in Kenya or Tanzania.",True,,delay_time_overrun,0.43765668566506855,delay_time_overrun,0.147512748837471,delay_time_overrun,0.6462923586256348,agree,2021-04
The Observer,https://observer.ug/business/electricity-uganda-s-hydropower-remains-key-to-charging-low-prices/,2021-04-21,Electricity: Uganda’s hydropower remains key to charging low prices,"Assessed on broader terms, Kenya and Tanzania have more industries, which means there is enough demand for electricity to push the tariff down.",True,,land_row_dispute,0.2319720170563691,contract_management_failure,0.14657233655452728,land_row_dispute,0.5,content_preferred,2021-04
The Observer,https://observer.ug/business/electricity-uganda-s-hydropower-remains-key-to-charging-low-prices/,2021-04-21,Electricity: Uganda’s hydropower remains key to charging low prices,"Also, Kenya has a higher electricity output at just over 2,700MW compared to Uganda’s 1,250MW, and a more conducive location better than landlocked Uganda.",True,,contract_management_failure,0.3194250736914717,land_row_dispute,0.0426015704870224,contract_management_failure,0.5,content_preferred,2021-04
The Observer,https://observer.ug/business/electricity-uganda-s-hydropower-remains-key-to-charging-low-prices/,2021-04-21,Electricity: Uganda’s hydropower remains key to charging low prices,But Kenya and Tanzania’s lack of enough hydrology to generate electricity is a disadvantage.,True,,governance_oversight_failure,0.20797124661825103,procurement_irregularity,0.12292230129241943,governance_oversight_failure,0.5,content_preferred,2021-04
The Observer,https://observer.ug/business/electricity-uganda-s-hydropower-remains-key-to-charging-low-prices/,2021-04-21,Electricity: Uganda’s hydropower remains key to charging low prices,"Hydropower accounts for less than a half of the energy output in the two countries, placing their electricity tariffs technically higher than Uganda’s.",True,,contract_management_failure,0.30724720410090905,payment_financial_dispute,0.0950482040643692,contract_management_failure,0.5,content_preferred,2021-04
The Observer,https://observer.ug/business/electricity-uganda-s-hydropower-remains-key-to-charging-low-prices/,2021-04-21,Electricity: Uganda’s hydropower remains key to charging low prices,That Uganda’s electricity tariff – a reflection of the costs of production plus the return on investment – is lower than Kenya’s for five of the six consumer categories points to many strides that Uganda’s Electricity Supply Industry has made over the last 20 years.,True,,contract_management_failure,0.3010525536534899,payment_financial_dispute,0.13341034948825836,contract_management_failure,0.5,content_preferred,2021-04
The Observer,https://observer.ug/business/cement-sugar-to-implement-digital-tax-stamps-in-april/,2021-03-13,"Cement, sugar to implement Digital Tax Stamps in April","Present in the meeting were representatives from Bwendero D farm, Tororo Cement, Victoria Sugar Limited, Kakira Sugar, National Cement, UFCIL, Hoima Sugar Ltd, Busia Sugar, SCOUL and Atyak Sugar factory.",True,,land_row_dispute,0.09183011435590824,land_row_dispute,0.16342172026634216,land_row_dispute,0.5638129586555626,agree,2021-03
The Observer,https://observer.ug/business/cement-sugar-to-implement-digital-tax-stamps-in-april/,2021-03-13,"Cement, sugar to implement Digital Tax Stamps in April","On July 13, 2020, the minister of Finance, Planning and Economic Development Matia Kasaija communicated to URA that he had extended the implementation of DTS to sugar and cement.",True,,governance_oversight_failure,0.2201038745165054,delay_time_overrun,0.2244342565536499,governance_oversight_failure,0.5,content_preferred,2021-03
The Observer,https://observer.ug/business/cement-sugar-to-implement-digital-tax-stamps-in-april/,2021-03-13,"Cement, sugar to implement Digital Tax Stamps in April",URA has positioned itself as a business facilitation partner to all its stakeholders and will continue to sensitize and engage the manufacturers to foster adoption and implementation of the solution.,True,,governance_oversight_failure,0.27360756559982075,contract_management_failure,0.1386401504278183,governance_oversight_failure,0.5,content_preferred,2021-03
The Observer,https://observer.ug/news/with-so-many-donations-govt-considers-reallocating-covid-vaccine-funds/,2021-12-08,"With so many donations, govt considers reallocating COVID vaccine funds","Based on the records, some officials within the vaccination department of the Health ministry said the funds previously allocated to the procurement of vaccines might now be used for something else.",True,procurement_irregularity,procurement_irregularity,0.3712874604691717,payment_financial_dispute,0.14867453277111053,procurement_irregularity,0.5,content_preferred,2021-12
The Observer,https://observer.ug/news/with-so-many-donations-govt-considers-reallocating-covid-vaccine-funds/,2021-12-08,"With so many donations, govt considers reallocating COVID vaccine funds","We shall decide whether to go ahead with the procurement of vaccines after we have hit our target number,” Dr Driwale said.",True,procurement_irregularity,procurement_irregularity,0.33149052771707865,delay_time_overrun,0.08402663469314575,procurement_irregularity,0.5,content_preferred,2021-12
The Observer,https://observer.ug/news/with-so-many-donations-govt-considers-reallocating-covid-vaccine-funds/,2021-12-08,"With so many donations, govt considers reallocating COVID vaccine funds","Scientists advise that people continue to adhere to standard operating procedures such as wearing face masks, washing hands and avoiding crowded places since these are the only tested methods that can control the spread of the disease. “Vaccination works but we are still learning about these viruses and technology continuously changes.",True,,land_row_dispute,0.31904107079905125,governance_oversight_failure,0.036472685635089874,land_row_dispute,0.5,content_preferred,2021-12
The Observer,https://observer.ug/news/brutality-on-bobi-cost-us-in-buganda-defeated-ministers/,2021-01-22,Brutality on Bobi cost us in Buganda – defeated ministers,"The NRM leaders in the district then turned to homeboy, Works and Transport minister, Gen Katumba Wamala, who engaged Akullo before flying the same ‘sinful’ chopper to Kalangala to free the 27 Kyagulanyi supporters without a charge, but a little late to undo the damage.",True,,land_row_dispute,0.2203409406474299,contract_management_failure,0.18324875831604004,land_row_dispute,0.5,content_preferred,2021-01
The Observer,https://observer.ug/news/controversy-as-kcca-disburses-shs-99m-to-volunteer-city-cleaners/,2021-10-11,Controversy as KCCA disburses Shs 99m to “volunteer” city cleaners,"The Lubaga Division town clerk, Thomas Ssentongo has since written back saying that “contractual terms and obligations have to be discussed so that all of us are on the same page.” In the same breath, the Nakawa division town clerk, Denis Omodi also wrote back to Kiirya on October 5 asking for a copy of the contract agreement between KCCA and seven Hills that warrant the payment. “The 7 Hill group MUST be registered as members of the Nakawa causal workers Sacco in order for us to pay them,” he said.",True,,contract_management_failure,0.3493029552962085,contract_management_failure,0.3130268454551697,contract_management_failure,0.6655824501878446,agree,2021-10
The Observer,https://observer.ug/news/controversy-as-kcca-disburses-shs-99m-to-volunteer-city-cleaners/,2021-10-11,Controversy as KCCA disburses Shs 99m to “volunteer” city cleaners,"For instance, in 2018 and 2019, the Saccos had no written contract with KCCA but they worked and were paid.",True,,contract_management_failure,0.24411068420001897,procurement_irregularity,0.3178698718547821,contract_management_failure,0.5,content_preferred,2021-10
The Observer,https://observer.ug/news/controversy-as-kcca-disburses-shs-99m-to-volunteer-city-cleaners/,2021-10-11,Controversy as KCCA disburses Shs 99m to “volunteer” city cleaners,The group has since publicly expressed interest in securing a contract to offer cleaning services in Kampala.,True,,contract_management_failure,0.31435554586474684,procurement_irregularity,0.24967899918556213,contract_management_failure,0.5,content_preferred,2021-10
The Observer,https://observer.ug/news/controversy-as-kcca-disburses-shs-99m-to-volunteer-city-cleaners/,2021-10-11,Controversy as KCCA disburses Shs 99m to “volunteer” city cleaners,Some of the group’s supervisors that URN previously interacted with accused the Saccos of failing at their job and that they (Seven Hill) were committed to scooping the contract.,True,,contract_management_failure,0.24778589745795135,contract_management_failure,0.322276771068573,contract_management_failure,0.6425156671316311,agree,2021-10
The Observer,https://observer.ug/news/controversy-as-kcca-disburses-shs-99m-to-volunteer-city-cleaners/,2021-10-11,Controversy as KCCA disburses Shs 99m to “volunteer” city cleaners,The Saccos (who had a running contract) accuse Seven Hills of deploying in areas where they also have people to work to force them off the streets while boosting their powers.,True,,land_row_dispute,0.18370904211112274,land_row_dispute,0.2577611804008484,land_row_dispute,0.6103675556279928,agree,2021-10
The Observer,https://observer.ug/news/controversy-as-kcca-disburses-shs-99m-to-volunteer-city-cleaners/,2021-10-11,Controversy as KCCA disburses Shs 99m to “volunteer” city cleaners,"In August 2021, as contracts of Saccos neared expiry, the tension escalated with Seven Hills members being accused of provoking and sometimes beating members of Community Saccos who had been holding the contract.",True,,contract_management_failure,0.24984620955035572,contract_management_failure,0.33731627464294434,contract_management_failure,0.646790621048325,agree,2021-10
The Observer,https://observer.ug/news/controversy-as-kcca-disburses-shs-99m-to-volunteer-city-cleaners/,2021-10-11,Controversy as KCCA disburses Shs 99m to “volunteer” city cleaners,Videos of them pushing SACCOs members into drainage channels emerged but they denied any wrongdoing.,True,,delay_time_overrun,0.1909597107185322,land_row_dispute,0.2729250490665436,delay_time_overrun,0.5,content_preferred,2021-10
The Observer,https://observer.ug/news/pakistani-tv-bans-host-of-talk-show-after-he-criticized-army/,2021-06-02,Pakistani TV bans host of talk show after he criticized army,"Toor, the journalist beaten in his apartment, works for the Aaj News Pakistani TV.",True,,delay_time_overrun,0.24094533615236843,contract_management_failure,0.09129368513822556,delay_time_overrun,0.5,content_preferred,2021-06
The Observer,https://observer.ug/news/anti-counterfeit-body-lobbies-for-strict-laws-on-agriculture-inputs/,2021-10-26,Anti-Counterfeit body lobbies for strict laws on agriculture inputs,"Of recent, there have been growing concerns about counterfeits and substandard products on the market and ACN’s presentation was part of the recent plea by the Ministry of Agriculture, Animal Industry and Fisheries (MAAIF) for concerned farmers or groups to present views to CEAHP.",True,quality_technical_defect,quality_technical_defect,0.22393297233604198,payment_financial_dispute,0.17255529761314392,quality_technical_defect,0.5,content_preferred,2021-10
The Observer,https://observer.ug/news/anti-counterfeit-body-lobbies-for-strict-laws-on-agriculture-inputs/,2021-10-26,Anti-Counterfeit body lobbies for strict laws on agriculture inputs,ACN is a non-profit entity that aims to bridge the intervention gaps between the multiple stakeholders that affect and are being affected by counterfeits and illicit trade.,True,,land_row_dispute,0.19364055641791053,procurement_irregularity,0.2172793745994568,land_row_dispute,0.5,content_preferred,2021-10
The Observer,https://observer.ug/news/makerere-university-professor-kerali-found-dead-in-his-bedroom/,2021-02-18,Makerere University professor Kerali found dead in his bedroom,"Brian Billy Odongkara, an assistant lecturer at the department of construction economics and management says the deceased started the department in 2005.",True,,governance_oversight_failure,0.28049691829674195,contract_management_failure,0.1789834052324295,governance_oversight_failure,0.5,content_preferred,2021-02
The Observer,https://observer.ug/news/makerere-university-professor-kerali-found-dead-in-his-bedroom/,2021-02-18,Makerere University professor Kerali found dead in his bedroom,"Odongkara also said that Kerali will be remembered for training and mentoring many students in construction, economics and management in Uganda.",True,,delay_time_overrun,0.39918577585372705,governance_oversight_failure,0.03131624311208725,delay_time_overrun,0.5,content_preferred,2021-02
The Observer,https://observer.ug/news/makerere-university-professor-kerali-found-dead-in-his-bedroom/,2021-02-18,Makerere University professor Kerali found dead in his bedroom,"For his incredible construction designs, a section on the Kabale-Kisoro was named the ‘Kerali corner’ in recognition of his talents and skills.",True,,delay_time_overrun,0.298589991201492,quality_technical_defect,0.0880700871348381,delay_time_overrun,0.5,content_preferred,2021-02
The Observer,https://observer.ug/news/makerere-university-professor-kerali-found-dead-in-his-bedroom/,2021-02-18,Makerere University professor Kerali found dead in his bedroom,"He studied a bachelor’s degree in science in civil engineering at Makerere, before going to Loughborough in the United Kingdom to study for a master’s degree in construction economics.",True,,delay_time_overrun,0.30034917188063387,quality_technical_defect,0.1809576153755188,delay_time_overrun,0.5,content_preferred,2021-02
The Observer,https://observer.ug/business/can-tumwebaze-s-energy-reignite-uganda-s-backbone-of-agriculture/,2021-08-24,Can Tumwebaze’s energy reignite Uganda’s backbone of agriculture?,"SOROTI FRUIT FACTORY CHALLENGES With that in mind, while in Teso, Tumwebaze made it a point to visit the Soroti fruit factory which gave him a glimpse of the challenges ahead.",True,,land_row_dispute,0.20982100870937787,land_row_dispute,0.13874831795692444,land_row_dispute,0.5871423316665756,agree,2021-08
The Observer,https://observer.ug/business/can-tumwebaze-s-energy-reignite-uganda-s-backbone-of-agriculture/,2021-08-24,Can Tumwebaze’s energy reignite Uganda’s backbone of agriculture?,"Set up in 2019 as a government investment promotion imitative, the fruit processing plant is supposed to be the template to follow in Uganda’s agro- industrialization agenda.",True,,land_row_dispute,0.08614251491484232,delay_time_overrun,0.10915675014257431,land_row_dispute,0.5,content_preferred,2021-08
The Observer,https://observer.ug/business/can-tumwebaze-s-energy-reignite-uganda-s-backbone-of-agriculture/,2021-08-24,Can Tumwebaze’s energy reignite Uganda’s backbone of agriculture?,"But when Tumwebaze visited, he was told of a multitude of challenges that the factory is going through.",True,,land_row_dispute,0.21754760873861143,contract_management_failure,0.1782619059085846,land_row_dispute,0.5,content_preferred,2021-08
The Observer,https://observer.ug/business/can-tumwebaze-s-energy-reignite-uganda-s-backbone-of-agriculture/,2021-08-24,Can Tumwebaze’s energy reignite Uganda’s backbone of agriculture?,"Douglas Kakyukyu Ndawula, the chief executive officer of Soroti Fruits Factory, said the production line of the factory is simply too small to compete with rivals in the beverage sector. “What we can produce in 48 hours they [competitors] do it within 30 minutes,” Ndawula said.",True,,land_row_dispute,0.4107629184476169,delay_time_overrun,0.2041303515434265,land_row_dispute,0.5,content_preferred,2021-08
The Observer,https://observer.ug/business/can-tumwebaze-s-energy-reignite-uganda-s-backbone-of-agriculture/,2021-08-24,Can Tumwebaze’s energy reignite Uganda’s backbone of agriculture?,"Essentially, Ndawula was admitting that the factory can’t run on its own without the government intervening financially, which Tumwebaze understood.",True,,land_row_dispute,0.3998034906984564,procurement_irregularity,0.19755800068378448,land_row_dispute,0.5,content_preferred,2021-08
The Observer,https://observer.ug/business/can-tumwebaze-s-energy-reignite-uganda-s-backbone-of-agriculture/,2021-08-24,Can Tumwebaze’s energy reignite Uganda’s backbone of agriculture?,"The minister said he will ask the ministry of Finance, through Uganda Development Corporation (UDC) to establish subsidiary and associated companies as well as increase funding to the factory to enable them to add more manufacturing and packaging lines.",True,,procurement_irregularity,0.2485806284867467,payment_financial_dispute,0.16171112656593323,procurement_irregularity,0.5,content_preferred,2021-08
The Observer,https://observer.ug/business/can-tumwebaze-s-energy-reignite-uganda-s-backbone-of-agriculture/,2021-08-24,Can Tumwebaze’s energy reignite Uganda’s backbone of agriculture?,"Extension workers MESS Throughout his visit, Tumwebaze has found frustration with workers who are under the ministry of Local Government due to his lack of control over them yet they impact the implementation of government programmes.",True,,delay_time_overrun,0.25522642338836427,governance_oversight_failure,0.23144309222698212,delay_time_overrun,0.5,content_preferred,2021-08
The Observer,https://observer.ug/news/unra-road-workers-lay-down-tools-over-unpaid-salaries-working-conditions/,2021-10-28,"UNRA road workers lay down tools over unpaid salaries, working conditions","Two weeks ago, Kitala Gerenge road project focal person Nada Andersen, asked loudly on social media why UNRA had failed to pay the workers’ arrears.",True,,land_row_dispute,0.20043315330002037,land_row_dispute,0.25741973519325256,land_row_dispute,0.6144632221233183,agree,2021-10
The Observer,https://observer.ug/news/unra-road-workers-lay-down-tools-over-unpaid-salaries-working-conditions/,2021-10-28,"UNRA road workers lay down tools over unpaid salaries, working conditions","Interviewed for a comment, a fortnight ago, UNRA spokesman Allan Ssempebwa, sought to calm the chaotic churn around the road works.",True,,delay_time_overrun,0.2794395574364248,delay_time_overrun,0.15776070952415466,delay_time_overrun,0.6093000667401449,agree,2021-10
The Observer,https://observer.ug/news/unra-road-workers-lay-down-tools-over-unpaid-salaries-working-conditions/,2021-10-28,"UNRA road workers lay down tools over unpaid salaries, working conditions",He said UNRA held internal discussions on the matter and was working expeditiously to pay the outstanding wages to the affected workers.,True,,delay_time_overrun,0.3826817129786556,land_row_dispute,0.27525588870048523,delay_time_overrun,0.5,content_preferred,2021-10
The Observer,https://observer.ug/news/unra-road-workers-lay-down-tools-over-unpaid-salaries-working-conditions/,2021-10-28,"UNRA road workers lay down tools over unpaid salaries, working conditions",Ssempebwa promised the payments would be made soon.,True,,delay_time_overrun,0.20222273229921336,payment_financial_dispute,0.23251394927501678,delay_time_overrun,0.5,content_preferred,2021-10
The Observer,https://observer.ug/news/unra-road-workers-lay-down-tools-over-unpaid-salaries-working-conditions/,2021-10-28,"UNRA road workers lay down tools over unpaid salaries, working conditions","But despite Ssempebwa’s attempt to calm nerves a fortnight ago, the workers walked off their jobs citing a total disregard for their human dignity.",True,,land_row_dispute,0.277866995918164,land_row_dispute,0.22865432500839233,land_row_dispute,0.626630330231639,agree,2021-10
The Observer,https://observer.ug/news/unra-road-workers-lay-down-tools-over-unpaid-salaries-working-conditions/,2021-10-28,"UNRA road workers lay down tools over unpaid salaries, working conditions",They said they had turned into destitutes.,True,,land_row_dispute,0.497625705874091,governance_oversight_failure,0.13708887994289398,land_row_dispute,0.5,content_preferred,2021-10
The Observer,https://observer.ug/news/unra-road-workers-lay-down-tools-over-unpaid-salaries-working-conditions/,2021-10-28,"UNRA road workers lay down tools over unpaid salaries, working conditions","Joachim Kiiza, 46, a good drainage builder, said he has worked on the Kitala-Gerenge road project since June 2018.",True,,delay_time_overrun,0.3728744254113005,delay_time_overrun,0.18779346346855164,delay_time_overrun,0.640166972219963,agree,2021-10
The Observer,https://observer.ug/news/unra-road-workers-lay-down-tools-over-unpaid-salaries-working-conditions/,2021-10-28,"UNRA road workers lay down tools over unpaid salaries, working conditions",Kiiza told The Observer that he has not received his salary for the last five months. “This has not just affected my livelihood.,True,,land_row_dispute,0.2696745326291158,procurement_irregularity,0.23286962509155273,land_row_dispute,0.5,content_preferred,2021-10
The Observer,https://observer.ug/news/unra-road-workers-lay-down-tools-over-unpaid-salaries-working-conditions/,2021-10-28,"UNRA road workers lay down tools over unpaid salaries, working conditions",But my daughter couldn’t write her final exams at Nkumba University in June.,True,,governance_oversight_failure,0.1518199159017232,delay_time_overrun,0.2118077427148819,governance_oversight_failure,0.5,content_preferred,2021-10
The Observer,https://observer.ug/news/unra-road-workers-lay-down-tools-over-unpaid-salaries-working-conditions/,2021-10-28,"UNRA road workers lay down tools over unpaid salaries, working conditions","She was a tuition defaulter of Shs 4,980,000; money which I would have cleared if UNRA paid my salary,” he said.",True,,land_row_dispute,0.33037308991809605,procurement_irregularity,0.21052071452140808,land_row_dispute,0.5,content_preferred,2021-10
The Observer,https://observer.ug/news/unra-road-workers-lay-down-tools-over-unpaid-salaries-working-conditions/,2021-10-28,"UNRA road workers lay down tools over unpaid salaries, working conditions",UNRA’s project manager Morris Ewama said: “There is no contracted road worker on the Kitala-Gerenge road that has not been paid all their dues fully.,True,,delay_time_overrun,0.35402194860818836,delay_time_overrun,0.26001742482185364,delay_time_overrun,0.6535098433575105,agree,2021-10
The Observer,https://observer.ug/news/unra-road-workers-lay-down-tools-over-unpaid-salaries-working-conditions/,2021-10-28,"UNRA road workers lay down tools over unpaid salaries, working conditions","The ones claiming otherwise are either lying or non-contracted masqueraders.” Ewama did not offer to back his word with any proof unlike the workers, who showed The Observer their contracts.",True,,delay_time_overrun,0.17619664273199365,payment_financial_dispute,0.3205137848854065,delay_time_overrun,0.5,content_preferred,2021-10
The Observer,https://observer.ug/news/unra-road-workers-lay-down-tools-over-unpaid-salaries-working-conditions/,2021-10-28,"UNRA road workers lay down tools over unpaid salaries, working conditions","But when he was targeted by the workers during the strike, Ewama quickly promised that the arrears would be paid.",True,,land_row_dispute,0.16427219066734466,contract_management_failure,0.31244349479675293,land_row_dispute,0.5,content_preferred,2021-10
The Observer,https://observer.ug/news/unra-road-workers-lay-down-tools-over-unpaid-salaries-working-conditions/,2021-10-28,"UNRA road workers lay down tools over unpaid salaries, working conditions","Ssempebwa said, “As a body, we subscribe to ensuring that the welfare of our workers is top.",True,,delay_time_overrun,0.34800984398472257,quality_technical_defect,0.12851054966449738,delay_time_overrun,0.5,content_preferred,2021-10
The Observer,https://observer.ug/news/unra-road-workers-lay-down-tools-over-unpaid-salaries-working-conditions/,2021-10-28,"UNRA road workers lay down tools over unpaid salaries, working conditions",And what we have done is that our chief accountant is following up on all the claims of non-payment that have been made by the workers.,True,,land_row_dispute,0.24739189562758387,payment_financial_dispute,0.452595978975296,payment_financial_dispute,0.5,semantic_override,2021-10
The Observer,https://observer.ug/news/unra-road-workers-lay-down-tools-over-unpaid-salaries-working-conditions/,2021-10-28,"UNRA road workers lay down tools over unpaid salaries, working conditions","In fact, last week, the process of harmonizing the arrears, to begin payment henceforth, started.” Peter Bagonza, 56, said his current UNRA job is so frustrating.",True,,land_row_dispute,0.3011613709389342,contract_management_failure,0.2647721469402313,land_row_dispute,0.5,content_preferred,2021-10
The Observer,https://observer.ug/news/unra-road-workers-lay-down-tools-over-unpaid-salaries-working-conditions/,2021-10-28,"UNRA road workers lay down tools over unpaid salaries, working conditions","He said that when they signed their initial contracts back in 2018, lunch was part of the package.",True,,land_row_dispute,0.2806206292521953,contract_management_failure,0.19797030091285706,land_row_dispute,0.5,content_preferred,2021-10
The Observer,https://observer.ug/news/unra-road-workers-lay-down-tools-over-unpaid-salaries-working-conditions/,2021-10-28,"UNRA road workers lay down tools over unpaid salaries, working conditions","But since last November, Bagonza said they have not received any lunch allowance.",True,,procurement_irregularity,0.39398162304451095,delay_time_overrun,0.188648521900177,procurement_irregularity,0.5,content_preferred,2021-10
The Observer,https://observer.ug/news/unra-road-workers-lay-down-tools-over-unpaid-salaries-working-conditions/,2021-10-28,"UNRA road workers lay down tools over unpaid salaries, working conditions","A meal was valued at Shs 4,500 each day.",True,,land_row_dispute,0.24277544444036692,delay_time_overrun,0.11443671584129333,land_row_dispute,0.5,content_preferred,2021-10
The Observer,https://observer.ug/news/unra-road-workers-lay-down-tools-over-unpaid-salaries-working-conditions/,2021-10-28,"UNRA road workers lay down tools over unpaid salaries, working conditions","In total, one worker is owed about Shs 1,485,000 in lunch allowance.",True,,land_row_dispute,0.18901782378545406,payment_financial_dispute,0.23166200518608093,land_row_dispute,0.5,content_preferred,2021-10
The Observer,https://observer.ug/news/unra-road-workers-lay-down-tools-over-unpaid-salaries-working-conditions/,2021-10-28,"UNRA road workers lay down tools over unpaid salaries, working conditions",Ssempebwa said they are investigating the matter to ensure it is addressed once and for all.,True,,delay_time_overrun,0.44421563357392846,payment_financial_dispute,0.2295716404914856,delay_time_overrun,0.5,content_preferred,2021-10
The Observer,https://observer.ug/news/unra-road-workers-lay-down-tools-over-unpaid-salaries-working-conditions/,2021-10-28,"UNRA road workers lay down tools over unpaid salaries, working conditions",Ssempebwa said Kitala-Gerenge project was a pioneer in-house project by UNRA.,True,,delay_time_overrun,0.45319008986010473,land_row_dispute,0.15601322054862976,delay_time_overrun,0.5,content_preferred,2021-10
The Observer,https://observer.ug/news/unra-road-workers-lay-down-tools-over-unpaid-salaries-working-conditions/,2021-10-28,"UNRA road workers lay down tools over unpaid salaries, working conditions","In an attempt to reduce capital flight, UNRA decided to set up its own construction unit, which has been working on the Kitala-Gerenge road since its inception.",True,,delay_time_overrun,0.2663113367188113,delay_time_overrun,0.18934869766235352,delay_time_overrun,0.6139150085952912,agree,2021-10
The Observer,https://observer.ug/news/unra-road-workers-lay-down-tools-over-unpaid-salaries-working-conditions/,2021-10-28,"UNRA road workers lay down tools over unpaid salaries, working conditions",But Ssempebwa disclosed that they have had financial challenges.,True,,delay_time_overrun,0.18490349017913016,payment_financial_dispute,0.3068753480911255,delay_time_overrun,0.5,content_preferred,2021-10
The Observer,https://observer.ug/news/unra-road-workers-lay-down-tools-over-unpaid-salaries-working-conditions/,2021-10-28,"UNRA road workers lay down tools over unpaid salaries, working conditions","The government directly funded this project, but the money hasn’t been coming in as fast as UNRA would have wanted.",True,,land_row_dispute,0.2814287557550658,delay_time_overrun,0.3159979581832886,land_row_dispute,0.5,content_preferred,2021-10
The Observer,https://observer.ug/news/unra-road-workers-lay-down-tools-over-unpaid-salaries-working-conditions/,2021-10-28,"UNRA road workers lay down tools over unpaid salaries, working conditions","In the process, the road project was derailed which also affected the workers’ welfare and payments to suppliers.",True,,land_row_dispute,0.44285490865315336,land_row_dispute,0.33485257625579834,land_row_dispute,0.6944268712272379,agree,2021-10
The Observer,https://observer.ug/news/unra-road-workers-lay-down-tools-over-unpaid-salaries-working-conditions/,2021-10-28,"UNRA road workers lay down tools over unpaid salaries, working conditions",There are close to 100 temporary workers working on the Kitala-Gerenge road project.,True,,delay_time_overrun,0.2940578593063685,delay_time_overrun,0.20645146071910858,delay_time_overrun,0.6251273300063693,agree,2021-10
The Observer,https://observer.ug/news/unra-road-workers-lay-down-tools-over-unpaid-salaries-working-conditions/,2021-10-28,"UNRA road workers lay down tools over unpaid salaries, working conditions","Worse still, for close to two years, these workers told The Observer, that 30 per cent has been deducted from their wages as Pay As You Earn (PAYE).",True,,delay_time_overrun,0.2622964389858396,payment_financial_dispute,0.31689298152923584,delay_time_overrun,0.5,content_preferred,2021-10
The Observer,https://observer.ug/news/unra-road-workers-lay-down-tools-over-unpaid-salaries-working-conditions/,2021-10-28,"UNRA road workers lay down tools over unpaid salaries, working conditions","Bagonza said: “According to my contract, I am supposed to be paid Shs 27,500 every day.",True,,land_row_dispute,0.4748291727703191,payment_financial_dispute,0.23974883556365967,land_row_dispute,0.5,content_preferred,2021-10
The Observer,https://observer.ug/news/unra-road-workers-lay-down-tools-over-unpaid-salaries-working-conditions/,2021-10-28,"UNRA road workers lay down tools over unpaid salaries, working conditions","When we were still receiving our pay on time, our bosses always told us that our money was being remitted to URA [Uganda Revenue Authority] until we asked them how that was possible yet we did not have TIN [tax indentification] numbers.” Although the 30 per cent deductions stopped, and the project officials promised that all their money would be refunded soon, none has received a refund in over a year.",True,,procurement_irregularity,0.3171595189806397,payment_financial_dispute,0.2537408471107483,procurement_irregularity,0.5,content_preferred,2021-10
The Observer,https://observer.ug/news/unra-road-workers-lay-down-tools-over-unpaid-salaries-working-conditions/,2021-10-28,"UNRA road workers lay down tools over unpaid salaries, working conditions",Kiiza said that he expects a refund of about Shs 7m.,True,,land_row_dispute,0.43591854131274393,payment_financial_dispute,0.18014490604400635,land_row_dispute,0.5,content_preferred,2021-10
The Observer,https://observer.ug/news/unra-road-workers-lay-down-tools-over-unpaid-salaries-working-conditions/,2021-10-28,"UNRA road workers lay down tools over unpaid salaries, working conditions","The workers claim they work the whole day without a single meal, let alone a bottle of water.",True,,delay_time_overrun,0.15589114535695642,procurement_irregularity,0.12262270599603653,delay_time_overrun,0.5,content_preferred,2021-10
The Observer,https://observer.ug/news/unra-road-workers-lay-down-tools-over-unpaid-salaries-working-conditions/,2021-10-28,"UNRA road workers lay down tools over unpaid salaries, working conditions","It is inconceivable, they say, that someone can spend the whole day carrying kerb stones (placed on the road boundary) that weigh close to 60kgs and the 600mm diameter 100kgs heavy culverts without a meal.",True,,land_row_dispute,0.19321467931755293,delay_time_overrun,0.10171350091695786,land_row_dispute,0.5,content_preferred,2021-10
The Observer,https://observer.ug/news/unra-road-workers-lay-down-tools-over-unpaid-salaries-working-conditions/,2021-10-28,"UNRA road workers lay down tools over unpaid salaries, working conditions","Sam Mubuya, the safety superintend on this road project told The Observer recently that proper working conditions are paramount, and they include light in case work runs into the night.",True,,delay_time_overrun,0.2826570421598894,quality_technical_defect,0.24450211226940155,delay_time_overrun,0.5,content_preferred,2021-10
The Observer,https://observer.ug/news/unra-road-workers-lay-down-tools-over-unpaid-salaries-working-conditions/,2021-10-28,"UNRA road workers lay down tools over unpaid salaries, working conditions","Mubuya added that toilet facilities, water, reflective jackets, gumboots, hand gloves, safety boots and helmets are a must have.",True,,procurement_irregularity,0.21202549200852197,quality_technical_defect,0.13768723607063293,procurement_irregularity,0.5,content_preferred,2021-10
The Observer,https://observer.ug/news/unra-road-workers-lay-down-tools-over-unpaid-salaries-working-conditions/,2021-10-28,"UNRA road workers lay down tools over unpaid salaries, working conditions","The workers, however, said they often raid the bushes to ease themselves because there are no onsite mobile toilets.",True,,land_row_dispute,0.497625705874091,land_row_dispute,0.16005942225456238,land_row_dispute,0.6644212820321633,agree,2021-10
The Observer,https://observer.ug/news/unra-road-workers-lay-down-tools-over-unpaid-salaries-working-conditions/,2021-10-28,"UNRA road workers lay down tools over unpaid salaries, working conditions","And for the last one and a half years, the workers have not had safety boots, hand gloves or helmets.",True,,delay_time_overrun,0.16722412393106115,quality_technical_defect,0.22689887881278992,delay_time_overrun,0.5,content_preferred,2021-10
The Observer,https://observer.ug/news/unra-road-workers-lay-down-tools-over-unpaid-salaries-working-conditions/,2021-10-28,"UNRA road workers lay down tools over unpaid salaries, working conditions","These workers even lay molten asphalt (tarmac), which is at 180 degrees boiling point without adequate safety gadgets such as footwear or hand protection.",True,,land_row_dispute,0.14114805892460972,quality_technical_defect,0.11766450107097626,land_row_dispute,0.5,content_preferred,2021-10
The Observer,https://observer.ug/news/unra-road-workers-lay-down-tools-over-unpaid-salaries-working-conditions/,2021-10-28,"UNRA road workers lay down tools over unpaid salaries, working conditions","In case of an accident, workers said they don’t get First Aid.",True,,land_row_dispute,0.40765009000989033,quality_technical_defect,0.14723095297813416,land_row_dispute,0.5,content_preferred,2021-10
The Observer,https://observer.ug/news/unra-road-workers-lay-down-tools-over-unpaid-salaries-working-conditions/,2021-10-28,"UNRA road workers lay down tools over unpaid salaries, working conditions","Although The Observer was unable to verify this, the workers said when they are injured, they are dumped at a clinic, and left to fend for themselves.",True,,delay_time_overrun,0.35393787037367425,quality_technical_defect,0.2058427780866623,delay_time_overrun,0.5,content_preferred,2021-10
The Observer,https://observer.ug/news/unra-road-workers-lay-down-tools-over-unpaid-salaries-working-conditions/,2021-10-28,"UNRA road workers lay down tools over unpaid salaries, working conditions",Ssempebwa said the Kitala-Gerenge project has been a learning experience for UNRA. jovi@observer.ug,True,,delay_time_overrun,0.42232645203552394,delay_time_overrun,0.14898747205734253,delay_time_overrun,0.6428284810232167,agree,2021-10
The Observer,https://observer.ug/news/crashed-in-road-accident-will-hussein-walk-again/,2021-12-01,"Crashed in road accident, will Hussein walk again?","I took him to CoRSU Rehabilitation Hospital, Kisubi, to get a specialist in plastic and reconstructive surgery…” he said.",True,,land_row_dispute,0.497625705874091,quality_technical_defect,0.17547821998596191,land_row_dispute,0.5,content_preferred,2021-12
The Observer,https://observer.ug/news/new-internet-tax-to-trap-vpn-users-govt/,2021-06-18,New internet tax to trap VPN users – govt,"Three years later, the tax has now been scrapped effective July 1 after government realized less than a fifth of the anticipated Shs 248 billion in the first year of implementation.",True,,land_row_dispute,0.19653804562787094,governance_oversight_failure,0.199469655752182,land_row_dispute,0.5,content_preferred,2021-06
The Observer,https://observer.ug/news/new-internet-tax-to-trap-vpn-users-govt/,2021-06-18,New internet tax to trap VPN users – govt,"Many have since continued using VPN since it is the only way they can access the most popular social media site, Facebook, which remains blocked by the government to date.",True,,governance_oversight_failure,0.14017058815389688,governance_oversight_failure,0.14682722091674805,governance_oversight_failure,0.5717494522676613,agree,2021-06
The Observer,https://observer.ug/news/will-kcca-s-new-infrastructure-campaign-solve-mess-in-the-city/,2021-03-04,Will KCCA’s new infrastructure campaign solve mess in the city?,"Before they left the scene, The Observer asked one of the KCCA workers why they had not done a complete overhaul of the road, to which he admitted that the authority is short of resources to fulfill the task. “We are simultaneously working on hundreds of poor roads and drainage throughout the city but we can only do one phase at a time,” he said. “We plan to return to Tufnell in a few days to apply primer before we can seal the surface with new asphalt.” This testimony has been echoed in various places that The Observer visited and highlights the immense challenges the authority faces to live up to the expectations of city dwellers.",True,,delay_time_overrun,0.48212333039633637,delay_time_overrun,0.3173501789569855,delay_time_overrun,0.6998683773383305,agree,2021-03
The Observer,https://observer.ug/news/will-kcca-s-new-infrastructure-campaign-solve-mess-in-the-city/,2021-03-04,Will KCCA’s new infrastructure campaign solve mess in the city?,CASE FOR OPTIMISM A move around Kampala’s major suburbs provides an air of hope if KCCA fulfills the infrastructural plans.,True,,land_row_dispute,0.26817085988937417,delay_time_overrun,0.1804783195257187,land_row_dispute,0.5,content_preferred,2021-03
The Observer,https://observer.ug/news/will-kcca-s-new-infrastructure-campaign-solve-mess-in-the-city/,2021-03-04,Will KCCA’s new infrastructure campaign solve mess in the city?,"The repairs and extensions KCCA is currently undertaking are part of the second Kampala Institutional and Infrastructure Development Project (KIIDP2) and seeks to reconstruct and widen city roads, upgrade gravel roads to tarmac, designing and constructing drainage channels, converting roads into dual carriage and signalizing junctions.",True,,delay_time_overrun,0.32956156033563105,delay_time_overrun,0.24941372871398926,delay_time_overrun,0.6447438222624051,agree,2021-03
The Observer,https://observer.ug/news/will-kcca-s-new-infrastructure-campaign-solve-mess-in-the-city/,2021-03-04,Will KCCA’s new infrastructure campaign solve mess in the city?,"Under this second batch, there are currently five roads which are undergoing upgrading and upon completion, several junctions on these roads will also be signalized with traffic lights.",True,,delay_time_overrun,0.20113227934941463,delay_time_overrun,0.2700556814670563,delay_time_overrun,0.6177969902041177,agree,2021-03
The Observer,https://observer.ug/news/will-kcca-s-new-infrastructure-campaign-solve-mess-in-the-city/,2021-03-04,Will KCCA’s new infrastructure campaign solve mess in the city?,"These roads include John Babiiha road (popularly known as Acacia avenue), Nakawa-Ntinda road, Kulambiro ring road, Kabuusu-Bunamwaya-Lweza road and Lukuli road.",True,,delay_time_overrun,0.20227666210076284,delay_time_overrun,0.17734798789024353,delay_time_overrun,0.5949061624977516,agree,2021-03
The Observer,https://observer.ug/news/will-kcca-s-new-infrastructure-campaign-solve-mess-in-the-city/,2021-03-04,Will KCCA’s new infrastructure campaign solve mess in the city?,The roads which cover a total of about 25km are being constructed by two contractors; Sterling Civil Engineering Company and China State Civil Engineering Company Limited and are expected to cost about Shs 262 million.,True,,land_row_dispute,0.29484181483036037,delay_time_overrun,0.25367116928100586,land_row_dispute,0.5,content_preferred,2021-03
The Observer,https://observer.ug/news/will-kcca-s-new-infrastructure-campaign-solve-mess-in-the-city/,2021-03-04,Will KCCA’s new infrastructure campaign solve mess in the city?,"Construction on these roads started in May 2019 and according to Eng David Luyimbazi, the KCCA deputy executive director, the 1.4km Acacia avenue has been widened to provide for four lanes with six signalized junctions at Golf course club, Kabojja junior school, Lower and Upper Kololo terrace, Mobua road and Kira road junctions.",True,,delay_time_overrun,0.3078315190358012,delay_time_overrun,0.30107545852661133,delay_time_overrun,0.6522267443906031,agree,2021-03
The Observer,https://observer.ug/news/will-kcca-s-new-infrastructure-campaign-solve-mess-in-the-city/,2021-03-04,Will KCCA’s new infrastructure campaign solve mess in the city?,"The Kulambiro ring road, which stretches to 4.8km includes the Najjeera link, has been widened to accomodate two lanes and one junction whereas the Nakawa-Ntinda stretch which is 2.8km will also have four lanes and four signalized junctions at Semawata road, Martyrs way, Ntinda II and Bukoto-Ntinda road junctions.",True,,land_row_dispute,0.21645411227782071,delay_time_overrun,0.1761924922466278,land_row_dispute,0.5,content_preferred,2021-03
The Observer,https://observer.ug/news/will-kcca-s-new-infrastructure-campaign-solve-mess-in-the-city/,2021-03-04,Will KCCA’s new infrastructure campaign solve mess in the city?,"Lukuli road in Makindye division, which is about 7.7km, has been widened into four lanes and is going to have one junction at Kayembe road while the 8km Kabuusu-Bunamwaya-Lweza road is going to be widened into two lanes and will have two signalized junctions at Kabusu-Masaka road and Lweza-Entebbe road junctions.",True,,delay_time_overrun,0.19535992930242072,delay_time_overrun,0.2084396779537201,delay_time_overrun,0.6009499018140352,agree,2021-03
The Observer,https://observer.ug/news/will-kcca-s-new-infrastructure-campaign-solve-mess-in-the-city/,2021-03-04,Will KCCA’s new infrastructure campaign solve mess in the city?,"All these are going to have traffic signalized junctions, pedestrian walkways, closed drainage channels, marked lanes and solar street lights and the work on them is expected to be completed by June this year.",True,,delay_time_overrun,0.2588032037403953,delay_time_overrun,0.3899953365325928,delay_time_overrun,0.662199635068247,agree,2021-03
The Observer,https://observer.ug/news/will-kcca-s-new-infrastructure-campaign-solve-mess-in-the-city/,2021-03-04,Will KCCA’s new infrastructure campaign solve mess in the city?,KAMPALA FLYOVER PROJECT Works on the first phase of the Kampala Flyover Project began in May 2019 at Queen’s Way (Clock Tower) with the second phase on Jinja road starting soon.,True,,delay_time_overrun,0.41568584962257477,delay_time_overrun,0.23039767146110535,delay_time_overrun,0.66152088027092,agree,2021-03
The Observer,https://observer.ug/news/will-kcca-s-new-infrastructure-campaign-solve-mess-in-the-city/,2021-03-04,Will KCCA’s new infrastructure campaign solve mess in the city?,The flyover is going to be at the Clock Tower junction and Jinja road-Kampala road junction (Kitgum house) with roads running from Queen’s Way (Entebbe road) over Mukwano road to Jinja road with a spur at Yusuf Lule road ending beyond the cemetery along Jinja road.,True,,land_row_dispute,0.23398210239302827,delay_time_overrun,0.15776829421520233,land_row_dispute,0.5,content_preferred,2021-03
The Observer,https://observer.ug/news/will-kcca-s-new-infrastructure-campaign-solve-mess-in-the-city/,2021-03-04,Will KCCA’s new infrastructure campaign solve mess in the city?,"There are going to be three extensions or branch ways from the main project road; 220m Yusuf Lule extension from Kitgum house junction towards Yusuf Lule road up to Garden City area, 200m Clock Tower extension from Clock Tower junction towards Shoprite along Ben Kiwanuka road and the 550m Nsambya extension from Nsambya junction towards Ggaba road up to Nsambya hospital junction.",True,,delay_time_overrun,0.25232373960474586,delay_time_overrun,0.3087613582611084,delay_time_overrun,0.6402712744664636,agree,2021-03
The Observer,https://observer.ug/news/will-kcca-s-new-infrastructure-campaign-solve-mess-in-the-city/,2021-03-04,Will KCCA’s new infrastructure campaign solve mess in the city?,"Currently, on the Clock Tower flyover which is going to be half a kilometer long, excavation works on the four-lane underpass along Nsambya and Mukwano roads have been completed and construction is underway and screw piles for the construction foundation of the flyover and pedestrian bridges are being put up.",True,,delay_time_overrun,0.25657524305840673,delay_time_overrun,0.24628609418869019,delay_time_overrun,0.6257153343117743,agree,2021-03
The Observer,https://observer.ug/news/will-kcca-s-new-infrastructure-campaign-solve-mess-in-the-city/,2021-03-04,Will KCCA’s new infrastructure campaign solve mess in the city?,Widening of Nsambya road and Mukwano road to dual carriageway including improvements of interfacing roads and junctions as part of the project is also underway.,True,,delay_time_overrun,0.29363684920525146,delay_time_overrun,0.2275252640247345,delay_time_overrun,0.6302905283074964,agree,2021-03
The Observer,https://observer.ug/news/will-kcca-s-new-infrastructure-campaign-solve-mess-in-the-city/,2021-03-04,Will KCCA’s new infrastructure campaign solve mess in the city?,"Signalized junctions along this route like Nsambya-Ggaba road, Entebbe-Queen’s Way, Jinja-Yusuf Lule road and Nsambya-Queen’s way junctions are also going to be upgraded.",True,,land_row_dispute,0.2930854279414525,delay_time_overrun,0.23674865067005157,land_row_dispute,0.5,content_preferred,2021-03
The Observer,https://observer.ug/news/will-kcca-s-new-infrastructure-campaign-solve-mess-in-the-city/,2021-03-04,Will KCCA’s new infrastructure campaign solve mess in the city?,"As a way to create space for the flyover at Clock Tower along Queen’s Way on Entebbe road, the historical Clock Tower monument was demolished in August last year in order to pave way for the construction of a 3.51km circular foot bridge.",True,,delay_time_overrun,0.2014482866961717,delay_time_overrun,0.152667835354805,delay_time_overrun,0.5885290305127442,agree,2021-03
The Observer,https://observer.ug/news/will-kcca-s-new-infrastructure-campaign-solve-mess-in-the-city/,2021-03-04,Will KCCA’s new infrastructure campaign solve mess in the city?,"The 66-year-old Clock Tower was one of the most iconic monuments in Kampala city which was set up in 1954 to commemorate the visit of Queen Elizabeth II and the Duke of Edinburgh, Prince Charles and the road stretch to Kibuye roundabout was also named Queen’s Way.",True,,delay_time_overrun,0.0793756385329116,delay_time_overrun,0.13570114970207214,delay_time_overrun,0.5537691970587459,agree,2021-03
The Observer,https://observer.ug/news/will-kcca-s-new-infrastructure-campaign-solve-mess-in-the-city/,2021-03-04,Will KCCA’s new infrastructure campaign solve mess in the city?,"According to Daniel NuweAbine, the KCCA spokesperson, a new Clock Tower structure in the same design as the old one is going to be constructed just nearby next to the Pan African square and given its own free space surrounded by a garden. “A new Clock Tower is going to be built and once it is completed, it is going to even look better due to the modern infrastructural developments that are going to be employed,” he said.",True,,land_row_dispute,0.23483034924202903,delay_time_overrun,0.1676875650882721,land_row_dispute,0.5,content_preferred,2021-03
The Observer,https://observer.ug/news/will-kcca-s-new-infrastructure-campaign-solve-mess-in-the-city/,2021-03-04,Will KCCA’s new infrastructure campaign solve mess in the city?,"Another ground which is going to be affected by the flyover project is one of Kampala’s biggest recreation spots, Centenary Park along Jinja road and Wampeewo avenue.",True,,land_row_dispute,0.38847581520647134,delay_time_overrun,0.12218579649925232,land_row_dispute,0.5,content_preferred,2021-03
The Observer,https://observer.ug/news/will-kcca-s-new-infrastructure-campaign-solve-mess-in-the-city/,2021-03-04,Will KCCA’s new infrastructure campaign solve mess in the city?,"In October last year, the Uganda National Roads Authority (Unra) was given 2.5 acres of the park’s land to pave way for the flyover while Nalongo Estates Ltd, the developer of the park, took the remaining 2.5 acres.",True,,delay_time_overrun,0.3705225419989143,land_row_dispute,0.18511363863945007,delay_time_overrun,0.5,content_preferred,2021-03
The Observer,https://observer.ug/news/will-kcca-s-new-infrastructure-campaign-solve-mess-in-the-city/,2021-03-04,Will KCCA’s new infrastructure campaign solve mess in the city?,"However, Luyimbazi says KCCA is still going to have an open public space at Centenary park with green spaces, park benches, cycle lanes and walkways which will all be able accessible by the public.",True,,procurement_irregularity,0.3025489902409621,delay_time_overrun,0.14530310034751892,procurement_irregularity,0.5,content_preferred,2021-03
The Observer,https://observer.ug/news/will-kcca-s-new-infrastructure-campaign-solve-mess-in-the-city/,2021-03-04,Will KCCA’s new infrastructure campaign solve mess in the city?,The Centenary monument at the park is also going to be preserved.,True,,land_row_dispute,0.16119225626377376,quality_technical_defect,0.040494516491889954,land_row_dispute,0.5,content_preferred,2021-03
The Observer,https://observer.ug/news/will-kcca-s-new-infrastructure-campaign-solve-mess-in-the-city/,2021-03-04,Will KCCA’s new infrastructure campaign solve mess in the city?,"The six-foot monument of a treadmill protected by shields was unveiled in 2000 as part of its centenary celebrations to signify progress and is also featured on the Shs 20,000 note.",True,,land_row_dispute,0.2382482054918049,delay_time_overrun,0.15449173748493195,land_row_dispute,0.5,content_preferred,2021-03
The Observer,https://observer.ug/news/will-kcca-s-new-infrastructure-campaign-solve-mess-in-the-city/,2021-03-04,Will KCCA’s new infrastructure campaign solve mess in the city?,"TRANSPORT SYSTEM In May last year, KCCA started renovation works on the Old Taxi park.",True,,procurement_irregularity,0.12465733242743327,delay_time_overrun,0.1858815848827362,procurement_irregularity,0.5,content_preferred,2021-03
The Observer,https://observer.ug/news/will-kcca-s-new-infrastructure-campaign-solve-mess-in-the-city/,2021-03-04,Will KCCA’s new infrastructure campaign solve mess in the city?,"Although the work was expected to be completed in three months, limitation of funds delayed the process but according to NuweAbine, the park will be ready on March 4.",True,delay_time_overrun,delay_time_overrun,0.36374485477100377,delay_time_overrun,0.4060048758983612,delay_time_overrun,0.6924374326673413,agree,2021-03
The Observer,https://observer.ug/news/will-kcca-s-new-infrastructure-campaign-solve-mess-in-the-city/,2021-03-04,Will KCCA’s new infrastructure campaign solve mess in the city?,"According to the renovation plan, the carpet area of the park has been reconstructed, 15 shelters where passengers can sit or stand while waiting for taxis are going to be installed, pavements, walkways and embankments are going to be reconstructed and beautified and a drainage system put up on Burton and Ben Kiwanuka streets.",True,,land_row_dispute,0.1835442228289971,land_row_dispute,0.19111736118793488,land_row_dispute,0.593665396004233,agree,2021-03
The Observer,https://observer.ug/news/will-kcca-s-new-infrastructure-campaign-solve-mess-in-the-city/,2021-03-04,Will KCCA’s new infrastructure campaign solve mess in the city?,"The park is also going to have two entry points for taxis and one exit along Ben Kiwanuka Street, five designated entry points from Burton Street and along the Non-motorized Transport Corridor on Wilson road.",True,,land_row_dispute,0.1826464014057931,delay_time_overrun,0.14853784441947937,land_row_dispute,0.5,content_preferred,2021-03
The Observer,https://observer.ug/news/will-kcca-s-new-infrastructure-campaign-solve-mess-in-the-city/,2021-03-04,Will KCCA’s new infrastructure campaign solve mess in the city?,Solar lights are also going to be installed in the park and renovation of three buildings there to accommodate a KCCA office and a public toilet block for the park. “We are going to install an Access Control System for security purposes in the park because we had discovered that it had become a haven for illegal activities.,True,,procurement_irregularity,0.29995247168864925,land_row_dispute,0.09579412639141083,procurement_irregularity,0.5,content_preferred,2021-03
The Observer,https://observer.ug/news/will-kcca-s-new-infrastructure-campaign-solve-mess-in-the-city/,2021-03-04,Will KCCA’s new infrastructure campaign solve mess in the city?,"Therefore, we do not want to open it again where it is being run by goons or informal organizations whom we don’t have control over.",True,,land_row_dispute,0.1837406795542192,land_row_dispute,0.14893335103988647,land_row_dispute,0.5831685076485265,agree,2021-03
The Observer,https://observer.ug/news/will-kcca-s-new-infrastructure-campaign-solve-mess-in-the-city/,2021-03-04,Will KCCA’s new infrastructure campaign solve mess in the city?,"Access will be controlled and only permitted people will be allowed to go into the park to do business of moving people and goods, not hawking,” Luyimbazi said.",True,,land_row_dispute,0.38865953195031794,land_row_dispute,0.18637512624263763,land_row_dispute,0.6437586645482389,agree,2021-03
The Observer,https://observer.ug/news/will-kcca-s-new-infrastructure-campaign-solve-mess-in-the-city/,2021-03-04,Will KCCA’s new infrastructure campaign solve mess in the city?,He further noted that the authority is also soon going to start implementing a Smart Parking System in the city and move away from the analogue system that is currently running whereby a person will be able to know which parking space is available in town depending on their location by simply using their smartphones through an app which will be launched soon.,True,,procurement_irregularity,0.21208950877408317,delay_time_overrun,0.14091706275939941,procurement_irregularity,0.5,content_preferred,2021-03
The Observer,https://observer.ug/news/will-kcca-s-new-infrastructure-campaign-solve-mess-in-the-city/,2021-03-04,Will KCCA’s new infrastructure campaign solve mess in the city?,The system is also expected to increase transparency of tax revenue collected from street parking.,True,,delay_time_overrun,0.12471769321774177,delay_time_overrun,0.16335131227970123,delay_time_overrun,0.5720172513743608,agree,2021-03
The Observer,https://observer.ug/news/will-kcca-s-new-infrastructure-campaign-solve-mess-in-the-city/,2021-03-04,Will KCCA’s new infrastructure campaign solve mess in the city?,"In order to increase transport efficiency in the city, KCCA is going to introduce the bus rapid transit system and has already signed a memorandum of understating with Metro bus service which is going to fabricate buses in Uganda and it has been given an exclusive franchise to operate on four routes in Kampala.",True,,delay_time_overrun,0.26645345540332227,delay_time_overrun,0.1715063452720642,delay_time_overrun,0.6094899501688467,agree,2021-03
The Observer,https://observer.ug/news/will-kcca-s-new-infrastructure-campaign-solve-mess-in-the-city/,2021-03-04,Will KCCA’s new infrastructure campaign solve mess in the city?,"The first 25km route for the buses will be from Bwaise to Kireka, from Kireka to Zana and from Zana to Bwaise and it will have five stations.",True,,land_row_dispute,0.26213037629196484,delay_time_overrun,0.13299772143363953,land_row_dispute,0.5,content_preferred,2021-03
The Observer,https://observer.ug/news/will-kcca-s-new-infrastructure-campaign-solve-mess-in-the-city/,2021-03-04,Will KCCA’s new infrastructure campaign solve mess in the city?,The buses are expected to be 18 meters long with a capacity to carry 150 passengers and these will have dedicated lanes which will not be used by other vehicles so that they do not get stuck in traffic. “The buses are expected to be on the roads in one and half years from now.,True,,delay_time_overrun,0.28358174003446,delay_time_overrun,0.2867756187915802,delay_time_overrun,0.6425893397065101,agree,2021-03
The Observer,https://observer.ug/news/will-kcca-s-new-infrastructure-campaign-solve-mess-in-the-city/,2021-03-04,Will KCCA’s new infrastructure campaign solve mess in the city?,"However with Covid-19 pandemic, we may see and extension to that because it has reduced the bus occupancy which means that the recovery period for the investor will be longer.",True,,delay_time_overrun,0.2456196224676189,delay_time_overrun,0.25691503286361694,delay_time_overrun,0.6256336638328089,agree,2021-03
The Observer,https://observer.ug/news/will-kcca-s-new-infrastructure-campaign-solve-mess-in-the-city/,2021-03-04,Will KCCA’s new infrastructure campaign solve mess in the city?,"We also want to first finish revamping the roads where these buses are going to move on,” Luyimbazi said.",True,,delay_time_overrun,0.38995777255524255,delay_time_overrun,0.2769860029220581,delay_time_overrun,0.6667359438693252,agree,2021-03
The Observer,https://observer.ug/news/will-kcca-s-new-infrastructure-campaign-solve-mess-in-the-city/,2021-03-04,Will KCCA’s new infrastructure campaign solve mess in the city?,STREET VENDORS Street vendors have taken over Kampala streets again and these freely sell their merchandise as KCCA which would normally send its enforcement team to chase them off looks on.,True,,procurement_irregularity,0.2798074316941676,land_row_dispute,0.15175151824951172,procurement_irregularity,0.5,content_preferred,2021-03
The Observer,https://observer.ug/news/will-kcca-s-new-infrastructure-campaign-solve-mess-in-the-city/,2021-03-04,Will KCCA’s new infrastructure campaign solve mess in the city?,The Non-Motorized Transport route from Namirembe road up to Luwum street to Entebbe road which is meant for only pedestrians is one area vendors have turned into a market.,True,,land_row_dispute,0.16966343969207393,delay_time_overrun,0.12975698709487915,land_row_dispute,0.5,content_preferred,2021-03
The Observer,https://observer.ug/news/will-kcca-s-new-infrastructure-campaign-solve-mess-in-the-city/,2021-03-04,Will KCCA’s new infrastructure campaign solve mess in the city?,Luyimbazi says that enforcements to remove the vendors off the streets had stopped because of the political season which made it difficult to implement the enforcement actions.,True,,land_row_dispute,0.19929164301395724,land_row_dispute,0.2809474468231201,land_row_dispute,0.6200597724592694,agree,2021-03
The Observer,https://observer.ug/news/will-kcca-s-new-infrastructure-campaign-solve-mess-in-the-city/,2021-03-04,Will KCCA’s new infrastructure campaign solve mess in the city?,"However, Nuwe-Abine says that the days of these vendors on the streets are numbered, having gotten a presidential directive in September last year instructing KCCA to reacquire all markets in the city. “We have been sensitizing street vendors on the alternative spaces they can go to and very soon, we are going to start enforcement to have them go to those designated places.",True,,delay_time_overrun,0.07258716962477381,land_row_dispute,0.18523764610290527,delay_time_overrun,0.5,content_preferred,2021-03
The Observer,https://observer.ug/news/will-kcca-s-new-infrastructure-campaign-solve-mess-in-the-city/,2021-03-04,Will KCCA’s new infrastructure campaign solve mess in the city?,We are also in advanced stages of coming up with designated streets for evening markets after 5pm.,True,,land_row_dispute,0.14114805892460972,delay_time_overrun,0.2966119050979614,land_row_dispute,0.5,content_preferred,2021-03
The Observer,https://observer.ug/news/will-kcca-s-new-infrastructure-campaign-solve-mess-in-the-city/,2021-03-04,Will KCCA’s new infrastructure campaign solve mess in the city?,"There is also an option of Sunday market around areas of Luwum street,” NuweAbine said.",True,,land_row_dispute,0.33297462170143555,delay_time_overrun,0.08605769276618958,land_row_dispute,0.5,content_preferred,2021-03
The Observer,https://observer.ug/news/will-kcca-s-new-infrastructure-campaign-solve-mess-in-the-city/,2021-03-04,Will KCCA’s new infrastructure campaign solve mess in the city?,Whether KCCA will have the capacity to enforce the measure remains to be seen but what is without doubt is that the authority seems to be punching above its weight in its pursuit to transform the city.,True,,procurement_irregularity,0.46110379926097933,land_row_dispute,0.21193546056747437,procurement_irregularity,0.5,content_preferred,2021-03
The Observer,https://observer.ug/news/will-kcca-s-new-infrastructure-campaign-solve-mess-in-the-city/,2021-03-04,Will KCCA’s new infrastructure campaign solve mess in the city?,"KCCA FUTURE ENGAGEMENTS Other roads lined up for rehabilitation and construction include Old Port Bell/Spring road, Sir Apollo Kaggwa road, Portbell road, Salaama road, Kasubi-Northern Bypass, Sentema road, Old Mubende road, Fifth street, Sixth street, Seventh street and Eighth street in Industrial Area, Kyebando ring road II, Lubiri Ring road and Bombo road, among others.",True,,delay_time_overrun,0.21504086226329794,delay_time_overrun,0.23911529779434204,delay_time_overrun,0.61353904001441,agree,2021-03
The Observer,https://observer.ug/news/will-kcca-s-new-infrastructure-campaign-solve-mess-in-the-city/,2021-03-04,Will KCCA’s new infrastructure campaign solve mess in the city?,Luyimbazi also says that KCCA is undertaking a Shs 84 billion project with a grant from the Japanese International Cooperation (JICA) which is going to a traffic control centre constructed at KCCA headquarters to help in controlling traffic flow in the city and other 32 road junctions in the city signalized.,True,,land_row_dispute,0.22412397940618017,delay_time_overrun,0.15729811787605286,land_row_dispute,0.5,content_preferred,2021-03
The Observer,https://observer.ug/news/will-kcca-s-new-infrastructure-campaign-solve-mess-in-the-city/,2021-03-04,Will KCCA’s new infrastructure campaign solve mess in the city?,"Other junctions to be signalized include Port Bell road junction, Kabalagala junction, Hanlon-Nsambya junction, Kasubi-Northern Bypass, Bulange junction, Albert Cook road junction, Kubbiri roundabout, Mulago roundabout, Sheraton roundabout, Bukoto-Ntinda-Magambo road, Salaama-Entebbe road junction, Kibuye-Busega-Mutundwe road junction and Kawempe Tula-Mpererwe road junction among others, whose work is expected to begin in July this year.",True,,delay_time_overrun,0.15372181626683087,delay_time_overrun,0.2128027379512787,delay_time_overrun,0.5916311385545274,agree,2021-03
The Observer,https://observer.ug/news/will-kcca-s-new-infrastructure-campaign-solve-mess-in-the-city/,2021-03-04,Will KCCA’s new infrastructure campaign solve mess in the city?,"KCCA is also in plans of installing 15,000-20,000 street lights in Kampala with 500 on grid and 10,000 operating on solar energy.",True,,land_row_dispute,0.19629722135604138,delay_time_overrun,0.1234506294131279,land_row_dispute,0.5,content_preferred,2021-03
The Observer,https://observer.ug/news/will-kcca-s-new-infrastructure-campaign-solve-mess-in-the-city/,2021-03-04,Will KCCA’s new infrastructure campaign solve mess in the city?,"The lights will be intended to light slums, markets, zebra crossings, routes taken by vulnerable people to their workplaces and also improve on security situation in the city during the night. “Without lighting at night, working hours are reduced because it is unsafe for people to go their workplace and work safely.",True,,land_row_dispute,0.2828361380945948,delay_time_overrun,0.1169508770108223,land_row_dispute,0.5,content_preferred,2021-03
The Observer,https://observer.ug/news/will-kcca-s-new-infrastructure-campaign-solve-mess-in-the-city/,2021-03-04,Will KCCA’s new infrastructure campaign solve mess in the city?,We are going to increase our street lighting coverage to about 60 per cent of the mostly paved road network and slums because 40 per cent of our people live in informal settlements.,True,,land_row_dispute,0.22382754055477244,delay_time_overrun,0.15075573325157166,land_row_dispute,0.5,content_preferred,2021-03
The Observer,https://observer.ug/news/will-kcca-s-new-infrastructure-campaign-solve-mess-in-the-city/,2021-03-04,Will KCCA’s new infrastructure campaign solve mess in the city?,"Therefore, we need to support by increasing on the hours they work in order to improve on their general income,” Luyimbazi said. jjingoernest1@gmail.com",True,,procurement_irregularity,0.3219146624972883,delay_time_overrun,0.16882038116455078,procurement_irregularity,0.5,content_preferred,2021-03
The Observer,https://observer.ug/news/mp-zaake-awarded-shs-75m-for-torture/,2021-08-09,Court fines govt Shs 75m for torturing MP Zaake,"The judge also relied on a report submitted before parliament by the then minister of Internal Affairs Jeje Odongo and another from the African Centre for Treatment and Rehabilitation of Torture Victims which showed that Zaake had injuries and symptoms consistent with torture and ill-treatment. “The video clip showing the arrest…and another showing the applicant hospitalized, show that at the time of his arrest, he had sound sight and was not in pain as compared to the time of hospitalization when he had closed his eyes in pain, with injuries all over his body.",True,,land_row_dispute,0.2826216693522611,payment_financial_dispute,0.12161451578140259,land_row_dispute,0.5,content_preferred,2021-08
The Observer,https://observer.ug/news/mp-zaake-awarded-shs-75m-for-torture/,2021-08-09,Court fines govt Shs 75m for torturing MP Zaake,"But she added that the pain and injury on Zaake during his detention infringed on his fundamental human rights to dignity and freedom from torture, cruel, inhumane or degrading treatment or punishment protected under the constitution, and for this, she awarded him a compensation package of Shs 75 million.",True,land_row_dispute,land_row_dispute,0.3705819431050834,procurement_irregularity,0.2232612520456314,land_row_dispute,0.5,content_preferred,2021-08
The Observer,https://observer.ug/business/allianz-acquires-majority-stake-in-jubilee-insurance/,2021-05-19,Allianz acquires majority stake in Jubilee Insurance,"According to the memorandum of understanding signed by the two parties, Allianz will follow up with the completion of acquisitions of Jubilee General Insurance businesses in Tanzania, Uganda, Burundi and Mauritius.",True,,land_row_dispute,0.20778780549931505,contract_management_failure,0.16727522015571594,land_row_dispute,0.5,content_preferred,2021-05
The Observer,https://observer.ug/news/museveni-appoints-kamya-igg-ggoobi-new-finance-ps/,2021-07-15,"Museveni appoints Kamya IGG, Ggoobi new Finance PS",Ministry of Works and Transport – Bageya Waiswa ?,True,,procurement_irregularity,0.0827601374724892,land_row_dispute,0.11591358482837677,procurement_irregularity,0.5,content_preferred,2021-07
The Observer,https://observer.ug/news/gangsters-planted-in-bobi-wine-camp-bodyguard/,2021-04-28,Gangsters planted in Bobi Wine camp – bodyguard,"Lule, a fearless construction engineer, who has previously worked on construction sites in UN base camps and refugee camps in Chad, South Sudan and Ethiopia, is a fully-registered NUP member.",True,,procurement_irregularity,0.24708069635285798,quality_technical_defect,0.1676981896162033,procurement_irregularity,0.5,content_preferred,2021-04
The Observer,https://observer.ug/news/gangsters-planted-in-bobi-wine-camp-bodyguard/,2021-04-28,Gangsters planted in Bobi Wine camp – bodyguard,Most of these youths being used are in NRM but they are even angrier than us in opposition.” ‘PURE’ KYAGULANYI Lule says some youths had doubts about Kyagulanyi’s real presidential ambitions and some thought he was another state project.,True,,land_row_dispute,0.22043593744716103,governance_oversight_failure,0.09316568076610565,land_row_dispute,0.5,content_preferred,2021-04
The Observer,https://observer.ug/news/gangsters-planted-in-bobi-wine-camp-bodyguard/,2021-04-28,Gangsters planted in Bobi Wine camp – bodyguard,"Despite an earlier ‘stage managed’ protest by NRM supporters, three days before and overnight and morning beatings by the army, teargas and arrest threats, the Banyonkole thronged Kakyeka stadium where the launch was scheduled before the arrival of Kyagulanyi.",True,,delay_time_overrun,0.26635031403298376,land_row_dispute,0.1924450695514679,delay_time_overrun,0.5,content_preferred,2021-04
The Observer,https://observer.ug/news/gangsters-planted-in-bobi-wine-camp-bodyguard/,2021-04-28,Gangsters planted in Bobi Wine camp – bodyguard,The state infiltrators allegedly incited the locals to break into the stadium to open the window for police to fire teargas and perhaps arrest Kyagulanyi.,True,,land_row_dispute,0.24149358819855793,land_row_dispute,0.10228824615478516,land_row_dispute,0.5859454585883358,agree,2021-04
The Observer,https://observer.ug/news/museveni-gives-ngo-givedirectly-second-chance-to-distribute-shs-106bn-cash/,2021-09-23,"Museveni gives NGO GiveDirectly ‘second chance’, to distribute Shs 106bn cash","Beneficiaries facing eviction over failure to pay rent would get $50 (about Shs 200,000).",True,land_row_dispute,land_row_dispute,0.33454984737430865,payment_financial_dispute,0.29806917905807495,land_row_dispute,0.5,content_preferred,2021-09
The Observer,https://observer.ug/news/ex-champ-juuko-barred-from-family-property/,2021-05-11,Ex-champ Juuko barred from family property,"Apart from the contested Kagologolo house, Juuko says he has had a long-running dispute with Kasiita over control of family land and other properties in Masaka districts. “He used his office to frame me because that’s the only way he could take all this (property) but the pressure from many Ugandans and my fans all over the world piled on government to release me.",True,,land_row_dispute,0.2844632713043974,land_row_dispute,0.2960655987262726,land_row_dispute,0.6451322175076675,agree,2021-05
The Observer,https://observer.ug/news/uae-suspends-flights-from-uganda-over-covid-19/,2021-12-28,UAE suspends flights from Uganda over COVID-19,This move has thrown businesspeople and Uganda’s over 200 labour ‘externalization’ companies in a crisis as most of their clients (employers) who take in Ugandan workers are in the Middle East to which Dubai airport in the UAE is the key gateway.,True,,procurement_irregularity,0.2736601835667643,contract_management_failure,0.1652076244354248,procurement_irregularity,0.5,content_preferred,2021-12
The Observer,https://observer.ug/news/uae-suspends-flights-from-uganda-over-covid-19/,2021-12-28,UAE suspends flights from Uganda over COVID-19,"Dubai is one of the top four routes from Entebbe international airport, with an average of 17 flights a week.",True,,contract_management_failure,0.18433962441803306,delay_time_overrun,0.09647223353385925,contract_management_failure,0.5,content_preferred,2021-12
The Observer,https://observer.ug/news/uae-suspends-flights-from-uganda-over-covid-19/,2021-12-28,UAE suspends flights from Uganda over COVID-19,"Sources at Entebbe airport say they are not surprised that Uganda has been added to the red list. “The number of COVID-19 cases are rising in Uganda and also passengers who have tested positive for COVID-19 on arrival in Dubai have been increasing,” said a source.",True,,delay_time_overrun,0.3844583141246756,delay_time_overrun,0.12655752897262573,delay_time_overrun,0.6277539607743253,agree,2021-12
The Observer,https://observer.ug/news/uae-suspends-flights-from-uganda-over-covid-19/,2021-12-28,UAE suspends flights from Uganda over COVID-19,They should however present a negative COVID-19 test obtained within 48 hours of departure and a Rapid PCR test at the airport within six hours of departure whenever possible and another PCR test at the airport upon arrival in the UAE.,True,,delay_time_overrun,0.2456196224676189,delay_time_overrun,0.12581294775009155,delay_time_overrun,0.5928581425544276,agree,2021-12
The Observer,https://observer.ug/news/bombs-badly-injured-cops-stuck-with-bills/,2021-12-01,Bombs: Badly injured cops stuck with bills,"I laid out all the expenses we are incurring and they told me to keep the receipts so that when the patient recovers, we claim for the money,” she said.",True,,land_row_dispute,0.33646480270313917,payment_financial_dispute,0.3507520258426666,land_row_dispute,0.5,content_preferred,2021-12
The Observer,https://observer.ug/news/bombs-badly-injured-cops-stuck-with-bills/,2021-12-01,Bombs: Badly injured cops stuck with bills,He also roundly denied Nake’s claim that the victims’ relatives are paying the hospital bills. “The Police Director for Health Services is monitoring the two officers who are still admitted at the hospital and the police is catering for everything.,True,,land_row_dispute,0.23201253731237192,contract_management_failure,0.2275828719139099,land_row_dispute,0.5,content_preferred,2021-12
The Observer,https://observer.ug/news/bobi-wine-projects-80-poll-win/,2021-01-13,Bobi Wine projects 80% poll win,Do you have the infrastructure to guard your votes across the country?,True,,procurement_irregularity,0.24903794265416193,governance_oversight_failure,0.138082355260849,procurement_irregularity,0.5,content_preferred,2021-01
The Observer,https://observer.ug/news/bobi-wine-projects-80-poll-win/,2021-01-13,Bobi Wine projects 80% poll win,"So, it’s not about me having an infrastructure, it’s about us having an infrastructure.",True,,land_row_dispute,0.19062339267931064,land_row_dispute,0.10822361707687378,land_row_dispute,0.5747117524390462,agree,2021-01
The Observer,https://observer.ug/news/bobi-wine-projects-80-poll-win/,2021-01-13,Bobi Wine projects 80% poll win,Some claim you are exposing other people’s children to state brutality yet you are cushioning our own… There was a plot to abduct my children.,True,,land_row_dispute,0.3023719209727371,land_row_dispute,0.17647969722747803,land_row_dispute,0.6197129045500538,agree,2021-01
The Observer,https://observer.ug/business/dpf-reports-seamless-progress-despite-limitations-of-covid-19/,2021-04-05,DPF reports seamless progress despite limitations of Covid-19,"Secondly, Oyet disclosed, DPF has embarked on the process of installing its own core IT infrastructure, which once concluded, will lead to less reliance on the Bank of Uganda IT systems, which have supported the Fund in its formative years.",True,,land_row_dispute,0.32698920089160544,governance_oversight_failure,0.24260418117046356,land_row_dispute,0.5,content_preferred,2021-04
The Observer,https://observer.ug/news/terrorism-threat-puts-police-canine-unit-at-the-forefront/,2021-12-29,Terrorism threat puts police canine unit at the forefront,"With the construction of a police breeding and training centre in Naggalama, Dr Mugume is hopeful it will reduce the cost of importing already-trained dogs.",True,,procurement_irregularity,0.25727402113484316,delay_time_overrun,0.10581202805042267,procurement_irregularity,0.5,content_preferred,2021-12
The Observer,https://observer.ug/news/clerk-to-parliament-director-of-clerks-in-standoff-over-breach-of-protocol/,2021-10-24,"Clerk to parliament, director of clerks in standoff over breach of protocol","This standoff follows an internal memo written by Bakwega on October 14, to the speaker of parliament Jacob Oulanyah, seeking the inclusion of his name and that of Ranny Ismael, the assistant director in the office of the Government Chief Whip to the secretariat of the Organization of Islamic Cooperation.",True,,land_row_dispute,0.2529123062774123,governance_oversight_failure,0.16614645719528198,land_row_dispute,0.5,content_preferred,2021-10
The Observer,https://observer.ug/news/clerk-to-parliament-director-of-clerks-in-standoff-over-breach-of-protocol/,2021-10-24,"Clerk to parliament, director of clerks in standoff over breach of protocol",The Organisation of Islamic Cooperation is the second largest inter-governmental organization after the United Nations (UN) with a membership of 57 States.,True,,land_row_dispute,0.16096070903496223,governance_oversight_failure,0.06867889314889908,land_row_dispute,0.5,content_preferred,2021-10
The Observer,https://observer.ug/news/clerk-to-parliament-director-of-clerks-in-standoff-over-breach-of-protocol/,2021-10-24,"Clerk to parliament, director of clerks in standoff over breach of protocol",It is a collective voice of the Muslim world to ensure and safeguard their interests and it works with all parliaments of the member states.,True,,procurement_irregularity,0.29122855271546966,land_row_dispute,0.09335648268461227,procurement_irregularity,0.5,content_preferred,2021-10
The Observer,https://observer.ug/news/clerk-to-parliament-director-of-clerks-in-standoff-over-breach-of-protocol/,2021-10-24,"Clerk to parliament, director of clerks in standoff over breach of protocol",Uganda has been a member of the organisation since 1974.,True,,contract_management_failure,0.309664376920435,governance_oversight_failure,0.11155185103416443,contract_management_failure,0.5,content_preferred,2021-10
The Observer,https://observer.ug/news/clerk-to-parliament-director-of-clerks-in-standoff-over-breach-of-protocol/,2021-10-24,"Clerk to parliament, director of clerks in standoff over breach of protocol","But in a letter dated October 19, Mwesige said that the memo was in breach of the Uganda public service communication policy and the code of conduct and ethics for public officers which enjoins all public servants to follow a prescribed procedure of communication. “As a senior officer, I expect you to be aware that you can only communicate to the Rt.",True,,procurement_irregularity,0.4115573527278328,governance_oversight_failure,0.21248412132263184,procurement_irregularity,0.5,content_preferred,2021-10
The Observer,https://observer.ug/news/clerk-to-parliament-director-of-clerks-in-standoff-over-breach-of-protocol/,2021-10-24,"Clerk to parliament, director of clerks in standoff over breach of protocol","Hon. speaker officially through your responsible officer who is… the clerk to parliament,” reads part of Mwesige’s letter.",True,,contract_management_failure,0.2457830184802906,payment_financial_dispute,0.14785254001617432,contract_management_failure,0.5,content_preferred,2021-10
The Observer,https://observer.ug/news/clerk-to-parliament-director-of-clerks-in-standoff-over-breach-of-protocol/,2021-10-24,"Clerk to parliament, director of clerks in standoff over breach of protocol","He added that the leadership of the various delegations was already agreed to by both the speaker and deputy speaker, and their secretariats were already constituted by his office.",True,,contract_management_failure,0.24459230126079592,contract_management_failure,0.20451822876930237,contract_management_failure,0.6122776325075245,agree,2021-10
The Observer,https://observer.ug/news/clerk-to-parliament-director-of-clerks-in-standoff-over-breach-of-protocol/,2021-10-24,"Clerk to parliament, director of clerks in standoff over breach of protocol","He noted that by proposing his own name to this secretariat, Bakwega is putting himself in a position of conflict of interest. “This letter, therefore, serves to direct you to withdraw your internal memo to the speaker of parliament on this subject in writing and apologize for breach of the communication policy,” he adds.",True,,contract_management_failure,0.30807235348128537,contract_management_failure,0.2514438331127167,contract_management_failure,0.6398790466485005,agree,2021-10
The Observer,https://observer.ug/news/clerk-to-parliament-director-of-clerks-in-standoff-over-breach-of-protocol/,2021-10-24,"Clerk to parliament, director of clerks in standoff over breach of protocol","He also directed Bakwega to immediately hand over the management of the committee’s budget to Waiswa Henry Yoweri, the deputy clerk – corporate affairs under whom the administrative related matters are supervised.",True,,delay_time_overrun,0.217790324231604,governance_oversight_failure,0.21935248374938965,delay_time_overrun,0.5,content_preferred,2021-10
The Observer,https://observer.ug/business/disentangling-landlord-from-tenant-in-mailo-land-reforms/,2021-09-28,Disentangling landlord from tenant in mailo land reforms,"Eviction scenes are usually characterised by the following: a group of people (most often hired goons) destroying crops; a grader destroying structures or debris from already destroyed structures; victims trying to salvage their belongings from the debris (usually basic household items such as overused mattresses, plastic plates, cups, and clothing); stick-wielding victims voicing their frustration in front of media microphones/cameras, affirming their claim to the land and calling on a powerful agency or a politician to intervene (at times these calls to intervene are directed at the government using the popular Luganda phrase, “tusaba gavumenti etuyambe” (we are begging for the government’s intervention/help); women crying profusely, pacing around the scene, asking rhetorical questions (usually concerning their dire helplessness as widows/sole providers for their families and wondering how they will pay off that loan or feed the children now that the food is destroyed); and people in uniform wielding guns and court papers purportedly authorising the eviction.",True,land_row_dispute,land_row_dispute,0.28232590718352296,land_row_dispute,0.21445560455322266,land_row_dispute,0.6241953779341864,agree,2021-09
The Observer,https://observer.ug/business/disentangling-landlord-from-tenant-in-mailo-land-reforms/,2021-09-28,Disentangling landlord from tenant in mailo land reforms,"Not every eviction is unlawful, but unlawful evictions abound in Uganda’s history, and have intensified in recent times.",True,land_row_dispute,land_row_dispute,0.32488408331091195,land_row_dispute,0.18135380744934082,land_row_dispute,0.6265594726900632,agree,2021-09
The Observer,https://observer.ug/business/disentangling-landlord-from-tenant-in-mailo-land-reforms/,2021-09-28,Disentangling landlord from tenant in mailo land reforms,"Debates about racial inequalities, and restitution and/or compensation have been current in addition to communal land tenure policy initiatives aimed at vesting land in tribal authorities and streamlining its use and access within that traditional body politic.",True,land_row_dispute,land_row_dispute,0.28352712587597007,land_row_dispute,0.3304860293865204,land_row_dispute,0.6535032888156226,agree,2021-09
The Observer,https://observer.ug/business/disentangling-landlord-from-tenant-in-mailo-land-reforms/,2021-09-28,Disentangling landlord from tenant in mailo land reforms,Expropriation without compensation is another hot debate in the South African context.,True,land_row_dispute,land_row_dispute,0.34401579699199725,land_row_dispute,0.30179059505462646,land_row_dispute,0.661451598011656,agree,2021-09
The Observer,https://observer.ug/news/no-bail-law-will-bite-you-too/,2021-10-05,No-bail law will bite you too,"And the claim was that they don’t have adequate manpower and logistics like motor vehicles, motorcycles and fuel.",True,,contract_management_failure,0.0879697823676878,land_row_dispute,0.23532703518867493,contract_management_failure,0.5,content_preferred,2021-10
The Observer,https://observer.ug/news/no-bail-law-will-bite-you-too/,2021-10-05,No-bail law will bite you too,"Anyone who has a fair understanding of how the government system works knows that the executive controls the state, which provides security.",True,,land_row_dispute,0.3295870997197837,governance_oversight_failure,0.22210140526294708,land_row_dispute,0.5,content_preferred,2021-10
The Observer,https://observer.ug/news/at-least-41-dead-in-fire-at-cairo-coptic-church/,2022-08-15,At least 41 dead in fire at Cairo Coptic church,"Madbouly said he and members of his government inspected the site of the fire and are prepared to pay 100,000 Egyptian pounds (about Shs 19m) to the families of those who died and 20,000 pounds (Shs 3.9) to families of those who were injured, in addition to providing top-notch treatment to victims who were hospitalized.",True,,land_row_dispute,0.4612870174768942,payment_financial_dispute,0.1814875602722168,land_row_dispute,0.5,content_preferred,2022-08
The Observer,https://observer.ug/news/mining-investors-flee-karamoja-as-insecurity-intesifies/,2022-06-07,Mining investors flee Karamoja as insecurity intensifies,"Mohamed Ali, the director of African Leg Investment dealing in excavating limestone in Moroto, says that he decided to withdraw his workers from the Kosiroi mining site due to persisting attacks by the warriors. “We are not safe in Karamoja, I will resume work when the situation normalizes,” he said.",True,,land_row_dispute,0.19574779503182588,land_row_dispute,0.21654397249221802,land_row_dispute,0.603072941881011,agree,2022-06
The Observer,https://observer.ug/news/mining-investors-flee-karamoja-as-insecurity-intesifies/,2022-06-07,Mining investors flee Karamoja as insecurity intensifies,"Patrick Musingusi from Harms Investment, which deals in gold mining in Lopedo in Kaabong district, says that he decided to suspend his activities when armed rustlers took over the structure he had constructed for his workers. “I have closed my site because the lives of my workers are not safe the situation is not good,” he said.",True,,land_row_dispute,0.20054895061172107,land_row_dispute,0.22800423204898834,land_row_dispute,0.6071382956651774,agree,2022-06
The Observer,https://observer.ug/news/mining-investors-flee-karamoja-as-insecurity-intesifies/,2022-06-07,Mining investors flee Karamoja as insecurity intensifies,"Arnold Ananura from Samit Group Ltd which deals in marble stones in Moroto said he has abandoned his site because the situation is unbearable. “I have abandoned my site and my workers are in Moroto town because the same area where we work, is the same place where three geologists were killed by armed warriors in March,” he said.",True,,land_row_dispute,0.24654287907782707,land_row_dispute,0.19604960083961487,land_row_dispute,0.6106481199793605,agree,2022-06
The Observer,https://observer.ug/news/mining-investors-flee-karamoja-as-insecurity-intesifies/,2022-06-07,Mining investors flee Karamoja as insecurity intensifies,"Charles Karoli of Leadway Uganda Ltd which deals in marble mining in the Rupa sub-county, says that their plan to construct a stone crushing plant for marble stones has stalled. “We were in the process of constructing a crushing plant for marble but honestly the situation has failed us.",True,,land_row_dispute,0.2033206421249833,delay_time_overrun,0.1930304616689682,land_row_dispute,0.5,content_preferred,2022-06
The Observer,https://observer.ug/news/big-pink-diamond-discovered-in-angola-largest-in-300-years/,2022-07-29,"Big pink diamond discovered in Angola, largest in 300 years","The pink diamond will be sold by international tender by the Angolan state diamond marketing company, Sodiam.",True,,land_row_dispute,0.2746963249713061,procurement_irregularity,0.16379950940608978,land_row_dispute,0.5,content_preferred,2022-07
The Observer,https://observer.ug/news/who-will-replace-mutebile/,2022-01-25,Who will replace Mutebile?,"In the same year, Mutebile again opposed Museveni and the government proposals to build a currency printing factory to print Uganda’s currency locally, saying it would be costlier and redundant as the economy moves towards digitization.",True,,land_row_dispute,0.2142956934531422,procurement_irregularity,0.18261516094207764,land_row_dispute,0.5,content_preferred,2022-01
The Observer,https://observer.ug/news/who-will-replace-mutebile/,2022-01-25,Who will replace Mutebile?,"Wasswa Balunywa In 2019 information widely circulated how Balunywa was tipped to become the next governor, with Mutebile’s contract expected not to be renewed after 2021.",True,,contract_management_failure,0.31562562289630747,procurement_irregularity,0.13601355254650116,contract_management_failure,0.5,content_preferred,2022-01
The Observer,https://observer.ug/news/who-will-replace-mutebile/,2022-01-25,Who will replace Mutebile?,He was again mentioned in 2020 as “leading the race” to succeed Dr Kasekende as deputy as the latter’s contract came to an end.,True,,contract_management_failure,0.09088862081123004,delay_time_overrun,0.17495380342006683,contract_management_failure,0.5,content_preferred,2022-01
The Observer,https://observer.ug/news/who-will-replace-mutebile/,2022-01-25,Who will replace Mutebile?,"He has also been mentioned before as a possible successor when Mutebile’s contract was nearing expiry in 2021, alongside Keith Muhakanizi.",True,,contract_management_failure,0.25811787307262696,contract_management_failure,0.18400847911834717,contract_management_failure,0.6105315880477435,agree,2022-01
The Observer,https://observer.ug/business/laina-finance-facilitates-purchase-of-electronic-devices-on-credit/,2022-08-01,Laina Finance facilitates purchase of electronic devices on credit,"Laina Finance is participant number 47 in the 2022 40 Days 40 FinTechs initiative organized by HiPipo in partnership with Level One project, Mojaloop, ModusBox, and Crosslake Tech and supported by the Gates Foundation.",True,,delay_time_overrun,0.33287588440816174,procurement_irregularity,0.1500629186630249,delay_time_overrun,0.5,content_preferred,2022-08
The Observer,https://observer.ug/business/laina-finance-facilitates-purchase-of-electronic-devices-on-credit/,2022-08-01,Laina Finance facilitates purchase of electronic devices on credit,Its good financial inclusion works are already getting international recognition with a continental award already in the bag. “This year we have been lucky.,True,,contract_management_failure,0.26978837097226827,procurement_irregularity,0.17771053314208984,contract_management_failure,0.5,content_preferred,2022-08
The Observer,https://observer.ug/business/laina-finance-facilitates-purchase-of-electronic-devices-on-credit/,2022-08-01,Laina Finance facilitates purchase of electronic devices on credit,"It offers participants useful tools and an introduction to the industry’s emerging technologies, such as Mojaloop Open Source Software, and guidance from Level One Project foundational material.",True,,contract_management_failure,0.294962707488044,delay_time_overrun,0.09331750124692917,contract_management_failure,0.5,content_preferred,2022-08
The Observer,https://observer.ug/business/laina-finance-facilitates-purchase-of-electronic-devices-on-credit/,2022-08-01,Laina Finance facilitates purchase of electronic devices on credit,"The skills gained from this initiative cover Level One Project Principles, Instant and Inclusive Payment Systems (IIPS), inclusive finance, and fintech in general.",True,,delay_time_overrun,0.3262065337407077,payment_financial_dispute,0.1706221103668213,delay_time_overrun,0.5,content_preferred,2022-08
The Observer,https://observer.ug/news/makerere-university-lung-institute-evaluating-herbal-remedies-for-asthma/,2022-12-07,Makerere University Lung Institute evaluating herbal remedies for asthma,Studies have started evaluating people who have used the herb to see whether they really had asthma and are now disease free. “The lung institute has actually received funding from government under a project called clinical trials of natural therapeutics.,True,,land_row_dispute,0.36044472078897294,land_row_dispute,0.1066584661602974,land_row_dispute,0.6167757967373175,agree,2022-12
The Observer,https://observer.ug/news/rivalry-over-a-woman-cited-in-acorns-international-school-security-guard-shooting/,2022-09-09,Rivalry over a woman cited in Acorns International school security guard shooting,Kiconco abandoned the rifle a few metres from the scene and took off to an unknown destination.,True,,land_row_dispute,0.14114805892460972,land_row_dispute,0.14836108684539795,land_row_dispute,0.572377286442502,agree,2022-09
The Observer,https://observer.ug/news/rivalry-over-a-woman-cited-in-acorns-international-school-security-guard-shooting/,2022-09-09,Rivalry over a woman cited in Acorns International school security guard shooting,"Detectives who have been wondering what could have prompted Kiconco to kill Oketcho since the two were the only ones at the school at the time have since been tipped that the duo had earlier vowed to eliminate each other over the said woman. “We have been told that this woman who caused the bad blood between these two guards works within the school but we are yet to confirm this information because we haven’t arrested the suspect to tell us what motivated him,” a detective said.",True,,delay_time_overrun,0.4171042808475956,contract_management_failure,0.12110088765621185,delay_time_overrun,0.5,content_preferred,2022-09
The Observer,https://observer.ug/news/kakwenza-petitions-human-rights-commission-over-children-s-passports/,2022-06-22,Kakwenza petitions Human Rights Commission over children’s passports,He explains that no reason has been given to date for the delay in granting the passports to the said children yet other Ugandan citizens continue getting their passports.,True,delay_time_overrun,delay_time_overrun,0.3993003320480211,delay_time_overrun,0.19344040751457214,delay_time_overrun,0.6481851848906484,agree,2022-06
The Observer,https://observer.ug/news/untold-story-of-high-commodity-prices/,2022-06-07,Untold story of high commodity prices,"To begin with, Lunyiigo points out that in 1888 Emin Pasha, a British agent, burnt down 1,000 houses at the salt works of Kibiro in Bunyoro Kingdom and ran away with bundles of salt and other valuables.",True,,land_row_dispute,0.16938625254882883,payment_financial_dispute,0.10978914797306061,land_row_dispute,0.5,content_preferred,2022-06
The Observer,https://observer.ug/news/untold-story-of-high-commodity-prices/,2022-06-07,Untold story of high commodity prices,The long-distance trade to Zanzibar collapsed after the railway from Mombasa reached Kisumu and the steamer was put on Lake Victoria.,True,quality_technical_defect,quality_technical_defect,0.22863306479094148,land_row_dispute,0.10962548851966858,quality_technical_defect,0.5,content_preferred,2022-06
The Observer,https://observer.ug/news/untold-story-of-high-commodity-prices/,2022-06-07,Untold story of high commodity prices,"This means that farmers should quickly be encouraged to revive these crops, which were abandoned in preference for ‘marketable’ exotic crops.",True,,land_row_dispute,0.32532069739008346,land_row_dispute,0.17984136939048767,land_row_dispute,0.6262905166951428,agree,2022-06
The Observer,https://observer.ug/news/uganda-airlines-boss-bamuturaki-in-fresh-trouble-over-shs-49m-travel-per-diem/,2022-09-14,Uganda Airlines boss Bamuturaki in fresh trouble over Shs 49m travel per diem,Per diem is a fixed daily allowance an organization provides to employees or contract workers to cover travel and out-of-pocket expenses either inland or outside the country.,True,,procurement_irregularity,0.3231216533750898,payment_financial_dispute,0.1287572979927063,procurement_irregularity,0.5,content_preferred,2022-09
The Observer,https://observer.ug/news/uganda-airlines-boss-bamuturaki-in-fresh-trouble-over-shs-49m-travel-per-diem/,2022-09-14,Uganda Airlines boss Bamuturaki in fresh trouble over Shs 49m travel per diem,"It has emerged that in June 2021, as then acting CEO of the airlines, Bamuturaki generated a requisition for $12,750, which was approved by the permanent secretary in the ministry of Works and Transport to facilitate her trips to 10 destination countries that never materialized.",True,,procurement_irregularity,0.1392531805122529,procurement_irregularity,0.1994169056415558,procurement_irregularity,0.5846675215384521,agree,2022-09
The Observer,https://observer.ug/news/uganda-airlines-boss-bamuturaki-in-fresh-trouble-over-shs-49m-travel-per-diem/,2022-09-14,Uganda Airlines boss Bamuturaki in fresh trouble over Shs 49m travel per diem,"Bamuturaki is facing an integrity probe relating to influence peddling, conflict of interest, and flouting procurement guidelines when she recommended the Kenyan-based Abbavater Media Agency that belonged to her close associate to undertake public relations for Uganda Airlines worth Shs 1.537 billion instead of Shs 654 million.",True,procurement_irregularity,procurement_irregularity,0.414006097718489,governance_oversight_failure,0.24191626906394958,procurement_irregularity,0.5,content_preferred,2022-09
The Observer,https://observer.ug/news/uganda-airlines-boss-bamuturaki-in-fresh-trouble-over-shs-49m-travel-per-diem/,2022-09-14,Uganda Airlines boss Bamuturaki in fresh trouble over Shs 49m travel per diem,"Further, the Auditor General reported that Dairoo Air Services (DAS), an air cargo airline at Entebbe that operated all-cargo services had billed Uganda Airlines $43,105 (Shs 164 million) for unpaid ground rent but a review of their invoice indicated they were paid only $8,620 (Shs 32.8 million) in April 2021.",True,,procurement_irregularity,0.3112275224832771,payment_financial_dispute,0.2493044137954712,procurement_irregularity,0.5,content_preferred,2022-09
The Observer,https://observer.ug/news/accident-saudi-court-awards-shs-270m-to-ugandan-domestic-worker-nakintu/,2022-02-16,Accident: Saudi court awards Shs 270m to Ugandan domestic worker Nakintu,"The car allegedly overturned at New Coast road, a few metres from Al-Qattan Bridge towards Al-Laith.",True,,quality_technical_defect,0.2942262806733186,land_row_dispute,0.13839630782604218,quality_technical_defect,0.5,content_preferred,2022-02
The Observer,https://observer.ug/news/chinese-national-arrested-for-blocking-minister-from-inspecting-factory/,2022-04-28,Chinese national arrested for blocking minister from inspecting factory,"Later, the minister inspected the pump and steel section in the factory where they had been blocked from accessing and found poor hygienic conditions.",True,,land_row_dispute,0.1749596272608162,quality_technical_defect,0.2618267238140106,land_row_dispute,0.5,content_preferred,2022-04
The Observer,https://observer.ug/news/chinese-national-arrested-for-blocking-minister-from-inspecting-factory/,2022-04-28,Chinese national arrested for blocking minister from inspecting factory,80 per cent of the 100 women working in the plant lack access to clean sanitary facilities.,True,,land_row_dispute,0.2662492269506375,quality_technical_defect,0.166679248213768,land_row_dispute,0.5,content_preferred,2022-04
The Observer,https://observer.ug/news/chinese-national-arrested-for-blocking-minister-from-inspecting-factory/,2022-04-28,Chinese national arrested for blocking minister from inspecting factory,"The women use a seven stance pit latrine, which is almost filled to capacity and emits a strong stench while the verandah is littered with stagnant dirty water.",True,,procurement_irregularity,0.3068840997628896,payment_financial_dispute,0.0503343865275383,procurement_irregularity,0.5,content_preferred,2022-04
The Observer,https://observer.ug/news/chinese-national-arrested-for-blocking-minister-from-inspecting-factory/,2022-04-28,Chinese national arrested for blocking minister from inspecting factory,The workers also lack protective gear such as gloves and boots.,True,,governance_oversight_failure,0.18381844515577664,quality_technical_defect,0.20622307062149048,governance_oversight_failure,0.5,content_preferred,2022-04
The Observer,https://observer.ug/news/chinese-national-arrested-for-blocking-minister-from-inspecting-factory/,2022-04-28,Chinese national arrested for blocking minister from inspecting factory,"None of the workers was found wearing headgear despite operating machines, which produce severe heat and heavy sound that has the potential of damaging the worker’s eardrums.",True,,land_row_dispute,0.16357789833943612,quality_technical_defect,0.1776583194732666,land_row_dispute,0.5,content_preferred,2022-04
The Observer,https://observer.ug/news/chinese-national-arrested-for-blocking-minister-from-inspecting-factory/,2022-04-28,Chinese national arrested for blocking minister from inspecting factory,A number of employees told URN on condition of anonymity that their Chinese bosses assault and threaten to arrest whoever complaints about their working conditions.,True,,land_row_dispute,0.2799376798960696,contract_management_failure,0.24615883827209473,land_row_dispute,0.5,content_preferred,2022-04
The Observer,https://observer.ug/news/chinese-national-arrested-for-blocking-minister-from-inspecting-factory/,2022-04-28,Chinese national arrested for blocking minister from inspecting factory,Our efforts to talk to the management didn’t yield results.,True,,governance_oversight_failure,0.1841944410726191,procurement_irregularity,0.29738175868988037,governance_oversight_failure,0.5,content_preferred,2022-04
The Observer,https://observer.ug/news/chinese-national-arrested-for-blocking-minister-from-inspecting-factory/,2022-04-28,Chinese national arrested for blocking minister from inspecting factory,We have since established that the managing director has been offsite for some time.,True,,land_row_dispute,0.22591969486973898,delay_time_overrun,0.23271360993385315,land_row_dispute,0.5,content_preferred,2022-04
The Observer,https://observer.ug/news/chinese-national-arrested-for-blocking-minister-from-inspecting-factory/,2022-04-28,Chinese national arrested for blocking minister from inspecting factory,Among expressed concern that despite working in risky areas many of the workers lack contracts.,True,,land_row_dispute,0.22328481886626164,procurement_irregularity,0.30842891335487366,land_row_dispute,0.5,content_preferred,2022-04
The Observer,https://observer.ug/news/chinese-national-arrested-for-blocking-minister-from-inspecting-factory/,2022-04-28,Chinese national arrested for blocking minister from inspecting factory,She explained that such employees get a hard time pushing for treatment and compensation in case of injuries.,True,land_row_dispute,land_row_dispute,0.3937778308064291,contract_management_failure,0.2741451561450958,land_row_dispute,0.5,content_preferred,2022-04
The Observer,https://observer.ug/news/chinese-national-arrested-for-blocking-minister-from-inspecting-factory/,2022-04-28,Chinese national arrested for blocking minister from inspecting factory,"Peter Okorot, a machine operator at Tian Tang Group, says it is hard to avoid injuries, especially when working in the steel department, and the situation becomes hard when one sustains a permanent injury. “Once one lacks a working contract it becomes hard to make certain claims such as treatment and better compensation yet what is being paid is less to save for personal development,” Okorot notes.",True,land_row_dispute,land_row_dispute,0.2738238653751069,contract_management_failure,0.2943706214427948,land_row_dispute,0.5,content_preferred,2022-04
The Observer,https://observer.ug/news/chinese-national-arrested-for-blocking-minister-from-inspecting-factory/,2022-04-28,Chinese national arrested for blocking minister from inspecting factory,"Nonetheless, John Van Vredendaal, the farm manager of Royal Van Zanten Limited, which packs flowers advises factory owners to issue their employees working contracts regardless of the payments. inarticle} inarticle}",True,,procurement_irregularity,0.3716472840502231,contract_management_failure,0.305903822183609,procurement_irregularity,0.5,content_preferred,2022-04
The Observer,https://observer.ug/news/history-repeats-itself-as-minister-muhwezi-faces-censure-over-torture/,2022-02-10,History repeats itself as minister Muhwezi faces censure over torture,"Mpuuga accuses the minister of Security of totally abdicating his responsibility, breach of public duty and that they find him unfit to continue being in occupation of a sensitive public office.",True,,procurement_irregularity,0.2712445482877018,governance_oversight_failure,0.24875561892986298,procurement_irregularity,0.5,content_preferred,2022-02
The Observer,https://observer.ug/news/army-kills-11-in-karamoja-as-museveni-vows-to-end-insecurity/,2022-04-11,Army kills 11 in Karamoja as Museveni vows to end insecurity,"Joel Akorio, one of the former cattle rustlers and a resident of Acholin village in Moroto Municipality said the current high cost of living is the root cause of cattle raiding. “The problem government is not honest, because they pick guns from people and they don’t even offer any project to support those who hand over the guns,” said Akorio.",True,,land_row_dispute,0.5128180537696236,land_row_dispute,0.15884673595428467,land_row_dispute,0.6679161974309771,agree,2022-04
The Observer,https://observer.ug/news/army-kills-11-in-karamoja-as-museveni-vows-to-end-insecurity/,2022-04-11,Army kills 11 in Karamoja as Museveni vows to end insecurity,"Marry Nakiru, another resident said ending insecurity in Karamoja is very simple if government works together with stakeholders. “This insecurity in Karamoja is benefiting many people and it explains why the situation is not ending,” added Nakiru.",True,,land_row_dispute,0.39967819476576477,land_row_dispute,0.13960328698158264,land_row_dispute,0.6348203704368368,agree,2022-04
The Observer,https://observer.ug/news/army-kills-11-in-karamoja-as-museveni-vows-to-end-insecurity/,2022-04-11,Army kills 11 in Karamoja as Museveni vows to end insecurity,"Earlier, he commissioned waterworks to serve Kaweweta Recruits Training School, Fort Samora Machel Special Forces School and Oliver Reginald Tambo School of Leadership and Pan-African Center of Excellence all in the same vicinity.",True,,delay_time_overrun,0.21320099455372965,governance_oversight_failure,0.07847577333450317,delay_time_overrun,0.5,content_preferred,2022-04
The Observer,https://observer.ug/news/army-kills-11-in-karamoja-as-museveni-vows-to-end-insecurity/,2022-04-11,Army kills 11 in Karamoja as Museveni vows to end insecurity,He also commissioned the new road network connecting all the institutions at Kaweweta.,True,,land_row_dispute,0.2687752502052819,delay_time_overrun,0.169133722782135,land_row_dispute,0.5,content_preferred,2022-04
The Observer,https://observer.ug/news/rwanda-resents-its-portrayal-in-uk-asylum-row/,2022-06-21,Rwanda resents its portrayal in UK asylum row,"The protection is good and we get whatever we need,” said Kamal Mohammed Harun, a Sudanese national whose wife, Muntadhira, is eight months pregnant. “Rwanda is my second favourite country, but my intention is to still go to Canada.” Harun’s aim to leave Rwanda was echoed across the camp, and officials confirmed that none of the site’s 1,075 evacuees had chosen to be integrated locally.",True,,procurement_irregularity,0.23125502868847242,land_row_dispute,0.08357855677604675,procurement_irregularity,0.5,content_preferred,2022-06
The Observer,https://observer.ug/news/rwanda-resents-its-portrayal-in-uk-asylum-row/,2022-06-21,Rwanda resents its portrayal in UK asylum row,"Sandrine Mushimiyimana, 23, who was working in the site’s gift shop – where cigarettes, T-shirts and underwear are available to buy – also did not accept the criticism levelled at the £120m partnership. “I think it’s a good idea what they’re doing here,” the former IT technician said. “I am very happy to be serving these people.” Migrants in Rwanda have also extolled the merits of the country and its treatment of displaced people.",True,,land_row_dispute,0.40948105084545633,land_row_dispute,0.18916913866996765,land_row_dispute,0.649662547378856,agree,2022-06
The Observer,https://observer.ug/news/rwanda-resents-its-portrayal-in-uk-asylum-row/,2022-06-21,Rwanda resents its portrayal in UK asylum row,"Leave as a friend.” “It’s just a delay, but they will come.",True,delay_time_overrun,delay_time_overrun,0.33577518585521576,delay_time_overrun,0.18502888083457947,delay_time_overrun,0.6302010166724488,agree,2022-06
The Observer,https://observer.ug/news/shs-13bn-collected-in-entebbe-expressway-toll-fees-in-4-months/,2022-06-03,Shs 13bn collected in Entebbe expressway toll fees in 4 months,"According to Nabasa, they also registered 2,206,558 from January to April, with a monthly average of 551,640 passages and 20,000 passages daily.",True,,land_row_dispute,0.22381705242810698,delay_time_overrun,0.08681905269622803,land_row_dispute,0.5,content_preferred,2022-06
The Observer,https://observer.ug/news/shs-13bn-collected-in-entebbe-expressway-toll-fees-in-4-months/,2022-06-03,Shs 13bn collected in Entebbe expressway toll fees in 4 months,"She explains further that during the first four months, each of the three toll gates located in Mpala, Busega, and Kajjansi recorded an average of 6,664 passages daily.",True,,quality_technical_defect,0.16785340521392267,delay_time_overrun,0.1509581208229065,quality_technical_defect,0.5,content_preferred,2022-06
The Observer,https://observer.ug/news/shs-13bn-collected-in-entebbe-expressway-toll-fees-in-4-months/,2022-06-03,Shs 13bn collected in Entebbe expressway toll fees in 4 months,"Allan Ssempebwa, the communications officer at UNRA, says an average of 20,000 passages made daily has surpassed the projected daily average of 13,000 passages.",True,,land_row_dispute,0.3156156242087509,delay_time_overrun,0.14412418007850647,land_row_dispute,0.5,content_preferred,2022-06
The Observer,https://observer.ug/news/shs-13bn-collected-in-entebbe-expressway-toll-fees-in-4-months/,2022-06-03,Shs 13bn collected in Entebbe expressway toll fees in 4 months,"These include incoming and outgoing air passengers, taxi operators, visitors, and Entebbe residents.",True,,delay_time_overrun,0.18230255050593233,payment_financial_dispute,0.1063762977719307,delay_time_overrun,0.5,content_preferred,2022-06
The Observer,https://observer.ug/news/shs-13bn-collected-in-entebbe-expressway-toll-fees-in-4-months/,2022-06-03,Shs 13bn collected in Entebbe expressway toll fees in 4 months,"Ssempebwa says the number of passages has been increasing over the past four months from 480,234 passages in January to 574,629 in February, 594,124 in March, and 557,066 in April.",True,,land_row_dispute,0.22036280256087062,delay_time_overrun,0.17294225096702576,land_row_dispute,0.5,content_preferred,2022-06
The Observer,https://observer.ug/news/shs-13bn-collected-in-entebbe-expressway-toll-fees-in-4-months/,2022-06-03,Shs 13bn collected in Entebbe expressway toll fees in 4 months,"Nabasa says May has so far recorded the highest number of passages at 630,000.",True,,land_row_dispute,0.2679622942230208,delay_time_overrun,0.07992725074291229,land_row_dispute,0.5,content_preferred,2022-06
The Observer,https://observer.ug/news/shs-13bn-collected-in-entebbe-expressway-toll-fees-in-4-months/,2022-06-03,Shs 13bn collected in Entebbe expressway toll fees in 4 months,"This brings the total number of passages from January 8 to May 31 to 2,920,000.",True,,land_row_dispute,0.1809539429024346,delay_time_overrun,0.19486963748931885,land_row_dispute,0.5,content_preferred,2022-06
The Observer,https://observer.ug/news/shs-13bn-collected-in-entebbe-expressway-toll-fees-in-4-months/,2022-06-03,Shs 13bn collected in Entebbe expressway toll fees in 4 months,"Ssempebwa says that the ever-increasing traffic on the road is an indicator that it is not a “white elephant” as perceived by some sections of the public when the government announced plans to toll the expressway. “The more passages, the more money we will collect to repay the loan, operate and maintain the road,” he said.",True,,land_row_dispute,0.23312491858561224,delay_time_overrun,0.22622016072273254,land_row_dispute,0.5,content_preferred,2022-06
The Observer,https://observer.ug/news/shs-13bn-collected-in-entebbe-expressway-toll-fees-in-4-months/,2022-06-03,Shs 13bn collected in Entebbe expressway toll fees in 4 months,"Motorists pay between Shs 3,000 and Shs 18,000 per trip on the expressway, which connects from Kampala Northern bypass at Busega and joins the Old Entebbe road at Mpala.",True,,land_row_dispute,0.25670206694414865,delay_time_overrun,0.18585628271102905,land_row_dispute,0.5,content_preferred,2022-06
The Observer,https://observer.ug/news/shs-13bn-collected-in-entebbe-expressway-toll-fees-in-4-months/,2022-06-03,Shs 13bn collected in Entebbe expressway toll fees in 4 months,The collections will be used to repay the $350 million loan government acquired from the Exim Bank of China to construct the 51.4-kilometre expressway.,True,,governance_oversight_failure,0.24086652681343418,payment_financial_dispute,0.1936870813369751,governance_oversight_failure,0.5,content_preferred,2022-06
The Observer,https://observer.ug/news/shs-13bn-collected-in-entebbe-expressway-toll-fees-in-4-months/,2022-06-03,Shs 13bn collected in Entebbe expressway toll fees in 4 months,"According to the loan agreement, the repayment schedule runs from July 21, 2019, to January 21, 2032.",True,,land_row_dispute,0.1457756987851533,delay_time_overrun,0.2608039379119873,land_row_dispute,0.5,content_preferred,2022-06
The Observer,https://observer.ug/news/shs-13bn-collected-in-entebbe-expressway-toll-fees-in-4-months/,2022-06-03,Shs 13bn collected in Entebbe expressway toll fees in 4 months,"In the 13-year repayment period, the government plans to pay $26.8 million (about Shs 95 billion) every year.",True,,land_row_dispute,0.28751623601581816,payment_financial_dispute,0.1896771341562271,land_row_dispute,0.5,content_preferred,2022-06
The Observer,https://observer.ug/news/shs-13bn-collected-in-entebbe-expressway-toll-fees-in-4-months/,2022-06-03,Shs 13bn collected in Entebbe expressway toll fees in 4 months,This means that the government should collect at least Shs 7.8 billion monthly to meet the loan obligation.,True,,land_row_dispute,0.18099944393190986,payment_financial_dispute,0.2958453297615051,land_row_dispute,0.5,content_preferred,2022-06
The Observer,https://observer.ug/news/shs-13bn-collected-in-entebbe-expressway-toll-fees-in-4-months/,2022-06-03,Shs 13bn collected in Entebbe expressway toll fees in 4 months,"However, some motorists led by lawyer Michael Aboneka want UNRA and Egis to install streetlights along the expressway.",True,,land_row_dispute,0.2133555862040419,delay_time_overrun,0.18302936851978302,land_row_dispute,0.5,content_preferred,2022-06
The Observer,https://observer.ug/news/shs-13bn-collected-in-entebbe-expressway-toll-fees-in-4-months/,2022-06-03,Shs 13bn collected in Entebbe expressway toll fees in 4 months,Aboneka has threatened to sue the government for failing to light the expressway and yet it collects over Shs 2 billion monthly from the road toll.,True,,land_row_dispute,0.3780569506962907,contract_management_failure,0.2882782816886902,land_row_dispute,0.5,content_preferred,2022-06
The Observer,https://observer.ug/news/shs-13bn-collected-in-entebbe-expressway-toll-fees-in-4-months/,2022-06-03,Shs 13bn collected in Entebbe expressway toll fees in 4 months,"He wrote to the minister of Works and Transport, Gen Katumba Wamala on March 23, 2022, about the lack of street lights. “As you are aware, the Kampala-Entebbe expressway and the Kampala Northern bypass are engulfed in darkness as they have no street lights.",True,,governance_oversight_failure,0.24004175579272044,delay_time_overrun,0.21946124732494354,governance_oversight_failure,0.5,content_preferred,2022-06
The Observer,https://observer.ug/news/shs-13bn-collected-in-entebbe-expressway-toll-fees-in-4-months/,2022-06-03,Shs 13bn collected in Entebbe expressway toll fees in 4 months,"This is not only dangerous to motorists and road users but has also contributed to the insecurity and criminality on the two highways,” reads the letter.",True,,land_row_dispute,0.19671652954639368,contract_management_failure,0.13198305666446686,land_row_dispute,0.5,content_preferred,2022-06
The Observer,https://observer.ug/news/shs-13bn-collected-in-entebbe-expressway-toll-fees-in-4-months/,2022-06-03,Shs 13bn collected in Entebbe expressway toll fees in 4 months,"He asked Katumba’s “good office to urgently provide street lights on the two highways for the safety of Ugandans and all road users who painfully pay a road toll each time they use the Kampala-Entebbe expressway.” Ssempebwa urges Aboneka and other road users to be patient, saying “we have procured over one thousand street lights to be installed on both sides of the road and hope to start installing them next month.",True,,land_row_dispute,0.29575696409104996,delay_time_overrun,0.16427680850028992,land_row_dispute,0.5,content_preferred,2022-06
The Observer,https://observer.ug/news/shs-13bn-collected-in-entebbe-expressway-toll-fees-in-4-months/,2022-06-03,Shs 13bn collected in Entebbe expressway toll fees in 4 months,We are only waiting for tax clearance from Uganda Revenue Authority for the lighting poles and lights.” Nabasa says Egis and UNRA are working round the clock to install streetlights on the road by end of this year.,True,,procurement_irregularity,0.1664507777046327,delay_time_overrun,0.24777428805828094,procurement_irregularity,0.5,content_preferred,2022-06
The Observer,https://observer.ug/news/shs-13bn-collected-in-entebbe-expressway-toll-fees-in-4-months/,2022-06-03,Shs 13bn collected in Entebbe expressway toll fees in 4 months,"She adds that the lighting process involves designing the light set up, setting out and marking lighting locations, setting up electricity poles and substations, procurement, foundation, and erection of lighting poles, and connection of electricity to the poles. “The designs, location marking, and setting up of electricity poles and substations are complete while procurement of lighting poles is 50 per cent.",True,procurement_irregularity,procurement_irregularity,0.35476317153394854,payment_financial_dispute,0.11131184548139572,procurement_irregularity,0.5,content_preferred,2022-06
The Observer,https://observer.ug/news/shs-13bn-collected-in-entebbe-expressway-toll-fees-in-4-months/,2022-06-03,Shs 13bn collected in Entebbe expressway toll fees in 4 months,"The rest of the activities are below 5 per cent because they can only be done once procurement is complete,” she said. inarticle} inarticle}",True,procurement_irregularity,procurement_irregularity,0.3323781928240415,procurement_irregularity,0.24806798994541168,procurement_irregularity,0.6451115456923633,agree,2022-06
The Observer,https://observer.ug/news/body-of-ugandan-businessman-mutilated-in-s-africa-returned-for-burial/,2022-08-21,Body of Ugandan businessman mutilated in S.Africa returned for burial,Nsubuga explained that the deceased received a phone call from some people purportedly in need of spare parts near Soweto stadium and proceeded to make delivery.,True,,land_row_dispute,0.27907016955783304,contract_management_failure,0.19491331279277802,land_row_dispute,0.5,content_preferred,2022-08
The Observer,https://observer.ug/news/body-of-ugandan-businessman-mutilated-in-s-africa-returned-for-burial/,2022-08-21,Body of Ugandan businessman mutilated in S.Africa returned for burial,"According to Nsubuga, as they were still searching for Galiwango’s whereabouts, they received a call that a body of a person believed to be a man had been discovered in the bush adjacent to Soweto stadium. “I was among those who ran first to reach the scene.",True,,procurement_irregularity,0.20748424222327863,procurement_irregularity,0.06109640747308731,procurement_irregularity,0.5671451624240915,agree,2022-08
The Observer,https://observer.ug/news/uganda-s-science-week-to-focus-on-space-science-electric-cars/,2022-10-07,"Uganda’s Science Week to focus on space science, electric cars","A number of projects have been undertaken including research and development in vaccines, diagnostics and therapeutics, manufacture of both clean diesel engine and electric buses, construction of Uganda’s first satellite due for launch in November 2022, facilitating the adoption and local manufacturing of Industry 4.0+ technologies sector, construction of skilling and component manufacturing centres among others.",True,,procurement_irregularity,0.3776981897569661,delay_time_overrun,0.2041451632976532,procurement_irregularity,0.5,content_preferred,2022-10
The Observer,https://observer.ug/news/mps-give-nod-of-approval-to-shs-71bn-addition-funds-to-state-house/,2022-04-19,MPs give nod of approval to Shs 71bn additional funding to State House,"She explained that State House increases support to the Poverty Alleviation Department (PAD) through the recruitment of full time and competent staff to ensure project or program sustainability. “The committee was informed that, there are 27 model villages under the PAD distributed throughout the four regions of the country with 8 in Central (Kalungu, Masaka, Nakaseke, Goma/ Sembabule, Luwero and Wakiso), 7 in Western (Bushenyi, Kamwenge, Rukungiri, Sheema and Ntungamo), 8 in Eastern (Busia, Kaliro, Tororo, Kamuli, Sironko, Iganga, Kibuuku and Mbale) and 4 in the North (Otuke, Kitgum, Adjumani and Madi[1]Okolo),” reads part of the committee report.",True,,procurement_irregularity,0.4066915779612923,governance_oversight_failure,0.16302527487277985,procurement_irregularity,0.5,content_preferred,2022-04
The Observer,https://observer.ug/news/south-africa-first-country-in-africa-to-produce-meat-in-laboratory/,2022-06-15,South Africa first country in Africa to produce meat in laboratory,"We do a few things to make sure that it works and continues to grow.” She said the company replicates the same conditions that are in a cow, just outside of the cow.",True,,land_row_dispute,0.39268016392295024,quality_technical_defect,0.09384773671627045,land_row_dispute,0.5,content_preferred,2022-06
The Observer,https://observer.ug/news/eu-earmarks-shs-232bn-to-support-uganda-s-climate-change-goals/,2022-12-21,EU earmarks Shs 232bn to support Uganda’s climate change goals,"To be more ambitious, we developed a strategy of green and climate transition in Uganda, under which we have priorities we want to push together, like more climate financing and forest protection, promoting eco-tourism and construction of sustainable cities,” she said.",True,,delay_time_overrun,0.2772234376545154,delay_time_overrun,0.13969770073890686,delay_time_overrun,0.6042302845983556,agree,2022-12
The Observer,https://observer.ug/business/mtn-commits-shs-2-8bn-towards-ict-interventions-in-2022/,2022-05-17,MTN commits Shs 2.8bn towards ICT interventions in 2022,"Celebrated on May 17, World Telecommunication and Information Society Day is commemorated annually to raise awareness of the potential transformation that the use of the Internet and other ICTs can impact on societies and economies, as well as ways to bridge the digital divide.",True,,quality_technical_defect,0.17833924796303458,delay_time_overrun,0.11732617020606995,quality_technical_defect,0.5,content_preferred,2022-05
The Observer,https://observer.ug/business/price-of-building-materials-creates-housing-headache/,2022-08-23,Price of building materials creates housing headache,Key players in the construction industry attribute the increment in prices to the scarcity of raw materials and the rising fuel prices.,True,,delay_time_overrun,0.298589991201492,payment_financial_dispute,0.150113046169281,delay_time_overrun,0.5,content_preferred,2022-08
The Observer,https://observer.ug/business/price-of-building-materials-creates-housing-headache/,2022-08-23,Price of building materials creates housing headache,Many construction materials consumers and project owners have been left contemplating whether to continue with their projects or suspend them until the prices of building materials drop to affordable levels.,True,,delay_time_overrun,0.37056024784579394,land_row_dispute,0.27138400077819824,delay_time_overrun,0.5,content_preferred,2022-08
The Observer,https://observer.ug/business/price-of-building-materials-creates-housing-headache/,2022-08-23,Price of building materials creates housing headache,"Ssalongo Keima, a local builder, is now jobless because he has no work to do because the construction industry has slowed down. “During my last project, the contractor stopped me from coming to work because he didn’t have enough money to buy building materials.",True,,delay_time_overrun,0.3101877960188509,land_row_dispute,0.1929977536201477,delay_time_overrun,0.5,content_preferred,2022-08
The Observer,https://observer.ug/business/price-of-building-materials-creates-housing-headache/,2022-08-23,Price of building materials creates housing headache,"An estimated 900,000 units are substandard and in need of replacement or upgrading.” According to the latest national budget framework paper, government has set a target of reducing the housing deficit by 20 per cent in the current financial year.",True,quality_technical_defect,quality_technical_defect,0.18344907447262548,governance_oversight_failure,0.1528216004371643,quality_technical_defect,0.5,content_preferred,2022-08
The Observer,https://observer.ug/business/price-of-building-materials-creates-housing-headache/,2022-08-23,Price of building materials creates housing headache,"Fortune Niwamanya, the chief engineer of Danmari Construction Company, said they are trying their best to fulfil their contractual obligation.",True,,land_row_dispute,0.40413066390830116,contract_management_failure,0.2684915065765381,land_row_dispute,0.5,content_preferred,2022-08
The Observer,https://observer.ug/business/price-of-building-materials-creates-housing-headache/,2022-08-23,Price of building materials creates housing headache,He said that many of his clients have halted construction works because of the spike in materials. mwanjedavid3@gmail.com inarticle} inarticle},True,,procurement_irregularity,0.4765338656311726,quality_technical_defect,0.32011958956718445,procurement_irregularity,0.5,content_preferred,2022-08
The Observer,https://observer.ug/news/china-s-resource-exploitation-in-gilgit-baltistan-causing-environmental-degradation/,2022-09-23,China’s resource exploitation in Gilgit-Baltistan causing environmental degradation,"CPEC was sold to the people of GB as a landmark project to uplift their lives and infrastructure, but it has in fact deepened their colonial subjugation, reported International Forum for Right and Security (IFFRAS).",True,,land_row_dispute,0.3149094156252591,land_row_dispute,0.2500995993614197,land_row_dispute,0.6412522537466697,agree,2022-09
The Observer,https://observer.ug/news/china-s-resource-exploitation-in-gilgit-baltistan-causing-environmental-degradation/,2022-09-23,China’s resource exploitation in Gilgit-Baltistan causing environmental degradation,"More importantly, the implementation of the project constitutes an illegal encroachment on territory that is legally a part of the Indian Union Territory of Jammu and Kashmir.",True,,delay_time_overrun,0.41922257534483226,land_row_dispute,0.31487351655960083,delay_time_overrun,0.5,content_preferred,2022-09
The Observer,https://observer.ug/news/pinetti-denies-getting-monopoly-over-uganda-s-coffee/,2022-07-19,"Pinetti denies getting monopoly on Uganda’s coffee, questions MPs’ powers","In the defense filed by lawyers; Henry Byansi and Michael Aboneka before the civil division of the High court civil division in Kampala, Pinetti, the board chairperson of Uganda Vinci Coffee Company Limited says it is impossible to obtain a monopoly on the management of the coffee business in Uganda when the maximum capacity of their project is just 60,000 tonnes against a total volume of 382,000 tonnes.",True,,land_row_dispute,0.11228771670491203,procurement_irregularity,0.2352122813463211,land_row_dispute,0.5,content_preferred,2022-07
The Observer,https://observer.ug/news/pinetti-denies-getting-monopoly-over-uganda-s-coffee/,2022-07-19,"Pinetti denies getting monopoly on Uganda’s coffee, questions MPs’ powers","But in its defense, a copy of which URN has seen, Vinci through its company secretary, Moses Matovu, says that the subject matter of the agreement is the establishment of a processing plant with a capacity to process up to 60,000 tonnes of green beans per annum. “I aver that all the incentives in the agreement are neither intended to and in fact do not grant the 2nd respondent/Vinci a monopoly to manage the coffee business.",True,,land_row_dispute,0.10507124934607988,procurement_irregularity,0.2077520489692688,land_row_dispute,0.5,content_preferred,2022-07
The Observer,https://observer.ug/news/pinetti-denies-getting-monopoly-over-uganda-s-coffee/,2022-07-19,"Pinetti denies getting monopoly on Uganda’s coffee, questions MPs’ powers","This is because the project consists of the establishment of a coffee processing facility with a capacity to process an initial volume of 27,000 tonnes of green beans per annum and eventually a maximum capacity of 60,000 tonnes of green beans per annum,” said Matovu in his affidavit.",True,,land_row_dispute,0.40184171651180556,delay_time_overrun,0.1329907327890396,land_row_dispute,0.5,content_preferred,2022-07
The Observer,https://observer.ug/news/pinetti-denies-getting-monopoly-over-uganda-s-coffee/,2022-07-19,"Pinetti denies getting monopoly on Uganda’s coffee, questions MPs’ powers","This, Matovu, says makes it impossible for Vinci to obtain a monopoly on the management of the coffee business in Uganda when the maximum capacity of their project is 60,000 tonnes. “The 2nd respondent is not given powers to singly or otherwise manage the production or export of coffee as alleged.",True,,land_row_dispute,0.14882174689014335,procurement_irregularity,0.1808110773563385,land_row_dispute,0.5,content_preferred,2022-07
The Observer,https://observer.ug/news/pinetti-denies-getting-monopoly-over-uganda-s-coffee/,2022-07-19,"Pinetti denies getting monopoly on Uganda’s coffee, questions MPs’ powers","But Vinci argues that it is not the mandate of the legislative arm of the government to contract on its behalf and to that extent, the recommendations of the parliamentary committee on tourism, trade, and industry dated April 29, 2022, do not invalidate a contract lawfully entered by the executive arm of government.",True,,contract_management_failure,0.31852238589644516,contract_management_failure,0.2822032868862152,contract_management_failure,0.6501814181956651,agree,2022-07
The Observer,https://observer.ug/news/how-buganda-bigwigs-planned-to-restore-kabaka-s-rolls-royce/,2022-07-27,How Buganda bigwigs planned to restore Kabaka’s Rolls Royce,"The committee started looking for ways to restore the vehicle. “We thought of shipping it to the UK for refurbishment but the first workshop we got asked for British Pounds 400, 000 (approximately Shs 1.9 billion), almost the base price for a new Rolls Royce,” Freeman says. “And they asked for two years.",True,,land_row_dispute,0.2530398467710754,procurement_irregularity,0.1551847904920578,land_row_dispute,0.5,content_preferred,2022-07
The Observer,https://observer.ug/news/how-buganda-bigwigs-planned-to-restore-kabaka-s-rolls-royce/,2022-07-27,How Buganda bigwigs planned to restore Kabaka’s Rolls Royce,It could only leave if the ministry of Works and Transport cleared it.,True,,land_row_dispute,0.13894687559077573,land_row_dispute,0.16465361416339874,land_row_dispute,0.5759001224385436,agree,2022-07
The Observer,https://observer.ug/news/how-buganda-bigwigs-planned-to-restore-kabaka-s-rolls-royce/,2022-07-27,How Buganda bigwigs planned to restore Kabaka’s Rolls Royce,"Mayiga reached the phone again to General Katumba Wamala, the Works and Transport minister and made an appointment.",True,,land_row_dispute,0.17587228534957947,delay_time_overrun,0.11263447999954224,land_row_dispute,0.5,content_preferred,2022-07
The Observer,https://observer.ug/news/how-buganda-bigwigs-planned-to-restore-kabaka-s-rolls-royce/,2022-07-27,How Buganda bigwigs planned to restore Kabaka’s Rolls Royce,"Meanwhile, Freeman and his committee started searching for the technical team to do the refurbishment. “I called Farouk Lubega, my trusted long-term mechanic and asked him to examine both vehicles and see what could work,” Freeman reveals.",True,,delay_time_overrun,0.16008667044767588,quality_technical_defect,0.18844294548034668,delay_time_overrun,0.5,content_preferred,2022-07
The Observer,https://observer.ug/news/how-buganda-bigwigs-planned-to-restore-kabaka-s-rolls-royce/,2022-07-27,How Buganda bigwigs planned to restore Kabaka’s Rolls Royce,"Once Freeman’s team was ready, they sought for approvals from the ministry of Works and Transport and URA and tested it to ensure it is safe on the road. “We are very grateful to the leadership of those three institutions and of course the committee without which this work wouldn’t have been done,” Freeman says. “The kingdom treasury supported us enormously.",True,,delay_time_overrun,0.15086380123601803,procurement_irregularity,0.19493559002876282,delay_time_overrun,0.5,content_preferred,2022-07
The Observer,https://observer.ug/news/uganda-land-commission-blames-covid-19-for-lack-of-land-database/,2022-05-05,Uganda Land Commission blames COVID-19 for lack of land database,"ULC led by Andrew Nyumba, the acting secretary told the MPs that they do not have a comprehensive inventory of government land and properties occupied by tenants, are vacant, or acquired under compensation.",True,land_row_dispute,land_row_dispute,0.3789662642971633,procurement_irregularity,0.23929095268249512,land_row_dispute,0.5,content_preferred,2022-05
The Observer,https://observer.ug/news/uganda-s-buyende-nuclear-power-plant-to-cost-shs-34-trillion/,2022-10-15,Uganda’s ‘Buyende nuclear power plant’ to cost Shs 34 trillion,"While some have described Uganda’s nuclear/atomic energy ambitions as a huge gamble, Eng Irene Batebe, the permanent secretary of the ministry of Energy says the project is on course and it is hoped that Uganda will have its first 2000Mw nuclear power plant running by the end of 2031.",True,,contract_management_failure,0.26792566828207554,delay_time_overrun,0.13343995809555054,contract_management_failure,0.5,content_preferred,2022-10
The Observer,https://observer.ug/news/uganda-s-buyende-nuclear-power-plant-to-cost-shs-34-trillion/,2022-10-15,Uganda’s ‘Buyende nuclear power plant’ to cost Shs 34 trillion,Uganda has held plans to include nuclear or atomic energy as part of the energy mix since the early 2000s.,True,,contract_management_failure,0.25118402382145694,delay_time_overrun,0.12559178471565247,contract_management_failure,0.5,content_preferred,2022-10
The Observer,https://observer.ug/news/uganda-s-buyende-nuclear-power-plant-to-cost-shs-34-trillion/,2022-10-15,Uganda’s ‘Buyende nuclear power plant’ to cost Shs 34 trillion,"In 2008, parliament passed the atomic energy law for the safe application of nuclear after the Energy Policy 2002 which provides for the application of both renewable and nonrenewable energy resources.",True,,contract_management_failure,0.25804528059826504,governance_oversight_failure,0.09590816497802734,contract_management_failure,0.5,content_preferred,2022-10
The Observer,https://observer.ug/news/uganda-s-buyende-nuclear-power-plant-to-cost-shs-34-trillion/,2022-10-15,Uganda’s ‘Buyende nuclear power plant’ to cost Shs 34 trillion,"Batebe said that apart from doing extensive feasibility studies that determined the viability of Uganda’s nuclear power program, the government has gone ahead to identify potential sites and Buyende, a district on the shores of Lake Victoria in eastern Uganda has emerged as the preferred site because of its terrain, combined with its strong bedrock which is suitable for nuclear power plants.",True,,procurement_irregularity,0.3830554650257764,land_row_dispute,0.15215572714805603,procurement_irregularity,0.5,content_preferred,2022-10
The Observer,https://observer.ug/news/uganda-s-buyende-nuclear-power-plant-to-cost-shs-34-trillion/,2022-10-15,Uganda’s ‘Buyende nuclear power plant’ to cost Shs 34 trillion,"She was addressing the just concluded Mineral Wealth conference in Kampala about opportunities in Uganda’s uranium deposits for nuclear fuels. “From our feasibility study, we determined that initially, we can bring on board about 2000mw of nuclear power by 2031.",True,,governance_oversight_failure,0.3492933766628897,delay_time_overrun,0.11387631297111511,governance_oversight_failure,0.5,content_preferred,2022-10
The Observer,https://observer.ug/news/uganda-s-buyende-nuclear-power-plant-to-cost-shs-34-trillion/,2022-10-15,Uganda’s ‘Buyende nuclear power plant’ to cost Shs 34 trillion,"Where you sit, you might think that this is ambitious but working with the Atomic Energy Agency we’re still on course for that target,” said Batebe.",True,,delay_time_overrun,0.33529449421673796,delay_time_overrun,0.1558430790901184,delay_time_overrun,0.6227843933267141,agree,2022-10
The Observer,https://observer.ug/news/uganda-s-buyende-nuclear-power-plant-to-cost-shs-34-trillion/,2022-10-15,Uganda’s ‘Buyende nuclear power plant’ to cost Shs 34 trillion,"Other sites that had been considered were located in Nakasongola, Kiruhura, Lamwo, Sembabule and Kasanda districts.",True,,land_row_dispute,0.19826694792663183,land_row_dispute,0.11952552199363708,land_row_dispute,0.5794481174800672,agree,2022-10
The Observer,https://observer.ug/news/uganda-s-buyende-nuclear-power-plant-to-cost-shs-34-trillion/,2022-10-15,Uganda’s ‘Buyende nuclear power plant’ to cost Shs 34 trillion,"Uganda also has vast uranium deposits in the districts of Arua, Packwach, Agago Acholi, Masindi, Hoima, Mbarara and Kabarole.",True,,land_row_dispute,0.2712117397115952,land_row_dispute,0.06401790678501129,land_row_dispute,0.5838074116241516,agree,2022-10
The Observer,https://observer.ug/news/uganda-s-buyende-nuclear-power-plant-to-cost-shs-34-trillion/,2022-10-15,Uganda’s ‘Buyende nuclear power plant’ to cost Shs 34 trillion,"But according to Betebe, nuclear power plants traditionally need huge water resources in their operations because the process known as fission heavily depends on the availability of water which is heated to produce steam for power generators that spin turbines to produce electricity.",True,,procurement_irregularity,0.1700041383353378,governance_oversight_failure,0.013468916527926922,procurement_irregularity,0.5,content_preferred,2022-10
The Observer,https://observer.ug/news/uganda-s-buyende-nuclear-power-plant-to-cost-shs-34-trillion/,2022-10-15,Uganda’s ‘Buyende nuclear power plant’ to cost Shs 34 trillion,Studies in countries with established nuclear plants indicate that a large power plant similar to what Uganda plans to put up can consume over one billion gallons of water per day.,True,,procurement_irregularity,0.283333157530095,land_row_dispute,0.028998522087931633,procurement_irregularity,0.5,content_preferred,2022-10
The Observer,https://observer.ug/news/uganda-s-buyende-nuclear-power-plant-to-cost-shs-34-trillion/,2022-10-15,Uganda’s ‘Buyende nuclear power plant’ to cost Shs 34 trillion,"So far, only South Africa has a running nuclear plant on the African continent.",True,,governance_oversight_failure,0.20236530700522926,delay_time_overrun,0.11215660721063614,governance_oversight_failure,0.5,content_preferred,2022-10
The Observer,https://observer.ug/news/uganda-s-buyende-nuclear-power-plant-to-cost-shs-34-trillion/,2022-10-15,Uganda’s ‘Buyende nuclear power plant’ to cost Shs 34 trillion,Uganda’s Vision 2040 identifies nuclear energy as an option for meeting the energy deficit.,True,,contract_management_failure,0.24770425707742597,delay_time_overrun,0.11648323386907578,contract_management_failure,0.5,content_preferred,2022-10
The Observer,https://observer.ug/news/uganda-s-buyende-nuclear-power-plant-to-cost-shs-34-trillion/,2022-10-15,Uganda’s ‘Buyende nuclear power plant’ to cost Shs 34 trillion,"Nuclear energy is supposed to be used to power the stalled Standard Gauge Railway (SGR), new cities, and industries and some will be exported to neighbouring countries.",True,,quality_technical_defect,0.11034160602665737,delay_time_overrun,0.06674496829509735,quality_technical_defect,0.5,content_preferred,2022-10
The Observer,https://observer.ug/news/uganda-s-buyende-nuclear-power-plant-to-cost-shs-34-trillion/,2022-10-15,Uganda’s ‘Buyende nuclear power plant’ to cost Shs 34 trillion,"Apart from establishing a nuclear unit in the ministry of Energy, a critical number of Ugandans have been or are being trained as part of the preparation.",True,,contract_management_failure,0.13771300103153114,governance_oversight_failure,0.1389007270336151,contract_management_failure,0.5,content_preferred,2022-10
The Observer,https://observer.ug/news/uganda-s-buyende-nuclear-power-plant-to-cost-shs-34-trillion/,2022-10-15,Uganda’s ‘Buyende nuclear power plant’ to cost Shs 34 trillion,Sources have indicated to URN that there are about 22 highly trained Ugandans in atomic energy development.,True,,contract_management_failure,0.2318960416101767,governance_oversight_failure,0.06516534090042114,contract_management_failure,0.5,content_preferred,2022-10
The Observer,https://observer.ug/news/uganda-s-buyende-nuclear-power-plant-to-cost-shs-34-trillion/,2022-10-15,Uganda’s ‘Buyende nuclear power plant’ to cost Shs 34 trillion,"Similarly, a team of experts from the International Atomic Energy Agency (IAEA) was in Uganda in mid-May as part of the preparatory work for the construction of nuclear reactors.",True,,contract_management_failure,0.21582171560697966,delay_time_overrun,0.13941693305969238,contract_management_failure,0.5,content_preferred,2022-10
The Observer,https://observer.ug/news/uganda-s-buyende-nuclear-power-plant-to-cost-shs-34-trillion/,2022-10-15,Uganda’s ‘Buyende nuclear power plant’ to cost Shs 34 trillion,"The team led by IAEA’s director of the Division of Nuclear Power for Africa Aline Des Cloizeaux, accompanied by Mikhail Chudakov, the deputy director general and head of the department of nuclear energy, and the mission team leader Mehmet Ceyhan held a meeting with President Yoweri Museveni. “As Uganda prepares to introduce nuclear energy to meet growing electricity demand, it is important the government continues to support further development of the infrastructure needed for a safe, secure, and peaceful nuclear power program,” Mehmet said.",True,,contract_management_failure,0.26826028758822834,governance_oversight_failure,0.11779647320508957,contract_management_failure,0.5,content_preferred,2022-10
The Observer,https://observer.ug/news/uganda-s-buyende-nuclear-power-plant-to-cost-shs-34-trillion/,2022-10-15,Uganda’s ‘Buyende nuclear power plant’ to cost Shs 34 trillion,"Because of the huge cost of putting up such a mega power plant, Uganda is courting China, Russia, and the USA for possible technology transfer and investors in atomic energy.",True,,contract_management_failure,0.35815902504188385,land_row_dispute,0.20990005135536194,contract_management_failure,0.5,content_preferred,2022-10
The Observer,https://observer.ug/news/uganda-s-buyende-nuclear-power-plant-to-cost-shs-34-trillion/,2022-10-15,Uganda’s ‘Buyende nuclear power plant’ to cost Shs 34 trillion,Some studies have indicated that Uganda needs to invest over Shs 740 trillion to have the nuclear reactors up and running.,True,,land_row_dispute,0.26940184680081336,governance_oversight_failure,0.11432047188282013,land_row_dispute,0.5,content_preferred,2022-10
The Observer,https://observer.ug/news/uganda-s-buyende-nuclear-power-plant-to-cost-shs-34-trillion/,2022-10-15,Uganda’s ‘Buyende nuclear power plant’ to cost Shs 34 trillion,This cost excludes operational costs. “We are working with these governments to be able to identify our best partner to raise the necessary capital.,True,,land_row_dispute,0.19767237746021307,payment_financial_dispute,0.24442023038864136,land_row_dispute,0.5,content_preferred,2022-10
The Observer,https://observer.ug/news/uganda-s-buyende-nuclear-power-plant-to-cost-shs-34-trillion/,2022-10-15,Uganda’s ‘Buyende nuclear power plant’ to cost Shs 34 trillion,"Whether bilateral or through another arrangement,” Batebe said adding that the authorities are considering a phased approach in construction which will cover the first phase of 1000mw.",True,,delay_time_overrun,0.3609033399014221,delay_time_overrun,0.221109539270401,delay_time_overrun,0.6455032197929558,agree,2022-10
The Observer,https://observer.ug/news/uganda-s-buyende-nuclear-power-plant-to-cost-shs-34-trillion/,2022-10-15,Uganda’s ‘Buyende nuclear power plant’ to cost Shs 34 trillion,"Under the plan, two units of base case scenario with an installed capacity of 2000mw will be commissioned by 2031.",True,,land_row_dispute,0.3442716561566127,quality_technical_defect,0.19511204957962036,land_row_dispute,0.5,content_preferred,2022-10
The Observer,https://observer.ug/news/uganda-s-buyende-nuclear-power-plant-to-cost-shs-34-trillion/,2022-10-15,Uganda’s ‘Buyende nuclear power plant’ to cost Shs 34 trillion,The World Nuclear Association (WNA) in 2009 said the average construction time for reactors worldwide was between 5 and 8.5 years.,True,,delay_time_overrun,0.3862296082924,delay_time_overrun,0.2614900469779968,delay_time_overrun,0.6619299138175992,agree,2022-10
The Observer,https://observer.ug/news/uganda-s-buyende-nuclear-power-plant-to-cost-shs-34-trillion/,2022-10-15,Uganda’s ‘Buyende nuclear power plant’ to cost Shs 34 trillion,It’s not clear whether Uganda will meet the 2031 deadline.,True,,contract_management_failure,0.309664376920435,delay_time_overrun,0.30753448605537415,contract_management_failure,0.5,content_preferred,2022-10
The Observer,https://observer.ug/news/uganda-s-buyende-nuclear-power-plant-to-cost-shs-34-trillion/,2022-10-15,Uganda’s ‘Buyende nuclear power plant’ to cost Shs 34 trillion,The World Nuclear Industry Status Report (WNISR) 2009 equally said the cost of generating nuclear energy was between $112 and $189 per MWh.,True,,delay_time_overrun,0.3127954740068945,procurement_irregularity,0.0694194883108139,delay_time_overrun,0.5,content_preferred,2022-10
The Observer,https://observer.ug/news/uganda-s-buyende-nuclear-power-plant-to-cost-shs-34-trillion/,2022-10-15,Uganda’s ‘Buyende nuclear power plant’ to cost Shs 34 trillion,"While Uganda’s determination towards nuclear or atomic seems irreversible, there is a global debate on whether atomic energy or nuclear should be part of the energy transition technologies.",True,contract_management_failure,contract_management_failure,0.27133969371327477,governance_oversight_failure,0.10330227762460709,contract_management_failure,0.5,content_preferred,2022-10
The Observer,https://observer.ug/news/uganda-s-buyende-nuclear-power-plant-to-cost-shs-34-trillion/,2022-10-15,Uganda’s ‘Buyende nuclear power plant’ to cost Shs 34 trillion,Others have asked whether nuclear is the most suitable and cost-effective technology for countries like Uganda that aimed to expand energy access to resolve the so-called energy poverty.,True,,contract_management_failure,0.16289206808153678,governance_oversight_failure,0.05926513671875,contract_management_failure,0.5,content_preferred,2022-10
The Observer,https://observer.ug/news/uganda-s-buyende-nuclear-power-plant-to-cost-shs-34-trillion/,2022-10-15,Uganda’s ‘Buyende nuclear power plant’ to cost Shs 34 trillion,"Ugandan energy scientist and Kyambogo University lecturer Dr Justus Masa said while he supports the politics around building nuclear power plants, he’s of the view that Uganda should have invested in solar energy instead which is much cheaper compared to nuclear. “Germany has installed solar capacity of 50,000mw.",True,,contract_management_failure,0.31991647817808067,payment_financial_dispute,0.040485791862010956,contract_management_failure,0.5,content_preferred,2022-10
The Observer,https://observer.ug/news/uganda-s-buyende-nuclear-power-plant-to-cost-shs-34-trillion/,2022-10-15,Uganda’s ‘Buyende nuclear power plant’ to cost Shs 34 trillion,It has only about six months of sunshine a year.,True,,quality_technical_defect,0.22639317688154106,delay_time_overrun,0.10268574208021164,quality_technical_defect,0.5,content_preferred,2022-10
The Observer,https://observer.ug/news/uganda-s-buyende-nuclear-power-plant-to-cost-shs-34-trillion/,2022-10-15,Uganda’s ‘Buyende nuclear power plant’ to cost Shs 34 trillion,"During the summer, they can go 100 per cent renewable.",True,,land_row_dispute,0.1557479568043239,payment_financial_dispute,0.07388796657323837,land_row_dispute,0.5,content_preferred,2022-10
The Observer,https://observer.ug/news/uganda-s-buyende-nuclear-power-plant-to-cost-shs-34-trillion/,2022-10-15,Uganda’s ‘Buyende nuclear power plant’ to cost Shs 34 trillion,Looking at the price of solar energy.,True,,contract_management_failure,0.2209120835192795,payment_financial_dispute,0.11970043182373047,contract_management_failure,0.5,content_preferred,2022-10
The Observer,https://observer.ug/news/uganda-s-buyende-nuclear-power-plant-to-cost-shs-34-trillion/,2022-10-15,Uganda’s ‘Buyende nuclear power plant’ to cost Shs 34 trillion,I see that solar has enormous potential for us in Africa.,True,,procurement_irregularity,0.1966717663468017,delay_time_overrun,0.06768864393234253,procurement_irregularity,0.5,content_preferred,2022-10
The Observer,https://observer.ug/news/uganda-s-buyende-nuclear-power-plant-to-cost-shs-34-trillion/,2022-10-15,Uganda’s ‘Buyende nuclear power plant’ to cost Shs 34 trillion,"I could see that solar is cheaper than nuclear,” observed Masa, also a senior staff scientist with the Germany-based Max Plank Institute for Chemical Energy According to Masa, rather than pushing for bigger energy projects when the country has excess power at peak, Uganda should instead build the capacity of Ugandans to consume the energy and make it affordable. “…Why would you generate more energy when you can’t consume it?",True,,contract_management_failure,0.34118068973968285,governance_oversight_failure,0.053183045238256454,contract_management_failure,0.5,content_preferred,2022-10
The Observer,https://observer.ug/news/uganda-s-buyende-nuclear-power-plant-to-cost-shs-34-trillion/,2022-10-15,Uganda’s ‘Buyende nuclear power plant’ to cost Shs 34 trillion,"I think for me that is a dysfunctional market,” Masa said.",True,,land_row_dispute,0.33297462170143555,contract_management_failure,0.225479394197464,land_row_dispute,0.5,content_preferred,2022-10
The Observer,https://observer.ug/news/uganda-s-buyende-nuclear-power-plant-to-cost-shs-34-trillion/,2022-10-15,Uganda’s ‘Buyende nuclear power plant’ to cost Shs 34 trillion,The founder and global executive director Minerals Africa Development Institution (MADI) Frank Dixon Mugyenyi agrees with Masa that Uganda needs to tap into the low-hanging fruits in form of solar and geothermal.,True,,land_row_dispute,0.2617756210363348,land_row_dispute,0.08206871896982193,land_row_dispute,0.5859610850015392,agree,2022-10
The Observer,https://observer.ug/news/uganda-s-buyende-nuclear-power-plant-to-cost-shs-34-trillion/,2022-10-15,Uganda’s ‘Buyende nuclear power plant’ to cost Shs 34 trillion,"He is however of the view that in the long term, nuclear should be part of the broader plan. “When you look at Ukraine, as of 2021, 55.5 per cent of its electricity was produced by nuclear.",True,,quality_technical_defect,0.07550693227644083,governance_oversight_failure,0.048195771872997284,quality_technical_defect,0.5,content_preferred,2022-10
The Observer,https://observer.ug/news/uganda-s-buyende-nuclear-power-plant-to-cost-shs-34-trillion/,2022-10-15,Uganda’s ‘Buyende nuclear power plant’ to cost Shs 34 trillion,They have four nuclear plants.,True,,land_row_dispute,0.14114805892460972,delay_time_overrun,0.09504863619804382,land_row_dispute,0.5,content_preferred,2022-10
The Observer,https://observer.ug/news/uganda-s-buyende-nuclear-power-plant-to-cost-shs-34-trillion/,2022-10-15,Uganda’s ‘Buyende nuclear power plant’ to cost Shs 34 trillion,"I don’t see why we should shy away because of the sensitivities of nuclear,” argued Mugyenyi.",True,,land_row_dispute,0.25055296572461483,delay_time_overrun,0.09006738662719727,land_row_dispute,0.5,content_preferred,2022-10
The Observer,https://observer.ug/news/uganda-s-buyende-nuclear-power-plant-to-cost-shs-34-trillion/,2022-10-15,Uganda’s ‘Buyende nuclear power plant’ to cost Shs 34 trillion,Mugyenyi is also the former coordinator of the Africa Minerals Development Centre (AMDC) a specialized agency of the African Union responsible for the implementation of the Africa Mining Vision (AMV). inarticle} inarticle},True,,procurement_irregularity,0.3924949899511616,governance_oversight_failure,0.1272289752960205,procurement_irregularity,0.5,content_preferred,2022-10
The Observer,https://observer.ug/business/potential-investment-areas-during-period-of-inflation/,2022-04-05,Potential investment areas during period of inflation,"If the lady who asked me keeps her Shs 40m kitty in the bank waiting for the right time to start her construction project, the money will most likely lose value.",True,,land_row_dispute,0.3908802316265928,payment_financial_dispute,0.24828681349754333,land_row_dispute,0.5,content_preferred,2022-04
The Observer,https://observer.ug/news/mps-query-exclusive-coffee-deal-between-gov-t-and-lubowa-hospital-investor/,2022-04-13,MPs query exclusive coffee deal between gov’t and Lubowa hospital investor,"Pinetti, is the woman behind the stalled Lubowa hospital project.",True,,land_row_dispute,0.3479826160501397,delay_time_overrun,0.18714357912540436,land_row_dispute,0.5,content_preferred,2022-04
The Observer,https://observer.ug/news/mps-query-exclusive-coffee-deal-between-gov-t-and-lubowa-hospital-investor/,2022-04-13,MPs query exclusive coffee deal between gov’t and Lubowa hospital investor,The same investor received promissory notes to a tune of $379.7m for the construction of the stalled Lubowa hospital and has now reportedly received half of the additional Shs 667.8bn for the coffee project.,True,,procurement_irregularity,0.34820847408933886,payment_financial_dispute,0.2511165738105774,procurement_irregularity,0.5,content_preferred,2022-04
The Observer,https://observer.ug/news/mps-query-exclusive-coffee-deal-between-gov-t-and-lubowa-hospital-investor/,2022-04-13,MPs query exclusive coffee deal between gov’t and Lubowa hospital investor,"Bwanika also highlighted provisions that are going to provide the company money to build its infrastructure yet it is going to pay zero tax to the country. “This document has provisions that are going to provide for this company money that is going to build the infrastructure for this company for water, for roads yet this company is going to pay zero tax to the people of Uganda.",True,,land_row_dispute,0.29739481605909474,payment_financial_dispute,0.20210015773773193,land_row_dispute,0.5,content_preferred,2022-04
The Observer,https://observer.ug/news/mps-query-exclusive-coffee-deal-between-gov-t-and-lubowa-hospital-investor/,2022-04-13,MPs query exclusive coffee deal between gov’t and Lubowa hospital investor,It has been very difficult Rt Hon speaker for even this parliament supervise works going on at Lubowa.,True,,contract_management_failure,0.30235659094435596,governance_oversight_failure,0.17751173675060272,contract_management_failure,0.5,content_preferred,2022-04
The Observer,https://observer.ug/news/mps-query-exclusive-coffee-deal-between-gov-t-and-lubowa-hospital-investor/,2022-04-13,MPs query exclusive coffee deal between gov’t and Lubowa hospital investor,"Mathias Mpuuga, the Leader of Opposition said that the ministry of Finance should be asked to surrender all documents in their possession regarding the coffee project.",True,,delay_time_overrun,0.3161997298235223,land_row_dispute,0.2109053134918213,delay_time_overrun,0.5,content_preferred,2022-04
The Observer,https://observer.ug/news/geneva-chapter-raises-china-on-blocking-un-move-to-designate-global-terrorists/,2022-11-25,Geneva Chapter raises China on blocking UN move to designate global terrorists,The panellists stressed the role of international criminal justice and cooperation between states in the rehabilitation of victims of terrorism.,True,,land_row_dispute,0.2665001589769063,governance_oversight_failure,0.18228018283843994,land_row_dispute,0.5,content_preferred,2022-11
The Observer,https://observer.ug/news/geneva-chapter-raises-china-on-blocking-un-move-to-designate-global-terrorists/,2022-11-25,Geneva Chapter raises China on blocking UN move to designate global terrorists,"The panel of speakers included -Pratik Dattani, Director of Bridge India Foundation, London; Prof K Warikoo, Secretary general, Himalayan Research and Cultural Foundation, Delhi; Stephane Michot, President of IDEAL International, Paris; Priyajit Debsarkar, Author and geo political analyst, London and Fazul Rahman Afridi, Human rights defender, Khyber Institute France.",True,,governance_oversight_failure,0.16806493528158825,land_row_dispute,0.17444878816604614,governance_oversight_failure,0.5,content_preferred,2022-11
The Observer,https://observer.ug/news/geneva-chapter-raises-china-on-blocking-un-move-to-designate-global-terrorists/,2022-11-25,Geneva Chapter raises China on blocking UN move to designate global terrorists,Participants also raised the idea of the need for the creation of a UN voluntary fund for the rehabilitation of victims.,True,,land_row_dispute,0.26933813654738,land_row_dispute,0.2022184282541275,land_row_dispute,0.6178891412003769,agree,2022-11
The Observer,https://observer.ug/news/how-sembuya-built-sembule-from-a-small-hardware-shop/,2022-01-26,How Sembuya built Sembule from a small hardware shop,They bought a small piece of land measuring about half an acre for their residential but quickly turned it into a nail-making factory.,True,,land_row_dispute,0.23877888851129248,land_row_dispute,0.24521678686141968,land_row_dispute,0.620998918843178,agree,2022-01
The Observer,https://observer.ug/news/how-sembuya-built-sembule-from-a-small-hardware-shop/,2022-01-26,How Sembuya built Sembule from a small hardware shop,FOCUS For a low-profile Ugandan man from Kikwayi with no university education to dream of setting up a steel plant in the 1970s in an uncertain economy required audacity of a very high order.,True,,governance_oversight_failure,0.22663218513817307,delay_time_overrun,0.06353882700204849,governance_oversight_failure,0.5,content_preferred,2022-01
The Observer,https://observer.ug/news/how-sembuya-built-sembule-from-a-small-hardware-shop/,2022-01-26,How Sembuya built Sembule from a small hardware shop,Other early notable financing for expansion was in 1977 when they applied for Shs 5m but got only Shs 2m extended in September 1978 for completion of building at 12 per cent per annum.,True,,land_row_dispute,0.20176696463169644,delay_time_overrun,0.2785577178001404,land_row_dispute,0.5,content_preferred,2022-01
The Observer,https://observer.ug/news/how-sembuya-built-sembule-from-a-small-hardware-shop/,2022-01-26,How Sembuya built Sembule from a small hardware shop,"They had earlier on July, 1967 applied for Wire Nail manufacturing plant temporary permission to Mengo Municipality Council following approval from the ministry of Commerce and Industries in the same year.",True,,quality_technical_defect,0.00473789094834158,procurement_irregularity,0.2202233374118805,procurement_irregularity,0.5,semantic_override,2022-01
The Observer,https://observer.ug/news/how-sembuya-built-sembule-from-a-small-hardware-shop/,2022-01-26,How Sembuya built Sembule from a small hardware shop,"They also set up the first bulb plant and after extensive investment and expansion of production lines, they were now the region’s largest consumer electronics company.",True,,land_row_dispute,0.22510211168837904,quality_technical_defect,0.12155140191316605,land_row_dispute,0.5,content_preferred,2022-01
The Observer,https://observer.ug/news/how-sembuya-built-sembule-from-a-small-hardware-shop/,2022-01-26,How Sembuya built Sembule from a small hardware shop,John Ken Lukyamuzi: The former MP grew up at the Sembule premises and his first job was a night watchman at the factory.,True,,land_row_dispute,0.17240655309930958,governance_oversight_failure,0.08571835607290268,land_row_dispute,0.5,content_preferred,2022-01
The Observer,https://observer.ug/news/sejusa-kayihura-army-retirement-postponed/,2022-07-16,"Sejusa, Kayihura army retirement postponed",Sejusa fell out with the government he fought to bring in power after his dossier about the ‘Muhoozi Project’ in 2013 revealed that Museveni was preparing grounds for his son Muhoozi Kainerugaba to take over him through the purging of the old army guard especially the officers opposed to the move.,True,,land_row_dispute,0.40697748854273874,governance_oversight_failure,0.22088387608528137,land_row_dispute,0.5,content_preferred,2022-07
The Observer,https://observer.ug/news/sejusa-kayihura-army-retirement-postponed/,2022-07-16,"Sejusa, Kayihura army retirement postponed","According to Sejusa, Kayihura and then Internal Affairs minister Gen Aronda Nyakairima (who would later die mysteriously on a plane enroute to Korea) were among the senior officers opposed to the Muhoozi Project.",True,,land_row_dispute,0.16310238302549962,governance_oversight_failure,0.20579077303409576,land_row_dispute,0.5,content_preferred,2022-07
The Observer,https://observer.ug/news/sejusa-kayihura-army-retirement-postponed/,2022-07-16,"Sejusa, Kayihura army retirement postponed","Although the state vehemently denied the existence of the ‘Muhoozi Project’ and reacted angrily by closing down Daily Monitor newspaper offices for publishing the dossier, first son Muhoozi has for the past months expressed his desire to become president embarked on campaign and self promotion activities across the country.",True,,procurement_irregularity,0.2406686360701037,land_row_dispute,0.1305738240480423,procurement_irregularity,0.5,content_preferred,2022-07
The Observer,https://observer.ug/news/pictorial-jacob-oulanyah-s-body-returned-to-uganda/,2022-04-01,Pictorial: Jacob Oulanyah’s body returned to Uganda,"Oulanyah’s body was received by vice president Jessica Alupo, speaker of parliament Anita Among, chief justice Alfonse Owiny-Dollo among other government officials at Entebbe airport.",True,,procurement_irregularity,0.2646861432948239,procurement_irregularity,0.05772566795349121,procurement_irregularity,0.5806029528120787,agree,2022-04
The Observer,https://observer.ug/news/malawi-blocks-plans-to-export-2000-unemployed-nurses-to-us-saudi-arabia/,2022-08-05,"Malawi blocks plans to ‘export’ 2000 unemployed nurses to US, Saudi Arabia","The plan is to send 1,000 each year for a five-year project.",True,,land_row_dispute,0.31949080850561024,delay_time_overrun,0.21746453642845154,land_row_dispute,0.5,content_preferred,2022-08
The Observer,https://observer.ug/news/malawi-blocks-plans-to-export-2000-unemployed-nurses-to-us-saudi-arabia/,2022-08-05,"Malawi blocks plans to ‘export’ 2000 unemployed nurses to US, Saudi Arabia","But he said there was a delay because they were waiting for guidelines from various ministries including Health, Foreign Affairs and Labour on how to move forward. “The team that we are sending out are our members, our members,” Simeza said. “They are not employed by a government ministry.",True,delay_time_overrun,delay_time_overrun,0.33530519557156596,delay_time_overrun,0.3131067156791687,delay_time_overrun,0.6621029778126837,agree,2022-08
The Observer,https://observer.ug/news/poison-general-buys-antidote-tablets/,2022-04-20,POISON: General buys antidote tablets,Nambooze said she had mobilized residents in Kitega village in Mukono district to reject any forceful eviction from their land because she (Nambooze) and members of the community believed the magistrate had erred in giving Seiko an eviction order that emboldened him to raze people’s homes and schools.,True,land_row_dispute,land_row_dispute,0.38087298231622796,land_row_dispute,0.21512746810913086,land_row_dispute,0.6490001126063397,agree,2022-04
The Observer,https://observer.ug/business/kawooya-ugandan-ceo-ready-to-champion-digital-financial-inclusion-in-africa/,2022-03-10,Kawooya: Ugandan CEO ready to champion digital financial inclusion in Africa,"It is why HiPipo’s major partner and supporter today is the Gates Foundation, and we are recognised proponents of The Level One Project.",True,,delay_time_overrun,0.394682250505482,governance_oversight_failure,0.15587078034877777,delay_time_overrun,0.5,content_preferred,2022-03
The Observer,https://observer.ug/business/kawooya-ugandan-ceo-ready-to-champion-digital-financial-inclusion-in-africa/,2022-03-10,Kawooya: Ugandan CEO ready to champion digital financial inclusion in Africa,"So, even though HiPipo and I have enjoyed tremendous success, I am never blind to the fact that what others and I do in the space is many times just a month’s rent away from being abandoned.",True,,land_row_dispute,0.24682249507020484,delay_time_overrun,0.15386426448822021,land_row_dispute,0.5,content_preferred,2022-03
The Observer,https://observer.ug/business/kawooya-ugandan-ceo-ready-to-champion-digital-financial-inclusion-in-africa/,2022-03-10,Kawooya: Ugandan CEO ready to champion digital financial inclusion in Africa,"Also, there’s the need to ensure that continentally we come together to leverage tested frameworks and rails, think the Level One Project Principles for example, so that we can build regional payment hubs and switches that will help in eventually cutting costs, thereby heralding the creation of affordable digital financial services that are usable by everyone on the continent.",True,,land_row_dispute,0.24041290160678555,delay_time_overrun,0.14551109075546265,land_row_dispute,0.5,content_preferred,2022-03
The Observer,https://observer.ug/business/kawooya-ugandan-ceo-ready-to-champion-digital-financial-inclusion-in-africa/,2022-03-10,Kawooya: Ugandan CEO ready to champion digital financial inclusion in Africa,"Think of The Level One Project, for example: it is facilitating the creation of vast amounts of material and data which can be invaluable to innovators and creators.",True,,delay_time_overrun,0.394682250505482,delay_time_overrun,0.1374811828136444,delay_time_overrun,0.6330408583297816,agree,2022-03
The Observer,https://observer.ug/business/kawooya-ugandan-ceo-ready-to-champion-digital-financial-inclusion-in-africa/,2022-03-10,Kawooya: Ugandan CEO ready to champion digital financial inclusion in Africa,We are operating from a far more favourable technological standpoint: the existence of frameworks like The Level One Project and Mojaloop ensure that building Instant & Inclusive payment switches and implementing things like cross-border interoperability are far easier to do than 10 or even 5 years ago.,True,,delay_time_overrun,0.29377949829774136,governance_oversight_failure,0.2097436785697937,delay_time_overrun,0.5,content_preferred,2022-03
The Observer,https://observer.ug/news/free-at-last-but-broken-after-523-days-in-jail/,2023-02-15,"Free at last, but broken after 523 days in jail","They challenged their rearrest and sought the enforcement of their human rights and compensation for the gross violations meted out to them, but lost the case to the state.",True,land_row_dispute,land_row_dispute,0.4427192344503995,land_row_dispute,0.39056551456451416,land_row_dispute,0.7083211872537284,agree,2023-02
The Observer,https://observer.ug/news/somali-security-end-5-hr-long-al-shabaab-siege-on-mogadishu-mayor-s-office/,2023-01-23,Somali security end 5-hr-long al-Shabaab siege on Mogadishu mayor’s office,Gure told VOA all the top local government officials with the exception of mayor Yusuf Hussein Jimale were on-site when the attack occurred.,True,,land_row_dispute,0.1849091976614806,governance_oversight_failure,0.15751853585243225,land_row_dispute,0.5,content_preferred,2023-01
The Observer,https://observer.ug/news/somali-security-end-5-hr-long-al-shabaab-siege-on-mogadishu-mayor-s-office/,2023-01-23,Somali security end 5-hr-long al-Shabaab siege on Mogadishu mayor’s office,The claim has not been independently verified.,True,,contract_management_failure,0.1442515976037642,procurement_irregularity,0.3342494070529938,contract_management_failure,0.5,content_preferred,2023-01
The Observer,https://observer.ug/news/rosewell-hospital-sued-for-detaining-newly-born-baby-over-medical-bills/,2023-08-25,Rosewell hospital sued for detaining newly born baby over medical bills,The couple accuse the hospital of detaining their baby as collateral due to unpaid childbirth bills.,True,,land_row_dispute,0.15219782508827034,payment_financial_dispute,0.2215975522994995,land_row_dispute,0.5,content_preferred,2023-08
The Observer,https://observer.ug/news/rosewell-hospital-sued-for-detaining-newly-born-baby-over-medical-bills/,2023-08-25,Rosewell hospital sued for detaining newly born baby over medical bills,"They claim that the hospital even threatened to sell their baby to Sanyu Baby’s Home, a care centre looking after mostly abandoned kids.",True,,contract_management_failure,0.1442515976037642,quality_technical_defect,0.16754156351089478,contract_management_failure,0.5,content_preferred,2023-08
The Observer,https://observer.ug/news/museveni-keeps-owiny-dollo-guessing-over-justice-kisaakye/,2023-03-29,Museveni keeps Owiny-Dollo guessing over Justice Kisaakye,"CONCERN ON CONSTITUTIONAL COURT DELAY Meanwhile, a source at the Constitutional court has also told The Observer that it will take a miracle to have Justice Kisaakye’s petition heard.",True,delay_time_overrun,delay_time_overrun,0.34452843030971897,delay_time_overrun,0.23117384314537048,delay_time_overrun,0.6439255683637723,agree,2023-03
The Observer,https://observer.ug/news/museveni-keeps-owiny-dollo-guessing-over-justice-kisaakye/,2023-03-29,Museveni keeps Owiny-Dollo guessing over Justice Kisaakye,"The source added that both parties agreed in January that the case would be cause-listed in March but it was not included and neither is it on the April list. “It is clear the [Constitutional court] justices do not want to handle it for obvious reasons but the main issue is that it hearing the case is likely to lay bare the embarrassing rot and intrigue in the operations of the Supreme court,” said the source. “It will take a brave justice to agree to be on the panel hearing that case due to the risk involved.” Indeed, some legal experts have expressed concern that the dispute could harm the reputation of the whole judiciary and erode its public trust.",True,,land_row_dispute,0.37237598088025126,contract_management_failure,0.36023110151290894,land_row_dispute,0.5,content_preferred,2023-03
The Observer,https://observer.ug/news/museveni-keeps-owiny-dollo-guessing-over-justice-kisaakye/,2023-03-29,Museveni keeps Owiny-Dollo guessing over Justice Kisaakye,WAY FORWARD President Museveni has so far ignored JSC’s recommendation but sources who preferred anonymity claim Attorney General Kiryowa Kiwanuka is pushing to have Dr Kisaakye removed.,True,,governance_oversight_failure,0.1595109606292776,delay_time_overrun,0.15104547142982483,governance_oversight_failure,0.5,content_preferred,2023-03
The Observer,https://observer.ug/business/common-cryptocurrency-scams-new-traders-should-watch-out-for/,2023-07-11,Common cryptocurrency scams new traders should watch out for,"So, when looking for an online casino, make sure you check out the reputation of the site, and always look for a license.",True,,land_row_dispute,0.2068556580447136,procurement_irregularity,0.10785181075334549,land_row_dispute,0.5,content_preferred,2023-07
The Observer,https://observer.ug/business/is-islamic-banking-the-next-gold-mine-for-uganda/,2023-02-12,Is Islamic banking the next gold mine for Uganda?,"Saudi Arabia has come up with an ambitious yet achievable plan called Saudi Vision 2030, introducing a futuristic $500 billion NEOM development project among them called “The Line,” showing how urban cities can look in the future with zero carbon emissions, which means no cars or roads.",True,,land_row_dispute,0.3924634280417425,delay_time_overrun,0.21364763379096985,land_row_dispute,0.5,content_preferred,2023-02
The Observer,https://observer.ug/business/is-islamic-banking-the-next-gold-mine-for-uganda/,2023-02-12,Is Islamic banking the next gold mine for Uganda?,"The aim is to reduce Saudi Arabia’s dependence on oil, diversify its economy, and develop public services such as education, infrastructure, health, tourism, communication, science, and technology.",True,,procurement_irregularity,0.34924050945702134,governance_oversight_failure,0.0618472695350647,procurement_irregularity,0.5,content_preferred,2023-02
The Observer,https://observer.ug/business/is-islamic-banking-the-next-gold-mine-for-uganda/,2023-02-12,Is Islamic banking the next gold mine for Uganda?,"Uganda can attract billions of dollars, including Shariah-compliant funds, to finance government-backed projects such as railways, oil pipelines, refineries, roads, domestic manufacturing, industrial parks like Namanve and others, vocational institutions, tourism, dams, mining, innovative agriculture, airport expansion, and interest-free loans (Qard Hassan).",True,,delay_time_overrun,0.3349820035682922,payment_financial_dispute,0.13842317461967468,delay_time_overrun,0.5,content_preferred,2023-02
The Observer,https://observer.ug/business/is-islamic-banking-the-next-gold-mine-for-uganda/,2023-02-12,Is Islamic banking the next gold mine for Uganda?,"Uganda has poor infrastructure, so there is a substantial need for project financing.",True,,procurement_irregularity,0.13584244390841652,governance_oversight_failure,0.19894567131996155,procurement_irregularity,0.5,content_preferred,2023-02
The Observer,https://observer.ug/business/shs-4-billion-electricity-project-goes-live/,2023-04-12,Shs 4 billion electricity project goes live,"This follows the installation and energising of a new transformer at power distributor Umeme’s substation in Port Bell, Luzira.",True,,land_row_dispute,0.015645892496745976,contract_management_failure,0.1111687645316124,land_row_dispute,0.5,content_preferred,2023-04
The Observer,https://observer.ug/business/shs-4-billion-electricity-project-goes-live/,2023-04-12,Shs 4 billion electricity project goes live,"The development means consumers such as the Uganda Prisons Service (Luzira Maximum Prison), Butabika Mental hospital, and businesses notably Cipla Quality Chemicals and Uganda Breweries as well as households served by the substation will experience fewer, if any, interruptions in supply. “The customers will experience an improvement in supply,” Job Watti, Umeme’s projects investment manager, said according to an April 10, 2023 press statement.",True,,delay_time_overrun,0.37119045275920165,governance_oversight_failure,0.18636101484298706,delay_time_overrun,0.5,content_preferred,2023-04
The Observer,https://observer.ug/business/shs-4-billion-electricity-project-goes-live/,2023-04-12,Shs 4 billion electricity project goes live,"He said before the upgrade, the smaller of the two transformers at the facility would disconnect as more power users turned on their electric appliances.",True,,delay_time_overrun,0.4727062627257566,contract_management_failure,0.1628173291683197,delay_time_overrun,0.5,content_preferred,2023-04
The Observer,https://observer.ug/business/shs-4-billion-electricity-project-goes-live/,2023-04-12,Shs 4 billion electricity project goes live,It did not help matters that in the past Port Bell substation was getting power from a facility that was already overloaded.,True,,delay_time_overrun,0.24189443059669455,contract_management_failure,0.2183469831943512,delay_time_overrun,0.5,content_preferred,2023-04
The Observer,https://observer.ug/business/shs-4-billion-electricity-project-goes-live/,2023-04-12,Shs 4 billion electricity project goes live,Watti said the substation will now be receiving power from either the Uganda Electricity Transmission Company Limited (UETCL) Luzira Industrial Park substation or the UETCL Lugogo substation.,True,,land_row_dispute,0.4021038094115283,payment_financial_dispute,0.07150544226169586,land_row_dispute,0.5,content_preferred,2023-04
The Observer,https://observer.ug/business/shs-4-billion-electricity-project-goes-live/,2023-04-12,Shs 4 billion electricity project goes live,"Should there be a fault on either – and leading to supply challenges, while engineers fix the fault – consumers would be supplied through the other.",True,,land_row_dispute,0.20982100870937787,quality_technical_defect,0.33653807640075684,land_row_dispute,0.5,content_preferred,2023-04
The Observer,https://observer.ug/business/shs-4-billion-electricity-project-goes-live/,2023-04-12,Shs 4 billion electricity project goes live,The utility has over the years been investing in upgrading transformers and conductors as well as replacing rotten wooden poles with fresh ones.,True,,delay_time_overrun,0.16722412393106115,quality_technical_defect,0.1289157271385193,delay_time_overrun,0.5,content_preferred,2023-04
The Observer,https://observer.ug/business/shs-4-billion-electricity-project-goes-live/,2023-04-12,Shs 4 billion electricity project goes live,"Among other substations lined up for an operational capacity boost is Mbale substation, which has one transformer serving a load of 92 per cent of its capacity.",True,,procurement_irregularity,0.3503610678536414,payment_financial_dispute,0.10294661670923233,procurement_irregularity,0.5,content_preferred,2023-04
The Observer,https://observer.ug/business/shs-4-billion-electricity-project-goes-live/,2023-04-12,Shs 4 billion electricity project goes live,"Best practice is that for a transformer to operate optimally, the load on it should not exceed 80 per cent its capacity.",True,,procurement_irregularity,0.3121887375098021,quality_technical_defect,0.08449140191078186,procurement_irregularity,0.5,content_preferred,2023-04
The Observer,https://observer.ug/business/shs-4-billion-electricity-project-goes-live/,2023-04-12,Shs 4 billion electricity project goes live,"The plan is to install a second transformer at the Mbale substation so that in case the first has to undergo routine maintenance, or fails, the load is switched to the second, thus sparing the customers the inconvenience of prolonged outages.",True,,land_row_dispute,0.26114336665935034,contract_management_failure,0.17748130857944489,land_row_dispute,0.5,content_preferred,2023-04
The Observer,https://observer.ug/business/shs-4-billion-electricity-project-goes-live/,2023-04-12,Shs 4 billion electricity project goes live,"In the case of the electricity supply industry, utilities seek the regulator’s authorisation to invest substantial amounts of cash in either new equipment or in upgrading the existing ones so that they stay ahead of growth in demand curve.",True,,land_row_dispute,0.13484658293074733,payment_financial_dispute,0.23058992624282837,land_row_dispute,0.5,content_preferred,2023-04
The Observer,https://observer.ug/business/shs-4-billion-electricity-project-goes-live/,2023-04-12,Shs 4 billion electricity project goes live,"Now that many developers have invested heavily in power generation projects, and in the process increasing Uganda’s installed power generation capacity to 1,400 megawatts, it is important to increase connections and provide reliable power.",True,,delay_time_overrun,0.41898469526201454,payment_financial_dispute,0.07163563370704651,delay_time_overrun,0.5,content_preferred,2023-04
The Observer,https://observer.ug/business/shs-4-billion-electricity-project-goes-live/,2023-04-12,Shs 4 billion electricity project goes live,"Umeme plans to connect an extra 240,000 prospects to the national electricity grid by the end of this year.",True,,contract_management_failure,0.2861236841751357,delay_time_overrun,0.12980088591575623,contract_management_failure,0.5,content_preferred,2023-04
The Observer,https://observer.ug/business/shs-4-billion-electricity-project-goes-live/,2023-04-12,Shs 4 billion electricity project goes live,"As of December 31, 2022, the company was serving 1,757,563 customers, according to the company’s audited financial statements for 2022. inarticle} inarticle}",True,,procurement_irregularity,0.2697746900940028,payment_financial_dispute,0.2367527037858963,procurement_irregularity,0.5,content_preferred,2023-04
The Observer,https://observer.ug/news/security-shoot-dead-3-suspected-adf-rebels-in-kiboga/,2023-07-02,Security shoot dead 3 suspected ADF rebels in Kiboga,The security agencies claim to have recovered a submachine gun (SMG) with serial number 48016669 at the Kiboga shooting scene.,True,,land_row_dispute,0.20923928462996422,governance_oversight_failure,0.11223798990249634,land_row_dispute,0.5,content_preferred,2023-07
The Observer,https://observer.ug/news/katanga-death-splits-big-shots/,2023-11-08,Katanga death splits big shots,"CONFLICTING THEORIES Theories regarding his death are rampant; some claim Molly pulled the trigger, while others whisper of suicide.",True,,land_row_dispute,0.1567458412307013,contract_management_failure,0.10391759127378464,land_row_dispute,0.5,content_preferred,2023-11
The Observer,https://observer.ug/news/katanga-death-splits-big-shots/,2023-11-08,Katanga death splits big shots,"Some sources claim that Molly, consumed by rage, drew a pistol and shot her husband in the head after a violent quarrel.",True,,contract_management_failure,0.1442515976037642,contract_management_failure,0.10096526890993118,contract_management_failure,0.5613042166284239,agree,2023-11
The Observer,https://observer.ug/news/katanga-death-splits-big-shots/,2023-11-08,Katanga death splits big shots,"But other relatives dispute this account, insisting that Henry assaulted Molly, leading to her unconsciousness.",True,,delay_time_overrun,0.2547211695015066,contract_management_failure,0.17396067082881927,delay_time_overrun,0.5,content_preferred,2023-11
The Observer,https://observer.ug/news/katanga-death-splits-big-shots/,2023-11-08,Katanga death splits big shots,"Both Henry and Molly have been running Merge Ltd, a procurement and supplies company, that is doing business with State House, SFC, ministries of Defence and Agriculture, Uganda Civil Aviation Authority, Uganda Revenue Authority (URA) and World Food Programme, among others.",True,procurement_irregularity,procurement_irregularity,0.24653253861841884,procurement_irregularity,0.164675772190094,procurement_irregularity,0.6028020777021282,agree,2023-11
The Observer,https://observer.ug/business/programmers-tipped-on-funding-partnership-marketing-skills/,2023-08-16,"Programmers tipped on funding partnership, marketing skills","This can lead to partnerships, funding opportunities, or further development to scale the solution, which in turn can have a lasting impact on financial inclusion and empowerment.” Mentorship sessions Osbert Osamai, head ICT advisory, research & strategy at Centenary Technology Services, was the morning mentor and presented on key skills for effective digital transformation, urging the teams to interest themselves in learning more support skills as these would complement their competences in products and solutions development. “Away from developing great solutions, you need project & product management, communication, decision-making and digital marketing skills.",True,,delay_time_overrun,0.23463901563626216,governance_oversight_failure,0.16453395783901215,delay_time_overrun,0.5,content_preferred,2023-08
The Observer,https://observer.ug/news/mps-ask-for-more-funding-to-police-canine-unit/,2023-03-29,MPs ask for more funding to police canine unit,The unit also gives support functions to the antinarcotics department by providing narcotics-detection dogs at Entebbe international airport and other border points and explosive-detection dogs to the Directorate of Counter Terrorism.,True,,governance_oversight_failure,0.227779558667871,quality_technical_defect,0.08903523534536362,governance_oversight_failure,0.5,content_preferred,2023-03
The Observer,https://observer.ug/news/there-s-no-such-thing-as-expired-course-vice-chancellors-forum/,2023-05-30,There’s no such thing as ‘expired course’ – Vice chancellors’ forum,"Although the NCHE approves the courses, courses belong to the universities which initiated them basing on their own capacities of infrastructure, personnel, ambiance and other factors.",True,,land_row_dispute,0.19062339267931064,quality_technical_defect,0.16170620918273926,land_row_dispute,0.5,content_preferred,2023-05
The Observer,https://observer.ug/news/expert-new-narcotics-bill-risks-exacerbating-drug-addiction-issue/,2023-09-06,Expert: new Narcotics bill risks exacerbating drug-addiction issue,"This approach involves providing comprehensive support to individuals grappling with drug dependence, including access to medical treatment, psycho-social support, rehabilitation services, and medication assisted treatment (MAT).",True,,land_row_dispute,0.3198663285142031,governance_oversight_failure,0.10569702088832855,land_row_dispute,0.5,content_preferred,2023-09
The Observer,https://observer.ug/news/expert-new-narcotics-bill-risks-exacerbating-drug-addiction-issue/,2023-09-06,Expert: new Narcotics bill risks exacerbating drug-addiction issue,"Recognizing drug addiction as a health issue, rather than solely a criminal one, is essential to fostering successful rehabilitation and recovery, with the invaluable support of family and relatives.",True,,land_row_dispute,0.2995976428340075,governance_oversight_failure,0.07086432725191116,land_row_dispute,0.5,content_preferred,2023-09
The Observer,https://observer.ug/news/expert-new-narcotics-bill-risks-exacerbating-drug-addiction-issue/,2023-09-06,Expert: new Narcotics bill risks exacerbating drug-addiction issue,"Additionally, there is a collective hope that the government will uphold the promises outlined in the recently passed bill, which includes investments in treatment and rehabilitation centers throughout the nation.",True,,land_row_dispute,0.23849522358462888,land_row_dispute,0.16476809978485107,land_row_dispute,0.60081583084237,agree,2023-09
The Observer,https://observer.ug/news/gunmen-kill-9-chinese-at-mine-in-central-african-republic/,2023-03-20,Gunmen kill 9 Chinese at mine in Central African Republic,"The assault on the Chimbolo gold mine began around 5 am when the gunmen overpowered the site’s guards and opened fire, said Abel Matipata, mayor of the nearby town of Bambari, located 25 kilometres (16 miles) away.",True,,land_row_dispute,0.36557642246113464,land_row_dispute,0.1295907348394394,land_row_dispute,0.6237917893251435,agree,2023-03
The Observer,https://observer.ug/news/gunmen-kill-9-chinese-at-mine-in-central-african-republic/,2023-03-20,Gunmen kill 9 Chinese at mine in Central African Republic,"The mining site’s launch had taken place just days earlier, he added.",True,,procurement_irregularity,0.3041389899800877,delay_time_overrun,0.21562477946281433,procurement_irregularity,0.5,content_preferred,2023-03
The Observer,https://observer.ug/news/gunmen-kill-9-chinese-at-mine-in-central-african-republic/,2023-03-20,Gunmen kill 9 Chinese at mine in Central African Republic,"There was no immediate claim of responsibility, but suspicion fell on the Coalition of Patriots for Change (CPC), which is active in the area and regularly launches attacks on the country’s armed forces.",True,,land_row_dispute,0.20237949167729183,governance_oversight_failure,0.2818269729614258,land_row_dispute,0.5,content_preferred,2023-03
The Observer,https://observer.ug/news/gunmen-kill-9-chinese-at-mine-in-central-african-republic/,2023-03-20,Gunmen kill 9 Chinese at mine in Central African Republic,"And in 2018, three Chinese citizens were killed by angry community members after a local leader died in a boating accident while accompanying Chinese miners to a site. inarticle} inarticle}",True,,procurement_irregularity,0.3611424316248536,land_row_dispute,0.2309434562921524,procurement_irregularity,0.5,content_preferred,2023-03
The Observer,https://observer.ug/news/protracted-land-dispute-in-mukono-leaves-security-in-a-spot-of-bother/,2023-08-16,Protracted land dispute in Mukono leaves security in a spot of bother,"The said Plot 9 on Block 494, Kyaggwe, measuring seven acres, is claimed by both Jackson Twinamasiko, a businessman in Mukono, and Maj Mark Wanyama, a senior UPDF officer.",True,,land_row_dispute,0.2878371441364319,land_row_dispute,0.2127789407968521,land_row_dispute,0.625154021233321,agree,2023-08
The Observer,https://observer.ug/news/protracted-land-dispute-in-mukono-leaves-security-in-a-spot-of-bother/,2023-08-16,Protracted land dispute in Mukono leaves security in a spot of bother,"For over three years now, the disagreement between the two has sparked outrage among island residents who feel that their rights to due process and the rule of law are being undermined.",True,,governance_oversight_failure,0.29083861750325135,land_row_dispute,0.38691288232803345,governance_oversight_failure,0.5,content_preferred,2023-08
The Observer,https://observer.ug/news/protracted-land-dispute-in-mukono-leaves-security-in-a-spot-of-bother/,2023-08-16,Protracted land dispute in Mukono leaves security in a spot of bother,"Besides, the businessman has lately claimed that his life is in danger.",True,,land_row_dispute,0.14114805892460972,contract_management_failure,0.1630662977695465,land_row_dispute,0.5,content_preferred,2023-08
The Observer,https://observer.ug/news/protracted-land-dispute-in-mukono-leaves-security-in-a-spot-of-bother/,2023-08-16,Protracted land dispute in Mukono leaves security in a spot of bother,"Twinamasiko sought legal intervention, resulting in a temporary injunction issued in November, 2019 to halt any activities related to the disputed land.",True,,delay_time_overrun,0.28877562871777135,land_row_dispute,0.34955841302871704,delay_time_overrun,0.5,content_preferred,2023-08
The Observer,https://observer.ug/news/protracted-land-dispute-in-mukono-leaves-security-in-a-spot-of-bother/,2023-08-16,Protracted land dispute in Mukono leaves security in a spot of bother,"The injunction, granted by Mukono High court, restrained Wanyama and his associates from engaging in any sale, alienation, transfer, subdivision, or interference with the contested land until the main case’s conclusion.",True,,land_row_dispute,0.335710912822347,contract_management_failure,0.3997494876384735,land_row_dispute,0.5,content_preferred,2023-08
The Observer,https://observer.ug/news/protracted-land-dispute-in-mukono-leaves-security-in-a-spot-of-bother/,2023-08-16,Protracted land dispute in Mukono leaves security in a spot of bother,"Despite this injunction, the landlord, Francis Tyaba, who is based in the USA, through Joyce Lutaaya, proceeded to sell the land to Wanyama, who forcefully occupied it by deploying armed military personnel to prevent Twinamasiko from utilizing it.",True,,land_row_dispute,0.2074448822652215,land_row_dispute,0.26836830377578735,land_row_dispute,0.6189532965102522,agree,2023-08
The Observer,https://observer.ug/news/protracted-land-dispute-in-mukono-leaves-security-in-a-spot-of-bother/,2023-08-16,Protracted land dispute in Mukono leaves security in a spot of bother,High court’s final decision on the main case is pending in November of this year.,True,,delay_time_overrun,0.29115963934762357,delay_time_overrun,0.2523159384727478,delay_time_overrun,0.6358688944550929,agree,2023-08
The Observer,https://observer.ug/news/protracted-land-dispute-in-mukono-leaves-security-in-a-spot-of-bother/,2023-08-16,Protracted land dispute in Mukono leaves security in a spot of bother,"HOW IT BEGAN After identifying the land in 2019, Twinamasiko dispatched emissaries who found out that the land in question was part of a larger chunk measuring 23.9 acres (9.7 hectares), of which 16 acres had already been sold to Wanyama, leaving seven acres available for purchase.",True,,land_row_dispute,0.27963286511692603,land_row_dispute,0.20205920934677124,land_row_dispute,0.6204230186159243,agree,2023-08
The Observer,https://observer.ug/news/protracted-land-dispute-in-mukono-leaves-security-in-a-spot-of-bother/,2023-08-16,Protracted land dispute in Mukono leaves security in a spot of bother,"To ensure that the land was free from any legal encumbrances and that the powers of attorney claimed by Joyce Lutaaya were legitimate, Twinamasiko conducted a search of the land’s ownership records at the ministry of Lands.",True,,land_row_dispute,0.3688976407049261,land_row_dispute,0.2207363247871399,land_row_dispute,0.6474084913730165,agree,2023-08
The Observer,https://observer.ug/news/protracted-land-dispute-in-mukono-leaves-security-in-a-spot-of-bother/,2023-08-16,Protracted land dispute in Mukono leaves security in a spot of bother,"Following his assessment of the land and its ownership, Twinamasiko selected Michael Higenyi to act as his attorney and oversee the transaction.",True,,land_row_dispute,0.2166162896149243,contract_management_failure,0.22657416760921478,land_row_dispute,0.5,content_preferred,2023-08
The Observer,https://observer.ug/news/protracted-land-dispute-in-mukono-leaves-security-in-a-spot-of-bother/,2023-08-16,Protracted land dispute in Mukono leaves security in a spot of bother,"After reaching an agreement with the landowners, he was required to make a commitment fee payment of Shs 20 million towards the total amount of Shs 70 million, which he did on November 6, 2019, through his dfcu bank account.",True,,land_row_dispute,0.37462835644677067,payment_financial_dispute,0.26311632990837097,land_row_dispute,0.5,content_preferred,2023-08
The Observer,https://observer.ug/news/protracted-land-dispute-in-mukono-leaves-security-in-a-spot-of-bother/,2023-08-16,Protracted land dispute in Mukono leaves security in a spot of bother,"The remaining balance of Shs 50 million was due before the end of the month, and Twinamasiko made the payment on November 20, 2019, to the Nono Boutique account, which belongs to Lutaaya in Standard Chartered bank.",True,,delay_time_overrun,0.35334787689268016,payment_financial_dispute,0.2856614589691162,delay_time_overrun,0.5,content_preferred,2023-08
The Observer,https://observer.ug/news/protracted-land-dispute-in-mukono-leaves-security-in-a-spot-of-bother/,2023-08-16,Protracted land dispute in Mukono leaves security in a spot of bother,His attorney was expected to draft a sale agreement with Lutaaya and the other sellers of the land at a later date.,True,,land_row_dispute,0.2152889425143748,contract_management_failure,0.3200685679912567,land_row_dispute,0.5,content_preferred,2023-08
The Observer,https://observer.ug/news/protracted-land-dispute-in-mukono-leaves-security-in-a-spot-of-bother/,2023-08-16,Protracted land dispute in Mukono leaves security in a spot of bother,"However, upon realizing that Twinamasiko had bought the remaining seven acres of land, records show that Wanyama colluded with Lutaaya to pay back Twinamasiko’s Shs 70 million plus an additional Shs 5 million per acre.",True,,land_row_dispute,0.3224532813137519,procurement_irregularity,0.21232038736343384,land_row_dispute,0.5,content_preferred,2023-08
The Observer,https://observer.ug/news/protracted-land-dispute-in-mukono-leaves-security-in-a-spot-of-bother/,2023-08-16,Protracted land dispute in Mukono leaves security in a spot of bother,"On November 24, 2019, Lutaaya refunded the sum of Shs 70 million to Twinamasiko’s dfcu account through her Nono Boutique.",True,,land_row_dispute,0.3023158055653972,payment_financial_dispute,0.21905666589736938,land_row_dispute,0.5,content_preferred,2023-08
The Observer,https://observer.ug/news/protracted-land-dispute-in-mukono-leaves-security-in-a-spot-of-bother/,2023-08-16,Protracted land dispute in Mukono leaves security in a spot of bother,"However, Twinamasiko refused the refund and took the matter to court. “I did not lend Lutaaya money that she could later pay back.",True,,land_row_dispute,0.26382037721710205,procurement_irregularity,0.3064151108264923,land_row_dispute,0.5,content_preferred,2023-08
The Observer,https://observer.ug/news/protracted-land-dispute-in-mukono-leaves-security-in-a-spot-of-bother/,2023-08-16,Protracted land dispute in Mukono leaves security in a spot of bother,"Rather, I had purchased the land; it is just a mere allegation being made that I am insisting on taking land that does not belong to me,” Twinamasiko reasoned in his plaint.",True,,land_row_dispute,0.2894992982690436,land_row_dispute,0.3344334661960602,land_row_dispute,0.6559831911162759,agree,2023-08
The Observer,https://observer.ug/news/protracted-land-dispute-in-mukono-leaves-security-in-a-spot-of-bother/,2023-08-16,Protracted land dispute in Mukono leaves security in a spot of bother,"He requested the court to seize the illegally deposited Shs 70 million from his account to cover any potential legal consequences, and a caveat was placed on the land.",True,,land_row_dispute,0.36098516298556077,procurement_irregularity,0.30876946449279785,land_row_dispute,0.5,content_preferred,2023-08
The Observer,https://observer.ug/news/protracted-land-dispute-in-mukono-leaves-security-in-a-spot-of-bother/,2023-08-16,Protracted land dispute in Mukono leaves security in a spot of bother,"Three months after these events, another group of brokers approached Twinamasiko, attempting to sell the same land.",True,,land_row_dispute,0.23923458104850173,contract_management_failure,0.2858533263206482,land_row_dispute,0.5,content_preferred,2023-08
The Observer,https://observer.ug/news/protracted-land-dispute-in-mukono-leaves-security-in-a-spot-of-bother/,2023-08-16,Protracted land dispute in Mukono leaves security in a spot of bother,"This time, they had a land title in the name of Wanyama, who was accused of being involved in the land grab.",True,,land_row_dispute,0.37129251901446,land_row_dispute,0.29611510038375854,land_row_dispute,0.6668519048495546,agree,2023-08
The Observer,https://observer.ug/news/protracted-land-dispute-in-mukono-leaves-security-in-a-spot-of-bother/,2023-08-16,Protracted land dispute in Mukono leaves security in a spot of bother,"Instead, he took swift action and went to the Mukono zonal lands office with relevant documentation, leading to the annulment of the brokers’ forged land title.",True,,land_row_dispute,0.30405071920932536,contract_management_failure,0.35259413719177246,land_row_dispute,0.5,content_preferred,2023-08
The Observer,https://observer.ug/news/protracted-land-dispute-in-mukono-leaves-security-in-a-spot-of-bother/,2023-08-16,Protracted land dispute in Mukono leaves security in a spot of bother,"During the court hearing, it was discovered that Wanyama had an agreement dated April 6, 2019, indicating that he had purchased 16 acres of land.",True,,land_row_dispute,0.3150864423126144,land_row_dispute,0.2606843113899231,land_row_dispute,0.6439426884256344,agree,2023-08
The Observer,https://observer.ug/news/protracted-land-dispute-in-mukono-leaves-security-in-a-spot-of-bother/,2023-08-16,Protracted land dispute in Mukono leaves security in a spot of bother,"Still, the same court discovered that the officer had two additional agreements, which were forged, suggesting that Wanyama had also purchased seven acres of land on November 19, 2019, after Twinamasiko had paid a commitment fee of Shs 20 million.",True,,land_row_dispute,0.30866576671692186,procurement_irregularity,0.30565372109413147,land_row_dispute,0.5,content_preferred,2023-08
The Observer,https://observer.ug/news/protracted-land-dispute-in-mukono-leaves-security-in-a-spot-of-bother/,2023-08-16,Protracted land dispute in Mukono leaves security in a spot of bother,"Another agreement showed that Wanyama purchased 25 acres of land on April 6, 2019.",True,,land_row_dispute,0.2842420375427195,land_row_dispute,0.21845883131027222,land_row_dispute,0.6256752172132479,agree,2023-08
The Observer,https://observer.ug/news/protracted-land-dispute-in-mukono-leaves-security-in-a-spot-of-bother/,2023-08-16,Protracted land dispute in Mukono leaves security in a spot of bother,"This, actually, meant that he (Wanyama) now holds 48 acres in a place that only has 23.9 acres.",True,,land_row_dispute,0.14114805892460972,land_row_dispute,0.12846390902996063,land_row_dispute,0.5674029919886426,agree,2023-08
The Observer,https://observer.ug/news/protracted-land-dispute-in-mukono-leaves-security-in-a-spot-of-bother/,2023-08-16,Protracted land dispute in Mukono leaves security in a spot of bother,INTERIM USE OF LAND The court granted Twinamasiko an interim use of the land pending the final court decision.,True,,land_row_dispute,0.3105951167268037,land_row_dispute,0.25455498695373535,land_row_dispute,0.6412875259201347,agree,2023-08
The Observer,https://observer.ug/news/protracted-land-dispute-in-mukono-leaves-security-in-a-spot-of-bother/,2023-08-16,Protracted land dispute in Mukono leaves security in a spot of bother,"Thereafter, Wanyama was accused of hiring a group of men who went to the land and assaulted some of Twinamasiko’s workers on top of destroying various tree species that had been planted on the land.",True,,land_row_dispute,0.27538683187199103,land_row_dispute,0.25747740268707275,land_row_dispute,0.6332160586397659,agree,2023-08
The Observer,https://observer.ug/news/protracted-land-dispute-in-mukono-leaves-security-in-a-spot-of-bother/,2023-08-16,Protracted land dispute in Mukono leaves security in a spot of bother,"The attackers also set fire to various properties, including temporary shelters that had been erected on the land for casual workers.",True,,land_row_dispute,0.35608712954972477,land_row_dispute,0.24850577116012573,land_row_dispute,0.6511482251774626,agree,2023-08
The Observer,https://observer.ug/news/protracted-land-dispute-in-mukono-leaves-security-in-a-spot-of-bother/,2023-08-16,Protracted land dispute in Mukono leaves security in a spot of bother,"Upon realizing that no action was taken by the police after documenting the damage caused by Wanyama and his associates, Twinamasiko reported a case of contempt of court at the Magistrate’s court in Mukono.",True,,land_row_dispute,0.30628909979896835,contract_management_failure,0.24465040862560272,land_row_dispute,0.5,content_preferred,2023-08
The Observer,https://observer.ug/news/protracted-land-dispute-in-mukono-leaves-security-in-a-spot-of-bother/,2023-08-16,Protracted land dispute in Mukono leaves security in a spot of bother,"On October 29, 2022, Wanyama is said to have discharged another team of people offered to him by Brig Shaban Lukyamuzi, the former head of the Presidential Special Task Force on Land and Environment, which allegedly orchestrated the remaining property erasure and aided Wanyama in creating a militia presence on the contested land.",True,,land_row_dispute,0.41153478336077365,procurement_irregularity,0.17777958512306213,land_row_dispute,0.5,content_preferred,2023-08
The Observer,https://observer.ug/news/protracted-land-dispute-in-mukono-leaves-security-in-a-spot-of-bother/,2023-08-16,Protracted land dispute in Mukono leaves security in a spot of bother,"They further assaulted 10 of Twinamasiko’s workers, including Alex Akampulira, Veleriano Asiimwe and others.",True,,procurement_irregularity,0.3582868222947998,contract_management_failure,0.15107741951942444,procurement_irregularity,0.5,content_preferred,2023-08
The Observer,https://observer.ug/news/protracted-land-dispute-in-mukono-leaves-security-in-a-spot-of-bother/,2023-08-16,Protracted land dispute in Mukono leaves security in a spot of bother,"An eyewitness, Richard Lubwama, a resident in the area, says the soldiers engaged in activities that could have resulted in loss of lives.",True,,delay_time_overrun,0.3167330373274196,land_row_dispute,0.14316347241401672,delay_time_overrun,0.5,content_preferred,2023-08
The Observer,https://observer.ug/news/protracted-land-dispute-in-mukono-leaves-security-in-a-spot-of-bother/,2023-08-16,Protracted land dispute in Mukono leaves security in a spot of bother,"CONTINUED PURSUIT FOR JUSTICE On November 17, 2022, the Mukono district security committee held a meeting chaired by RDC Fatumah Ndisaba to address the concern.",True,,delay_time_overrun,0.30185314013723397,delay_time_overrun,0.2729739546775818,delay_time_overrun,0.6437067737037039,agree,2023-08
The Observer,https://observer.ug/news/protracted-land-dispute-in-mukono-leaves-security-in-a-spot-of-bother/,2023-08-16,Protracted land dispute in Mukono leaves security in a spot of bother,It was agreed that the two parties vacate the land until the matter is settled in court.,True,,land_row_dispute,0.26478649124816367,land_row_dispute,0.39202436804771423,land_row_dispute,0.6642027148239695,agree,2023-08
The Observer,https://observer.ug/news/protracted-land-dispute-in-mukono-leaves-security-in-a-spot-of-bother/,2023-08-16,Protracted land dispute in Mukono leaves security in a spot of bother,"With the repeated contempt of both court orders and the district security committee, Twinamasiko petitioned the police, but Mukono district police commander Edrisa Kyeyune has since feared confronting soldiers at Mbeya.",True,,land_row_dispute,0.23003462016027793,contract_management_failure,0.19230204820632935,land_row_dispute,0.5,content_preferred,2023-08
The Observer,https://observer.ug/news/protracted-land-dispute-in-mukono-leaves-security-in-a-spot-of-bother/,2023-08-16,Protracted land dispute in Mukono leaves security in a spot of bother,"Despite Twinamasiko’s repeated pleas to various authorities, his efforts have yielded minimal results. “On October 31, 2022, I wrote to the UPDF chief of defence forces and the deputy speaker of parliament, Thomas Tayebwa.",True,,procurement_irregularity,0.2602134269901034,delay_time_overrun,0.18155327439308167,procurement_irregularity,0.5,content_preferred,2023-08
The Observer,https://observer.ug/news/protracted-land-dispute-in-mukono-leaves-security-in-a-spot-of-bother/,2023-08-16,Protracted land dispute in Mukono leaves security in a spot of bother,"On November 9, 2022, I petitioned the head of legal, the State House Anti-Corruption Unit (Shacu), the minister of Security, and the inspector general of police on November 25, 2022, among others,” he says. “The only notable response has come from CDF Gen Wilson Mbadi, who engaged the Chieftaincy of Military Intelligence.",True,,land_row_dispute,0.18066941469805228,governance_oversight_failure,0.18763554096221924,land_row_dispute,0.5,content_preferred,2023-08
The Observer,https://observer.ug/news/protracted-land-dispute-in-mukono-leaves-security-in-a-spot-of-bother/,2023-08-16,Protracted land dispute in Mukono leaves security in a spot of bother,"However, limited action has been taken, despite the findings’ transmission back to him by CMI.” Among the infractions reported for CMI’s investigation are land invasion by a senior army officer and property damage on October 29, November 5, and November 8, 2022.",True,,land_row_dispute,0.2942971929173547,land_row_dispute,0.28001728653907776,land_row_dispute,0.6435786198641081,agree,2023-08
The Observer,https://observer.ug/news/protracted-land-dispute-in-mukono-leaves-security-in-a-spot-of-bother/,2023-08-16,Protracted land dispute in Mukono leaves security in a spot of bother,Twinamasiko also urged an inquiry into Lukyamuzi’s actions.,True,,land_row_dispute,0.2087036209492538,contract_management_failure,0.16478471457958221,land_row_dispute,0.5,content_preferred,2023-08
The Observer,https://observer.ug/news/protracted-land-dispute-in-mukono-leaves-security-in-a-spot-of-bother/,2023-08-16,Protracted land dispute in Mukono leaves security in a spot of bother,Shacu spokesperson Mariam Natasha Oduka has also revealed that the unit has embarked on investigating the same matter so as to arrive at a proper and guided conclusion.,True,,delay_time_overrun,0.23037903559244904,quality_technical_defect,0.1706431657075882,delay_time_overrun,0.5,content_preferred,2023-08
The Observer,https://observer.ug/news/protracted-land-dispute-in-mukono-leaves-security-in-a-spot-of-bother/,2023-08-16,Protracted land dispute in Mukono leaves security in a spot of bother,"INTIMIDATIONS According to sources familiar with the matter, on July 31, 2023, Ben Mugisha from police’s Crime Investigations Department (CID) land protection desk, accompanied by 12 armed individuals, raided Twinamasiko’s workplace at night between 10pm till midnight.",True,,land_row_dispute,0.33251996335100753,contract_management_failure,0.13571585714817047,land_row_dispute,0.5,content_preferred,2023-08
The Observer,https://observer.ug/news/protracted-land-dispute-in-mukono-leaves-security-in-a-spot-of-bother/,2023-08-16,Protracted land dispute in Mukono leaves security in a spot of bother,"Their apparent intention was to arrest him, but he had left earlier.",True,,land_row_dispute,0.2721185489829746,contract_management_failure,0.15126477181911469,land_row_dispute,0.5,content_preferred,2023-08
The Observer,https://observer.ug/news/protracted-land-dispute-in-mukono-leaves-security-in-a-spot-of-bother/,2023-08-16,Protracted land dispute in Mukono leaves security in a spot of bother,They were reportedly travelling in two vehicles: a double cabin bearing licence plate UP 4653 and a saloon car. “No official summons was issued to me by the CID headquarters.,True,,delay_time_overrun,0.16094416544820228,payment_financial_dispute,0.20847971737384796,delay_time_overrun,0.5,content_preferred,2023-08
The Observer,https://observer.ug/news/protracted-land-dispute-in-mukono-leaves-security-in-a-spot-of-bother/,2023-08-16,Protracted land dispute in Mukono leaves security in a spot of bother,"I have received credible information that Maj Wanyama has influenced individuals at Kibuli, starting with unit commandant Johnson Dale Olal, to orchestrate my arrest due to my land purchase near his property on Mbeya island,” claims Twinamasiko.",True,,land_row_dispute,0.25885003608864987,contract_management_failure,0.12674985826015472,land_row_dispute,0.5,content_preferred,2023-08
The Observer,https://observer.ug/news/protracted-land-dispute-in-mukono-leaves-security-in-a-spot-of-bother/,2023-08-16,Protracted land dispute in Mukono leaves security in a spot of bother,"He is now concerned about his personal safety, believing that a group under the command of Wanyama is pursuing him with malicious intentions.",True,,land_row_dispute,0.15793311172030622,contract_management_failure,0.14779707789421082,land_row_dispute,0.5,content_preferred,2023-08
The Observer,https://observer.ug/news/protracted-land-dispute-in-mukono-leaves-security-in-a-spot-of-bother/,2023-08-16,Protracted land dispute in Mukono leaves security in a spot of bother,"He opened up a case about the raid at his workplace, and on August 2, this year, he found himself instead arrested by the CID in Kibuli, where he had gone to follow up on a complaint he lodged against Mugisha.",True,,contract_management_failure,0.15555310782808987,contract_management_failure,0.17276906967163086,contract_management_failure,0.5820805443749302,agree,2023-08
The Observer,https://observer.ug/news/protracted-land-dispute-in-mukono-leaves-security-in-a-spot-of-bother/,2023-08-16,Protracted land dispute in Mukono leaves security in a spot of bother,"Despite being granted a police bond, Twinamasiko was rearrested the following day on allegations of causing intentional property damage, boundary removal, and trespassing on the contested land at Mbeya.",True,,land_row_dispute,0.22830488425106213,contract_management_failure,0.22077511250972748,land_row_dispute,0.5,content_preferred,2023-08
The Observer,https://observer.ug/news/protracted-land-dispute-in-mukono-leaves-security-in-a-spot-of-bother/,2023-08-16,Protracted land dispute in Mukono leaves security in a spot of bother,"He was presented in Mukono Magistrate’s court, where he was granted bail.",True,,land_row_dispute,0.22843018632439233,procurement_irregularity,0.13763320446014404,land_row_dispute,0.5,content_preferred,2023-08
The Observer,https://observer.ug/news/protracted-land-dispute-in-mukono-leaves-security-in-a-spot-of-bother/,2023-08-16,Protracted land dispute in Mukono leaves security in a spot of bother,"According to him, the arrest was seemingly orchestrated to portray him as a land grabber for media purposes. “Upon reaching the Mukono Chief Magistrate’s court, I noticed a multitude of cameras.",True,,land_row_dispute,0.2590164490321258,land_row_dispute,0.14160510897636414,land_row_dispute,0.6001553895021224,agree,2023-08
The Observer,https://observer.ug/news/protracted-land-dispute-in-mukono-leaves-security-in-a-spot-of-bother/,2023-08-16,Protracted land dispute in Mukono leaves security in a spot of bother,"Interestingly, the court dismissed similar accusations against me in 2021.",True,,land_row_dispute,0.22843018632439233,contract_management_failure,0.27405866980552673,land_row_dispute,0.5,content_preferred,2023-08
The Observer,https://observer.ug/news/protracted-land-dispute-in-mukono-leaves-security-in-a-spot-of-bother/,2023-08-16,Protracted land dispute in Mukono leaves security in a spot of bother,"I wonder if the same file has been revived and why I have never been summoned to write a statement.” Twinamasiko was granted a cash bail of Shs 300,000, while his sureties, Robert Kizito Mugerwa and Mark Ssentamu Kabunga, were granted a non-cash bail of Shs 10 million.",True,,land_row_dispute,0.2808598928697791,procurement_irregularity,0.2746584117412567,land_row_dispute,0.5,content_preferred,2023-08
The Observer,https://observer.ug/news/protracted-land-dispute-in-mukono-leaves-security-in-a-spot-of-bother/,2023-08-16,Protracted land dispute in Mukono leaves security in a spot of bother,WANYAMA’S RESPONSE Maj Wanyama insists that whatever is said to the media by Twinamasiko is baseless.,True,,land_row_dispute,0.3973174405073584,quality_technical_defect,0.15815310180187225,land_row_dispute,0.5,content_preferred,2023-08
The Observer,https://observer.ug/news/protracted-land-dispute-in-mukono-leaves-security-in-a-spot-of-bother/,2023-08-16,Protracted land dispute in Mukono leaves security in a spot of bother,"According to him, he purchased the contested plot of land and has documents. “I am confident court will determine that I am the rightful owner of the land and he is the fraudster; I have all the documentary evidence confirming ownership.",True,,land_row_dispute,0.36660236514538147,land_row_dispute,0.307699978351593,land_row_dispute,0.6685755858742436,agree,2023-08
The Observer,https://observer.ug/news/protracted-land-dispute-in-mukono-leaves-security-in-a-spot-of-bother/,2023-08-16,Protracted land dispute in Mukono leaves security in a spot of bother,"It is his people orchestrating attacks against mine, and then after he gives information in reverse format,” he says.",True,,land_row_dispute,0.3341937439534816,contract_management_failure,0.14748257398605347,land_row_dispute,0.5,content_preferred,2023-08
The Observer,https://observer.ug/news/protracted-land-dispute-in-mukono-leaves-security-in-a-spot-of-bother/,2023-08-16,Protracted land dispute in Mukono leaves security in a spot of bother,"Wanyama adds that Twinamasiko moves on to bribe every official to assist him in the fraud mission. “Twinamasiko takes advantage of the fact that I am a soldier, and since people have the wrong mentality about soldiers, they tend to believe him,” he says. inarticle} inarticle}",True,,land_row_dispute,0.2762832805685357,contract_management_failure,0.19391325116157532,land_row_dispute,0.5,content_preferred,2023-08
The Observer,https://observer.ug/news/kingfisher-to-resume-oil-operations-as-govt-lifts-suspension/,2023-10-22,Kingfisher to resume oil operations as govt lifts suspension,The project is currently in the construction stage and is expected to start commercial production in 2025.,True,,delay_time_overrun,0.26269123465958294,delay_time_overrun,0.3055270314216614,delay_time_overrun,0.6420545665203111,agree,2023-10
The Observer,https://observer.ug/news/kingfisher-to-resume-oil-operations-as-govt-lifts-suspension/,2023-10-22,Kingfisher to resume oil operations as govt lifts suspension,The Kingfisher project has for long been dogged by a number of safety incidents – with CNOOC particularly – accused of failing to enforce strict safety standards.,True,,procurement_irregularity,0.20467864828313043,quality_technical_defect,0.29162728786468506,procurement_irregularity,0.5,content_preferred,2023-10
The Observer,https://observer.ug/news/kingfisher-to-resume-oil-operations-as-govt-lifts-suspension/,2023-10-22,Kingfisher to resume oil operations as govt lifts suspension,"The suspension is likely to affect the timelines in terms of work programs that were approved by the authority for the Kingfisher Development Project, PAU corporate affairs and public relations manager Gloria Sebikaari told URN. “The issue of cost will be discussed at an appropriate time.",True,,land_row_dispute,0.3486514564776897,delay_time_overrun,0.28011634945869446,land_row_dispute,0.5,content_preferred,2023-10
The Observer,https://observer.ug/news/kingfisher-to-resume-oil-operations-as-govt-lifts-suspension/,2023-10-22,Kingfisher to resume oil operations as govt lifts suspension,Drilling of wells has been ongoing since early in January when President Museveni commissioned the exercise. inarticle} inarticle},True,,procurement_irregularity,0.39500862245347773,delay_time_overrun,0.20997434854507446,procurement_irregularity,0.5,content_preferred,2023-10
The Observer,https://observer.ug/news/govt-bans-foreign-travel-salary-enhancements/,2023-02-19,"Govt now bans foreign travel, salary enhancements","On February 1, 2023, parliament passed the budget framework paper of Shs 49.98 trillion for the next financial year 2023/2024 to be financed through domestic revenue equivalent to Shs 28.83 trillion, budget support amounting to Shs 2.491 trillion, domestic borrowing Shs 1.585 trillion, external project support worth Shs 8.04 trillion, domestic refinancing of Shs 8.798 trillion, and local revenue for local government (AIA) of Shs 238.5 billion.",True,,land_row_dispute,0.20613405146055028,governance_oversight_failure,0.189397931098938,land_row_dispute,0.5,content_preferred,2023-02
The Observer,https://observer.ug/news/minister-nandutu-further-remanded/,2023-05-03,Minister Nandutu further remanded,"Muwaganya told the court that when Nandutu was summoned by police, she abandoned her home, and as of April 15, all her three known phone lines were switched off and a search at both her home and farm and known places of her abode yielded no results as she was suspiciously absent.",True,,land_row_dispute,0.24963728776195243,land_row_dispute,0.14600583910942078,land_row_dispute,0.5989107817178433,agree,2023-05
The Observer,https://observer.ug/news/minister-nandutu-further-remanded/,2023-05-03,Minister Nandutu further remanded,"Muwaganya said not only did Nandutu abandon her home, but she also abandoned her official vehicle, reg no.",True,,delay_time_overrun,0.3229681458165907,land_row_dispute,0.15034377574920654,delay_time_overrun,0.5,content_preferred,2023-05
The Observer,https://observer.ug/news/kisaka-summoned-to-explain-shs-1-1-trillion-kampala-road-works/,2023-02-03,Kisaka summoned to explain Shs 1.1 trillion Kampala road works,The African Development Bank (AfDB) extended a $288 billion loan facility to construct roads and drainage systems in the city under the Kampala City Roads Rehabilitation Project (KCRRP) whose civil works scheduled to start this month.,True,,delay_time_overrun,0.3779092874359225,delay_time_overrun,0.20770105719566345,delay_time_overrun,0.6464025861578965,agree,2023-02
The Observer,https://observer.ug/news/kisaka-summoned-to-explain-shs-1-1-trillion-kampala-road-works/,2023-02-03,Kisaka summoned to explain Shs 1.1 trillion Kampala road works,"According to the report by the city’s central executive committee (CEC), the technical team allocated up to Shs 15 billion to construct a kilometre. “The roads under KCRRP will cost approximately a whopping Shs 15.4 billion.",True,,delay_time_overrun,0.2343524970042354,delay_time_overrun,0.24490231275558472,delay_time_overrun,0.619813702439955,agree,2023-02
The Observer,https://observer.ug/news/kisaka-summoned-to-explain-shs-1-1-trillion-kampala-road-works/,2023-02-03,Kisaka summoned to explain Shs 1.1 trillion Kampala road works,"This is exorbitantly high when compared to the standard unit cost in the region,” part of the report read.",True,,delay_time_overrun,0.24397681488747874,payment_financial_dispute,0.22331109642982483,delay_time_overrun,0.5,content_preferred,2023-02
The Observer,https://observer.ug/news/kisaka-summoned-to-explain-shs-1-1-trillion-kampala-road-works/,2023-02-03,Kisaka summoned to explain Shs 1.1 trillion Kampala road works,"During the council meeting held yesterday Thursday, KCCA deputy executive director David Luyimbazi told the committee that the civil works were procured after an open international competitive bidding process to ensure value for money. “The total value of civil works contracts awarded amounted to $194 million (Shs 717.8 billion), resulting in a saving of $52 million (Shs 192.4 billion).",True,,delay_time_overrun,0.3533232201634986,procurement_irregularity,0.3267880380153656,delay_time_overrun,0.5,content_preferred,2023-02
The Observer,https://observer.ug/news/kisaka-summoned-to-explain-shs-1-1-trillion-kampala-road-works/,2023-02-03,Kisaka summoned to explain Shs 1.1 trillion Kampala road works,"From the foregoing, it is clear that from a simplistic view, the unit cost per kilometre for the above scope of civil works would be about $2.78 million, which translates into about Shs 10.2 billion per kilometre,” said Luyimbazi.",True,,procurement_irregularity,0.3755691213362876,procurement_irregularity,0.09592638909816742,procurement_irregularity,0.6178738776086138,agree,2023-02
The Observer,https://observer.ug/news/kisaka-summoned-to-explain-shs-1-1-trillion-kampala-road-works/,2023-02-03,Kisaka summoned to explain Shs 1.1 trillion Kampala road works,"Luyimbazi added “even from a simplistic view, it is therefore not true and quite misleading to allege that the road works under the KCRRP will cost Shs 15.4 billion per kilometre.” The council agreed to summon Kisaka because her deputy had failed to respond to some of the concerns.",True,,land_row_dispute,0.27264890689065985,payment_financial_dispute,0.2032751441001892,land_row_dispute,0.5,content_preferred,2023-02
The Observer,https://observer.ug/news/kisaka-summoned-to-explain-shs-1-1-trillion-kampala-road-works/,2023-02-03,Kisaka summoned to explain Shs 1.1 trillion Kampala road works,She was summoned together with the contractors who were awarded the works.,True,,procurement_irregularity,0.29122855271546966,payment_financial_dispute,0.33908045291900635,procurement_irregularity,0.5,content_preferred,2023-02
The Observer,https://observer.ug/news/kisaka-summoned-to-explain-shs-1-1-trillion-kampala-road-works/,2023-02-03,Kisaka summoned to explain Shs 1.1 trillion Kampala road works,Kisaka and the contractors will appear on 15 February. inarticle} inarticle},True,,procurement_irregularity,0.35747082638358674,delay_time_overrun,0.2518579661846161,procurement_irregularity,0.5,content_preferred,2023-02
The Observer,https://observer.ug/business/hipipo-calls-for-2023-digital-impact-awards-africa-nominations/,2023-07-26,HiPipo calls for 2023 Digital Impact Awards Africa nominations,"In a special way, we applaud our partners for believing in this project.",True,,land_row_dispute,0.2728407277327631,land_row_dispute,0.14607886970043182,land_row_dispute,0.6047298993582987,agree,2023-07
The Observer,https://observer.ug/business/hipipo-calls-for-2023-digital-impact-awards-africa-nominations/,2023-07-26,HiPipo calls for 2023 Digital Impact Awards Africa nominations,"Additionally, the summit will offer a platform for informal businesses (like market vendors, smallholder farmers, sole proprietors, public transporters, e-commerce delivery agents, etc.) Both the Digital Impact Awards Africa and Digital and Financial Inclusion Summit are organized by HiPipo in partnership with Level One Project, Mojaloop Foundation, INFITX, Cyberplc Academy, Ideation Corner, and Crosslake Technologies and generously supported by the Bill and Melinda Gates Foundation.",True,,delay_time_overrun,0.16847129394625696,land_row_dispute,0.15722359716892242,delay_time_overrun,0.5,content_preferred,2023-07
The Observer,https://observer.ug/news/will-the-battles-between-kacita-ura-ever-stall/,2023-09-27,"Will the battles between Kacita, URA ever stall?","The taxpayers, who have vowed to close their shops as a means of expressing their dissatisfaction with what they referred to as unfavourable tax policy claim that the percentage at which withholding tax is paid is not only exorbitant but also serves the purpose of distorting depriving taxpayers of their cashflow.",True,,land_row_dispute,0.18724331090188498,payment_financial_dispute,0.21284320950508118,land_row_dispute,0.5,content_preferred,2023-09
The Observer,https://observer.ug/news/france-begins-evacuating-citizens-from-niger/,2023-08-02,France begins evacuating citizens from Niger,"Guterres’ spokesman said the UN chief is urgently calling for the strict adherence to the country’s international human rights obligations and the prompt restoration of constitutional order. “The secretary-general underscores the utmost importance of safeguarding civilians and ensuring humanitarian assistance reaches those in need in Niger,” spokesman Farhan Haq told reporters.",True,,land_row_dispute,0.29018233617675165,contract_management_failure,0.1341933310031891,land_row_dispute,0.5,content_preferred,2023-08
The Observer,https://observer.ug/business/how-nssf-clamped-down-on-suspense-account-fraud-and-won-shs-152m-case/,2023-02-25,How NSSF clamped down on suspense account fraud and won Shs 152m case,"So, in October, 2019, the fund’s internal audit department established that Sooka had presented fictitious claim documents that he used to access monies of the unsuspecting members between May, 2017 and July, 2019. “All the monies released on account of the false claims was credited to the (bank) accounts controlled by the accused…,” read the judgement delivered by lady justice Margaret Tibulya on February 25, 2023.",True,,governance_oversight_failure,0.33746407246496746,payment_financial_dispute,0.26399990916252136,governance_oversight_failure,0.5,content_preferred,2023-02
The Observer,https://observer.ug/business/proposed-income-tax-amendment-to-limit-carrying-forward-of-tax-losses/,2023-07-16,Proposed income tax amendment to limit carrying forward of tax losses,"On the other hand, the ability to collect taxes is central to the country’s capacity to finance social services such as health and education, critical infrastructure such as electricity and roads, and other public goods.",True,,procurement_irregularity,0.31161193256457836,payment_financial_dispute,0.1504296362400055,procurement_irregularity,0.5,content_preferred,2023-07
The Observer,https://observer.ug/news/is-china-still-a-developing-country/,2023-08-29,Is China still a developing country?,"Development Program classify China as an “upper middle income” country, while the IMF calls the country an “emerging and developing economy.” Analysts say China is unique in ways that make it defy easy classification. “You have a country that has many of the traits of a developing nation and has historically qualified as one and technically in many ways still qualifies as one, but has also many of the attributes of a rich advanced economy and in some ways a massive rich advanced economy,” Philippe Benoit, director of research at Global Infrastructure Analytics and Sustainability 2050, told VOA.",True,,land_row_dispute,0.2990245594913892,quality_technical_defect,0.06379836052656174,land_row_dispute,0.5,content_preferred,2023-08
The Observer,https://observer.ug/news/is-china-still-a-developing-country/,2023-08-29,Is China still a developing country?,"Many developing countries, particularly Latin America, Africa, and Central Asia, rely on China for development assistance and infrastructure funding.",True,,land_row_dispute,0.27467168473918513,governance_oversight_failure,0.15814879536628723,land_row_dispute,0.5,content_preferred,2023-08
The Observer,https://observer.ug/news/usa-pushes-for-control-of-islamic-schools-in-uganda/,2023-06-28,USA pushes for control of Islamic schools in Uganda,"This approach mirrors the European civilizing mission, which was abandoned in the mid-twentieth century.",True,,land_row_dispute,0.14114805892460972,governance_oversight_failure,0.2071826010942459,land_row_dispute,0.5,content_preferred,2023-06
The Observer,https://observer.ug/news/usa-pushes-for-control-of-islamic-schools-in-uganda/,2023-06-28,USA pushes for control of Islamic schools in Uganda,This means that the United States seeks to bypass or at least reduce the role of Muslim institutions and individuals and subject the process of Islamic truth-making to the central management of the Ugandan state.” Sseremba skillfully challenges the underlying premises on which the American and Ugandan officials base their intervention in Islamic education.,True,,land_row_dispute,0.17447410719920656,governance_oversight_failure,0.18361395597457886,land_row_dispute,0.5,content_preferred,2023-06
The Observer,https://observer.ug/news/will-updf-security-services-cripple-or-shake-up-industry/,2023-07-26,Will UPDF security services cripple or shake up industry?,"Private and non-commissioned officers retire as early as 45 years of age or even younger.” “Therefore, these veterans can be useful in both the private and local government sectors instead of idling in villages, as some of them find it difficult to integrate into their home society.",True,,delay_time_overrun,0.25355806409418685,governance_oversight_failure,0.08537960052490234,delay_time_overrun,0.5,content_preferred,2023-07
The Observer,https://observer.ug/news/link-bus-driver-charged-for-using-mobile-phone-while-driving/,2023-11-04,"Link Bus driver Jjemba denies using mobile phone while driving, granted bail","Following the crash, a joint team comprising ministry of Works officials, the police, and the Uganda National Roads Authority (UNRA) was established to investigate the cause of the accident.",True,,procurement_irregularity,0.08890835749686402,governance_oversight_failure,0.2331250011920929,procurement_irregularity,0.5,content_preferred,2023-11
The Observer,https://observer.ug/news/absa-bank-ordered-to-pay-shs-6bn-for-illegally-selling-progressive-ss/,2023-03-03,Absa bank ordered to pay Shs 6bn for illegally selling Progressive SS,"In the appeal, they stated that the sale and transfer of the school by the bank was illegal, unlawful and a breach of the loan and mortgage deed.",True,,governance_oversight_failure,0.27135948715952307,procurement_irregularity,0.283549427986145,governance_oversight_failure,0.5,content_preferred,2023-03
The Observer,https://observer.ug/news/absa-bank-ordered-to-pay-shs-6bn-for-illegally-selling-progressive-ss/,2023-03-03,Absa bank ordered to pay Shs 6bn for illegally selling Progressive SS,"Considering that the contract agreement was for the disbursement of monies as agreed therein, failure to disburse the sums promised in the facility letter amounts to a breach of contract.",True,contract_management_failure,contract_management_failure,0.3111354658369634,payment_financial_dispute,0.393060564994812,contract_management_failure,0.5,content_preferred,2023-03
The Observer,https://observer.ug/news/food-prices-increase-by-50-due-to-masaka-road-closure/,2023-05-16,Food prices increase by 50% due to Masaka road closure,"The main linkup road of Masaka road was closed was a result of the rising water levels of R.Katonga, which led to flooding and the destruction of the bridge.",True,,delay_time_overrun,0.22415798748322524,land_row_dispute,0.17520436644554138,delay_time_overrun,0.5,content_preferred,2023-05
The Observer,https://observer.ug/news/food-prices-increase-by-50-due-to-masaka-road-closure/,2023-05-16,Food prices increase by 50% due to Masaka road closure,Uganda National Roads Authority (Unra) has stated that reconstruction works which may take up to three weeks will only commence after the water levels have subsided.,True,,delay_time_overrun,0.1617762598496167,land_row_dispute,0.2242104709148407,delay_time_overrun,0.5,content_preferred,2023-05
The Observer,https://observer.ug/business/stanbic-bank-s-juuko-speaks-out-on-fraud-in-financial-sector/,2023-02-28,Stanbic bank’s Juuko speaks out on fraud in financial sector,We await the completion of investigations to ascertain possible internal complicity.,True,,delay_time_overrun,0.19113829672194285,payment_financial_dispute,0.25275248289108276,delay_time_overrun,0.5,content_preferred,2023-02
The Observer,https://observer.ug/business/stanbic-bank-s-juuko-speaks-out-on-fraud-in-financial-sector/,2023-02-28,Stanbic bank’s Juuko speaks out on fraud in financial sector,"Like we said in our statement to the press, the bank’s computer systems and information technology infrastructure were not compromised at all.",True,,delay_time_overrun,0.3407798158735697,procurement_irregularity,0.22703337669372559,delay_time_overrun,0.5,content_preferred,2023-02
The Observer,https://observer.ug/news/katanga-murder-high-court-declines-to-grant-widow-molly-bail/,2024-04-10,Katanga murder: High court declines to grant widow Molly bail,"She thus asked court to release her saying that although she is gainfully employed, a sole breadwinner of her family and the mother of a child of tender years who is dependent on her.",True,,land_row_dispute,0.1802711599508768,contract_management_failure,0.19393235445022583,land_row_dispute,0.5,content_preferred,2024-04
The Observer,https://observer.ug/news/katanga-murder-high-court-declines-to-grant-widow-molly-bail/,2024-04-10,Katanga murder: High court declines to grant widow Molly bail,He added that Molly is already committed for trial and there is no likelihood of delay.,True,delay_time_overrun,delay_time_overrun,0.3390297795260335,delay_time_overrun,0.2736414074897766,delay_time_overrun,0.6531677967539525,agree,2024-04
The Observer,https://observer.ug/news/all-women-birding-club-determined-to-leave-mark-on-ugandan-tourism/,2024-01-10,All-women birding club determined to leave mark on Ugandan tourism,"They recall tour operators who would send them to the field with drivers who would sexually harass them and tourist accommodation where the women would be put in a shared room with men. “We look at people like Judith, who started before us and have made it despite the challenges, as an inspiration,” says Priscilla Apolot, a birder who works as a safari guide.",True,,land_row_dispute,0.31151921422595086,land_row_dispute,0.07178235799074173,land_row_dispute,0.5958253930541731,agree,2024-01
The Observer,https://observer.ug/news/ugandan-maids-work-in-hell/,2024-02-14,Ugandan maids work in hell,"They also claim to be overworked by their employers, with minimal rest afforded to them.",True,,contract_management_failure,0.1442515976037642,payment_financial_dispute,0.29676109552383423,contract_management_failure,0.5,content_preferred,2024-02
The Observer,https://observer.ug/news/ugandan-maids-work-in-hell/,2024-02-14,Ugandan maids work in hell,"Despite the gravity of her injuries, she returned home without her salary and with little hope of receiving compensation.",True,land_row_dispute,land_row_dispute,0.2839062976413839,procurement_irregularity,0.23797190189361572,land_row_dispute,0.5,content_preferred,2024-02
The Observer,https://observer.ug/news/ugandan-maids-work-in-hell/,2024-02-14,Ugandan maids work in hell,"Al-Hindawi explained that Kibwana had health insurance coverage in Jordan, but because she passed away in Kenya, her family could not receive compensation.",True,land_row_dispute,land_row_dispute,0.30673079729116276,land_row_dispute,0.15668568015098572,land_row_dispute,0.6158541193605371,agree,2024-02
The Observer,https://observer.ug/news/ugandan-maids-work-in-hell/,2024-02-14,Ugandan maids work in hell,"It also highlights the challenges of obtaining justice and compensation when incidents occur in foreign countries, leaving workers and their families without recourse.",True,land_row_dispute,land_row_dispute,0.2960423372575277,land_row_dispute,0.3043016791343689,land_row_dispute,0.6500860040979741,agree,2024-02
The Observer,https://observer.ug/news/news-news/bugoma-destruction-is-adversely-affecting-kikuube-communities/,2024-04-03,Bugoma destruction is adversely affecting Kikuube communities,The part of the forest to Kyangwali through Nyakabale where trees used to create dark shades in the road is now just an easy bare walkway because all the big trees there have been cut down with only the small ones remaining.,True,,land_row_dispute,0.20156195974580735,delay_time_overrun,0.1568378508090973,land_row_dispute,0.5,content_preferred,2024-04
The Observer,https://observer.ug/news/news-news/bugoma-destruction-is-adversely-affecting-kikuube-communities/,2024-04-03,Bugoma destruction is adversely affecting Kikuube communities,"HUMAN-WILDLIFE CONFLICT Since the forest was a habitat for wild animals such as chimpanzees, monkeys, foxes, snakes and baboons, its destruction has made such animals to loiter into communities hence creating human-wildlife conflicts, which the residents claim Uganda Wildlife Authority (UWA) has not helped them address. “Currently we have animal conflicts because animals like chimpanzees and monkeys which were initially living in the forest are now roaming in the communities because they have no forest to stay in.",True,,land_row_dispute,0.0991013170379993,land_row_dispute,0.21802516281604767,land_row_dispute,0.5792816199635118,agree,2024-04
The Observer,https://observer.ug/news/news-news/bugoma-destruction-is-adversely-affecting-kikuube-communities/,2024-04-03,Bugoma destruction is adversely affecting Kikuube communities,"Recently they attacked a village and destroyed people’s gardens and when the chairman reported, UWA officials came and advised the residents to just agree to stay with the animals and no compensation was made for the crops destroyed by the animals,” said Lamula Asasira, who lives adjacent the forest in Nyairongo village.",True,land_row_dispute,land_row_dispute,0.32549082916829397,land_row_dispute,0.2833439111709595,land_row_dispute,0.6522086850848133,agree,2024-04
The Observer,https://observer.ug/news/news-news/bugoma-destruction-is-adversely-affecting-kikuube-communities/,2024-04-03,Bugoma destruction is adversely affecting Kikuube communities,"For the girl children and women, the situation is even more disheartening as area leaders claim that men who have recently come into the area to work in the forest especially from areas of Busoga, West Nile, DRC and Rwanda have raped and defiled women and girls leaving some pregnant.",True,,land_row_dispute,0.17248783282037958,governance_oversight_failure,0.14915823936462402,land_row_dispute,0.5,content_preferred,2024-04
The Observer,https://observer.ug/news/guard-wanted-over-sedating-colleagues-orchestrating-robbery-at-amref-offices/,2024-04-04,"Guard wanted over sedating colleagues, orchestrating robbery at Amref offices","CCTV footage captured the movement of the stolen vehicle, which was later found abandoned on the roadside.",True,,land_row_dispute,0.28372229090032647,land_row_dispute,0.15678256750106812,land_row_dispute,0.6101262146003487,agree,2024-04
The Observer,https://observer.ug/news/tamale-mirundi-the-patriot-leaves-mixed-legacy/,2024-08-14,Tamale Mirundi the patriot leaves mixed legacy,"In the panic that engulfed media practitioners, journalists moved to claim self-regulation, which failed.",True,,contract_management_failure,0.20357399525515138,governance_oversight_failure,0.31412994861602783,contract_management_failure,0.5,content_preferred,2024-08
The Observer,https://observer.ug/business/ruth-nankabirwa-says-oil-pipeline-financial-closure-due-soon/,2024-08-29,Ruth Nankabirwa says oil pipeline financial closure due soon,Nankabirwa said works in the oil fields are going on smoothly – some ahead of schedule – as Uganda races to first oil sometime in 2025.,True,,land_row_dispute,0.39144037229972634,delay_time_overrun,0.23775041103363037,land_row_dispute,0.5,content_preferred,2024-08
The Observer,https://observer.ug/business/ruth-nankabirwa-says-oil-pipeline-financial-closure-due-soon/,2024-08-29,Ruth Nankabirwa says oil pipeline financial closure due soon,"She said French major TotalEnergies, the operator of the Tilenga Oil Project, had so far drilled six of the 31 well pads, with results already confirming the rich petroleum reservoir.",True,,governance_oversight_failure,0.4091413299861694,quality_technical_defect,0.1617497056722641,governance_oversight_failure,0.5,content_preferred,2024-08
The Observer,https://observer.ug/business/ruth-nankabirwa-says-oil-pipeline-financial-closure-due-soon/,2024-08-29,Ruth Nankabirwa says oil pipeline financial closure due soon,TotalEnergies is using three oil rigs to do the job.,True,,land_row_dispute,0.2103121249974483,delay_time_overrun,0.11842767149209976,land_row_dispute,0.5,content_preferred,2024-08
The Observer,https://observer.ug/business/ruth-nankabirwa-says-oil-pipeline-financial-closure-due-soon/,2024-08-29,Ruth Nankabirwa says oil pipeline financial closure due soon,"So far, according to a press statement, 63 of the planned 426 wells have been drilled.",True,,land_row_dispute,0.18691443332361685,delay_time_overrun,0.1896708607673645,land_row_dispute,0.5,content_preferred,2024-08
The Observer,https://observer.ug/business/ruth-nankabirwa-says-oil-pipeline-financial-closure-due-soon/,2024-08-29,Ruth Nankabirwa says oil pipeline financial closure due soon,"The Tilenga oil field, according to the Petroleum Authority of Uganda, is estimated to have a combined volume of oil in place of 5.8 billion barrels of oil, with 874 million barrels of that said to be recoverable.",True,,land_row_dispute,0.34332023515116983,procurement_irregularity,0.05428094416856766,land_row_dispute,0.5,content_preferred,2024-08
The Observer,https://observer.ug/business/ruth-nankabirwa-says-oil-pipeline-financial-closure-due-soon/,2024-08-29,Ruth Nankabirwa says oil pipeline financial closure due soon,"Nankabirwa said some of the civil works at Tilenga’s Industrial area were almost complete, especially the drilling support base and the construction camp.",True,,land_row_dispute,0.35356693964569097,quality_technical_defect,0.2211320698261261,land_row_dispute,0.5,content_preferred,2024-08
The Observer,https://observer.ug/business/ruth-nankabirwa-says-oil-pipeline-financial-closure-due-soon/,2024-08-29,Ruth Nankabirwa says oil pipeline financial closure due soon,"The Industrial area will host the Central Processing Facility (CPF), where the crude oil from the field will be sieved before being channelled into an export pipeline that will terminate at its final point in the Chongeleani peninsula in Eastern Tanzania.",True,,land_row_dispute,0.22456914429257052,delay_time_overrun,0.10873541980981827,land_row_dispute,0.5,content_preferred,2024-08
The Observer,https://observer.ug/business/ruth-nankabirwa-says-oil-pipeline-financial-closure-due-soon/,2024-08-29,Ruth Nankabirwa says oil pipeline financial closure due soon,Nankabirwa said construction of the CPF is at 47.8 per cent.,True,,delay_time_overrun,0.42341611803717244,payment_financial_dispute,0.1316496878862381,delay_time_overrun,0.5,content_preferred,2024-08
The Observer,https://observer.ug/business/ruth-nankabirwa-says-oil-pipeline-financial-closure-due-soon/,2024-08-29,Ruth Nankabirwa says oil pipeline financial closure due soon,"At the Kingfisher Field Development Area (KFDA), China’s Cnooc, the operators of the area, appear to be progressing well.",True,,delay_time_overrun,0.20141541570380053,quality_technical_defect,0.1372033804655075,delay_time_overrun,0.5,content_preferred,2024-08
The Observer,https://observer.ug/business/ruth-nankabirwa-says-oil-pipeline-financial-closure-due-soon/,2024-08-29,Ruth Nankabirwa says oil pipeline financial closure due soon,"With the lone oil rig on site, operated by COSL, nine of the eleven wells required for First Oil have been successfully drilled.",True,,land_row_dispute,0.21474027926996028,quality_technical_defect,0.13406255841255188,land_row_dispute,0.5,content_preferred,2024-08
The Observer,https://observer.ug/business/ruth-nankabirwa-says-oil-pipeline-financial-closure-due-soon/,2024-08-29,Ruth Nankabirwa says oil pipeline financial closure due soon,"In total, 31 wells will be drilled over four well pads.",True,,land_row_dispute,0.2547211695015066,delay_time_overrun,0.1234813779592514,land_row_dispute,0.5,content_preferred,2024-08
The Observer,https://observer.ug/business/ruth-nankabirwa-says-oil-pipeline-financial-closure-due-soon/,2024-08-29,Ruth Nankabirwa says oil pipeline financial closure due soon,"The KFDA is estimated to hold a volume of 568 million barrels of oil in place, with 186 million of that amount said to recoverable.",True,,land_row_dispute,0.44425825400215735,procurement_irregularity,0.06004514545202255,land_row_dispute,0.5,content_preferred,2024-08
The Observer,https://observer.ug/business/ruth-nankabirwa-says-oil-pipeline-financial-closure-due-soon/,2024-08-29,Ruth Nankabirwa says oil pipeline financial closure due soon,"Nankabirwa said a number of civil works at the KFDA have entered the final stretch, with those under the first and second package of works such as the construction of some of the well pads and infield roads nearly complete.",True,,delay_time_overrun,0.2627230569379494,delay_time_overrun,0.2931361198425293,delay_time_overrun,0.6389647941951196,agree,2024-08
The Observer,https://observer.ug/business/ruth-nankabirwa-says-oil-pipeline-financial-closure-due-soon/,2024-08-29,Ruth Nankabirwa says oil pipeline financial closure due soon,"Construction of the CPF at the Kingfisher is already underway, with progress standing at 30.3 per cent, according to the press statement.",True,,delay_time_overrun,0.2617378900779593,delay_time_overrun,0.22017069160938263,delay_time_overrun,0.6204771454218355,agree,2024-08
The Observer,https://observer.ug/business/ruth-nankabirwa-says-oil-pipeline-financial-closure-due-soon/,2024-08-29,Ruth Nankabirwa says oil pipeline financial closure due soon,Land acquisition at both the Tilenga and the Kingfisher development areas is almost done.,True,land_row_dispute,land_row_dispute,0.3282169164810936,land_row_dispute,0.21362540125846863,land_row_dispute,0.6354605794348905,agree,2024-08
The Observer,https://observer.ug/business/ruth-nankabirwa-says-oil-pipeline-financial-closure-due-soon/,2024-08-29,Ruth Nankabirwa says oil pipeline financial closure due soon,"And yet, all the progress will count for nothing if works for the 1,445km East African Crude Oil Pipeline (EACOP) drag.",True,,land_row_dispute,0.2907321535006713,delay_time_overrun,0.31778278946876526,land_row_dispute,0.5,content_preferred,2024-08
The Observer,https://observer.ug/business/ruth-nankabirwa-says-oil-pipeline-financial-closure-due-soon/,2024-08-29,Ruth Nankabirwa says oil pipeline financial closure due soon,"The shareholders of the pipeline, which will ship about 220,000 barrels of oil per day at peak from western Uganda to Tanga, have struggled to nail down about $1.2 billion in debt financing for the project, partly because of a spirited fight by environmental activists to bury the project.",True,,land_row_dispute,0.25740443592584383,payment_financial_dispute,0.1971220225095749,land_row_dispute,0.5,content_preferred,2024-08
The Observer,https://observer.ug/business/ruth-nankabirwa-says-oil-pipeline-financial-closure-due-soon/,2024-08-29,Ruth Nankabirwa says oil pipeline financial closure due soon,"A number of financial institutions have steered cleared of EACOP, which has been accused – without independently verifiable evidence – of having the potential to pollute the environment with its carbon emissions.",True,,governance_oversight_failure,0.1261293833565047,payment_financial_dispute,0.28289055824279785,governance_oversight_failure,0.5,content_preferred,2024-08
The Observer,https://observer.ug/business/ruth-nankabirwa-says-oil-pipeline-financial-closure-due-soon/,2024-08-29,Ruth Nankabirwa says oil pipeline financial closure due soon,The entire project cost for the EACOP is estimated at nearly $4 billion.,True,,land_row_dispute,0.28058205776534134,delay_time_overrun,0.17821943759918213,land_row_dispute,0.5,content_preferred,2024-08
The Observer,https://observer.ug/business/ruth-nankabirwa-says-oil-pipeline-financial-closure-due-soon/,2024-08-29,Ruth Nankabirwa says oil pipeline financial closure due soon,"China has come in to plug the gap that many European bankers have left, with Nankabirwa saying that a recent meeting she had with Sinosure, a Chinese financial institution, was quite promising. “We are now at a very delicate time.",True,,land_row_dispute,0.17496237690047867,contract_management_failure,0.18568968772888184,land_row_dispute,0.5,content_preferred,2024-08
The Observer,https://observer.ug/business/ruth-nankabirwa-says-oil-pipeline-financial-closure-due-soon/,2024-08-29,Ruth Nankabirwa says oil pipeline financial closure due soon,"I was promised that in September, we shall seal the deal,” Nankabirwa said, referring to the negotiations surrounding financing for the EACOP.",True,,land_row_dispute,0.33656670083333645,procurement_irregularity,0.2363239824771881,land_row_dispute,0.5,content_preferred,2024-08
The Observer,https://observer.ug/business/ruth-nankabirwa-says-oil-pipeline-financial-closure-due-soon/,2024-08-29,Ruth Nankabirwa says oil pipeline financial closure due soon,"Nevertheless, works for the EACOP, especially in Tanzania, are ongoing.",True,,land_row_dispute,0.31191126615111914,delay_time_overrun,0.24735257029533386,land_row_dispute,0.5,content_preferred,2024-08
The Observer,https://observer.ug/business/ruth-nankabirwa-says-oil-pipeline-financial-closure-due-soon/,2024-08-29,Ruth Nankabirwa says oil pipeline financial closure due soon,Nankabirwa said construction of the thermal insulation plant in Nzega district in Tanzania was completed and commissioned.,True,,delay_time_overrun,0.4395298546096389,procurement_irregularity,0.10518194735050201,delay_time_overrun,0.5,content_preferred,2024-08
The Observer,https://observer.ug/business/ruth-nankabirwa-says-oil-pipeline-financial-closure-due-soon/,2024-08-29,Ruth Nankabirwa says oil pipeline financial closure due soon,"Already, 500km of line pipes have been delivered in Tanzania.",True,,contract_management_failure,0.26671186279351655,delay_time_overrun,0.22239331901073456,contract_management_failure,0.5,content_preferred,2024-08
The Observer,https://observer.ug/business/ruth-nankabirwa-says-oil-pipeline-financial-closure-due-soon/,2024-08-29,Ruth Nankabirwa says oil pipeline financial closure due soon,"And in both Uganda and Tanzania, some of the main camps and pipe yards have been constructed. inarticle} inarticle}",True,,procurement_irregularity,0.4003494165323256,land_row_dispute,0.19680356979370117,procurement_irregularity,0.5,content_preferred,2024-08
The Observer,https://observer.ug/business/capital-markets-can-power-ugandas-growth-minister/,2024-12-30,Capital markets can power Uganda’s growth – minister,This includes the establishment of robust infrastructure that aligns with the nation’s economic goals.,True,,land_row_dispute,0.19062339267931064,governance_oversight_failure,0.23887896537780762,land_row_dispute,0.5,content_preferred,2024-12
The Observer,https://observer.ug/news/why-prof-umar-kakumba-is-being-pushed-out-of-makerere/,2024-07-24,Why Prof Umar Kakumba is being pushed out of Makerere,"Despite this, Attorney General Kiryowa-Kiwanuka supported the reappointment, asserting that eligibility for reappointment is determined on the day an individual is first appointed to serve their initial term. “Our interpretation of Subsection (4) read together with Subsection (3) of the Universities and Tertiary Institutions Act,…is that it contemplates a search process where the outgoing Vice Chancellor is not eligible for reappointment on grounds of incompetence or any other disqualifying factor under contract of employment or the law.",True,,land_row_dispute,0.1865184419517712,procurement_irregularity,0.20197293162345886,land_row_dispute,0.5,content_preferred,2024-07
The Observer,https://observer.ug/news/stalled-world-bank-project-puts-contractor-on-the-spot/,2024-12-04,Stalled World Bank project puts contractor on the spot,"However, a series of contract breaches and delayed works have left the project in tatters, and matters have not been helped by the different contractions regarding the project future.",True,delay_time_overrun,delay_time_overrun,0.44104847820819454,delay_time_overrun,0.3922591209411621,delay_time_overrun,0.7083268997873392,agree,2024-12
The Observer,https://observer.ug/news/stalled-world-bank-project-puts-contractor-on-the-spot/,2024-12-04,Stalled World Bank project puts contractor on the spot,"At the moment, the subcontractor is crying of foul of the justice system while the main contractor accuses the ministry of delayed works.",True,delay_time_overrun,delay_time_overrun,0.34111585980440723,contract_management_failure,0.36281728744506836,delay_time_overrun,0.5,content_preferred,2024-12
The Observer,https://observer.ug/news/stalled-world-bank-project-puts-contractor-on-the-spot/,2024-12-04,Stalled World Bank project puts contractor on the spot,"On the other hand, government is blaming the legal undercurrents for the delay.",True,delay_time_overrun,delay_time_overrun,0.4889797792601111,delay_time_overrun,0.32215455174446106,delay_time_overrun,0.702783582751143,agree,2024-12
The Observer,https://observer.ug/news/stalled-world-bank-project-puts-contractor-on-the-spot/,2024-12-04,Stalled World Bank project puts contractor on the spot,"On this background, area leaders are up in arms and want government to take action before the situation turns from bad to worse.",True,,land_row_dispute,0.17613396229329412,governance_oversight_failure,0.30241888761520386,land_row_dispute,0.5,content_preferred,2024-12
The Observer,https://observer.ug/news/stalled-world-bank-project-puts-contractor-on-the-spot/,2024-12-04,Stalled World Bank project puts contractor on the spot,"Already, the biggest losers in the saga are the Isingiro farmers, whose hope has turned into despair.",True,,land_row_dispute,0.1465806336465287,land_row_dispute,0.16976726055145264,land_row_dispute,0.5790869735494953,agree,2024-12
The Observer,https://observer.ug/news/stalled-world-bank-project-puts-contractor-on-the-spot/,2024-12-04,Stalled World Bank project puts contractor on the spot,"Meanwhile, several people who worked on the project have not been paid and worryingly, the abandoned project has become a death trap to the locals.",True,,land_row_dispute,0.3961406614389294,land_row_dispute,0.3265274167060852,land_row_dispute,0.6806670195362536,agree,2024-12
The Observer,https://observer.ug/news/stalled-world-bank-project-puts-contractor-on-the-spot/,2024-12-04,Stalled World Bank project puts contractor on the spot,"COURT ORDERS A few weeks ago, Rauben Arinaitwe, the Isingiro West MP, petitioned parliament to investigate the issue and have the culprits apprehended.",True,,contract_management_failure,0.2929337595370837,contract_management_failure,0.3371427059173584,contract_management_failure,0.6575191163636105,agree,2024-12
The Observer,https://observer.ug/news/stalled-world-bank-project-puts-contractor-on-the-spot/,2024-12-04,Stalled World Bank project puts contractor on the spot,"It followed an earlier complaint by Alone Tuhairwe Turahi, the Isingiro district chairperson, to Nabbanja to rein in on Inyatsi, the contractor.",True,,delay_time_overrun,0.2524290932275515,contract_management_failure,0.3210998773574829,delay_time_overrun,0.5,content_preferred,2024-12
The Observer,https://observer.ug/news/stalled-world-bank-project-puts-contractor-on-the-spot/,2024-12-04,Stalled World Bank project puts contractor on the spot,"In the letter, he noted that despite the funds released so far and the period that has since passed, there is no visible or meaningful work that has been done.",True,,contract_management_failure,0.17363787011720733,delay_time_overrun,0.29679518938064575,contract_management_failure,0.5,content_preferred,2024-12
The Observer,https://observer.ug/news/stalled-world-bank-project-puts-contractor-on-the-spot/,2024-12-04,Stalled World Bank project puts contractor on the spot,"While appearing before the plenary on November 28, prime minister Robinah Nabbanja said government was unable to make timely payments to Inyatsi due to restrictions imposed by court orders issued by Lady Justice Magala on August 30, 2024.",True,,delay_time_overrun,0.3831441458889158,contract_management_failure,0.22188356518745422,delay_time_overrun,0.5,content_preferred,2024-12
The Observer,https://observer.ug/news/stalled-world-bank-project-puts-contractor-on-the-spot/,2024-12-04,Stalled World Bank project puts contractor on the spot,Court ordered the ministry to withhold an impending payment of Shs 21.2bn to Inyatsi.,True,,contract_management_failure,0.29389924015333657,payment_financial_dispute,0.3172922134399414,contract_management_failure,0.5,content_preferred,2024-12
The Observer,https://observer.ug/news/stalled-world-bank-project-puts-contractor-on-the-spot/,2024-12-04,Stalled World Bank project puts contractor on the spot,"According to court documents, Plinth Consultancy Services Ltd, which had been subcontracted by Inyatsi in April, 2023, got interim measures of protection from court.",True,,delay_time_overrun,0.24872110664111735,contract_management_failure,0.2891591787338257,delay_time_overrun,0.5,content_preferred,2024-12
The Observer,https://observer.ug/news/stalled-world-bank-project-puts-contractor-on-the-spot/,2024-12-04,Stalled World Bank project puts contractor on the spot,"Plinth had convinced court that whereas it had executed all works on site from commencement until October 30, 2023 when Inyatsi terminated the subcontract agreement, the two sides were yet to reach an amicable settlement.",True,,contract_management_failure,0.2941180420269735,contract_management_failure,0.2936519384384155,contract_management_failure,0.6469424951163473,agree,2024-12
The Observer,https://observer.ug/news/stalled-world-bank-project-puts-contractor-on-the-spot/,2024-12-04,Stalled World Bank project puts contractor on the spot,"Plinth filed a request arbitrate with the International Chamber of Commerce (ICC) in May, 2024 challenging the unlawful termination with a claim of Shs 22bn.",True,contract_management_failure,contract_management_failure,0.2891303779510982,contract_management_failure,0.2898925840854645,contract_management_failure,0.6447557405091406,agree,2024-12
The Observer,https://observer.ug/news/stalled-world-bank-project-puts-contractor-on-the-spot/,2024-12-04,Stalled World Bank project puts contractor on the spot,The arbitration process is still ongoing before the ICC.,True,,land_row_dispute,0.3242370994404707,contract_management_failure,0.25903892517089844,land_row_dispute,0.5,content_preferred,2024-12
The Observer,https://observer.ug/news/stalled-world-bank-project-puts-contractor-on-the-spot/,2024-12-04,Stalled World Bank project puts contractor on the spot,It is also important to note that the company representing Inyatsi Co Ltd in all these legal proceedings is K&K Advocates.,True,,land_row_dispute,0.2370074610481512,payment_financial_dispute,0.20784753561019897,land_row_dispute,0.5,content_preferred,2024-12
The Observer,https://observer.ug/news/stalled-world-bank-project-puts-contractor-on-the-spot/,2024-12-04,Stalled World Bank project puts contractor on the spot,"However, on examining the sequence of events, it is not correct to state that the ministry didn’t make timely payments to Inyatsi due to the court order as this is evidenced in the correspondences between the parties listed below.",True,,contract_management_failure,0.25893910403935366,contract_management_failure,0.28232088685035706,contract_management_failure,0.6353149977224277,agree,2024-12
The Observer,https://observer.ug/news/stalled-world-bank-project-puts-contractor-on-the-spot/,2024-12-04,Stalled World Bank project puts contractor on the spot,"On September 2, 2024, in a notice from Inyatsi to the ministry, the former claimed delayed payment stretch from as early as July, 2023 to April, 2024, way before the court orders existed.",True,delay_time_overrun,delay_time_overrun,0.2956149570103121,delay_time_overrun,0.28017398715019226,delay_time_overrun,0.643947236040126,agree,2024-12
The Observer,https://observer.ug/news/stalled-world-bank-project-puts-contractor-on-the-spot/,2024-12-04,Stalled World Bank project puts contractor on the spot,"On the other hand, in the ministry’s notice of intention to terminate the contract dated September 12, 2024, it confirms that only the fourth Interim Payment Certificate (IPC) issued on May 30, 2024 was pending as a result of the court order.",True,,delay_time_overrun,0.2527912085706191,contract_management_failure,0.29067182540893555,delay_time_overrun,0.5,content_preferred,2024-12
The Observer,https://observer.ug/news/stalled-world-bank-project-puts-contractor-on-the-spot/,2024-12-04,Stalled World Bank project puts contractor on the spot,"BACKGROUND In 2022, government, through ministry of Water and Environment (MWE), obtained a $169 million loan from the World Bank to facilitate the Irrigation for Climate Reslience Program (ICRP), and part of these funds were channeled to the construction of Kabuyanda irrigation dam in Isingiro district.",True,,delay_time_overrun,0.26182485745672945,payment_financial_dispute,0.22396254539489746,delay_time_overrun,0.5,content_preferred,2024-12
The Observer,https://observer.ug/news/stalled-world-bank-project-puts-contractor-on-the-spot/,2024-12-04,Stalled World Bank project puts contractor on the spot,"The ministry carried out an international competitive bidding, and the contract for construction of Kabuyanda earth dam was awarded to Inyatsi Construction Limited (A company incorporated in Eswatini).",True,,contract_management_failure,0.23870805102693127,procurement_irregularity,0.2786209285259247,contract_management_failure,0.5,content_preferred,2024-12
The Observer,https://observer.ug/news/stalled-world-bank-project-puts-contractor-on-the-spot/,2024-12-04,Stalled World Bank project puts contractor on the spot,"A contract was signed on November 22, 2022.",True,,contract_management_failure,0.3101269499355167,contract_management_failure,0.2907704710960388,contract_management_failure,0.6502243552578889,agree,2024-12
The Observer,https://observer.ug/news/stalled-world-bank-project-puts-contractor-on-the-spot/,2024-12-04,Stalled World Bank project puts contractor on the spot,"However, the project commenced on May 11, 2023 and was set to be completed in 30 months.",True,,delay_time_overrun,0.20887767498463417,delay_time_overrun,0.43001794815063477,delay_time_overrun,0.6597239057838172,agree,2024-12
The Observer,https://observer.ug/news/stalled-world-bank-project-puts-contractor-on-the-spot/,2024-12-04,Stalled World Bank project puts contractor on the spot,"The delay was largely due to the contractor’s delay to provide contractual submittals such as advance payment guarantee and performance guarantee, whose submissions only happened in February 2023 (delay of nearly 60 days).",True,delay_time_overrun,delay_time_overrun,0.4423823778239928,delay_time_overrun,0.4317007064819336,delay_time_overrun,0.7185207710764816,agree,2024-12
The Observer,https://observer.ug/news/stalled-world-bank-project-puts-contractor-on-the-spot/,2024-12-04,Stalled World Bank project puts contractor on the spot,EXECUTION The project was finally handed over to Inyatsi Co Ltd (contractor) and Wapcos Ltd (supervising engineers/ consultant).,True,,delay_time_overrun,0.3164712190739315,payment_financial_dispute,0.2751918435096741,delay_time_overrun,0.5,content_preferred,2024-12
The Observer,https://observer.ug/news/stalled-world-bank-project-puts-contractor-on-the-spot/,2024-12-04,Stalled World Bank project puts contractor on the spot,The commencement of the project showed persistent slow performance which is seen in a series of correspondences between the engineer and the contractor.,True,,delay_time_overrun,0.3573924095193139,delay_time_overrun,0.3197285234928131,delay_time_overrun,0.6692802332530318,agree,2024-12
The Observer,https://observer.ug/news/stalled-world-bank-project-puts-contractor-on-the-spot/,2024-12-04,Stalled World Bank project puts contractor on the spot,There was also lack of proper utilization of advance monies paid to the contractor to a tune of Shs 17 billion.,True,,land_row_dispute,0.2657419157731648,procurement_irregularity,0.367715448141098,land_row_dispute,0.5,content_preferred,2024-12
The Observer,https://observer.ug/news/stalled-world-bank-project-puts-contractor-on-the-spot/,2024-12-04,Stalled World Bank project puts contractor on the spot,Copies of letters from the ministry requesting for evidence of utilisation of advance payment from the contractor are also available but no satisfactory response was issued by the contractor.,True,,delay_time_overrun,0.25788165849374983,payment_financial_dispute,0.3905024528503418,delay_time_overrun,0.5,content_preferred,2024-12
The Observer,https://observer.ug/news/stalled-world-bank-project-puts-contractor-on-the-spot/,2024-12-04,Stalled World Bank project puts contractor on the spot,"The project progressed to about 13% by October, 2023 and further to 21% in October 2024 physical progress.",True,,delay_time_overrun,0.3280966422477503,delay_time_overrun,0.31334418058395386,delay_time_overrun,0.6603602057079261,agree,2024-12
The Observer,https://observer.ug/news/stalled-world-bank-project-puts-contractor-on-the-spot/,2024-12-04,Stalled World Bank project puts contractor on the spot,"For context, this is against a time progress of approximately 50% and 34% financial progress.",True,,land_row_dispute,0.2655818596687616,delay_time_overrun,0.29197221994400024,land_row_dispute,0.5,content_preferred,2024-12
The Observer,https://observer.ug/news/stalled-world-bank-project-puts-contractor-on-the-spot/,2024-12-04,Stalled World Bank project puts contractor on the spot,"TERMINATION/DISPUTES On August 3, 2024, Inyatsi notified the ministry of its intention to terminate the contract due to the latter’s failure to release more money in time and eventually slowed down works.",True,contract_management_failure,contract_management_failure,0.26099729415492545,contract_management_failure,0.3693211078643799,contract_management_failure,0.6575796005048263,agree,2024-12
The Observer,https://observer.ug/news/stalled-world-bank-project-puts-contractor-on-the-spot/,2024-12-04,Stalled World Bank project puts contractor on the spot,"This process continued until September, 2024 when Inyatsi notified the ministry of the termination of the contract.",True,contract_management_failure,contract_management_failure,0.30431732226807406,contract_management_failure,0.24667495489120483,contract_management_failure,0.6377480692898198,agree,2024-12
The Observer,https://observer.ug/news/stalled-world-bank-project-puts-contractor-on-the-spot/,2024-12-04,Stalled World Bank project puts contractor on the spot,The ministry rejected Inyatsi’s termination and ordered that it immediately returns to site to execute the project.,True,contract_management_failure,contract_management_failure,0.2628168073995112,land_row_dispute,0.2531190514564514,contract_management_failure,0.5,content_preferred,2024-12
The Observer,https://observer.ug/news/stalled-world-bank-project-puts-contractor-on-the-spot/,2024-12-04,Stalled World Bank project puts contractor on the spot,"However, Inyatsi rejected this.",True,,contract_management_failure,0.21114732864595398,quality_technical_defect,0.18390721082687378,contract_management_failure,0.5,content_preferred,2024-12
The Observer,https://observer.ug/news/stalled-world-bank-project-puts-contractor-on-the-spot/,2024-12-04,Stalled World Bank project puts contractor on the spot,"In return, the ministry, in a letter dated September 30, 2024, formally terminated the contract.",True,,contract_management_failure,0.2033820814305861,contract_management_failure,0.2764764726161957,contract_management_failure,0.6199646385116955,agree,2024-12
The Observer,https://observer.ug/news/stalled-world-bank-project-puts-contractor-on-the-spot/,2024-12-04,Stalled World Bank project puts contractor on the spot,"Thereafter, Inyatsi submitted its final accounts claim of Shs 36 billion, of which Shs 17.6bn is interest, loss on profit and damages.",True,,land_row_dispute,0.28316909476721147,payment_financial_dispute,0.3374798893928528,land_row_dispute,0.5,content_preferred,2024-12
The Observer,https://observer.ug/news/stalled-world-bank-project-puts-contractor-on-the-spot/,2024-12-04,Stalled World Bank project puts contractor on the spot,"Incidentally, Inyatsi received advance payment of Shs 17bn from the ministry in April, 2023 whose utilisation has remained unconvincing to the ministry.",True,,procurement_irregularity,0.29299507233628824,payment_financial_dispute,0.2906230688095093,procurement_irregularity,0.5,content_preferred,2024-12
The Observer,https://observer.ug/news/stalled-world-bank-project-puts-contractor-on-the-spot/,2024-12-04,Stalled World Bank project puts contractor on the spot,"Efforts to reach out to the ministry spokesperson were futile but an official who preferred anonymity said the dispute between the ministry and Inyatsi is before the Dispute Adjudication Board (DAB) for resolution and a ruling is expected on December 7, 2024.",True,,delay_time_overrun,0.26166982634581826,contract_management_failure,0.2849733233451843,delay_time_overrun,0.5,content_preferred,2024-12
The Observer,https://observer.ug/news/stalled-world-bank-project-puts-contractor-on-the-spot/,2024-12-04,Stalled World Bank project puts contractor on the spot,"Meanwhile, our call to all known numbers of Inyatsi officials went unanswered.",True,,contract_management_failure,0.18610340137870918,procurement_irregularity,0.14938610792160034,contract_management_failure,0.5,content_preferred,2024-12
The Observer,https://observer.ug/news/stalled-world-bank-project-puts-contractor-on-the-spot/,2024-12-04,Stalled World Bank project puts contractor on the spot,CURRENT STATUS The court orders being cited above have since been varied through a process that Plinth has chosen to challenge at the Constitutional court.,True,,land_row_dispute,0.2477576518959663,contract_management_failure,0.3416307270526886,land_row_dispute,0.5,content_preferred,2024-12
The Observer,https://observer.ug/news/stalled-world-bank-project-puts-contractor-on-the-spot/,2024-12-04,Stalled World Bank project puts contractor on the spot,"It accuses the principal judge Flavian Zeija of acting on the letter of the solicitor general to allocate the file to another judge, Patience Rubagumya, who eventually overturned the earlier ruling of Magala. inarticle} inarticle}",True,,procurement_irregularity,0.2454529883120819,contract_management_failure,0.2431732714176178,procurement_irregularity,0.5,content_preferred,2024-12
The Observer,https://observer.ug/news/property-destroyed-in-arua-in-botched-eddy-kenzo-concert/,2024-09-16,Property destroyed in Arua in botched Eddy Kenzo concert,"However, Kenzo, recently appointed as senior presidential advisor on creatives by President Museveni, refused to perform due to a payment dispute with the concert organizers.",True,,land_row_dispute,0.26251707754978043,procurement_irregularity,0.23882944881916046,land_row_dispute,0.5,content_preferred,2024-09
The Observer,https://observer.ug/news/property-destroyed-in-arua-in-botched-eddy-kenzo-concert/,2024-09-16,Property destroyed in Arua in botched Eddy Kenzo concert,"By 11 pm, agitated fans grew impatient and began rioting over the delay.",True,delay_time_overrun,delay_time_overrun,0.9999999989435249,contract_management_failure,0.26794183254241943,delay_time_overrun,0.9999999989435249,content_preferred,2024-09
The Observer,https://observer.ug/news/property-destroyed-in-arua-in-botched-eddy-kenzo-concert/,2024-09-16,Property destroyed in Arua in botched Eddy Kenzo concert,"Sam Apangu, the operations manager at Hotel Santa Maria, attributed the unrest to disagreements between the event organizers and the artists over unpaid fees.",True,,land_row_dispute,0.14114805892460972,contract_management_failure,0.3699873089790344,contract_management_failure,0.5,semantic_override,2024-09
The Observer,https://observer.ug/news/relatives-of-missing-nup-supporters-storm-high-court/,2024-01-30,Relatives of 18 missing NUP supporters storm High court,They are seeking compensation for a breach of the applicants’ constitutional rights and an order for damages and punitive demands.,True,land_row_dispute,land_row_dispute,0.4148175549990841,contract_management_failure,0.35191673040390015,land_row_dispute,0.5,content_preferred,2024-01
The Observer,https://observer.ug/news/relatives-of-missing-nup-supporters-storm-high-court/,2024-01-30,Relatives of 18 missing NUP supporters storm High court,Nabukeera says his motor vehicle registration number UAZ 199E which he was driving on that fateful day was found abandoned along Kampala Gayaza road near Ssekanyonyi police post.,True,,land_row_dispute,0.19724101462405744,delay_time_overrun,0.09182526171207428,land_row_dispute,0.5,content_preferred,2024-01
The Observer,https://observer.ug/news/relatives-of-missing-nup-supporters-storm-high-court/,2024-01-30,Relatives of 18 missing NUP supporters storm High court,"Katana says they were hooded, handcuffed, and driven away, but her son together with three unknown others was later dropped at the Kireka Railway line.",True,,quality_technical_defect,0.22928383771639974,contract_management_failure,0.05889921262860298,quality_technical_defect,0.5,content_preferred,2024-01
The Observer,https://observer.ug/news/chief-justice-speaks-out-on-justice-lydia-mugambe-s-arrest-in-uk/,2024-10-31,Chief Justice speaks out on justice Lydia Mugambe’s arrest in UK,"The report identifies Mugambe, 49, who resides on Lyne Road, Kidlington, as having been charged with three serious offences: conspiracy to facilitate a breach of UK immigration law by a non-UK national, arranging or facilitating the travel of another person with the intent to exploit, and requiring a person to perform forced or compulsory labour.",True,,governance_oversight_failure,0.13536617973520776,payment_financial_dispute,0.13088122010231018,governance_oversight_failure,0.5,content_preferred,2024-10
The Observer,https://observer.ug/news/how-congo-s-timber-is-smuggled-through-uganda/,2024-04-10,How Congo’s timber is smuggled through Uganda,"This compensation is for damages to individuals, property, and natural resources that occurred as a result of Uganda’s military intervention in the DRC’s conflicts between 1998 and 2003.",True,land_row_dispute,land_row_dispute,0.275521146351124,land_row_dispute,0.3287997841835022,land_row_dispute,0.6510802326336566,agree,2024-04
The Observer,https://observer.ug/business/real-time-african-youth-employment-monitoring-platform-launched-in-nigeria/,2024-11-07,Real time African youth employment monitoring platform launched in Uganda,The Africa Youth Employment Clock leverages advanced data modelling and visualization to monitor real-time job growth and project employment trends across Africa’s labour markets.,True,,land_row_dispute,0.3464681275870007,delay_time_overrun,0.21397070586681366,land_row_dispute,0.5,content_preferred,2024-11
The Observer,https://observer.ug/news/top-officials-evade-tax-traders/,2024-04-10,Top officials evade tax – traders,"Barnabas Kiisa, UNCCI chairperson for Mbale city, voiced concerns about the allocation of land in the Mbale industrial park, citing the exclusion of local investors.",True,,land_row_dispute,0.25002219209804005,land_row_dispute,0.2268286943435669,land_row_dispute,0.6192127216104018,agree,2024-04
The Observer,https://observer.ug/news/top-officials-evade-tax-traders/,2024-04-10,Top officials evade tax – traders,"Kiisa highlighted his own experience, stating that despite meeting all criteria, he was denied land allocation due to alleged non-compliance with certain expectations. “When we were receiving the Mbale industrial park, we expected that it would allocate maybe 50 per cent of the land to local investors for them to invest.",True,,land_row_dispute,0.327377844950144,procurement_irregularity,0.26051807403564453,land_row_dispute,0.5,content_preferred,2024-04
The Observer,https://observer.ug/news/mathias-mpuuga-a-model-of-resilience/,2024-06-19,Mathias Mpuuga: a model of resilience?,"Consequently, these reforms caused an amendment of the Administration of Parliament Act of 1997 on August 4, 2006 to make the constitutionally mandated provisions for “(a) how [the LOP] is chosen and how [the LOP] ceases to hold that office; (b) his or her status; (c) his or her role and functions; and (d) the benefits and privileges attached to his or her office.” Speaking from some knowledge, the veteran legislator explained that while parliament had since 2010 progressively provided for the emoluments and benefits of a retired president, vice president, prime minister, speaker, deputy speaker, and of judicial officers as the national revenue increased, it was a self-evident “anomaly” that the basic constitutionally mandated rights of the LOP had been improperly sidelined yet it was also a constitutional office equivalent to that of the prime minister. “We are all leaders of the two divisions of parliament: prime minister is the team leader of the government side while LOP is the team leader of the opposition side,” urged Mpuuga, before highlighting a nuanced and much-ignored breach of equal opportunities in a multiparty dispensation. “The LOP and the prime minister perform the same coordination functions and the argument could be made that they should receive the same emoluments and benefits, even on retirement.” It is against this context that the leadership of the 11th parliament decided to address this historic complaint of marginalization in the inaugural session of the parliamentary commission, which is the appropriate organ to make feasible recommendations to parliament regarding the retirement “allowances payable and privileges available” to the previously disregarded parliamentary leadership offices that were introduced by the second amendment, and “to cause to be prepared in each financial year estimates of revenues and expenditure for parliament for the next financial year.” “Parliament had to figure out in advance a framework that would begin to curb this discriminative situation before the termination of the two-and-a-half-year mandate of the sitting LOP in December, 2023…The details or nitty gritty were handled by management and in the relevant committees.” On the whole, Mpuuga rejected social media charges of “corruption, abuse or misuse of power, and conflict of interest” or other criminal wrongdoing as the intolerant views of some members of the chattering classes who are not familiar with the intricate business of parliamentary budgeting as laid down in the relevant legal instruments and parliamentary conventions and traditions.",True,contract_management_failure,contract_management_failure,0.23584440639201149,governance_oversight_failure,0.21315401792526245,contract_management_failure,0.5,content_preferred,2024-06
The Observer,https://observer.ug/business/why-dubai-is-a-driving-force-for-ugandan-trade/,2024-12-30,Why Dubai is a driving force for Ugandan trade,"Dubai International Airport (DXB), with more than 87 million annual passengers, has become a hub connecting Uganda to international markets such as Europe, Canada, the UK, the USA and India.",True,,contract_management_failure,0.26798851368437665,delay_time_overrun,0.07574251294136047,contract_management_failure,0.5,content_preferred,2024-12
The Observer,https://observer.ug/business/why-dubai-is-a-driving-force-for-ugandan-trade/,2024-12-30,Why Dubai is a driving force for Ugandan trade,"This is a strong signal for Ugandan exporters, who see it as an opportunity to expand their presence in key markets.” Beyond trade, the Emirates are also among the largest investors in Uganda, with commitments of $3 billion in strategic sectors: energy, infrastructure, health, tourism and agribusiness.",True,,contract_management_failure,0.3139728927759643,payment_financial_dispute,0.07279517501592636,contract_management_failure,0.5,content_preferred,2024-12
The Observer,https://observer.ug/news/how-a-single-painting-tells-the-story-of-the-uganda-martyrs/,2024-06-15,How a single painting tells the story of the Uganda Martyrs,"This painting at the entrance to the Chapel at the Church of Uganda site captures, in a significant way, the ecumenical story of the Uganda Martyrs.",True,,land_row_dispute,0.2870023311358691,land_row_dispute,0.016392916440963745,land_row_dispute,0.5758488118942082,agree,2024-06
The Observer,https://observer.ug/news/how-a-single-painting-tells-the-story-of-the-uganda-martyrs/,2024-06-15,How a single painting tells the story of the Uganda Martyrs,It was Kisosonkole who collected the scattered relics of the Martyrs that had remained abandoned at Namugongo for years and buried them in a mass grave at the spot of the pier whose fire had consumed them in June 1886.,True,,delay_time_overrun,0.16138466215957684,land_row_dispute,0.02437400072813034,delay_time_overrun,0.5,content_preferred,2024-06
The Observer,https://observer.ug/news/how-a-single-painting-tells-the-story-of-the-uganda-martyrs/,2024-06-15,How a single painting tells the story of the Uganda Martyrs,"He donated the land on which the Church of Uganda site at Namugongo, including the museum, sits today.",True,,land_row_dispute,0.318962807525963,land_row_dispute,0.12099376320838928,land_row_dispute,0.6099891426835881,agree,2024-06
The Observer,https://observer.ug/news/how-a-single-painting-tells-the-story-of-the-uganda-martyrs/,2024-06-15,How a single painting tells the story of the Uganda Martyrs,"It was Archbishop Nkoyoyo, after retirement, who sourced for funding to build the Uganda Martyrs Museum at the Church of Uganda site.",True,,contract_management_failure,0.30794603960965,land_row_dispute,0.08824310451745987,contract_management_failure,0.5,content_preferred,2024-06
The Observer,https://observer.ug/news/civilians-in-army-courts-supreme-court-to-deliver-judgment-on-notice/,2024-05-14,Civilians in army courts: Supreme court to deliver judgment on notice,"In response, the Attorney General, represented by the commissioner for civil litigation George Kallemera and state attorneys; Geoffrey Madette and Brian Musota, agreed with Sseggona, noting that the appeal was heard on September 30, 2021. “We were allowed to highlight our submissions in court, and it was adjourned for judgment on notice,” said Kallemera.",True,,land_row_dispute,0.38763076235480626,land_row_dispute,0.3183801770210266,land_row_dispute,0.6765027348439582,agree,2024-05
The Observer,https://observer.ug/news/civilians-in-army-courts-supreme-court-to-deliver-judgment-on-notice/,2024-05-14,Civilians in army courts: Supreme court to deliver judgment on notice,"Owiny-Dollo acknowledged the delay in deciding the case, attributing it to unfortunate circumstances such as the deaths of two justices and the retirement of two others, which necessitated reconstituting the panel. “We had to reconstitute and hear the matter afresh since we had no control over the matters.",True,delay_time_overrun,delay_time_overrun,0.32449056518909436,contract_management_failure,0.3510656952857971,delay_time_overrun,0.5,content_preferred,2024-05
The Observer,https://observer.ug/news/kabale-university-deputy-vc-basheka-sacked-over-abuse-of-office/,2024-03-16,Kabale University deputy VC Basheka sacked over abuse of office,"On February 7, 2024, Basheka petitioned the office of the National Council for Higher Education (NCHE) demanding intervention and investigations about the mismanagement of students’ results at Kabale University, de-enrolment of some students by the academic registrar’s department to sit exams without knowledge of the finance department, existence of many inactive students in the system, unauthorized changes in fees structures of some students when the finance department is not aware and unauthorized change of students from private students to government sponsorship among others. inarticle} inarticle}",True,governance_oversight_failure,governance_oversight_failure,0.27605834706138993,procurement_irregularity,0.22867019474506378,governance_oversight_failure,0.5,content_preferred,2024-03
The Observer,https://observer.ug/news/speaker-among-blocks-debate-on-parliament-corruption/,2024-03-16,Speaker Among blocks debate on parliament corruption,"The opposition also wants a transparent explanation of how Mama Bukedea FM, a local radio station owned and situated in Among’s constituency purportedly secured a Shs 3 billion advertising contract from parliament.",True,,contract_management_failure,0.32660781573597075,procurement_irregularity,0.14635255932807922,contract_management_failure,0.5,content_preferred,2024-03
The Observer,https://observer.ug/news/how-billions-vanish-in-government/,2024-01-17,How billions vanish in government,"One notable focus of this audit revolved around the meticulous assessment of the implementation of the approved budget, a vital component of government financial accountability.",True,governance_oversight_failure,governance_oversight_failure,0.2718345319344953,governance_oversight_failure,0.32295122742652893,governance_oversight_failure,0.648696439840256,agree,2024-01
The Observer,https://observer.ug/news/how-billions-vanish-in-government/,2024-01-17,How billions vanish in government,"Furthermore, a close examination was conducted into the implementation of the Parish Development Model (PDM), a flagship programme aimed at bolstering local development.",True,,delay_time_overrun,0.27715068887769334,governance_oversight_failure,0.1598576307296753,delay_time_overrun,0.5,content_preferred,2024-01
The Observer,https://observer.ug/news/how-billions-vanish-in-government/,2024-01-17,How billions vanish in government,"This underutilization can be attributed to inadequate funds in the consolidated fund account, the cancellation of invoices, non-implementation of activities by ministries, departments, agencies, and local governments, and delayed fund releases, among other challenges.",True,delay_time_overrun,delay_time_overrun,0.355321149163748,governance_oversight_failure,0.36978408694267273,delay_time_overrun,0.5,content_preferred,2024-01
The Observer,https://observer.ug/news/how-billions-vanish-in-government/,2024-01-17,How billions vanish in government,"As a recommendation, the auditor general emphasized the need for the government to address implementation bottlenecks that hinder accounting officers from effectively utilizing available warrants.",True,,procurement_irregularity,0.20487382209444996,governance_oversight_failure,0.3477889895439148,procurement_irregularity,0.5,content_preferred,2024-01
The Observer,https://observer.ug/news/how-billions-vanish-in-government/,2024-01-17,How billions vanish in government,"IMPLEMENTATION OF PDM The Parish Development Model (PDM) is a governmental strategy designed to uplift the economic well-being of Ugandan households, with the ambitious target of transforming 39 per cent of these households from subsistence living to active participation in the money economy.",True,,delay_time_overrun,0.1732366419918471,governance_oversight_failure,0.11959372460842133,delay_time_overrun,0.5,content_preferred,2024-01
The Observer,https://observer.ug/news/how-billions-vanish-in-government/,2024-01-17,How billions vanish in government,"To achieve this goal, substantial financial resources have been allocated and disbursed, but the auditor general’s report reveals a series of challenges and discrepancies in the program’s implementation.",True,,delay_time_overrun,0.27903509892832257,payment_financial_dispute,0.3865059018135071,delay_time_overrun,0.5,content_preferred,2024-01
The Observer,https://observer.ug/news/how-billions-vanish-in-government/,2024-01-17,How billions vanish in government,It was recommended that these individuals be removed from the validated payroll to rectify this financial irregularity.,True,,quality_technical_defect,0.16656872273471085,payment_financial_dispute,0.38437098264694214,payment_financial_dispute,0.5,semantic_override,2024-01
The Observer,https://observer.ug/news/how-billions-vanish-in-government/,2024-01-17,How billions vanish in government,"According to the report, the board issued guidelines providing for a one-year grace period after completion of studies for total loan recovery within a maximum period double the years of the beneficiary’s course.",True,,procurement_irregularity,0.11226795790409026,payment_financial_dispute,0.24187329411506653,procurement_irregularity,0.5,content_preferred,2024-01
The Observer,https://observer.ug/news/how-billions-vanish-in-government/,2024-01-17,How billions vanish in government,"Dr Diana Atwine, the permanent secretary of the ministry of health, explained that the procurement of Covid-19 vaccines was speculative due to the ongoing pandemic.",True,procurement_irregularity,procurement_irregularity,0.27151346495795686,delay_time_overrun,0.1571955531835556,procurement_irregularity,0.5,content_preferred,2024-01
The Observer,https://observer.ug/news/how-billions-vanish-in-government/,2024-01-17,How billions vanish in government,"LOSS OF RAILWAY MATERIALS Over the last two years, the corporation has incurred significant losses, which increased by 9.2% compared to the previous year’s loss of Shs 32.2 billion, despite a revenue increase of 13.83%.",True,,quality_technical_defect,0.320534127034817,quality_technical_defect,0.27729344367980957,quality_technical_defect,0.6494568926786566,agree,2024-01
The Observer,https://observer.ug/news/how-billions-vanish-in-government/,2024-01-17,How billions vanish in government,"The losses were also attributed to the theft of materials and equipment for the rehabilitation of the Tororo-Gulu railway line, valued at €3,083,846 (Shs 12.8 billion) and €3,767,742 (Shs 14.2 billion).",True,,land_row_dispute,0.22580327507315867,procurement_irregularity,0.18831096589565277,land_row_dispute,0.5,content_preferred,2024-01
The Observer,https://observer.ug/news/how-billions-vanish-in-government/,2024-01-17,How billions vanish in government,This suggests a potential lack of effective systems to secure and monitor stock during project implementation.,True,,governance_oversight_failure,0.22498006756657696,governance_oversight_failure,0.3163278102874756,governance_oversight_failure,0.6353269694635131,agree,2024-01
The Observer,https://observer.ug/news/how-billions-vanish-in-government/,2024-01-17,How billions vanish in government,"Furthermore, the auditor general recommended the implementation of an effective system to secure and monitor stock during project implementation.",True,,delay_time_overrun,0.1961374667874748,payment_financial_dispute,0.2105703353881836,delay_time_overrun,0.5,content_preferred,2024-01
The Observer,https://observer.ug/news/how-billions-vanish-in-government/,2024-01-17,How billions vanish in government,"DELAYED CONSTRUCTION OF STANDARD GAUGE RAILWAY (SGR) The first phase of the SGR project, covering the Malaba-Kampala route (273 km), was expected to account for 15.8% of the total proposed project length of 1,724 km.",True,delay_time_overrun,delay_time_overrun,0.3691096837920769,delay_time_overrun,0.2949066758155823,delay_time_overrun,0.6660040899019148,agree,2024-01
The Observer,https://observer.ug/news/how-billions-vanish-in-government/,2024-01-17,How billions vanish in government,"However, Shs 134 billion was spent on compensation for project-affected persons (PAPs) along the same route, and the project has not commenced.",True,land_row_dispute,land_row_dispute,0.5079641906528662,land_row_dispute,0.3504175543785095,land_row_dispute,0.7145954362578439,agree,2024-01
The Observer,https://observer.ug/news/how-billions-vanish-in-government/,2024-01-17,How billions vanish in government,The auditor general advised the accounting officer to collaborate with relevant stakeholders to secure the necessary funding to expedite the project implementation process.,True,,procurement_irregularity,0.21997639845095196,governance_oversight_failure,0.2880977988243103,procurement_irregularity,0.5,content_preferred,2024-01
The Observer,https://observer.ug/news/how-billions-vanish-in-government/,2024-01-17,How billions vanish in government,"ENGINEERING AUDIT AND ASSESSMENT OF INFRASTRUCTURE PROJECTS Under the UgIFT program, the World Bank allocated US$500 million to support decentralized services in various sectors.",True,,governance_oversight_failure,0.36613746657106,payment_financial_dispute,0.24558599293231964,governance_oversight_failure,0.5,content_preferred,2024-01
The Observer,https://observer.ug/news/how-billions-vanish-in-government/,2024-01-17,How billions vanish in government,An engineering audit was conducted on the construction of 62 seed secondary schools and the upgrading of 54 HC IIs to IIIs.,True,,land_row_dispute,0.27088423562852126,quality_technical_defect,0.2274419665336609,land_row_dispute,0.5,content_preferred,2024-01
The Observer,https://observer.ug/news/how-billions-vanish-in-government/,2024-01-17,How billions vanish in government,The auditor general advised the accounting officers to ensure the integrity of construction materials through testing and expedite project implementation for timely service delivery.,True,,delay_time_overrun,0.3382753448033863,payment_financial_dispute,0.3689979016780853,delay_time_overrun,0.5,content_preferred,2024-01
The Observer,https://observer.ug/news/how-billions-vanish-in-government/,2024-01-17,How billions vanish in government,"REVIEW OF INVESTMENT IN ATIAK SUGAR The government of Uganda owns 40 per cent of the shareholding in Horyal Investment Holding Company (HIHC), which oversees Atiak Sugar Factory.",True,,land_row_dispute,0.16338159353057943,payment_financial_dispute,0.1688990294933319,land_row_dispute,0.5,content_preferred,2024-01
The Observer,https://observer.ug/news/how-billions-vanish-in-government/,2024-01-17,How billions vanish in government,"Furthermore, some funds meant for specific purposes, such as the procurement of trucks, were diverted to other uses.",True,procurement_irregularity,procurement_irregularity,0.6420686102469471,payment_financial_dispute,0.24855729937553406,procurement_irregularity,0.6420686102469471,content_preferred,2024-01
The Observer,https://observer.ug/news/mp-ssemujju-mayor-nyanjura-remanded-over-anti-kenya-protest-march/,2024-08-05,"MP Ssemujju, mayor Nyanjura remanded over anti-Kenya protests","FDC chairman Ambassador Wasswa Biriggwa, in a letter to the Kenyan High Commissioner, demanded answers and condemned the abduction, highlighting the breach of trust and sovereignty.",True,,contract_management_failure,0.21890514668858976,land_row_dispute,0.18052923679351807,contract_management_failure,0.5,content_preferred,2024-08
The Observer,https://observer.ug/news/kyagulanyi-shot-as-police-accuses-him-of-injuring-self/,2024-09-03,Kyagulanyi shot as police accuses him of injuring self,"Police officers on site claim he stumbled while getting into his vehicle, causing the injury, whereas Hon.",True,,land_row_dispute,0.17820846156297546,contract_management_failure,0.15554314851760864,land_row_dispute,0.5,content_preferred,2024-09
The Observer,https://observer.ug/news/inside-musenero-s-shs-600bn-bukedi-region-s-wealth-development-plan/,2024-08-27,Inside Musenero’s Shs 600bn Bukedi region’s wealth dev’t plan,"The plan’s architects suggest a phased approach to implementation, with the first phase focusing on activities that will enable households to achieve an annual income leap of Shs 5 million. inarticle} inarticle}",True,,procurement_irregularity,0.479439599320227,delay_time_overrun,0.2005368173122406,procurement_irregularity,0.5,content_preferred,2024-08
The Observer,https://observer.ug/news/chad-president-orders-french-troops-to-leave/,2024-12-03,Chad President orders French troops to leave,"He accused Deby of not consulting his government before making the decision, a claim VOA could not independently verify. inarticle} inarticle}",True,,procurement_irregularity,0.324124503992547,procurement_irregularity,0.3036525249481201,procurement_irregularity,0.6569442572351668,agree,2024-12
The Observer,https://observer.ug/news/luwero-employer-wanted-for-torturing-15-year-old-worker-to-death/,2024-03-25,Luwero employer wanted for torturing 15-year-old worker to death,"The wanted suspect is Kiwanuka Senkumba, also known as Kiwa, who works as an outside caterer at various events.",True,,land_row_dispute,0.2579181496442948,land_row_dispute,0.12861931324005127,land_row_dispute,0.5966343657210865,agree,2024-03
The Observer,https://observer.ug/news/latest-m23-rebels-congolese-army-clashes-leave-8-dead-9-injured/,2024-05-30,"Latest M23 rebels, Congolese army clashes leave 8 dead, 9 injured","Earlier on May 3, 2024, 35 people were killed by bombs in a camp for displaced locals in Lushagala site.",True,,land_row_dispute,0.2895537306485926,land_row_dispute,0.09433362632989883,land_row_dispute,0.5959718392446228,agree,2024-05
The Observer,https://observer.ug/news/east-africa-looks-to-uganda-in-fight-against-epidemics/,2025-06-02,East Africa looks to Uganda in fight against epidemics,"These portable facilities are designed to offer intensive care even in remote locations. “Previously, accessing ICU services during outbreaks in hard-to-reach areas was extremely difficult,” said Muruta. “This new facility is a game-changer, not just for Uganda, but for other countries in the region.” Dr Mazyanga Lucy Mazaba, regional director for Africa CDC Eastern Africa, said the simulation exercise aims to harmonise outbreak responses across countries. “Over the years, we’ve seen that some countries have stronger capacities — in terms of workforce, systems, and infrastructure – while others lag behind,” Mazaba said. “Regardless of where they stand, we’ve brought these countries together to review the core pillars of emergency public health response.” Uganda was chosen to host the training due to its proven track record in handling major outbreaks like Ebola and Mpox.",True,,land_row_dispute,0.2751817425665397,governance_oversight_failure,0.12810763716697693,land_row_dispute,0.5,content_preferred,2025-06
The Observer,https://observer.ug/business/abim-artisanal-miners-granted-gold-mining-license/,2025-10-30,Abim artisanal miners granted gold mining license,"The minister of Energy and Mineral Development, Ruth Nankabirwa, has officially handed over a gold mining license to the Kakoka Artisanal Miners Association in Abim district, on behalf of Euro Gold Refinery (U) SMC Ltd (EGR).",True,,land_row_dispute,0.3099676707125755,payment_financial_dispute,0.12316512316465378,land_row_dispute,0.5,content_preferred,2025-10
The Observer,https://observer.ug/business/abim-artisanal-miners-granted-gold-mining-license/,2025-10-30,Abim artisanal miners granted gold mining license,"Launched in July 2025 in Kampala, Euro Gold is Uganda’s first fully locally owned gold refinery.",True,,land_row_dispute,0.30813356963220967,delay_time_overrun,0.07002033293247223,land_row_dispute,0.5,content_preferred,2025-10
The Observer,https://observer.ug/news/from-kilometres-to-minutes-eu-unicef-safe-water-ends-long-treks-in-kiryandongo/,2025-10-22,From Kilometres to Minutes: EU–UNICEF safe water ends long treks in Kiryandongo,"Isaac Bwire, one of the engineers who supervised construction. “We designed it to keep running, all day, every day on either fuel or sunshine.” A DAY NO LONGER LOST TO WATER Huda Mohammad, 50, remembers walking nearly a kilometre each morning and then waiting another two or three hours in line to fill a single jerrycan. “There were always too many people,” she recalls, resting beside a yellow container now filled within minutes. “We all needed water for washing, cooking, and drinking.",True,,land_row_dispute,0.30187531170676457,delay_time_overrun,0.19811439514160156,land_row_dispute,0.5,content_preferred,2025-10
The Observer,https://observer.ug/news/from-kilometres-to-minutes-eu-unicef-safe-water-ends-long-treks-in-kiryandongo/,2025-10-22,From Kilometres to Minutes: EU–UNICEF safe water ends long treks in Kiryandongo,"What once consumed half her day now takes barely 10 minutes. “I am so grateful to UNICEF and the donors who supported this project,” she says.",True,,delay_time_overrun,0.2850828212974708,delay_time_overrun,0.21008604764938354,delay_time_overrun,0.6237922172367136,agree,2025-10
The Observer,https://observer.ug/news/from-kilometres-to-minutes-eu-unicef-safe-water-ends-long-treks-in-kiryandongo/,2025-10-22,From Kilometres to Minutes: EU–UNICEF safe water ends long treks in Kiryandongo,"But with the latest influx from Sudan in 2023 and 2024, the population surged faster than infrastructure could keep up.",True,,delay_time_overrun,0.23336205631340334,delay_time_overrun,0.17019161581993103,delay_time_overrun,0.6008884180333336,agree,2025-10
The Observer,https://observer.ug/news/from-kilometres-to-minutes-eu-unicef-safe-water-ends-long-treks-in-kiryandongo/,2025-10-22,From Kilometres to Minutes: EU–UNICEF safe water ends long treks in Kiryandongo,"These new systems will bring it up to at least 20 litres per person per day.” Paul Semakula, UNICEF’s WASH Specialist, says Kiryandongo was selected because of the growing number of refugees arriving from Sudan since mid-2024. “New families are still coming every week,” he says. “Yet, before this project, each person had access to only about nine liters of water a day, less than half the minimum humanitarian standard.” “Our goal was to provide safe, reliable water close to where people live while reducing the costly water trucking that has been ongoing since 2024,” Semakula explains.",True,,land_row_dispute,0.13431753517053968,delay_time_overrun,0.0650436133146286,land_row_dispute,0.5,content_preferred,2025-10
The Observer,https://observer.ug/news/from-kilometres-to-minutes-eu-unicef-safe-water-ends-long-treks-in-kiryandongo/,2025-10-22,From Kilometres to Minutes: EU–UNICEF safe water ends long treks in Kiryandongo,"For the women and children, traditionally responsible for fetching water, the change is profound. “When water is near, it saves time and energy,” Semakula says. “It also reduces the risk of disease and encourages handwashing, which helps prevent diarrheal illnesses and skin infections.” The success of the project rests on collaboration. “This has shown the power of partnerships,” he notes. “The EU provided funding, LWF and the district engineers oversaw construction, while UNICEF, UNHCR, and OPM ensured quality and monitoring.",True,,delay_time_overrun,0.30946058995486714,land_row_dispute,0.13017183542251587,delay_time_overrun,0.5,content_preferred,2025-10
The Observer,https://observer.ug/news/from-kilometres-to-minutes-eu-unicef-safe-water-ends-long-treks-in-kiryandongo/,2025-10-22,From Kilometres to Minutes: EU–UNICEF safe water ends long treks in Kiryandongo,That’s how we completed the project in just three months.”,True,,delay_time_overrun,0.1779560197497183,delay_time_overrun,0.3640155494213104,delay_time_overrun,0.6354928922927572,agree,2025-10
The Observer,https://observer.ug/business/government-collaborates-with-equity-bank-to-combat-poverty-in-busoga/,2025-10-15,Government collaborates with Equity bank to combat poverty in Busoga,"The government, in collaboration with Equity bank, recently inaugurated the National Oil Palm Project, an agricultural initiative designed to enhance the livelihoods of farmers in the Busoga sub-region.",True,,land_row_dispute,0.20233953048181721,land_row_dispute,0.17587918043136597,land_row_dispute,0.5945546777282958,agree,2025-10
The Observer,https://observer.ug/business/government-collaborates-with-equity-bank-to-combat-poverty-in-busoga/,2025-10-15,Government collaborates with Equity bank to combat poverty in Busoga,"Launched at the Mayuge District headquarters, the project aims to provide affordable credit and training to smallholder farmers engaged in palm oil cultivation.",True,,land_row_dispute,0.3464483777224453,land_row_dispute,0.10885892808437347,land_row_dispute,0.6138268264517047,agree,2025-10
The Observer,https://observer.ug/business/government-collaborates-with-equity-bank-to-combat-poverty-in-busoga/,2025-10-15,Government collaborates with Equity bank to combat poverty in Busoga,"During the launch event, the state minister for Agriculture, Fred Bwino Kyakulaga, emphasized the project’s potential to eradicate persistent poverty in Busoga by offering farmers a sustainable, long-term income source. “This initiative will significantly transform the lives of the people in Busoga, lifting them out of the chronic poverty that has plagued the region for so long,” Kyakulaga stated.",True,,quality_technical_defect,0.2089993662204305,land_row_dispute,0.178524911403656,quality_technical_defect,0.5,content_preferred,2025-10
The Observer,https://observer.ug/business/government-collaborates-with-equity-bank-to-combat-poverty-in-busoga/,2025-10-15,Government collaborates with Equity bank to combat poverty in Busoga,"Under this initiative, the government of Uganda has appointed Equity bank as the official fund manager, responsible for the disbursement and monitoring of project funds.",True,,delay_time_overrun,0.36821034282602066,governance_oversight_failure,0.21680009365081787,delay_time_overrun,0.5,content_preferred,2025-10
The Observer,https://observer.ug/business/government-collaborates-with-equity-bank-to-combat-poverty-in-busoga/,2025-10-15,Government collaborates with Equity bank to combat poverty in Busoga,"The minister emphasized that given Uganda’s substantial domestic demand for palm oil, soap and cosmetics, the project is poised to generate thousands of jobs and sustainable income streams. “Upon harvest, each farmer is projected to earn approximately Shs 2.5 million per month for 25 to 30 years,” he noted. “This project is a solution to the poverty and unemployment challenges in Busoga.”",True,,land_row_dispute,0.37096028067866216,delay_time_overrun,0.12296527624130249,land_row_dispute,0.5,content_preferred,2025-10
The Observer,https://observer.ug/news/soroti-schools-shun-scouts-training/,2025-07-07,Soroti schools shun scouts training,The call follows concern over the low turnout of Universal Primary Education (UPE) schools for a recent five-day scouts training held at Majengo camping site in Soroti city.,True,,delay_time_overrun,0.19149918007231442,delay_time_overrun,0.13393187522888184,delay_time_overrun,0.581357763825299,agree,2025-07
The Observer,https://observer.ug/news/soroti-schools-shun-scouts-training/,2025-07-07,Soroti schools shun scouts training,"He also addressed concerns over land encroachment on the Majengo camping site, warning that any attempt to claim the land would face legal consequences. “This land is crucial for national scouting activities.",True,,land_row_dispute,0.4541491097878952,land_row_dispute,0.2486206293106079,land_row_dispute,0.6756924347746258,agree,2025-07
The Observer,https://observer.ug/news/soroti-schools-shun-scouts-training/,2025-07-07,Soroti schools shun scouts training,"He noted that while central government support is insufficient, the educational value of scouting, such as teaching cooking, agriculture, socialization, and construction makes it a worthwhile investment.",True,,land_row_dispute,0.1942092079718114,governance_oversight_failure,0.17325004935264587,land_row_dispute,0.5,content_preferred,2025-07
The Observer,https://observer.ug/business/solar-power-partnership-to-bring-water-to-millions-across-country/,2025-11-12,Solar power partnership to bring water to millions across country,"The project, born from a presidential directive and backed by a €111 million partnership between the UK and Uganda, aims to bring clean water to over 2.5 million people and revolutionize agriculture for thousands of farming families.",True,,land_row_dispute,0.29398903227354245,land_row_dispute,0.19491633772850037,land_row_dispute,0.6222263425005107,agree,2025-11
The Observer,https://observer.ug/business/solar-power-partnership-to-bring-water-to-millions-across-country/,2025-11-12,Solar power partnership to bring water to millions across country,"The project directly supports the Ugandan government’s national goals of enhancing food security, empowering rural communities, and building climate-resonance.",True,,land_row_dispute,0.13837342357906435,land_row_dispute,0.17763066291809082,land_row_dispute,0.5790010216242888,agree,2025-11
The Observer,https://observer.ug/business/solar-power-partnership-to-bring-water-to-millions-across-country/,2025-11-12,Solar power partnership to bring water to millions across country,"By enabling modern irrigation across more than 4,500 acres, the project is shifting agricultural practices from rain- dependent subsistence to year-round production. “This project increases Uganda’s agricultural productive seasons from two to four per year,” said Dr Alfred Okot Okidi, the permanent secretary of the ministry of Water and Environment. “Farmers gain agronomy training, access to market linkages, and support to grow high-value crops—including coffee, passion fruit and tomatoes.",True,,procurement_irregularity,0.2619427811579039,delay_time_overrun,0.17208334803581238,procurement_irregularity,0.5,content_preferred,2025-11
The Observer,https://observer.ug/business/solar-power-partnership-to-bring-water-to-millions-across-country/,2025-11-12,Solar power partnership to bring water to millions across country,"Beyond the fields, the project is a major public health intervention.",True,,procurement_irregularity,0.4149191746516696,delay_time_overrun,0.1951504796743393,procurement_irregularity,0.5,content_preferred,2025-11
The Observer,https://observer.ug/business/solar-power-partnership-to-bring-water-to-millions-across-country/,2025-11-12,Solar power partnership to bring water to millions across country,"Rikki Verma, Group CEO of Nexus Green, emphasized the project’s broader vision. “This project is more than irrigation.",True,,governance_oversight_failure,0.3600628675770877,land_row_dispute,0.13158056139945984,governance_oversight_failure,0.5,content_preferred,2025-11
The Observer,https://observer.ug/news/kampala-city-hall-court-sentences-several-for-walking-on-city-grass/,2025-04-17,Kampala City Hall court convicts several for walking on city grass,"Under the leadership of executive director Hajati Sharifah Buzeki, KCCA has intensified operations aimed at beautifying the city, including crackdowns on illegal garbage disposal and restoration of green spaces along city roads.",True,,delay_time_overrun,0.29125525313343426,delay_time_overrun,0.13783395290374756,delay_time_overrun,0.6072723015092955,agree,2025-04
The Observer,https://observer.ug/news/kenyan-lawyer-karua-granted-practising-licence-to-represent-besigye/,2025-01-06,Kenyan lawyer Karua granted practising licence to represent Besigye,"Separately, Besigye and three other human rights defenders have challenged their arrest and trial at the East African Court of Justice, seeking $100,000 in compensation for what they term an illegal cross-border arrest and detention.",True,land_row_dispute,land_row_dispute,0.39353342804552816,land_row_dispute,0.302094966173172,land_row_dispute,0.673907098554675,agree,2025-01
The Observer,https://observer.ug/news/minister-namunganza-denounces-social-media-nrm-results/,2025-07-22,Minister Namunganza denounces ‘social media’ NRM results,"However, the delay in releasing official results has sparked protests and confusion, with some supporters taking to the streets to burn NRM-branded T-shirts and block roads.",True,delay_time_overrun,delay_time_overrun,0.2790024378002208,land_row_dispute,0.27071940898895264,delay_time_overrun,0.5,content_preferred,2025-07
The Observer,https://observer.ug/news/minister-namunganza-denounces-social-media-nrm-results/,2025-07-22,Minister Namunganza denounces ‘social media’ NRM results,"One indicates incumbent Paul Akamba defeated Joel Azalwa with 34,269 votes to 32,315, while another form shows Azalwa as the winner, having polled 35,249 votes to Akamba’s 34,269. “This kind of election mismanagement has created anxiety among my supporters.",True,governance_oversight_failure,governance_oversight_failure,0.2629094994193717,procurement_irregularity,0.1258774846792221,governance_oversight_failure,0.5,content_preferred,2025-07
The Observer,https://observer.ug/news/minister-namunganza-denounces-social-media-nrm-results/,2025-07-22,Minister Namunganza denounces ‘social media’ NRM results,"This delay is draining and disheartening,” Nakisita said.",True,delay_time_overrun,delay_time_overrun,0.7266693553730869,delay_time_overrun,0.3393322229385376,delay_time_overrun,0.7665003945779061,agree,2025-07
The Observer,https://observer.ug/news/mulago-hospital-to-start-liver-transplants-next-year/,2025-12-23,Mulago hospital to start liver transplants next year,Nakibuuka said the certification followed the implementation of several reforms aimed at improving healthcare service delivery and will help Mulago maintain consistent quality standards while ensuring compliance with regulatory requirements.,True,,delay_time_overrun,0.36375115015010523,quality_technical_defect,0.22599095106124878,delay_time_overrun,0.5,content_preferred,2025-12
The Observer,https://observer.ug/news/munyagwa-vows-to-deport-all-foreigners-engaged-in-petty-trade/,2025-12-01,Munyagwa vows to deport all foreigners engaged in petty trade,"He highlighted sectors such as health, education, road infrastructure, electricity connectivity, and agriculture as priorities under his administration.",True,,land_row_dispute,0.061056744676244855,governance_oversight_failure,0.15469953417778015,land_row_dispute,0.5,content_preferred,2025-12
The Observer,https://observer.ug/business/how-mtn-ugandas-offshore-stash-sent-ura-on-the-hunt/,2015-10-09,How MTN Uganda’s offshore stash sent URA on the hunt,"MTN Uganda has been accused of failing to provide evidence to justify shifting huge amounts of cash out of Uganda to a briefcase company located in Mauritius, potentially lowering its tax bill in Uganda – the subject of which remains an ongoing dispute with Uganda Revenue Authority, it has emerged.",True,,procurement_irregularity,0.378924494726314,payment_financial_dispute,0.25486260652542114,procurement_irregularity,0.5,content_preferred,2015-10
The Observer,https://observer.ug/business/how-mtn-ugandas-offshore-stash-sent-ura-on-the-hunt/,2015-10-09,How MTN Uganda’s offshore stash sent URA on the hunt,"While the story of the dispute between MTN Uganda and URA is already in the public domain, a joint investigation by The Observer and Finance Uncovered , a global investigative journalism network, has unearthed details that break new ground in showing how multinational companies can structure their activities in an attempt to limit their tax assessment, and the struggles that tax authorities in poor countries such as Uganda have to endure in order to collect what they feel is due to the nation.",True,,procurement_irregularity,0.22777194496704858,land_row_dispute,0.2686527669429779,procurement_irregularity,0.5,content_preferred,2015-10
The Observer,https://observer.ug/business/how-mtn-ugandas-offshore-stash-sent-ura-on-the-hunt/,2015-10-09,How MTN Uganda’s offshore stash sent URA on the hunt,"Here is how this whole issue of management fees works: For every company , corporate income tax is one of the last things the company pays.",True,,land_row_dispute,0.255206132104666,payment_financial_dispute,0.23459099233150482,land_row_dispute,0.5,content_preferred,2015-10
The Observer,https://observer.ug/business/how-mtn-ugandas-offshore-stash-sent-ura-on-the-hunt/,2015-10-09,How MTN Uganda’s offshore stash sent URA on the hunt,MTN and the GIPC have told us that there is no dispute but that they are currently in talks over a new management fee agreement.,True,,land_row_dispute,0.13190359725767306,contract_management_failure,0.30931490659713745,land_row_dispute,0.5,content_preferred,2015-10
The Observer,https://observer.ug/business/how-mtn-ugandas-offshore-stash-sent-ura-on-the-hunt/,2015-10-09,How MTN Uganda’s offshore stash sent URA on the hunt,The dispute between MTN Uganda and the URA has dragged out for nearly four years now.,True,,delay_time_overrun,0.25039027762555754,contract_management_failure,0.2846342921257019,delay_time_overrun,0.5,content_preferred,2015-10
The Observer,https://observer.ug/business/how-mtn-ugandas-offshore-stash-sent-ura-on-the-hunt/,2015-10-09,How MTN Uganda’s offshore stash sent URA on the hunt,"Indeed, as Kennedy Onyoni, a spokesperson for the African Tax Administration Forum, a group of African government tax collectors, has said tax avoidance works by exploiting mismatches or weaknesses in the law in different countries.",True,,land_row_dispute,0.3322449684233043,governance_oversight_failure,0.25825729966163635,land_row_dispute,0.5,content_preferred,2015-10
The Observer,https://observer.ug/business/how-mtn-ugandas-offshore-stash-sent-ura-on-the-hunt/,2015-10-09,How MTN Uganda’s offshore stash sent URA on the hunt,A report jointly commissioned by the United Nations and the African Union and drafted by a high-level panel led by former South African president Thabo Mbeki considered tax avoidance by multinationals to be an “illicit financial flow” and a significant drain on government resources across the continent.,True,,land_row_dispute,0.2710194365761008,payment_financial_dispute,0.24605776369571686,land_row_dispute,0.5,content_preferred,2015-10
The Observer,https://observer.ug/news/lira-high-court-declines-to-put-aside-2013-land-dispute-ruling/,2025-01-27,Lira High court declines to put aside 2013 land dispute ruling,The High court sitting in Lira has denied an application to set aside a court order seeking to dismiss a 2013 land appeal suit.,True,,land_row_dispute,0.3471230038395389,land_row_dispute,0.16950885951519012,land_row_dispute,0.6291579658386822,agree,2025-01
The Observer,https://observer.ug/news/lira-high-court-declines-to-put-aside-2013-land-dispute-ruling/,2025-01-27,Lira High court declines to put aside 2013 land dispute ruling,"In August 2024, Jimmy Okao and Sam Ojok (now deceased) filed an application praying to have the order of justice Duncan Gaswaga dismissing land appeal no.003 of 2013 set aside and the appeal reinstated for hearing on merit.",True,,contract_management_failure,0.290605666405201,contract_management_failure,0.2274285852909088,contract_management_failure,0.6295085629240275,agree,2025-01
The Observer,https://observer.ug/news/lira-high-court-declines-to-put-aside-2013-land-dispute-ruling/,2025-01-27,Lira High court declines to put aside 2013 land dispute ruling,"In their application, the duo argued that because the land dispute is contentious, the interest of justice dictates that the application is allowed and the appeal heard on merit.",True,,land_row_dispute,0.3357354286131247,land_row_dispute,0.36736875772476196,land_row_dispute,0.6757760465844717,agree,2025-01
The Observer,https://observer.ug/news/lira-high-court-declines-to-put-aside-2013-land-dispute-ruling/,2025-01-27,Lira High court declines to put aside 2013 land dispute ruling,"They further claimed that although he (Okao) was diligently following the appeal from 2013 to 2022 when the appeal lost its position, it was dismissed without their notice.",True,,land_row_dispute,0.3423921720932286,contract_management_failure,0.23983222246170044,land_row_dispute,0.5,content_preferred,2025-01
The Observer,https://observer.ug/news/lira-high-court-declines-to-put-aside-2013-land-dispute-ruling/,2025-01-27,Lira High court declines to put aside 2013 land dispute ruling,"However, in his ruling, justice Okello argued that dismissing the order which was issued over a decade ago in favour of Anyinge would open an opportunity for more suits. “By applicant’s own words, the decree-holders have since sold part of the suit land.",True,,land_row_dispute,0.3248719556638954,contract_management_failure,0.3361910581588745,land_row_dispute,0.5,content_preferred,2025-01
The Observer,https://observer.ug/news/lira-high-court-declines-to-put-aside-2013-land-dispute-ruling/,2025-01-27,Lira High court declines to put aside 2013 land dispute ruling,"This court is disinclined to re-open the gate wide for multiple suits when the applicant in the first place never bothered to prosecute his appeal for over a decade.” “I decline the application and dismiss it with costs to be paid by the applicant to the respondents,” Okello ruled.",True,,land_row_dispute,0.24555669654540777,procurement_irregularity,0.27297285199165344,land_row_dispute,0.5,content_preferred,2025-01
The Observer,https://observer.ug/news/lira-high-court-declines-to-put-aside-2013-land-dispute-ruling/,2025-01-27,Lira High court declines to put aside 2013 land dispute ruling,"He wondered why Okao never bothered to obtain a restraining order to protect his alleged interests in the suit land or exhibited seriousness in pursuing the appeal until after six months when his appeal was dismissed. “I wish to add that a litigant who does not wish to prosecute his/her case, should never file it in the first place and if he/she files one but fails to prosecute, court can do no better than to discontinue it.",True,,land_row_dispute,0.345643536358922,contract_management_failure,0.2871849834918976,land_row_dispute,0.5,content_preferred,2025-01
The Observer,https://observer.ug/news/lira-high-court-declines-to-put-aside-2013-land-dispute-ruling/,2025-01-27,Lira High court declines to put aside 2013 land dispute ruling,"Litigation should not be treated as an indefinite past-time.” He added: “Complainants should appreciate the pressure on the courts due to great increase in court cases and work-load which require courts to strike a balance between the need to conduct legal business efficiently in the interest of the whole community.” The order dismissing the appeal was issued by justice Gaswaga in June 2023, when Ojok and Okao who have been involved in a land dispute with Florence Anyinge, Geoffrey Apita and Paul Ojok failed to appear in court on several occasions when the appeal was scheduled for hearing.",True,,delay_time_overrun,0.22161524606970334,contract_management_failure,0.3953096568584442,delay_time_overrun,0.5,content_preferred,2025-01
The Observer,https://observer.ug/news/lira-high-court-declines-to-put-aside-2013-land-dispute-ruling/,2025-01-27,Lira High court declines to put aside 2013 land dispute ruling,"In his ruling, Gaswaga said “For quite a long time the parties herein have not followed up nor taken any steps to have this matter heard and concluded.",True,,land_row_dispute,0.3652510201027543,land_row_dispute,0.2420368641614914,land_row_dispute,0.6518219710660614,agree,2025-01
The Observer,https://observer.ug/news/lira-high-court-declines-to-put-aside-2013-land-dispute-ruling/,2025-01-27,Lira High court declines to put aside 2013 land dispute ruling,"On 24/2/2022, counsel for the appellant (Okao) confirmed that she had lost touch with her clients.",True,,land_row_dispute,0.3468284979868098,contract_management_failure,0.20735247433185577,land_row_dispute,0.5,content_preferred,2025-01
The Observer,https://observer.ug/news/lira-high-court-declines-to-put-aside-2013-land-dispute-ruling/,2025-01-27,Lira High court declines to put aside 2013 land dispute ruling,This is a clear indication that the parties have lost interest in having the matter prosecuted and concluded.,True,,land_row_dispute,0.3754956105200219,governance_oversight_failure,0.2501441240310669,land_row_dispute,0.5,content_preferred,2025-01
The Observer,https://observer.ug/news/lira-high-court-declines-to-put-aside-2013-land-dispute-ruling/,2025-01-27,Lira High court declines to put aside 2013 land dispute ruling,"Accordingly, it is hereby dismissed and the file closed.” Ojok had appealed the 2013 ruling of the Magistrate’s court which gave back ownership of the disputed and to Anyinge and her group.",True,,land_row_dispute,0.21111525480929683,contract_management_failure,0.26555514335632324,land_row_dispute,0.5,content_preferred,2025-01
The Observer,https://observer.ug/business/don-t-ban-crypto-currencies-regulate-them/,2022-06-01,"Don’t ban crypto currencies, regulate them",Crypto holders are going to resort to peer-to-peer transactions [that are more relaxed in their trading requirements] to bypass this bottleneck.,True,,delay_time_overrun,0.21944267273382634,contract_management_failure,0.19007734954357147,delay_time_overrun,0.5,content_preferred,2022-06
The Observer,https://observer.ug/business/don-t-ban-crypto-currencies-regulate-them/,2022-06-01,"Don’t ban crypto currencies, regulate them","With this anticipated background, it is expected of BoU [that has continually been tended by an elitist administration], to create room for disruptive innovations, and give crypto the benefit of litigation.",True,,delay_time_overrun,0.13328852630695603,contract_management_failure,0.21080070734024048,delay_time_overrun,0.5,content_preferred,2022-06
The Observer,https://observer.ug/business/taxing-shifts-in-company-control-in-uganda-the-fragile-framework-of-change-in-ownership-rules/,2025-07-09,Taxing shifts in company control in Uganda: The fragile framework of change in ownership rules,The main point of dispute is whether the portion allocated to Uganda reflects the actual economic value contributed by the Ugandan business to the group as a whole.,True,,delay_time_overrun,0.24366382611096526,land_row_dispute,0.3289165198802948,delay_time_overrun,0.5,content_preferred,2025-07
The Observer,https://observer.ug/business/taxing-shifts-in-company-control-in-uganda-the-fragile-framework-of-change-in-ownership-rules/,2025-07-09,Taxing shifts in company control in Uganda: The fragile framework of change in ownership rules,"The Office of the Attorney General, through its interpretation of the relevant provisions of the ITA, has reportedly taken the view that the current wording of the law presents significant challenges in implementation.",True,,governance_oversight_failure,0.15488574969290997,contract_management_failure,0.2861776649951935,governance_oversight_failure,0.5,content_preferred,2025-07
The Observer,https://observer.ug/news/severe-water-crisis-hits-kasese-municipality/,2025-01-13,Severe water crisis hits Kasese Municipality,"He revealed that efforts are underway to finalize infrastructure to tap water from River Kyanzutsu to the main treatment plant, aiming to increase the water supply for the community.",True,,delay_time_overrun,0.23237544406499855,land_row_dispute,0.14601942896842957,delay_time_overrun,0.5,content_preferred,2025-01
The Observer,https://observer.ug/news/cash-for-votes-scandal-rocks-ugandas-parliament/,2025-04-15,Cash-for-votes scandal rocks Uganda’s parliament,"This time, opposition MPs alleged that Shs 100 million was disbursed through a classified State House account, away from public scrutiny or standard budgetary processes, a claim parliament roundly denied. “This misuse of classified funds is now routine,” one caucus member stated. “Supplementary budgets are passed in a day—not because they are urgent, but because incentives follow in the shadows.” The opposition now demands transparency.",True,,land_row_dispute,0.4768256729478404,payment_financial_dispute,0.32326066493988037,land_row_dispute,0.5,content_preferred,2025-04
The Observer,https://observer.ug/news/cash-for-votes-scandal-rocks-ugandas-parliament/,2025-04-15,Cash-for-votes scandal rocks Uganda’s parliament,"LEGAL EXPERTS WEIGH IN George Musisi, a human rights lawyer, called the practice “official wastage” of public funds. “These payments are not just financial mismanagement; they undermine democracy,” he warned. “If lawmakers are voting based on bribes, we’ve replaced legislation with coercion.” Musisi argued that parliament has been repeatedly complicit in these schemes. “This is part of a long-running pattern— Shs 40 million in 2022, Shs 29 million in 2017, and so on.",True,governance_oversight_failure,governance_oversight_failure,0.27458208588332816,governance_oversight_failure,0.23514492809772491,governance_oversight_failure,0.6274317534952633,agree,2025-04
The Observer,https://observer.ug/business/banking-on-a-greener-future-with-green-finance-solutions-for-smes/,2025-10-02,Banking on a greener future with green finance solutions for SMEs,"More recently, a 2024 auditor general report, indicated a projection of Shs 12 trillion (approx. $3.2 billion) in potential losses from natural disasters, including building and transport infrastructure damage, by the year.",True,,land_row_dispute,0.23235790218508975,payment_financial_dispute,0.2126476764678955,land_row_dispute,0.5,content_preferred,2025-10
The Observer,https://observer.ug/news/ugandan-worker-allegedly-abandoned-by-uk-company-in-somalia/,2025-03-26,Ugandan worker allegedly abandoned by UK company in Somalia,"Jacinta Kaahwa, a Ugandan national who served for six years as a finance and administration officer in Mogadishu under the employment of UK-based security firm SafeLane Global, is now entangled in a prolonged legal and diplomatic battle after her sudden dismissal and abandonment in Somalia.",True,,delay_time_overrun,0.13122966557519522,land_row_dispute,0.13970376551151276,delay_time_overrun,0.5,content_preferred,2025-03
The Observer,https://observer.ug/news/ugandan-worker-allegedly-abandoned-by-uk-company-in-somalia/,2025-03-26,Ugandan worker allegedly abandoned by UK company in Somalia,"Kaahwa was hired in September 2016 through a recruitment process facilitated by ClearTech, a firm allegedly acting on behalf of SafeLane Global.",True,,land_row_dispute,0.2569887387271219,procurement_irregularity,0.1252724528312683,land_row_dispute,0.5,content_preferred,2025-03
The Observer,https://observer.ug/news/ugandan-worker-allegedly-abandoned-by-uk-company-in-somalia/,2025-03-26,Ugandan worker allegedly abandoned by UK company in Somalia,"Despite SafeLane later denying any formal employment relationship with her, Kaahwa insists that her pre-recruitment communication, contract, and work operations were all directly handled by SafeLane.",True,,delay_time_overrun,0.24640494382092953,contract_management_failure,0.24258501827716827,delay_time_overrun,0.5,content_preferred,2025-03
The Observer,https://observer.ug/news/ugandan-worker-allegedly-abandoned-by-uk-company-in-somalia/,2025-03-26,Ugandan worker allegedly abandoned by UK company in Somalia,"Her ordeal began in March 2022, when she narrowly survived a terrorist attack by the Al-Shabaab militant group at her workplace—an incident that left her with symptoms of post-traumatic stress disorder.",True,,land_row_dispute,0.15793311172030622,quality_technical_defect,0.10130590200424194,land_row_dispute,0.5,content_preferred,2025-03
The Observer,https://observer.ug/news/ugandan-worker-allegedly-abandoned-by-uk-company-in-somalia/,2025-03-26,Ugandan worker allegedly abandoned by UK company in Somalia,"Although her contract guaranteed compensation for mental trauma and other associated risks, Kaahwa says the company neither honoured this provision nor provided the necessary post-incident support.",True,land_row_dispute,land_row_dispute,0.2679930586969943,procurement_irregularity,0.2876237630844116,land_row_dispute,0.5,content_preferred,2025-03
The Observer,https://observer.ug/news/ugandan-worker-allegedly-abandoned-by-uk-company-in-somalia/,2025-03-26,Ugandan worker allegedly abandoned by UK company in Somalia,"Instead, SafeLane Global reportedly disowned her, shifting responsibility to ClearTech.",True,,governance_oversight_failure,0.19724737726588307,contract_management_failure,0.16235561668872833,governance_oversight_failure,0.5,content_preferred,2025-03
The Observer,https://observer.ug/news/ugandan-worker-allegedly-abandoned-by-uk-company-in-somalia/,2025-03-26,Ugandan worker allegedly abandoned by UK company in Somalia,"With mounting threats and harassment from both known and unknown individuals, including some Somali politicians, Kaahwa sought refuge at the Ugandan embassy in Mogadishu, where she remained for several months while pursing justice.",True,,delay_time_overrun,0.3739908904326419,land_row_dispute,0.1477545201778412,delay_time_overrun,0.5,content_preferred,2025-03
The Observer,https://observer.ug/news/ugandan-worker-allegedly-abandoned-by-uk-company-in-somalia/,2025-03-26,Ugandan worker allegedly abandoned by UK company in Somalia,Kaahwa turned to various legal and institutional channels for redress.,True,,delay_time_overrun,0.19432588123535374,contract_management_failure,0.19301962852478027,delay_time_overrun,0.5,content_preferred,2025-03
The Observer,https://observer.ug/news/ugandan-worker-allegedly-abandoned-by-uk-company-in-somalia/,2025-03-26,Ugandan worker allegedly abandoned by UK company in Somalia,"She filed complaints with the Dispute Resolution Committee under the Somali Ministry of Labour and Social Affairs, the Banadir Regional Court, and eventually the Supreme Court of Somalia—all of which ruled in her favour.",True,,procurement_irregularity,0.12492412051558946,land_row_dispute,0.36268696188926697,land_row_dispute,0.5,semantic_override,2025-03
The Observer,https://observer.ug/news/ugandan-worker-allegedly-abandoned-by-uk-company-in-somalia/,2025-03-26,Ugandan worker allegedly abandoned by UK company in Somalia,"These rulings directed SafeLane Global to reinstate her and compensate her for damages, insurance violations, and withheld benefits.",True,,land_row_dispute,0.22245886573887,contract_management_failure,0.2692468762397766,land_row_dispute,0.5,content_preferred,2025-03
The Observer,https://observer.ug/news/ugandan-worker-allegedly-abandoned-by-uk-company-in-somalia/,2025-03-26,Ugandan worker allegedly abandoned by UK company in Somalia,"However, the orders remain unenforced.",True,,land_row_dispute,0.14114805892460972,contract_management_failure,0.3853645622730255,contract_management_failure,0.5,semantic_override,2025-03
The Observer,https://observer.ug/news/ugandan-worker-allegedly-abandoned-by-uk-company-in-somalia/,2025-03-26,Ugandan worker allegedly abandoned by UK company in Somalia,Kaahwa’s lawyer alleges that SafeLane has resorted to illegal lobbying against those rulings and proceedings in courts.,True,,delay_time_overrun,0.18430152076992207,land_row_dispute,0.234025776386261,delay_time_overrun,0.5,content_preferred,2025-03
The Observer,https://observer.ug/news/ugandan-worker-allegedly-abandoned-by-uk-company-in-somalia/,2025-03-26,Ugandan worker allegedly abandoned by UK company in Somalia,"Despite garnering sympathy from multiple local and international bodies—including the United Nations Mine Action Service, Somali presidency, the Federation of Somali Trade Unions, and the UN Mission’s Human Rights Division—Kaahwa’s case has seen little progress.",True,,land_row_dispute,0.3667981965130533,land_row_dispute,0.222030907869339,land_row_dispute,0.647207276095598,agree,2025-03
The Observer,https://observer.ug/news/ugandan-worker-allegedly-abandoned-by-uk-company-in-somalia/,2025-03-26,Ugandan worker allegedly abandoned by UK company in Somalia,"After escalating the matter to Uganda’s ministry of Foreign Affairs and raising it in parliament, it took on a diplomatic dimension involving Uganda, the United Kingdom and Somalia.",True,,contract_management_failure,0.2295815924793576,contract_management_failure,0.15607134997844696,contract_management_failure,0.5964132356144511,agree,2025-03
The Observer,https://observer.ug/news/ugandan-worker-allegedly-abandoned-by-uk-company-in-somalia/,2025-03-26,Ugandan worker allegedly abandoned by UK company in Somalia,"She was advised to return to Uganda to pursue the case from there, which she did.",True,,contract_management_failure,0.3489337585683258,land_row_dispute,0.20149007439613342,contract_management_failure,0.5,content_preferred,2025-03
The Observer,https://observer.ug/news/ugandan-worker-allegedly-abandoned-by-uk-company-in-somalia/,2025-03-26,Ugandan worker allegedly abandoned by UK company in Somalia,"In December 2024, Kaahwa filed a formal complaint through the United Nations Human Rights Commission’s online portal, tagging several UN working groups. “That was during the Christmas season; so, responses were delayed, but I intend to keep pushing that path,” she said.",True,delay_time_overrun,delay_time_overrun,0.2697878885135749,land_row_dispute,0.3299957811832428,delay_time_overrun,0.5,content_preferred,2025-03
The Observer,https://observer.ug/news/ugandan-worker-allegedly-abandoned-by-uk-company-in-somalia/,2025-03-26,Ugandan worker allegedly abandoned by UK company in Somalia,"Now, with legal representation from Unite Law Chambers, a Mogadishu-based law firm, Kaahwa is seeking justice through the British court system.",True,,land_row_dispute,0.2828588833580303,land_row_dispute,0.16534192860126495,land_row_dispute,0.6120502029898238,agree,2025-03
The Observer,https://observer.ug/news/ugandan-worker-allegedly-abandoned-by-uk-company-in-somalia/,2025-03-26,Ugandan worker allegedly abandoned by UK company in Somalia,"Her lawyer, Advocate Junaid Egale, has already travelled to London to initiate proceedings against IGNE Group Ltd—the parent company of both SafeLane Global and ClearTechME DMCC. “We are convinced this is a clear case of modern-day slavery,” Egale told The Observer. “Kaahwa was hired in Uganda by SafeLane Global Uganda, deployed to Somalia by SafeLane Global Somalia, and now abandoned without compensation or recognition.” Kaahwa is claiming over $15 million in damages for unlawful dismissal, unpaid salaries, breach of insurance rights, mental health trauma, legal fees, and the cost of being stranded in a foreign country without support.",True,land_row_dispute,land_row_dispute,0.4646541068710088,contract_management_failure,0.27829527854919434,land_row_dispute,0.5,content_preferred,2025-03
The Observer,https://observer.ug/news/ugandan-worker-allegedly-abandoned-by-uk-company-in-somalia/,2025-03-26,Ugandan worker allegedly abandoned by UK company in Somalia,"She further alleges racial and gender discrimination, stating that SafeLane replaced her with a white South African, Rodney Venter, whose daily pay was three times hers.",True,,land_row_dispute,0.22168203256762442,land_row_dispute,0.1638585925102234,land_row_dispute,0.596385156269462,agree,2025-03
The Observer,https://observer.ug/news/ugandan-worker-allegedly-abandoned-by-uk-company-in-somalia/,2025-03-26,Ugandan worker allegedly abandoned by UK company in Somalia,"Her request for a salary increment in July 2022 was denied, with the company citing cost-cutting measures.",True,,land_row_dispute,0.20755574219887446,procurement_irregularity,0.26382163166999817,land_row_dispute,0.5,content_preferred,2025-03
The Observer,https://observer.ug/news/ugandan-worker-allegedly-abandoned-by-uk-company-in-somalia/,2025-03-26,Ugandan worker allegedly abandoned by UK company in Somalia,Kaahwa’s case shines a light on the challenges faced by African professionals working in international conflict zones such as war-torn Somalia under foreign contractors.,True,,land_row_dispute,0.2707419796624534,land_row_dispute,0.2495114654302597,land_row_dispute,0.6300633612731783,agree,2025-03
The Observer,https://observer.ug/news/ugandan-worker-allegedly-abandoned-by-uk-company-in-somalia/,2025-03-26,Ugandan worker allegedly abandoned by UK company in Somalia,"It also raises important questions about labour rights, accountability, and the ethical responsibilities of multinational corporations operating in vulnerable regions.",True,governance_oversight_failure,governance_oversight_failure,0.2944356826619684,payment_financial_dispute,0.23025254905223846,governance_oversight_failure,0.5,content_preferred,2025-03
The Observer,https://observer.ug/news/ugandan-worker-allegedly-abandoned-by-uk-company-in-somalia/,2025-03-26,Ugandan worker allegedly abandoned by UK company in Somalia,"As the legal battle now moves to UK jurisdiction, Kaahwa hopes that justice delayed will not be justice denied.",True,delay_time_overrun,delay_time_overrun,0.3634767559515413,land_row_dispute,0.24361562728881836,delay_time_overrun,0.5,content_preferred,2025-03
The Observer,https://observer.ug/news/we-decided-to-rob-diamond-trust-bank-to-pay-ourselves-security-guard/,2025-04-29,We decided to rob Diamond Trust Bank to pay ourselves – security guard,"One of the suspects in the foiled robbery at Diamond Trust Bank (DTB) in Kavumba, Wakiso district, has told police that the heist was intended to compensate themselves after months of unpaid wages.",True,,governance_oversight_failure,0.257051097878186,payment_financial_dispute,0.27321237325668335,governance_oversight_failure,0.5,content_preferred,2025-04
The Observer,https://observer.ug/news/we-decided-to-rob-diamond-trust-bank-to-pay-ourselves-security-guard/,2025-04-29,We decided to rob Diamond Trust Bank to pay ourselves – security guard,Detectives are now engaging GKA Security Company to verify the guards’ claims of unpaid wages.,True,,land_row_dispute,0.20296625450699934,payment_financial_dispute,0.24211645126342773,land_row_dispute,0.5,content_preferred,2025-04
The Observer,https://observer.ug/news/is-uganda-truly-a-prime-destination-for-investors/,2024-04-24,Is Uganda truly a prime destination for investors?,"In this scheme, wealthy foreign nationals willing to invest $800,000 [Shs 3 billion] to $1 million in an approved project that promises to create jobs for Americans, are set on a path to legal residency in the USA.",True,,land_row_dispute,0.3441014875779382,land_row_dispute,0.12638485431671143,land_row_dispute,0.6176215854736624,agree,2024-04
The Observer,https://observer.ug/news/is-uganda-truly-a-prime-destination-for-investors/,2024-04-24,Is Uganda truly a prime destination for investors?,This project was shut down because the UK was leery of dirty money from Russian investors.,True,,delay_time_overrun,0.31707001542601176,land_row_dispute,0.28896889090538025,delay_time_overrun,0.5,content_preferred,2024-04
The Observer,https://observer.ug/news/from-bududa-to-mbarara-ugandas-campaign-trail-turns-chaotic/,2025-11-12,"From Bududa to Mbarara, Uganda’s campaign trail turns chaotic","But as he spoke of peace, infrastructure and industrial growth, his rivals, from FDC’s Nathan Nandala-Mafabi to NUP’s Robert Kyagulanyi, accused him of neglect, deception, and using state power to silence dissent.",True,,land_row_dispute,0.2500424865440748,land_row_dispute,0.19793611764907837,land_row_dispute,0.6119946510482883,agree,2025-11
The Observer,https://observer.ug/news/from-bududa-to-mbarara-ugandas-campaign-trail-turns-chaotic/,2025-11-12,"From Bududa to Mbarara, Uganda’s campaign trail turns chaotic","The project, which links Manafwa, Bududa and Namisindwa, has long symbolized both hope and frustration.",True,,quality_technical_defect,0.17736179457425477,land_row_dispute,0.1740151196718216,quality_technical_defect,0.5,content_preferred,2025-11
The Observer,https://observer.ug/news/from-bududa-to-mbarara-ugandas-campaign-trail-turns-chaotic/,2025-11-12,"From Bududa to Mbarara, Uganda’s campaign trail turns chaotic","He reminded voters of Uganda’s power crisis in the early 2000s and claimed that investments made under his watch had paved the way for industrial growth in Mbale. “Because of that electricity, you can now see the industrial park in Mbale,” he said. “It would never have come without reliable power.” The veteran leader, now 81, also cautioned Ugandans against what he described as misplaced priorities. “We must first invest in what grows the economy,” he said, urging MPs and voters to prioritize infrastructure and production sectors over higher public salaries.",True,,delay_time_overrun,0.5104255354806533,governance_oversight_failure,0.17238596081733704,delay_time_overrun,0.5104255354806533,content_preferred,2025-11
The Observer,https://observer.ug/news/from-bududa-to-mbarara-ugandas-campaign-trail-turns-chaotic/,2025-11-12,"From Bududa to Mbarara, Uganda’s campaign trail turns chaotic","Turning to one of Teso’s most emotional issues, Mafabi condemned the government’s failure to compensate residents for cattle lost during past insurgencies. “Museveni keeps saying every household will receive five cows, but that is impossible,” he said. “He is just buying time.” Mafabi vowed to honor court rulings that ordered the government to pay compensation. “My government will implement those rulings faithfully,” he said. “We shall compensate the people of Teso based on scientific market valuations, not political games.” The opposition leader also accused Museveni of “destroying the backbone” of Uganda’s rural economy by allowing the collapse of cooperative unions and farm institutes. “When Museveni destroyed farm institutes and cooperative societies, he killed the backbone of this region,” he said. “We are going to rebuild the agricultural sector and restore the Teso Cooperative Union.” FDC party President Patrick Amuriat, who hails from Teso, stood alongside Mafabi, describing him as “a man of integrity who commands national respect.” He urged the crowd to rally behind FDC as the true alternative. “Museveni is trembling because Mafabi represents real change,” he said.",True,land_row_dispute,land_row_dispute,0.26666866522576127,land_row_dispute,0.20380476117134094,land_row_dispute,0.6176183565992756,agree,2025-11
The Observer,https://observer.ug/business/albertine-graben-exploration-sets-delicate-balance-between-oil-and-conservation/,2025-09-08,Albertine graben exploration sets delicate balance between oil and conservation,"To support this goal of coexistence, the project’s infrastructure has been thoughtfully designed to follow the mitigation hierarchy—avoid, minimize, restore, and offset—ensuring reduced environmental impact throughout its lifecycle.",True,,land_row_dispute,0.35642566945302634,delay_time_overrun,0.19057825207710266,land_row_dispute,0.5,content_preferred,2025-09
The Observer,https://observer.ug/business/albertine-graben-exploration-sets-delicate-balance-between-oil-and-conservation/,2025-09-08,Albertine graben exploration sets delicate balance between oil and conservation,"These include the use of silent drilling rigs to reduce noise and vibration, inward-facing warm lighting to minimize light pollution, and dull-colored vehicles and infrastructure to blend with the environment and soften visual impact.",True,,land_row_dispute,0.2574830076770952,quality_technical_defect,0.14818060398101807,land_row_dispute,0.5,content_preferred,2025-09
The Observer,https://observer.ug/business/albertine-graben-exploration-sets-delicate-balance-between-oil-and-conservation/,2025-09-08,Albertine graben exploration sets delicate balance between oil and conservation,"Additionally, dust suppression and traffic management strategies have been implemented to maintain a calm and stable environment. “From the outset, project engineers, ecologists, and biodiversity experts have worked collaboratively to proactively manage ecologically sensitive areas.",True,,delay_time_overrun,0.29780169155683844,land_row_dispute,0.14544670283794403,delay_time_overrun,0.5,content_preferred,2025-09
The Observer,https://observer.ug/business/albertine-graben-exploration-sets-delicate-balance-between-oil-and-conservation/,2025-09-08,Albertine graben exploration sets delicate balance between oil and conservation,Each well pad is enclosed by a green earth bund perimeter constructed using topsoil originally removed during site preparation.,True,,land_row_dispute,0.1641395783609543,quality_technical_defect,0.07618728280067444,land_row_dispute,0.5,content_preferred,2025-09
The Observer,https://observer.ug/business/albertine-graben-exploration-sets-delicate-balance-between-oil-and-conservation/,2025-09-08,Albertine graben exploration sets delicate balance between oil and conservation,"This topsoil, rich in native seeds, supports natural regeneration and is used for site restoration after decommissioning.",True,,land_row_dispute,0.21247089917893786,land_row_dispute,0.07860811054706573,land_row_dispute,0.5727697524315009,agree,2025-09
The Observer,https://observer.ug/business/albertine-graben-exploration-sets-delicate-balance-between-oil-and-conservation/,2025-09-08,Albertine graben exploration sets delicate balance between oil and conservation,"The bund walls soften visual impact, act as protective barriers to prevent wildlife from accessing operational areas and enhance safety for both the infrastructure and surrounding ecosystems.",True,,land_row_dispute,0.16778908605384038,governance_oversight_failure,0.11656162142753601,land_row_dispute,0.5,content_preferred,2025-09
The Observer,https://observer.ug/business/albertine-graben-exploration-sets-delicate-balance-between-oil-and-conservation/,2025-09-08,Albertine graben exploration sets delicate balance between oil and conservation,"In response, TotalEnergies EP Uganda partnered with the Uganda Wildlife Authority (UWA) to rehabilitate the Kituna Bridge and Albert Track, significantly improving site access even during the rainy season.",True,,procurement_irregularity,0.16139164706421041,land_row_dispute,0.19430644810199738,procurement_irregularity,0.5,content_preferred,2025-09
The Observer,https://observer.ug/news/nyamugasani-water-project-powers-kaseses-10-fold-economic-growth-drive/,2025-11-06,Nyamugasani Water Project powers Kasese’s 10-fold economic growth drive,"Hope is rising across Bukhonzo East constituency in Kasese district, western Uganda as the World Bank-funded Nyamugasani Integrated Water Management Development Project (IWMDP) nears completion.",True,,delay_time_overrun,0.36344756272484907,delay_time_overrun,0.13258787989616394,delay_time_overrun,0.6240088606552533,agree,2025-11
The Observer,https://observer.ug/news/nyamugasani-water-project-powers-kaseses-10-fold-economic-growth-drive/,2025-11-06,Nyamugasani Water Project powers Kasese’s 10-fold economic growth drive,"It is a milestone that promises to transform livelihoods, improve health, and propel Uganda’s 10-fold economy agenda.",True,,procurement_irregularity,0.322499971284474,governance_oversight_failure,0.10623133182525635,procurement_irregularity,0.5,content_preferred,2025-11
The Observer,https://observer.ug/news/nyamugasani-water-project-powers-kaseses-10-fold-economic-growth-drive/,2025-11-06,Nyamugasani Water Project powers Kasese’s 10-fold economic growth drive,"The project, now 88 per cent complete, is being hailed as a game-changer in service delivery, with residents set to benefit from a steady supply of safe water and improved sanitation once operational in December 2025.",True,,delay_time_overrun,0.2960403886098737,delay_time_overrun,0.23567909002304077,delay_time_overrun,0.6329298696582286,agree,2025-11
The Observer,https://observer.ug/news/nyamugasani-water-project-powers-kaseses-10-fold-economic-growth-drive/,2025-11-06,Nyamugasani Water Project powers Kasese’s 10-fold economic growth drive,"During a two-day inspection, technical teams from the Rural Water Supply and Sanitation Department, the Umbrella of Water and Sanitation, and district leaders confirmed the project’s impressive progress.",True,,delay_time_overrun,0.2829193755872767,delay_time_overrun,0.21831592917442322,delay_time_overrun,0.6253088261904249,agree,2025-11
The Observer,https://observer.ug/news/nyamugasani-water-project-powers-kaseses-10-fold-economic-growth-drive/,2025-11-06,Nyamugasani Water Project powers Kasese’s 10-fold economic growth drive,"Lt Mate Magwara, resident district commissioner (RDC), said the project was in its final stages, with key infrastructure, including the intake, treatment plant, reservoirs, and transmission lines, nearing completion. “The project is in advanced stages because water is already here, with all the required materials and equipment in place.",True,,delay_time_overrun,0.43555007837857596,delay_time_overrun,0.2536623179912567,delay_time_overrun,0.6723030990924581,agree,2025-11
The Observer,https://observer.ug/news/nyamugasani-water-project-powers-kaseses-10-fold-economic-growth-drive/,2025-11-06,Nyamugasani Water Project powers Kasese’s 10-fold economic growth drive,"The treatment plant, intake, reservoirs, and transmission lines show substantial progress,” Magwara said.",True,,land_row_dispute,0.3928738108689527,delay_time_overrun,0.20395246148109436,land_row_dispute,0.5,content_preferred,2025-11
The Observer,https://observer.ug/news/nyamugasani-water-project-powers-kaseses-10-fold-economic-growth-drive/,2025-11-06,Nyamugasani Water Project powers Kasese’s 10-fold economic growth drive,"He applauded the contractors, Zhongmei Engineering Group Ltd (Lot 1) and Zhonghao Oversees Construction Co.",True,,delay_time_overrun,0.27479596108939036,quality_technical_defect,0.20210951566696167,delay_time_overrun,0.5,content_preferred,2025-11
The Observer,https://observer.ug/news/nyamugasani-water-project-powers-kaseses-10-fold-economic-growth-drive/,2025-11-06,Nyamugasani Water Project powers Kasese’s 10-fold economic growth drive,"Ltd (Lot 2), for their commitment and urged residents to complement the government’s investment by promoting sanitation and tree planting along riverbanks.",True,,delay_time_overrun,0.21885532612681147,land_row_dispute,0.24702854454517365,delay_time_overrun,0.5,content_preferred,2025-11
The Observer,https://observer.ug/news/nyamugasani-water-project-powers-kaseses-10-fold-economic-growth-drive/,2025-11-06,Nyamugasani Water Project powers Kasese’s 10-fold economic growth drive,"Fast-tracked for December commissioning According to Eng Olweny Lamu, acting commissioner for Rural Water, the government is pushing to complete all major works by the end of November.",True,,delay_time_overrun,0.25682925511744936,delay_time_overrun,0.3778145909309387,delay_time_overrun,0.6586609615120971,agree,2025-11
The Observer,https://observer.ug/news/nyamugasani-water-project-powers-kaseses-10-fold-economic-growth-drive/,2025-11-06,Nyamugasani Water Project powers Kasese’s 10-fold economic growth drive,"Remaining activities include the installation of the backwash tank, chemical and chlorine houses, rapid sand filters, and several reservoirs in Musasa, Upper Kisinga, Lower Kisinga, Bwenanure, and Kasonkero.",True,,procurement_irregularity,0.2360895640101336,delay_time_overrun,0.12476833909749985,procurement_irregularity,0.5,content_preferred,2025-11
The Observer,https://observer.ug/news/nyamugasani-water-project-powers-kaseses-10-fold-economic-growth-drive/,2025-11-06,Nyamugasani Water Project powers Kasese’s 10-fold economic growth drive,"Project manager Eng Carolyn Kasisira noted that the Nyamugasani system, launched on August 1, 2024, spans over 300 kilometres of transmission and distribution pipelines, with reservoir tanks ranging from 125 to 400 cubic metres.",True,,contract_management_failure,0.3195211678110813,delay_time_overrun,0.1331670880317688,contract_management_failure,0.5,content_preferred,2025-11
The Observer,https://observer.ug/news/nyamugasani-water-project-powers-kaseses-10-fold-economic-growth-drive/,2025-11-06,Nyamugasani Water Project powers Kasese’s 10-fold economic growth drive,"Once completed, it will deliver 5,588 cubic metres of clean water daily, reaching 57 villages across eight sub-counties and three town councils.",True,,delay_time_overrun,0.2892583356991998,delay_time_overrun,0.15977256000041962,delay_time_overrun,0.6122577239249049,agree,2025-11
The Observer,https://observer.ug/news/nyamugasani-water-project-powers-kaseses-10-fold-economic-growth-drive/,2025-11-06,Nyamugasani Water Project powers Kasese’s 10-fold economic growth drive,"The project also incorporates climate-resilient infrastructure, including Automatic Valveless Gravity Filters (AVG) that complement traditional rapid sand filters.",True,,land_row_dispute,0.3142105341217951,governance_oversight_failure,0.104554183781147,land_row_dispute,0.5,content_preferred,2025-11
The Observer,https://observer.ug/news/nyamugasani-water-project-powers-kaseses-10-fold-economic-growth-drive/,2025-11-06,Nyamugasani Water Project powers Kasese’s 10-fold economic growth drive,These technologies ensure water purity in the face of the region’s frequent floods and heavy siltation.,True,,contract_management_failure,0.18761135159918702,quality_technical_defect,0.0784238874912262,contract_management_failure,0.5,content_preferred,2025-11
The Observer,https://observer.ug/news/nyamugasani-water-project-powers-kaseses-10-fold-economic-growth-drive/,2025-11-06,Nyamugasani Water Project powers Kasese’s 10-fold economic growth drive,Health and economic transformation The social impact of the project is already being felt.,True,,governance_oversight_failure,0.1934074370912707,land_row_dispute,0.1899191439151764,governance_oversight_failure,0.5,content_preferred,2025-11
The Observer,https://observer.ug/news/nyamugasani-water-project-powers-kaseses-10-fold-economic-growth-drive/,2025-11-06,Nyamugasani Water Project powers Kasese’s 10-fold economic growth drive,"Immaculate Masika, a nursing officer at Kyarumba health centre II, said the upcoming constant water supply will greatly enhance hygiene and reduce waterborne diseases. “As a health centre two, constant water supply is vital for patients, nurses, and staff.",True,,procurement_irregularity,0.30478730842874746,quality_technical_defect,0.04651417210698128,procurement_irregularity,0.5,content_preferred,2025-11
The Observer,https://observer.ug/news/nyamugasani-water-project-powers-kaseses-10-fold-economic-growth-drive/,2025-11-06,Nyamugasani Water Project powers Kasese’s 10-fold economic growth drive,"The availability of clean water will significantly reduce cases of diarrhoea and other hygiene-related diseases,” she said.",True,,delay_time_overrun,0.33447902149380254,delay_time_overrun,0.03285301476716995,delay_time_overrun,0.5918330090652432,agree,2025-11
The Observer,https://observer.ug/news/nyamugasani-water-project-powers-kaseses-10-fold-economic-growth-drive/,2025-11-06,Nyamugasani Water Project powers Kasese’s 10-fold economic growth drive,"The health centre serves between 50 and 70 patients daily, many of whom suffer from illnesses linked to unsafe water.",True,,procurement_irregularity,0.24806412130369154,quality_technical_defect,0.10222545266151428,procurement_irregularity,0.5,content_preferred,2025-11
The Observer,https://observer.ug/news/nyamugasani-water-project-powers-kaseses-10-fold-economic-growth-drive/,2025-11-06,Nyamugasani Water Project powers Kasese’s 10-fold economic growth drive,"As part of its sanitation component, the project has constructed 32 gender-segregated VIP latrines in schools and a water-borne toilet at Kyarumba health centre III.",True,,delay_time_overrun,0.3297039246917421,quality_technical_defect,0.09937725961208344,delay_time_overrun,0.5,content_preferred,2025-11
The Observer,https://observer.ug/news/nyamugasani-water-project-powers-kaseses-10-fold-economic-growth-drive/,2025-11-06,Nyamugasani Water Project powers Kasese’s 10-fold economic growth drive,"Beyond health, the project is expected to drive local economic growth by improving agricultural productivity, attracting investment, and creating jobs.",True,,delay_time_overrun,0.28754171639485404,delay_time_overrun,0.17421633005142212,delay_time_overrun,0.6154395116115691,agree,2025-11
The Observer,https://observer.ug/news/nyamugasani-water-project-powers-kaseses-10-fold-economic-growth-drive/,2025-11-06,Nyamugasani Water Project powers Kasese’s 10-fold economic growth drive,"Robert Guma, chairman of Buhakya town council, said local leaders will mobilize residents to take advantage of the 3,000 promotional household connections to ensure maximum utilization of the new infrastructure.",True,,land_row_dispute,0.2920969764316036,land_row_dispute,0.10828792303800583,land_row_dispute,0.6000962248674023,agree,2025-11
The Observer,https://observer.ug/news/nyamugasani-water-project-powers-kaseses-10-fold-economic-growth-drive/,2025-11-06,Nyamugasani Water Project powers Kasese’s 10-fold economic growth drive,"Environmental and social safeguards The Nyamugasani project is also advancing environmental conservation, with communities receiving tree seedlings to replant areas affected by construction and restore degraded riverbanks.",True,,delay_time_overrun,0.3170445107546599,land_row_dispute,0.18812459707260132,delay_time_overrun,0.5,content_preferred,2025-11
The Observer,https://observer.ug/news/nyamugasani-water-project-powers-kaseses-10-fold-economic-growth-drive/,2025-11-06,Nyamugasani Water Project powers Kasese’s 10-fold economic growth drive,"In addition, the project has integrated HIV/AIDS and Gender-Based Violence (GBV) awareness initiatives, including signage and regular community engagements to promote inclusion and social protection.",True,,governance_oversight_failure,0.2576581856215887,land_row_dispute,0.17009678483009338,governance_oversight_failure,0.5,content_preferred,2025-11
The Observer,https://observer.ug/news/nyamugasani-water-project-powers-kaseses-10-fold-economic-growth-drive/,2025-11-06,Nyamugasani Water Project powers Kasese’s 10-fold economic growth drive,"With its combination of infrastructure, environmental stewardship, and community empowerment, the Nyamugasani Water Project stands out as a model of integrated rural development, one that embodies Uganda’s push for inclusive growth and sustainable service delivery.",True,,delay_time_overrun,0.33962923193337874,land_row_dispute,0.13125981390476227,delay_time_overrun,0.5,content_preferred,2025-11
The Observer,https://observer.ug/news/bank-of-uganda-warned-over-facilitating-illicit-gold-trade/,2025-05-16,Bank of Uganda warned over ‘facilitating’ illicit gold trade,"Binyina explained that many refineries rely heavily on Know-Your-Customer (KYC) checks, which are often insufficient for establishing the true origin of gold. “If the refinery where you’ve bought your one ton of gold can only prove that half came from internal sources, and the other half is from unverifiable KYC suppliers, by international standards, that’s comingling.",True,,land_row_dispute,0.1586675753709135,contract_management_failure,0.16301828622817993,land_row_dispute,0.5,content_preferred,2025-05
The Observer,https://observer.ug/news/bank-of-uganda-warned-over-facilitating-illicit-gold-trade/,2025-05-16,Bank of Uganda warned over ‘facilitating’ illicit gold trade,"Binyina suggests a structural shift: “The Bank of Uganda should consider establishing its own national gold refinery, like Zimbabwe has done.",True,,governance_oversight_failure,0.16469919910548866,governance_oversight_failure,0.1265304982662201,governance_oversight_failure,0.5728074243429272,agree,2025-05
The Observer,https://observer.ug/news/bank-of-uganda-warned-over-facilitating-illicit-gold-trade/,2025-05-16,Bank of Uganda warned over ‘facilitating’ illicit gold trade,"This would allow for proper control and traceability of gold, from mine to market.” He adds that with a state-run refinery, gold from known mines like Mubende or Kassanda can be tracked and audited, strengthening Uganda’s compliance with ICGLR protocols and shielding it from accusations of trading in “conflict gold.” Uganda became the fifth ICGLR member state to attain the Mineral Certification Scheme in April 2024, joining DRC, Rwanda, Burundi, and Tanzania.",True,,delay_time_overrun,0.1665970130505826,payment_financial_dispute,0.15715187788009644,delay_time_overrun,0.5,content_preferred,2025-05
The Observer,https://observer.ug/news/court-orders-mulago-hospital-to-examine-nandutu-amid-illness-claims/,2025-04-15,Court orders Mulago hospital to examine Nandutu amid illness claims,"She instead ordered a fresh medical assessment at Mulago hospital, citing a prior report from Nakasero hospital that found Nandutu to be generally healthy, though unable to endure stress. ““I have a feeling that when a court makes a ruling, the defense gets a way of bypassing it to delay the trial.",True,delay_time_overrun,delay_time_overrun,0.3195389126711227,quality_technical_defect,0.13596835732460022,delay_time_overrun,0.5,content_preferred,2025-04
The Observer,https://observer.ug/news/museveni-to-wetland-farmers-leave-peacefully-earn-more/,2025-07-09,"Museveni to wetland farmers: Leave peacefully, earn more","The project has gone to waste,” she lamented.",True,,delay_time_overrun,0.394682250505482,delay_time_overrun,0.20578321814537048,delay_time_overrun,0.6501163671627131,agree,2025-07
The Observer,https://observer.ug/news/katanga-trial-defense-alleges-pathologist-bias-report-backdating/,2024-08-28,"Katanga trial: Defense alleges pathologist bias, report backdating","The prosecution then applied to tender the police forms and the eight photographs as evidence, which the judge admitted before the defense took the floor.",True,,land_row_dispute,0.16550324844727243,procurement_irregularity,0.2563365697860718,land_row_dispute,0.5,content_preferred,2024-08
The Observer,https://observer.ug/news/katanga-trial-defense-alleges-pathologist-bias-report-backdating/,2024-08-28,"Katanga trial: Defense alleges pathologist bias, report backdating","Defense lawyer Macdosman Kabega continued the cross-examination, questioning whether Ambayo had a conflict of interest, given that he works for the police, the same force that requested the autopsy. “Are you in the police, the same force investigating, and it has even indicated to you what they wanted?",True,,land_row_dispute,0.21785999885389595,contract_management_failure,0.2384718805551529,land_row_dispute,0.5,content_preferred,2024-08
The Observer,https://observer.ug/news/katanga-trial-defense-alleges-pathologist-bias-report-backdating/,2024-08-28,"Katanga trial: Defense alleges pathologist bias, report backdating",He also refuted the claim that the police had influenced the autopsy report.,True,,land_row_dispute,0.15971271513116495,payment_financial_dispute,0.19725298881530762,land_row_dispute,0.5,content_preferred,2024-08
The Observer,https://observer.ug/news/healing-wounds-ugandas-struggle-with-the-aftermath-of-kyadondos-bombing/,2025-08-27,Healing wounds: Uganda’s struggle with the aftermath of Kyadondo’s bombing,"Some are labelled as “cursed,” and many women find themselves abandoned by their partners.",True,,land_row_dispute,0.17623704904234344,contract_management_failure,0.12248939275741577,land_row_dispute,0.5,content_preferred,2025-08
The Observer,https://observer.ug/news/healing-wounds-ugandas-struggle-with-the-aftermath-of-kyadondos-bombing/,2025-08-27,Healing wounds: Uganda’s struggle with the aftermath of Kyadondo’s bombing,"Red Cross officials echoed this sentiment, insisting that the focus must shift from emergency response to sustained rehabilitation for survivors.",True,,governance_oversight_failure,0.21846636551764306,governance_oversight_failure,0.12751442193984985,governance_oversight_failure,0.5864951968643732,agree,2025-08
The Observer,https://observer.ug/news/healing-wounds-ugandas-struggle-with-the-aftermath-of-kyadondos-bombing/,2025-08-27,Healing wounds: Uganda’s struggle with the aftermath of Kyadondo’s bombing,"Survivors still face inadequate medical care, persistent stigma, and insufficient financial rehabilitation.",True,,delay_time_overrun,0.22362663127589327,governance_oversight_failure,0.2419094443321228,delay_time_overrun,0.5,content_preferred,2025-08
The Observer,https://observer.ug/news/healing-wounds-ugandas-struggle-with-the-aftermath-of-kyadondos-bombing/,2025-08-27,Healing wounds: Uganda’s struggle with the aftermath of Kyadondo’s bombing,"The call for a dedicated victims’ rehabilitation fund is stronger than ever, aiming to address the long-term needs of those affected.",True,,land_row_dispute,0.19293627098838076,governance_oversight_failure,0.0972498208284378,land_row_dispute,0.5,content_preferred,2025-08
The Observer,https://observer.ug/news/why-is-food-rich-uganda-still-malnourished/,2025-01-19,Why is food-rich Uganda still malnourished?,"Matters are not helped that even in existence of school regulations, the lucrative canteen business is often run by the school owners’ spouses or relatives making implementation and regulations difficult.",True,,delay_time_overrun,0.21453753930552313,governance_oversight_failure,0.320622980594635,delay_time_overrun,0.5,content_preferred,2025-01
The Observer,https://observer.ug/news/why-is-food-rich-uganda-still-malnourished/,2025-01-19,Why is food-rich Uganda still malnourished?,"On regulations, he said as early as 2003, government put in place the Food and Nutrition Policy whose implementation was largely affected by lack of financial support and manpower.",True,,land_row_dispute,0.35935548810265,governance_oversight_failure,0.36670103669166565,land_row_dispute,0.5,content_preferred,2025-01
The Observer,https://observer.ug/news/why-is-food-rich-uganda-still-malnourished/,2025-01-19,Why is food-rich Uganda still malnourished?,"As a ministry, they are now encouraging Ugandans instead of planting flowers, to plant their own foods in their own compounds.",True,,procurement_irregularity,0.1900831364659096,land_row_dispute,0.11772280186414719,procurement_irregularity,0.5,content_preferred,2025-01
The Observer,https://observer.ug/news/why-is-food-rich-uganda-still-malnourished/,2025-01-19,Why is food-rich Uganda still malnourished?,"It also called for the 52 per cent nutrition specific financial interventions, 33 per cent nutrition sensitive and 15 per cent enabling environment implementation and enforcement in the education, health and WASH sectors.",True,,governance_oversight_failure,0.17842366435234458,governance_oversight_failure,0.081647127866745,governance_oversight_failure,0.5650176980547724,agree,2025-01
The Observer,https://observer.ug/news/northern-uganda-roads-food-nutrition-project-strengthens-ties-with-germany/,2025-09-18,"Northern Uganda roads, food nutrition project strengthens ties with Germany","Ben Kumumanya, the ministry of Local Government permanent secretary, says the Rural Development and Food Security in Northern Uganda (RUDSEC) programme holds a high stake in the national development protocol and will not only contribute to rural infrastructure improvement but also strengthen bilateral relations between Uganda and Germany.",True,,procurement_irregularity,0.07534015213888877,governance_oversight_failure,0.17519637942314148,procurement_irregularity,0.5,content_preferred,2025-09
The Observer,https://observer.ug/news/northern-uganda-roads-food-nutrition-project-strengthens-ties-with-germany/,2025-09-18,"Northern Uganda roads, food nutrition project strengthens ties with Germany",He made the remarks on September 11 at the ministry of Local Government (MoLG) headquarters in Kampala while chairing a RUDSEC progress review meeting with the KfW team and officials from MoLG and ministry of Works and Transport (MoWT).,True,,procurement_irregularity,0.11612203025447283,land_row_dispute,0.12911808490753174,procurement_irregularity,0.5,content_preferred,2025-09
The Observer,https://observer.ug/news/northern-uganda-roads-food-nutrition-project-strengthens-ties-with-germany/,2025-09-18,"Northern Uganda roads, food nutrition project strengthens ties with Germany",He also observed that the project has gained visibility two years into its five-year implementation period.,True,,delay_time_overrun,0.24116181276172596,delay_time_overrun,0.3716501295566559,delay_time_overrun,0.6532029855795954,agree,2025-09
The Observer,https://observer.ug/news/northern-uganda-roads-food-nutrition-project-strengthens-ties-with-germany/,2025-09-18,"Northern Uganda roads, food nutrition project strengthens ties with Germany",The RUDSEC project is a result of a cooperation agreement between the Ugandan and German governments.,True,,land_row_dispute,0.29513250003873204,land_row_dispute,0.23324842751026154,land_row_dispute,0.6320952318872484,agree,2025-09
The Observer,https://observer.ug/news/northern-uganda-roads-food-nutrition-project-strengthens-ties-with-germany/,2025-09-18,"Northern Uganda roads, food nutrition project strengthens ties with Germany",The ministry of Local Government is implementing the EUR28 million (Shs 115.bn) project with support from the Ministry of Works and Transport on behalf of the government of Uganda.,True,,land_row_dispute,0.219489553346732,delay_time_overrun,0.15599896013736725,land_row_dispute,0.5,content_preferred,2025-09
The Observer,https://observer.ug/news/northern-uganda-roads-food-nutrition-project-strengthens-ties-with-germany/,2025-09-18,"Northern Uganda roads, food nutrition project strengthens ties with Germany",KfW is the implementing partner of Germany’s Federal Ministry for Economic Cooperation and Development (BMZ).,True,,land_row_dispute,0.1322396590499175,payment_financial_dispute,0.054208435118198395,land_row_dispute,0.5,content_preferred,2025-09
The Observer,https://observer.ug/news/northern-uganda-roads-food-nutrition-project-strengthens-ties-with-germany/,2025-09-18,"Northern Uganda roads, food nutrition project strengthens ties with Germany",RUDSEC will unlock the agricultural potential and increase the income of smallholder farmers in Northern Uganda.,True,,land_row_dispute,0.25169470605242017,land_row_dispute,0.1441880762577057,land_row_dispute,0.5989706955775315,agree,2025-09
The Observer,https://observer.ug/news/northern-uganda-roads-food-nutrition-project-strengthens-ties-with-germany/,2025-09-18,"Northern Uganda roads, food nutrition project strengthens ties with Germany",This project will focus on improving road transport and market infrastructure to create better local economic opportunities.,True,,delay_time_overrun,0.19613785472520234,delay_time_overrun,0.20829179883003235,delay_time_overrun,0.6011074133888087,agree,2025-09
The Observer,https://observer.ug/news/northern-uganda-roads-food-nutrition-project-strengthens-ties-with-germany/,2025-09-18,"Northern Uganda roads, food nutrition project strengthens ties with Germany","The KfW team, led by Ingrid Hahn, has been in the country visiting project sites in Lira and Dokolo districts in Lango subregion to assess progress and engage the communities and district leadership.",True,,procurement_irregularity,0.33994963637979525,land_row_dispute,0.14618471264839172,procurement_irregularity,0.5,content_preferred,2025-09
The Observer,https://observer.ug/news/northern-uganda-roads-food-nutrition-project-strengthens-ties-with-germany/,2025-09-18,"Northern Uganda roads, food nutrition project strengthens ties with Germany","Kumumanya assured the KfW teamof his ministry’s commitment to the project. “We will ensure that the project is implemented as planned which will further cement the cooperation between Uganda and Germany, open more partnership opportunities while improving the livelihoods of the people of Northern Uganda,” he said.",True,,land_row_dispute,0.4005177345761015,land_row_dispute,0.1712813675403595,land_row_dispute,0.6429497755291153,agree,2025-09
The Observer,https://observer.ug/news/northern-uganda-roads-food-nutrition-project-strengthens-ties-with-germany/,2025-09-18,"Northern Uganda roads, food nutrition project strengthens ties with Germany",The meeting noted the challenges such as the impact of climate change on road infrastructure and the need to design and construct infrastructure with climate change in mind.,True,,land_row_dispute,0.17748048330516736,delay_time_overrun,0.24645781517028809,land_row_dispute,0.5,content_preferred,2025-09
The Observer,https://observer.ug/news/northern-uganda-roads-food-nutrition-project-strengthens-ties-with-germany/,2025-09-18,"Northern Uganda roads, food nutrition project strengthens ties with Germany",Some of the proposed roads for rehabilitation such as the Alik–Alengi Road in Dokolo District have been completed submerged as a result of the expansion of Lake Kwania.,True,,delay_time_overrun,0.3511748456435583,delay_time_overrun,0.20918726921081543,delay_time_overrun,0.6400905287135934,agree,2025-09
The Observer,https://observer.ug/news/northern-uganda-roads-food-nutrition-project-strengthens-ties-with-germany/,2025-09-18,"Northern Uganda roads, food nutrition project strengthens ties with Germany",Hahn noted that her team was impressed with the involvement of the district local government leadership in the project. “Their involvement as well as the project communities is crucial for a successful implementation.,True,,delay_time_overrun,0.3900091240858346,governance_oversight_failure,0.22664648294448853,delay_time_overrun,0.5,content_preferred,2025-09
The Observer,https://observer.ug/news/northern-uganda-roads-food-nutrition-project-strengthens-ties-with-germany/,2025-09-18,"Northern Uganda roads, food nutrition project strengthens ties with Germany","We are glad that they are committed to the project,” she said.",True,,delay_time_overrun,0.5600437501767801,delay_time_overrun,0.22476965188980103,delay_time_overrun,0.6962033505166453,agree,2025-09
The Observer,https://observer.ug/news/northern-uganda-roads-food-nutrition-project-strengthens-ties-with-germany/,2025-09-18,"Northern Uganda roads, food nutrition project strengthens ties with Germany","The project areas are considered regional food baskets making roads and markets infrastructure interventions important. “The affected districts provide food not only for the region but neighbouring countries as well but lack the necessary infrastructure, which makes the RUDSEC project a timely intervention,” explained Paul Mukasa Kasule of the ministry of Local Government who is also the RUDSEC Project Coordinator.",True,,delay_time_overrun,0.2688658903168265,delay_time_overrun,0.21817508339881897,delay_time_overrun,0.6217602434289113,agree,2025-09
The Observer,https://observer.ug/news/northern-uganda-roads-food-nutrition-project-strengthens-ties-with-germany/,2025-09-18,"Northern Uganda roads, food nutrition project strengthens ties with Germany","In the current phase, the RUDSEC project will upgrade or rehabilitate approximately 464km of District Roads and Community Access Roads.",True,,delay_time_overrun,0.20749806948736232,delay_time_overrun,0.2675580382347107,delay_time_overrun,0.6187640269305182,agree,2025-09
The Observer,https://observer.ug/news/northern-uganda-roads-food-nutrition-project-strengthens-ties-with-germany/,2025-09-18,"Northern Uganda roads, food nutrition project strengthens ties with Germany",Another batch of roads and market infrastructure will also be upgraded or rehabilitated as selected by the nine-project district local governments.,True,,delay_time_overrun,0.22128156329517754,delay_time_overrun,0.20752142369747162,delay_time_overrun,0.6072007467481623,agree,2025-09
The Observer,https://observer.ug/news/northern-uganda-roads-food-nutrition-project-strengthens-ties-with-germany/,2025-09-18,"Northern Uganda roads, food nutrition project strengthens ties with Germany",Detailed designing and Environment Impact Assessments (ESIAs) are currently being carried out by several consulting firms ahead of the start of the construction phase.,True,,delay_time_overrun,0.2927610524238319,quality_technical_defect,0.23070254921913147,delay_time_overrun,0.5,content_preferred,2025-09
The Observer,https://observer.ug/news/northern-uganda-roads-food-nutrition-project-strengthens-ties-with-germany/,2025-09-18,"Northern Uganda roads, food nutrition project strengthens ties with Germany","The road construction and rehabilitation efforts will benefit nine districts: Lamwo, Pader, Agago, Lira, Dokolo, Oyam, Soroti, Serere, and Kaberamaido.",True,,delay_time_overrun,0.27426038859683993,land_row_dispute,0.19455552101135254,delay_time_overrun,0.5,content_preferred,2025-09
The Observer,https://observer.ug/news/northern-uganda-roads-food-nutrition-project-strengthens-ties-with-germany/,2025-09-18,"Northern Uganda roads, food nutrition project strengthens ties with Germany","In addition to the roads, the project will also support the development of key market infrastructure.",True,,delay_time_overrun,0.2500132791843639,delay_time_overrun,0.2527908384799957,delay_time_overrun,0.6257010294160898,agree,2025-09
The Observer,https://observer.ug/news/northern-uganda-roads-food-nutrition-project-strengthens-ties-with-germany/,2025-09-18,"Northern Uganda roads, food nutrition project strengthens ties with Germany","Markets slated for rehabilitation and improvement include Amach, Minakulu, Katine, Pader town council, Aswa, Dokolo, Loro, Dakabela, Abone, Arum, Oliga, Padibe, Oriamo, and Kidetok Mulago.",True,,land_row_dispute,0.14818067402860202,land_row_dispute,0.20273888111114502,land_row_dispute,0.5877298887849367,agree,2025-09
The Observer,https://observer.ug/news/northern-uganda-roads-food-nutrition-project-strengthens-ties-with-germany/,2025-09-18,"Northern Uganda roads, food nutrition project strengthens ties with Germany","The RUDSEC project is expected to directly benefit over 3,000 smallholder farmers by improving their access to markets, reducing transportation costs, and minimizing post-harvest losses.",True,,delay_time_overrun,0.3284871643301293,land_row_dispute,0.18782101571559906,delay_time_overrun,0.5,content_preferred,2025-09
The Observer,https://observer.ug/news/northern-uganda-roads-food-nutrition-project-strengthens-ties-with-germany/,2025-09-18,"Northern Uganda roads, food nutrition project strengthens ties with Germany","Moreover, the project is projected to create over 1,000 employment opportunities in construction, engineering design, and supervision roles.",True,,delay_time_overrun,0.3545999848959433,delay_time_overrun,0.18741990625858307,delay_time_overrun,0.6355049727886316,agree,2025-09
The Observer,https://observer.ug/news/northern-uganda-roads-food-nutrition-project-strengthens-ties-with-germany/,2025-09-18,"Northern Uganda roads, food nutrition project strengthens ties with Germany","The implementation of the project marks a promising step towards the government’s efforts to promote inclusive rural development, boost regional food security, and improve livelihoods in some of Uganda’s most underserved areas.",True,,delay_time_overrun,0.3945838213936051,land_row_dispute,0.20082691311836243,delay_time_overrun,0.5,content_preferred,2025-09
The Observer,https://observer.ug/news/kcca-blames-downtown-flooding-on-nakivubo-channel-works/,2025-10-07,KCCA blames downtown flooding on Nakivubo Channel works,Kampala Capital City Authority (KCCA) has attributed yesterday’s devastating floods in downtown Kampala to ongoing works on the Nakivubo drainage channel.,True,,procurement_irregularity,0.3583428783001351,land_row_dispute,0.17603985965251923,procurement_irregularity,0.5,content_preferred,2025-10
The Observer,https://observer.ug/news/kcca-blames-downtown-flooding-on-nakivubo-channel-works/,2025-10-07,KCCA blames downtown flooding on Nakivubo Channel works,"A mid-afternoon downpour turned the city centre into a river, submerging several arcades and shops in Nabukera, Qualicel, Totala Business Centre, Sekaziga, and Ham Arcades, as well as parts of the New Taxi Park.",True,,land_row_dispute,0.11594107412590612,land_row_dispute,0.09438351541757584,land_row_dispute,0.5525811473858705,agree,2025-10
The Observer,https://observer.ug/news/kcca-blames-downtown-flooding-on-nakivubo-channel-works/,2025-10-07,KCCA blames downtown flooding on Nakivubo Channel works,"Beyond the commercial heart, water also poured into the slums of Mengo, Kisenyi, and the densely packed Owino Market area, leaving homes and livelihoods in disarray.",True,,land_row_dispute,0.050566828488736185,land_row_dispute,0.10186333954334259,land_row_dispute,0.5381075420080197,agree,2025-10
The Observer,https://observer.ug/news/kcca-blames-downtown-flooding-on-nakivubo-channel-works/,2025-10-07,KCCA blames downtown flooding on Nakivubo Channel works,"Ahamad Musoke, a clothes dealer at Nabukeera Arcade, said he lost merchandise worth Shs 2 million after his basement store flooded. “The rain was relentless, and the flooding was catastrophic,” Musoke said. “We’ve had floods before, but this time the water rose so fast that we couldn’t save anything.",True,,land_row_dispute,0.4477272543033995,procurement_irregularity,0.17000962793827057,land_row_dispute,0.5,content_preferred,2025-10
The Observer,https://observer.ug/news/kcca-blames-downtown-flooding-on-nakivubo-channel-works/,2025-10-07,KCCA blames downtown flooding on Nakivubo Channel works,"It was like the city sank in minutes.” At Qualicel Arcade, Suzanne Tukamushaba, who sells women’s wear, said one of her employees was injured while trying to rescue stock from the rising water. “She was cut by sharp objects in the water,” Tukamushaba said. “Most of our clothes are ruined beyond repair — they’ll end up in the trash.",True,,land_row_dispute,0.37363976800468396,quality_technical_defect,0.18922090530395508,land_row_dispute,0.5,content_preferred,2025-10
The Observer,https://observer.ug/news/kcca-blames-downtown-flooding-on-nakivubo-channel-works/,2025-10-07,KCCA blames downtown flooding on Nakivubo Channel works,I’m asking government to help us like they’ve helped flood victims in Bududa.,True,,land_row_dispute,0.29316910177759525,land_row_dispute,0.2230476438999176,land_row_dispute,0.6290541864193782,agree,2025-10
The Observer,https://observer.ug/news/kcca-blames-downtown-flooding-on-nakivubo-channel-works/,2025-10-07,KCCA blames downtown flooding on Nakivubo Channel works,"We also need support.” Edward Ntale, chairperson of the United Arcaders Entrepreneurs Association (UATEA), described the flooding as “a disaster for the business community,” saying over 400 traders, shop owners, and street vendors were affected. “Many of our people will struggle to recover,” Ntale said. “This comes when traders are already battling rent hikes, high power tariffs, and endless taxes.” Ntale blamed the ongoing Nakivubo Channel construction for blocking key drainage paths and accused KCCA of neglecting regular maintenance.",True,,land_row_dispute,0.31602431611754594,land_row_dispute,0.25737884640693665,land_row_dispute,0.6433507906311207,agree,2025-10
The Observer,https://observer.ug/news/kcca-blames-downtown-flooding-on-nakivubo-channel-works/,2025-10-07,KCCA blames downtown flooding on Nakivubo Channel works,"However, KCCA spokesperson Daniel Nuwabine told URN that the flooding was largely due to ongoing engineering works on the Nakivubo Channel. “We’ll get to the bottom of what caused this and find a lasting solution,” Nuwabine said, noting that a technical team will inspect the clogged sections that may have worsened the situation.",True,,delay_time_overrun,0.41016610734169723,delay_time_overrun,0.18800774216651917,delay_time_overrun,0.6495434623770541,agree,2025-10
The Observer,https://observer.ug/news/kcca-blames-downtown-flooding-on-nakivubo-channel-works/,2025-10-07,KCCA blames downtown flooding on Nakivubo Channel works,"He also pointed fingers at some landlords for failing to install proper stormwater systems. “While development can bring temporary challenges, we assure the public the outcome will be worth it.",True,,procurement_irregularity,0.28505566740775906,land_row_dispute,0.22062769532203674,procurement_irregularity,0.5,content_preferred,2025-10
The Observer,https://observer.ug/news/kcca-blames-downtown-flooding-on-nakivubo-channel-works/,2025-10-07,KCCA blames downtown flooding on Nakivubo Channel works,"For now, we urge caution as the rains persist,” he added.",True,,procurement_irregularity,0.2144040260006792,delay_time_overrun,0.11671017855405807,procurement_irregularity,0.5,content_preferred,2025-10
The Observer,https://observer.ug/news/kcca-blames-downtown-flooding-on-nakivubo-channel-works/,2025-10-07,KCCA blames downtown flooding on Nakivubo Channel works,"In August, businessman Hamis Kiggundu received government approval to modernize the Nakivubo Channel — a project President Museveni hailed as “imaginative and simple.” The plan involves covering and upgrading the channel to tackle waste and flooding once and for all.",True,,land_row_dispute,0.3571594789979735,delay_time_overrun,0.10189366340637207,land_row_dispute,0.5,content_preferred,2025-10
The Observer,https://observer.ug/news/kcca-blames-downtown-flooding-on-nakivubo-channel-works/,2025-10-07,KCCA blames downtown flooding on Nakivubo Channel works,But the project remains controversial.,True,,land_row_dispute,0.30324868941953204,land_row_dispute,0.2792828679084778,land_row_dispute,0.6456328893320025,agree,2025-10
The Observer,https://observer.ug/news/kcca-blames-downtown-flooding-on-nakivubo-channel-works/,2025-10-07,KCCA blames downtown flooding on Nakivubo Channel works,"Street vendors and city leaders, including Lord Mayor Erias Lukwago, have opposed it, calling the works “illegal.” Kiggundu insists, however, that the modernization is part of a broader plan to revamp Kampala’s drainage network and integrate commercial infrastructure.",True,,land_row_dispute,0.3529065472191383,land_row_dispute,0.24765563011169434,land_row_dispute,0.6501405443327082,agree,2025-10
The Observer,https://observer.ug/news/kcca-blames-downtown-flooding-on-nakivubo-channel-works/,2025-10-07,KCCA blames downtown flooding on Nakivubo Channel works,"As traders sweep muddy water out of their shops, frustration simmers — not just over lost goods, but over a city that seems to flood every time the clouds gather.",True,,land_row_dispute,0.2832745446445489,land_row_dispute,0.19599536061286926,land_row_dispute,0.6198174763143546,agree,2025-10
The Observer,https://observer.ug/business/ankole-heritage-and-tourism-operators-to-sell-great-stories/,2025-02-05,Ankole heritage and tourism operators to sell great stories,"The launch was attended by tour operators, hoteliers, tourist site owners and local government officials.",True,,land_row_dispute,0.16195117997434522,delay_time_overrun,0.10783369839191437,land_row_dispute,0.5,content_preferred,2025-02
The Observer,https://observer.ug/business/keith-kalyegira-s-chieftaincy-at-cma-a-hit-or-a-miss/,2023-08-10,Keith Kalyegira’s chieftaincy at CMA: a hit or a miss?,"Not Keith Kalyegira, the departing CEO of Capital Markets Authority [CMA], who is observing his decade-long contract that has come to an end after he was appointed chief executive of the regulator in November 2013.",True,,procurement_irregularity,0.051567331399793456,contract_management_failure,0.27187004685401917,contract_management_failure,0.5,semantic_override,2023-08
The Observer,https://observer.ug/business/keith-kalyegira-s-chieftaincy-at-cma-a-hit-or-a-miss/,2023-08-10,Keith Kalyegira’s chieftaincy at CMA: a hit or a miss?,"At the most basic level, the chief’s masterly conduct in being faithful to his contract communicates competency.",True,,contract_management_failure,0.25067494804081913,contract_management_failure,0.2885991930961609,contract_management_failure,0.634818535284245,agree,2023-08
The Observer,https://observer.ug/business/keith-kalyegira-s-chieftaincy-at-cma-a-hit-or-a-miss/,2023-08-10,Keith Kalyegira’s chieftaincy at CMA: a hit or a miss?,"Geofrey Onegi Obel, the former chairman of the Uganda Securities Exchange, says it would be harsh to blame the CMA for the current performance of the market. “Uganda’s financial services sector is very shallow…” he said. said, adding “CMA functions according to fiscal and monetary policy, and CMA hasn’t been able to open those doors.” Obel explained that “infrastructure bonds attract domestic investors.",True,,land_row_dispute,0.2379147172217819,governance_oversight_failure,0.23078951239585876,land_row_dispute,0.5,content_preferred,2023-08
The Observer,https://observer.ug/business/keith-kalyegira-s-chieftaincy-at-cma-a-hit-or-a-miss/,2023-08-10,Keith Kalyegira’s chieftaincy at CMA: a hit or a miss?,NSSF is investing in Kenya infrastructure bonds because we don’t have them here.,True,,land_row_dispute,0.19062339267931064,procurement_irregularity,0.15478187799453735,land_row_dispute,0.5,content_preferred,2023-08
The Observer,https://observer.ug/news/seven-nominated-for-mbale-city-mayoral-race/,2025-09-08,Seven nominated for Mbale city mayoral race,"Mwanje has been vocal in criticising the current city administration, accusing it of poor planning and neglect of critical infrastructure such as roads and drainage systems.",True,,land_row_dispute,0.16955859741560494,governance_oversight_failure,0.2199157178401947,land_row_dispute,0.5,content_preferred,2025-09
The Observer,https://observer.ug/news/seven-nominated-for-mbale-city-mayoral-race/,2025-09-08,Seven nominated for Mbale city mayoral race,"Other key issues expected to dominate the campaign include road maintenance, waste management, healthcare services, youth empowerment, business development, city planning and infrastructure.",True,,delay_time_overrun,0.23174054132421465,governance_oversight_failure,0.247519388794899,delay_time_overrun,0.5,content_preferred,2025-09
The Observer,https://observer.ug/business/solar-powered-water-irrigation-sites-to-enhance-rural-farming/,2023-02-28,Solar-powered water irrigation sites to enhance rural farming,"Government’s countrywide project to design supply and install solar-powered water supply and irrigation systems is gaining steam, and when completed, the 400 solar-powered irrigation sites will benefit at least 3,000 smallholder farmers, while 5,000 people in rural areas will get access to clean drinking and cooking water.",True,,land_row_dispute,0.23818968124210682,land_row_dispute,0.09254242479801178,land_row_dispute,0.5826830265100297,agree,2023-02
The Observer,https://observer.ug/business/solar-powered-water-irrigation-sites-to-enhance-rural-farming/,2023-02-28,Solar-powered water irrigation sites to enhance rural farming,"This is part of the project to design, supply and install of solar-powered water supply and irrigation systems and will see about 400 solar-powered irrigation sites constructed and completed by end of 2023.",True,,procurement_irregularity,0.33233297973808956,delay_time_overrun,0.14998599886894226,procurement_irregularity,0.5,content_preferred,2023-02
The Observer,https://observer.ug/business/solar-powered-water-irrigation-sites-to-enhance-rural-farming/,2023-02-28,Solar-powered water irrigation sites to enhance rural farming,"But with the irrigation idea, farmers have full control and can be able to plant anything from the start to the end of the year.",True,,procurement_irregularity,0.1527290681634614,delay_time_overrun,0.16405192017555237,procurement_irregularity,0.5,content_preferred,2023-02
The Observer,https://observer.ug/business/solar-powered-water-irrigation-sites-to-enhance-rural-farming/,2023-02-28,Solar-powered water irrigation sites to enhance rural farming,"An average of six farmers on a 12-acre site will benefit from each solar-powered irrigation site and on the supply side, at least 5,000 people in rural areas will get access to clean drinking and cooking water while an average of 15,000 people will gain access to urban water supply systems.",True,,land_row_dispute,0.28756531423444454,land_row_dispute,0.09098298847675323,land_row_dispute,0.5946370756777994,agree,2023-02
The Observer,https://observer.ug/business/solar-powered-water-irrigation-sites-to-enhance-rural-farming/,2023-02-28,Solar-powered water irrigation sites to enhance rural farming,The company is expected to have completed all construction works of up to 687 solar-powered water irrigation sites in Uganda and hand over the project to the government by the end of 2024.,True,,delay_time_overrun,0.39718965921521987,delay_time_overrun,0.23193199932575226,delay_time_overrun,0.657280414635243,agree,2023-02
The Observer,https://observer.ug/business/solar-powered-water-irrigation-sites-to-enhance-rural-farming/,2023-02-28,Solar-powered water irrigation sites to enhance rural farming,"The governments of Uganda and the United Kingdom are jointly investing 111 million euros (Shs 436.5bn) in the solar-powered water supply and irrigation project to enhance agricultural productivity, prosperity and the social life of at least 2.6 million Ugandans in the water-stressed districts in the country.",True,,procurement_irregularity,0.3111923312138965,procurement_irregularity,0.1231784075498581,procurement_irregularity,0.6085926846909386,agree,2023-02
The Observer,https://observer.ug/business/solar-powered-water-irrigation-sites-to-enhance-rural-farming/,2023-02-28,Solar-powered water irrigation sites to enhance rural farming,"The project is owned by the ministry of Water and Environment and financed by the ministry of Finance, Planning and Economic Development.",True,,land_row_dispute,0.11294392037923041,land_row_dispute,0.16605117917060852,land_row_dispute,0.5697487748874598,agree,2023-02
The Observer,https://observer.ug/business/solar-powered-water-irrigation-sites-to-enhance-rural-farming/,2023-02-28,Solar-powered water irrigation sites to enhance rural farming,"The project commenced on July 26, 2021, with its first implementation sites being handed over to Nexus Green in August and September 2021.",True,,delay_time_overrun,0.33596814110318984,delay_time_overrun,0.26043039560317993,delay_time_overrun,0.6490996341765924,agree,2023-02
The Observer,https://observer.ug/business/solar-powered-water-irrigation-sites-to-enhance-rural-farming/,2023-02-28,Solar-powered water irrigation sites to enhance rural farming,The committee members on Environment and Natural Resources in the parliament of Uganda conducted an oversight visit to assess the project implementation by Nexus Green.,True,governance_oversight_failure,governance_oversight_failure,0.4403753055319342,governance_oversight_failure,0.26104360818862915,governance_oversight_failure,0.6753547284301409,agree,2023-02
The Observer,https://observer.ug/business/solar-powered-water-irrigation-sites-to-enhance-rural-farming/,2023-02-28,Solar-powered water irrigation sites to enhance rural farming,"While addressing the committee members at a stakeholder project update briefing in Jinja last week, Rikki Verma, the chief executive officer, Nexus Green Limited, noted that so far the company is concurrently working on approximately 400 sites which are all at different stages of design and construction. “We spent the first six months of year one of the project on making site verification including confirming site locations and checking the availability of water; stakeholder consultations including harmonization of beneficiaries’ needs, acquisition of land for the project sites, undertaking detailed feasibility studies and designs and procurement of materials (panels, pumps, pipes, fittings) for the first phase,” Verma said, adding that for this second year, the focus is now on construction, starting with the approved batches of designed sites and by the end of this year, they will have built approximately 400 solar- powered water irrigation sites.",True,procurement_irregularity,procurement_irregularity,0.2863276360223363,delay_time_overrun,0.20894306898117065,procurement_irregularity,0.5,content_preferred,2023-02
The Observer,https://observer.ug/business/solar-powered-water-irrigation-sites-to-enhance-rural-farming/,2023-02-28,Solar-powered water irrigation sites to enhance rural farming,"Commenting on the benefits of the project, Verma explained, “This project will increase the number of productive seasons from two to four seasons in a year.",True,,delay_time_overrun,0.11132603789953309,delay_time_overrun,0.2296811193227768,delay_time_overrun,0.5852517893055774,agree,2023-02
The Observer,https://observer.ug/business/solar-powered-water-irrigation-sites-to-enhance-rural-farming/,2023-02-28,Solar-powered water irrigation sites to enhance rural farming,"There will be knowledge transfer with the targeted farmers gaining agronomy skills on various high-value crops like passion fruits, tomatoes, apples, watermelon, rosemary bush, macadamia through services of an agronomist on the project including information on access to markets, competitive pricing and farm management skills.",True,,land_row_dispute,0.24095082245021993,land_row_dispute,0.1518200933933258,land_row_dispute,0.5981927289608864,agree,2023-02
The Observer,https://observer.ug/business/solar-powered-water-irrigation-sites-to-enhance-rural-farming/,2023-02-28,Solar-powered water irrigation sites to enhance rural farming,"Overall, having constantly powered irrigation systems will guarantee Shs 5m worth of revenue per acre, per season resulting in Shs 4.6 trillion which is over three per cent of the country’s GDP year in and year out.” During the visit, Dr Emmanuel Otim Otala, the chairperson of the committee, said they were impressed with the investment put in by Nexus Green and called upon the government to ensure its counterpart funding is paid up to enable the contractor to finish their work in time.",True,,procurement_irregularity,0.41856726379699166,payment_financial_dispute,0.16926775872707367,procurement_irregularity,0.5,content_preferred,2023-02
The Observer,https://observer.ug/business/solar-powered-water-irrigation-sites-to-enhance-rural-farming/,2023-02-28,Solar-powered water irrigation sites to enhance rural farming,"He, however, expressed the need for this project to be scaled up to cover most parts of the country so as to improve the quality of life of Ugandans in rural areas through providing quality water for both human consumption and irrigation.",True,,procurement_irregularity,0.34585071277144397,land_row_dispute,0.10639156401157379,procurement_irregularity,0.5,content_preferred,2023-02
The Observer,https://observer.ug/business/solar-powered-water-irrigation-sites-to-enhance-rural-farming/,2023-02-28,Solar-powered water irrigation sites to enhance rural farming,"Agness Apea Imat Ocere, the Amolatar district Woman MP, observed that the project was of great importance to not only the people in Amolatar, one of the beneficiary districts, but also other parts of Uganda. “This project is going to enable our farmers to grow high-value crops like vegetables including onions and tomatoes thereby enabling them to generate more income.” Meanwhile, Verma also noted that after this project, urban dwellers in the target districts are expected to see a 60 per cent reduction in water tariff on 220 urban water supply schemes, in addition to the benefits of green energy and carbon footprint reduction. “We expect at least 2.6 million people to see a reduction and prevention of common chronic sicknesses such as typhoid, dysentery and cholera generally leading to improved health and standard of living within the beneficiary communities.” jjingoernest1@gmail.com",True,,land_row_dispute,0.29873923543923714,land_row_dispute,0.12811952829360962,land_row_dispute,0.6067146909332117,agree,2023-02
The Observer,https://observer.ug/business/xsabo-group-eyes-more-solar-plants/,2025-12-18,Xsabo Group eyes more solar plants,"The Kabulasoke plant in Gomba district, which was commissioned in 2019, sits on 131 acres of land, with an investment of more than $20 million and generates about 20MW.",True,,land_row_dispute,0.3597200568856936,land_row_dispute,0.09695642441511154,land_row_dispute,0.6141691203252013,agree,2025-12
The Observer,https://observer.ug/business/xsabo-group-eyes-more-solar-plants/,2025-12-18,Xsabo Group eyes more solar plants,"Walter Muhindo, the site manager of the Kabulasoke plant, said the solar plant operates consistently throughout the year, with power output varying according to weather conditions but generally meeting projected targets. “Our average daily generation aligns with our design expectations based on Uganda’s solar irradiance,” he added, noting that remote monitoring systems allow engineers to track generation in real time and quickly respond to any technical issues to ensure stable supply to the grid.",True,,procurement_irregularity,0.3850577863506976,delay_time_overrun,0.06456457823514938,procurement_irregularity,0.5,content_preferred,2025-12
The Observer,https://observer.ug/business/xsabo-group-eyes-more-solar-plants/,2025-12-18,Xsabo Group eyes more solar plants,"Last year in March, the second grid-connected solar plant was commissioned in Nkonge, Mubende district, generating 20MW.",True,,procurement_irregularity,0.2309585561532815,payment_financial_dispute,0.06750602275133133,procurement_irregularity,0.5,content_preferred,2025-12
The Observer,https://observer.ug/business/xsabo-group-eyes-more-solar-plants/,2025-12-18,Xsabo Group eyes more solar plants,"He said the proposed projects are at different stages of planning, with feasibility studies and regulatory processes underway. “So far, we have delivered 40MW to the national grid, but our ambition is to scale up significantly,” he said. “In Lira, we are targeting up to 50MW, while Soroti and Kasese are expected to add between 20MW and 30MW, subject to approval by the Electricity Regulatory Authority.” The group is also negotiating a power purchase agreement for a proposed 30MW solar plant in Adjumani.",True,,delay_time_overrun,0.30231161555706565,delay_time_overrun,0.1384066492319107,delay_time_overrun,0.6101795661972441,agree,2025-12
The Observer,https://observer.ug/news/kiteezi-landfill-tragedy-survivors-reject-govts-housing-proposal/,2025-01-21,Kiteezi landfill tragedy survivors reject govt’s housing proposal,"However, the proposal has sparked outrage among the victims, who argue they were not consulted and feel the government has overlooked their longstanding demand for direct compensation.",True,land_row_dispute,land_row_dispute,0.4083929604451418,land_row_dispute,0.39997777342796326,land_row_dispute,0.7020926834682762,agree,2025-01
The Observer,https://observer.ug/news/kiteezi-landfill-tragedy-survivors-reject-govts-housing-proposal/,2025-01-21,Kiteezi landfill tragedy survivors reject govt’s housing proposal,What we want is the government to value our lost properties and provide fair compensation.,True,land_row_dispute,land_row_dispute,0.4694141898659238,land_row_dispute,0.3563380837440491,land_row_dispute,0.7064380684024932,agree,2025-01
The Observer,https://observer.ug/news/kiteezi-landfill-tragedy-survivors-reject-govts-housing-proposal/,2025-01-21,Kiteezi landfill tragedy survivors reject govt’s housing proposal,"Why can’t they just provide us with some compensation, and then we can take care of ourselves?” The survivors are urging the Office of the Prime Minister (OPM) to engage with them directly and understand their needs.",True,land_row_dispute,land_row_dispute,0.30232160432411054,land_row_dispute,0.25319910049438477,land_row_dispute,0.6388801762046238,agree,2025-01
The Observer,https://observer.ug/news/kiteezi-landfill-tragedy-survivors-reject-govts-housing-proposal/,2025-01-21,Kiteezi landfill tragedy survivors reject govt’s housing proposal,They demand the government honour its initial promise of fair compensation rather than forcing relocation and repayment plans upon them.,True,land_row_dispute,land_row_dispute,0.37120990404071647,land_row_dispute,0.33836930990219116,land_row_dispute,0.6773948034857269,agree,2025-01
The Observer,https://observer.ug/news/kiteezi-landfill-tragedy-survivors-reject-govts-housing-proposal/,2025-01-21,Kiteezi landfill tragedy survivors reject govt’s housing proposal,"Many argue that compensation would allow them to choose their path forward, whether relocating or rebuilding in Kiteezi if the landfill is cleared.",True,land_row_dispute,land_row_dispute,0.2855535179524742,land_row_dispute,0.3692592978477478,land_row_dispute,0.6637032039500554,agree,2025-01
The Observer,https://observer.ug/news/fake-doctor-jailed-2yrs-for-causing-deaths-of-3-patients-during-surgery-in-hoima/,2025-08-01,Fake doctor jailed 2yrs for causing deaths of 3 patients during surgery in Hoima,"That after completion, in March 2023, Taulula opted to apply for full registration before the former Uganda Medical and Dental Practitioners Council registrar, Katumba Ssentongo and presented his forged documents from Mount Kenya University.",True,,land_row_dispute,0.25077631578753523,procurement_irregularity,0.14672145247459412,land_row_dispute,0.5,content_preferred,2025-08
The Observer,https://observer.ug/news/garbage-crisis-9-8-million-homes-dump-or-burn-garbage-poorly/,2025-01-08,Garbage crisis: 9.8 million homes dump or burn garbage poorly,"In particular, the findings point to widespread improper waste disposal methods that disproportionately affect rural communities, as well as growing concerns about electronic waste and the strain on urban infrastructure.",True,,land_row_dispute,0.214737905361067,land_row_dispute,0.19955980777740479,land_row_dispute,0.6035744282846179,agree,2025-01
The Observer,https://observer.ug/news/garbage-crisis-9-8-million-homes-dump-or-burn-garbage-poorly/,2025-01-08,Garbage crisis: 9.8 million homes dump or burn garbage poorly,"However, even in urban areas, infrastructure gaps persist.",True,,land_row_dispute,0.19062339267931064,delay_time_overrun,0.32982301712036133,land_row_dispute,0.5,content_preferred,2025-01
The Observer,https://observer.ug/news/garbage-crisis-9-8-million-homes-dump-or-burn-garbage-poorly/,2025-01-08,Garbage crisis: 9.8 million homes dump or burn garbage poorly,"Blocked drainage channels, often caused by household waste, exacerbate urban flooding and create breeding grounds for disease-carrying mosquitoes, flies, and rodents.",True,,delay_time_overrun,0.18791787476520502,land_row_dispute,0.14121675491333008,delay_time_overrun,0.5,content_preferred,2025-01
The Observer,https://observer.ug/news/garbage-crisis-9-8-million-homes-dump-or-burn-garbage-poorly/,2025-01-08,Garbage crisis: 9.8 million homes dump or burn garbage poorly,"Producing over 600 metric tonnes of waste daily, the city’s inadequate infrastructure and chronic underfunding have created a precarious situation.",True,,land_row_dispute,0.19774527356551397,delay_time_overrun,0.1714211106300354,land_row_dispute,0.5,content_preferred,2025-01
The Observer,https://observer.ug/news/garbage-crisis-9-8-million-homes-dump-or-burn-garbage-poorly/,2025-01-08,Garbage crisis: 9.8 million homes dump or burn garbage poorly,"The funding will focus on improving waste management infrastructure in Kampala, addressing long- standing safety concerns, and enhancing the city’s capacity to handle its growing waste burden.",True,,quality_technical_defect,0.2281046924312798,delay_time_overrun,0.12472188472747803,quality_technical_defect,0.5,content_preferred,2025-01
The Observer,https://observer.ug/news/garbage-crisis-9-8-million-homes-dump-or-burn-garbage-poorly/,2025-01-08,Garbage crisis: 9.8 million homes dump or burn garbage poorly,"With the financial aid package now approved, the following measures are critical: Expanding infrastructure is critical, requiring the construction of new waste disposal facilities and the upgrading of existing ones to ensure safe and efficient waste management.",True,,governance_oversight_failure,0.24064362081967478,delay_time_overrun,0.20476257801055908,governance_oversight_failure,0.5,content_preferred,2025-01
The Observer,https://observer.ug/news/54636/,2025-02-19,Shocking body parts prices,A recent incident on the Northern Bypass in Kampala underscores the brazenness of traffickers and the challenges authorities face in curbing this crime.,True,,delay_time_overrun,0.225802298575153,land_row_dispute,0.18775546550750732,delay_time_overrun,0.5,content_preferred,2025-02
The Observer,https://observer.ug/news/govt-squanders-shs-70bn-a-year-on-idle-loans/,2025-04-02,Govt squanders Shs 70bn a year on idle loans,"Similarly, the transport infrastructure sector has used just $2.14 billion out of $3.47 billion, and in energy development, $2.39 billion of $3.27 billion has been disbursed.",True,,land_row_dispute,0.20818399140308153,payment_financial_dispute,0.1636769026517868,land_row_dispute,0.5,content_preferred,2025-04
The Observer,https://observer.ug/news/govt-squanders-shs-70bn-a-year-on-idle-loans/,2025-04-02,Govt squanders Shs 70bn a year on idle loans,"Government defends ongoing borrowing Despite these inefficiencies, government officials continue to defend their loan acquisition strategy, pointing to major infrastructure achievements made possible through external financing.",True,,land_row_dispute,0.23220028543243693,governance_oversight_failure,0.2443537712097168,land_row_dispute,0.5,content_preferred,2025-04
The Observer,https://observer.ug/news/govt-squanders-shs-70bn-a-year-on-idle-loans/,2025-04-02,Govt squanders Shs 70bn a year on idle loans,"According to the ministry of Finance, these include the doubling of Uganda’s paved national road network from 3,121km in 2012/13 to 6,133 km in 2022/23, as well as the expansion of Entebbe International Airport and the development of Kabaale International Airport in Hoima.",True,,contract_management_failure,0.13925360155913782,delay_time_overrun,0.24090370535850525,contract_management_failure,0.5,content_preferred,2025-04
The Observer,https://observer.ug/news/govt-squanders-shs-70bn-a-year-on-idle-loans/,2025-04-02,Govt squanders Shs 70bn a year on idle loans,"Water access infrastructure has also expanded significantly, with piped water networks growing from 14,466km to 22,668km in five years, alongside a doubling in water storage capacity.",True,,procurement_irregularity,0.2731331690267817,delay_time_overrun,0.20165905356407166,procurement_irregularity,0.5,content_preferred,2025-04
The Observer,https://observer.ug/news/govt-squanders-shs-70bn-a-year-on-idle-loans/,2025-04-02,Govt squanders Shs 70bn a year on idle loans,"Digital infrastructure has similarly benefited, with the national ICT backbone expanding from 1,380km to 4,300km between 2010 and 2023.",True,,delay_time_overrun,0.11471461536029622,delay_time_overrun,0.16830329596996307,delay_time_overrun,0.5707544778325648,agree,2025-04
The Observer,https://observer.ug/news/govt-squanders-shs-70bn-a-year-on-idle-loans/,2025-04-02,Govt squanders Shs 70bn a year on idle loans,"He notes that the country paid Shs 73.9 billion in commitment fees in FY 2023/24 alone—money that could have gone toward service delivery or project implementation. “The continued payment of commitment fees without corresponding loan utilization is inflating public debt obligations and reducing the fiscal space for priority spending,” Akol stated in the report.",True,,delay_time_overrun,0.3785342888674101,payment_financial_dispute,0.3055267632007599,delay_time_overrun,0.5,content_preferred,2025-04
The Observer,https://observer.ug/news/govt-squanders-shs-70bn-a-year-on-idle-loans/,2025-04-02,Govt squanders Shs 70bn a year on idle loans,"The persistent trend of underperformance indicates systemic challenges in project planning, execution, and inter-agency coordination.",True,,delay_time_overrun,0.27924359705675456,governance_oversight_failure,0.3603769540786743,delay_time_overrun,0.5,content_preferred,2025-04
The Observer,https://observer.ug/news/govt-squanders-shs-70bn-a-year-on-idle-loans/,2025-04-02,Govt squanders Shs 70bn a year on idle loans,"These delays, he argued, often mean that by the time the funds are ready for release, macroeconomic circumstances have changed—resulting in implementation challenges and financial mismatches.",True,delay_time_overrun,delay_time_overrun,0.2808599603498742,delay_time_overrun,0.3595511019229889,delay_time_overrun,0.6601027655682158,agree,2025-04
The Observer,https://observer.ug/news/govt-squanders-shs-70bn-a-year-on-idle-loans/,2025-04-02,Govt squanders Shs 70bn a year on idle loans,"Kol added that while the government does not intend to accumulate idle loans, delays in feasibility studies, procurement bottlenecks, land acquisition issues, and environmental assessments frequently hamper timely disbursement.",True,procurement_irregularity,procurement_irregularity,0.3252078177400289,delay_time_overrun,0.32885944843292236,procurement_irregularity,0.5,content_preferred,2025-04
The Observer,https://observer.ug/news/govt-squanders-shs-70bn-a-year-on-idle-loans/,2025-04-02,Govt squanders Shs 70bn a year on idle loans,"The persistence of undisbursed loans and associated penalties, they say, points to a larger problem of weak public sector efficiency and lack of accountability in project execution.",True,governance_oversight_failure,governance_oversight_failure,0.3733144937987786,governance_oversight_failure,0.4022945165634155,governance_oversight_failure,0.6939022525905485,agree,2025-04
The Observer,https://observer.ug/news/govt-squanders-shs-70bn-a-year-on-idle-loans/,2025-04-02,Govt squanders Shs 70bn a year on idle loans,"With total project loans estimated at Shs 9.779 trillion, of which Shs 4.966 trillion will be raised on concessional terms, the government’s borrowing spree shows no sign of slowing down.",True,,land_row_dispute,0.3191696650872632,delay_time_overrun,0.23916015028953552,land_row_dispute,0.5,content_preferred,2025-04
The Observer,https://observer.ug/news/govt-squanders-shs-70bn-a-year-on-idle-loans/,2025-04-02,Govt squanders Shs 70bn a year on idle loans,"He cited the Southern Bypass Jinja Expressway project, where funds secured from the African Development Bank (AfDB) have been left idle for nearly three years due to the government’s failure to compensate affected landowners. “Why secure a loan for road con- struction when you lack counter-funding for compensation?” he asked. “It has been almost three years since the loan was approved, yet compensation remains unresolved.” Nganda also referenced the delayed Stan- dard Gauge Railway project, where compensation disputes have stalled progress.",True,delay_time_overrun,land_row_dispute,0.4974727355247248,land_row_dispute,0.3371346592903137,land_row_dispute,0.7086518487037596,agree,2025-04
The Observer,https://observer.ug/news/govt-squanders-shs-70bn-a-year-on-idle-loans/,2025-04-02,Govt squanders Shs 70bn a year on idle loans,"He argued that if the government redirected Shs 7 trillion spent annually on non-essential expenditures such as workshops, travel and allowances, it could easily fund compensation and counter-financing for these stalled projects.",True,land_row_dispute,land_row_dispute,0.28402449724414547,land_row_dispute,0.2653544545173645,land_row_dispute,0.6373447379403775,agree,2025-04
The Observer,https://observer.ug/news/govt-squanders-shs-70bn-a-year-on-idle-loans/,2025-04-02,Govt squanders Shs 70bn a year on idle loans,"Mukunda highlighted several cases of mismanagement, including the Busega-Mpigi Expressway, which had to be redesigned due to poor project planning. “About 33 per cent of projects lack clear priorities, feasibility studies, or proper planning,” he stated.",True,governance_oversight_failure,governance_oversight_failure,0.33598719600731297,governance_oversight_failure,0.30620625615119934,governance_oversight_failure,0.660548363039628,agree,2025-04
The Observer,https://observer.ug/news/govt-squanders-shs-70bn-a-year-on-idle-loans/,2025-04-02,Govt squanders Shs 70bn a year on idle loans,"Mukunda also pointed out delays in projects like the Kyaliwajjala-Kira-Kasangati-Matugga road, which were caused by indecision over compensation disputes involving properties such as schools, hospitals and petrol stations.",True,delay_time_overrun,delay_time_overrun,0.2500043272352099,delay_time_overrun,0.38548052310943604,delay_time_overrun,0.6588712125861614,agree,2025-04
The Observer,https://observer.ug/news/govt-squanders-shs-70bn-a-year-on-idle-loans/,2025-04-02,Govt squanders Shs 70bn a year on idle loans,"While borrowing has been instrumental in financing infrastructure development, the ongoing inefficiencies in loan absorption and project execution risk undermining the country’s fiscal health.",True,,procurement_irregularity,0.39437581447901304,payment_financial_dispute,0.26699116826057434,procurement_irregularity,0.5,content_preferred,2025-04
The Observer,https://observer.ug/news/govt-squanders-shs-70bn-a-year-on-idle-loans/,2025-04-02,Govt squanders Shs 70bn a year on idle loans,"Better project planning, improved governance structures, and stronger inter-agency coordination are essential to ensure that borrowed funds are used effectively and deliver the desired outcomes.",True,,governance_oversight_failure,0.31971310923106255,governance_oversight_failure,0.27228236198425293,governance_oversight_failure,0.6479988678038289,agree,2025-04
The Observer,https://observer.ug/business/museveni-finally-appoints-michael-atingi-ego-as-bank-of-uganda-governor/,2025-02-11,Museveni finally appoints Michael Atingi-Ego as Bank of Uganda Governor,"The appointments are expected to bring stability and strategic leadership to Uganda’s central banking system, ensuring continued economic oversight and financial policy implementation.",True,governance_oversight_failure,governance_oversight_failure,0.3419880515133756,governance_oversight_failure,0.25318992137908936,governance_oversight_failure,0.6487944932231162,agree,2025-02
The Observer,https://observer.ug/business/boda-boda-union-honda-partner-to-supply-motorcycles-at-shs-250000-deposit/,2025-11-20,"Boda Boda Union, Honda partner to supply motorcycles at Shs 250,000 deposit","Mawejje urged riders to join Saccos in their localities, saying the union works strictly through organised groups as part of efforts to formalise the sector and deliver long-term benefits rather than one-off handouts.",True,,quality_technical_defect,0.1036288427169744,land_row_dispute,0.1670704036951065,quality_technical_defect,0.5,content_preferred,2025-11
The Observer,https://observer.ug/news/kisoro-man-arrested-for-killing-wife-over-supper/,2025-05-10,Kisoro man arrested for killing wife over supper,"He says the dispute began when Irakiza, angered by Ntezimana’s refusal to cook, turned violent, leading to a fatal confrontation.",True,,land_row_dispute,0.257360760725162,contract_management_failure,0.30925118923187256,land_row_dispute,0.5,content_preferred,2025-05
The Observer,https://observer.ug/news/mps-reject-dpps-budget-over-lack-of-professionalism/,2025-04-02,"MPs reject DPP’s budget over inefficiencies, abuse of office",Another controversial budget item was a plan to plant 200 trees across 20 different offices.,True,,land_row_dispute,0.27432699061910093,delay_time_overrun,0.2083410620689392,land_row_dispute,0.5,content_preferred,2025-04
The Observer,https://observer.ug/news/army-court-declares-jurisdiction-orders-besigye-to-take-plea/,2025-01-14,"Army court declares jurisdiction, orders Besigye to take plea","Martha Karua, part of the defense team, questioned how the UPDF could claim jurisdiction over crimes involving arms outside Uganda, further arguing that Nairobi is beyond the UPDF’s territorial reach.",True,,contract_management_failure,0.24264202711063063,land_row_dispute,0.23809528350830078,contract_management_failure,0.5,content_preferred,2025-01
The Observer,https://observer.ug/news/army-court-declares-jurisdiction-orders-besigye-to-take-plea/,2025-01-14,"Army court declares jurisdiction, orders Besigye to take plea","Mugabe clarified that Besigye and Lutale’s transfer from Kenya to Uganda did not breach any extradition agreements, emphasizing the memorandum of understanding between the two countries.",True,,contract_management_failure,0.11464430202343813,procurement_irregularity,0.22359596192836761,contract_management_failure,0.5,content_preferred,2025-01
The Observer,https://observer.ug/news/namisindwa-parish-chiefs-protest-shs179m-unpaid-allowances/,2026-03-17,Namisindwa parish chiefs protest Shs179m unpaid allowances,Parish chiefs and town agents in Namisindwa district have petitioned district leadership over the delayed payment of parish development committee (PDC) and housing allowances amounting to Shs 179.3 million.,True,delay_time_overrun,delay_time_overrun,0.42584916771862386,payment_financial_dispute,0.24186156690120697,delay_time_overrun,0.5,content_preferred,2026-03
The Observer,https://observer.ug/news/namisindwa-parish-chiefs-protest-shs179m-unpaid-allowances/,2026-03-17,Namisindwa parish chiefs protest Shs179m unpaid allowances,"In a March 16, 2026, letter addressed to the chief administrative officer (CAO), the officials said most of them have not received their allowances despite submitting the required payment requisitions.",True,,procurement_irregularity,0.3757592339123337,payment_financial_dispute,0.2527482509613037,procurement_irregularity,0.5,content_preferred,2026-03
The Observer,https://observer.ug/news/namisindwa-parish-chiefs-protest-shs179m-unpaid-allowances/,2026-03-17,Namisindwa parish chiefs protest Shs179m unpaid allowances,"They referenced an earlier request dated January 20, 2026, noting that payments for the second quarter of the 2025/26 financial year have not been effected, even though the district reportedly received the funds.",True,,procurement_irregularity,0.10388716667634673,payment_financial_dispute,0.2545481026172638,procurement_irregularity,0.5,content_preferred,2026-03
The Observer,https://observer.ug/news/namisindwa-parish-chiefs-protest-shs179m-unpaid-allowances/,2026-03-17,Namisindwa parish chiefs protest Shs179m unpaid allowances,"Willy Namanda, chairperson of parish chiefs in the district, said 163 parish chiefs and town agents are each entitled to Shs 250,000 as PDC allowance and Shs 300,000 as housing allowance per quarter.",True,,land_row_dispute,0.3332092546423976,payment_financial_dispute,0.18562424182891846,land_row_dispute,0.5,content_preferred,2026-03
The Observer,https://observer.ug/news/namisindwa-parish-chiefs-protest-shs179m-unpaid-allowances/,2026-03-17,Namisindwa parish chiefs protest Shs179m unpaid allowances,"This translates to Shs 89,650,000 per quarter, bringing the total unpaid amount to Shs 179,300,000 for two quarters.",True,,land_row_dispute,0.226968063740421,payment_financial_dispute,0.23644767701625824,land_row_dispute,0.5,content_preferred,2026-03
The Observer,https://observer.ug/news/namisindwa-parish-chiefs-protest-shs179m-unpaid-allowances/,2026-03-17,Namisindwa parish chiefs protest Shs179m unpaid allowances,"Namanda said the delay has created pressure from community stakeholders and is affecting service delivery. “The delay to pay us our allowances has made our work very difficult because both the PDC members and landlords are on our necks whenever they see us, which is affecting service delivery in the parishes,” he said.",True,delay_time_overrun,delay_time_overrun,0.3468777097582108,delay_time_overrun,0.2881723940372467,delay_time_overrun,0.6587625259488644,agree,2026-03
The Observer,https://observer.ug/news/namisindwa-parish-chiefs-protest-shs179m-unpaid-allowances/,2026-03-17,Namisindwa parish chiefs protest Shs179m unpaid allowances,"Copies of the petition were also sent to the resident district commissioner (RDC), district internal security officer (DISO), LCV chairperson, district planner, and the PDM focal person, seeking their intervention.",True,,land_row_dispute,0.18490757955783288,land_row_dispute,0.23273296654224396,land_row_dispute,0.6044101365250192,agree,2026-03
The Observer,https://observer.ug/news/namisindwa-parish-chiefs-protest-shs179m-unpaid-allowances/,2026-03-17,Namisindwa parish chiefs protest Shs179m unpaid allowances,Elijah Madoi confirmed awareness of the concerns and said he would follow up with district leadership. “We have received the concerns from the parish chiefs and town agents regarding the delay of their allowances.,True,delay_time_overrun,delay_time_overrun,0.3852979370067867,land_row_dispute,0.23306521773338318,delay_time_overrun,0.5,content_preferred,2026-03
The Observer,https://observer.ug/news/namisindwa-parish-chiefs-protest-shs179m-unpaid-allowances/,2026-03-17,Namisindwa parish chiefs protest Shs179m unpaid allowances,"My office will engage the district technical leadership to establish what could be causing the delay and ensure the matter is handled,” Madoi said.",True,delay_time_overrun,delay_time_overrun,0.40606679611914004,delay_time_overrun,0.2686559557914734,delay_time_overrun,0.6686806879776533,agree,2026-03
The Observer,https://observer.ug/news/namisindwa-parish-chiefs-protest-shs179m-unpaid-allowances/,2026-03-17,Namisindwa parish chiefs protest Shs179m unpaid allowances,"He emphasised the critical role parish chiefs play in implementing government programmes such as the Parish Development Model (PDM), stressing the need for timely facilitation. “These officers are key in monitoring and supervising government programmes at the parish level, so their facilitation must be handled in time,” he said.",True,,land_row_dispute,0.2665693130152385,governance_oversight_failure,0.279876708984375,land_row_dispute,0.5,content_preferred,2026-03
The Observer,https://observer.ug/news/namisindwa-parish-chiefs-protest-shs179m-unpaid-allowances/,2026-03-17,Namisindwa parish chiefs protest Shs179m unpaid allowances,Efforts to obtain a comment from the Namisindwa chief administrative officer were ongoing by press time.,True,,land_row_dispute,0.28994317564396765,delay_time_overrun,0.21554818749427795,land_row_dispute,0.5,content_preferred,2026-03
The Observer,https://observer.ug/business/will-ugandas-new-love-for-airports-grow-the-economy/,2026-03-18,Will Uganda’s new love for airports grow the economy?,"They can then trade their values at prevailing rates, same way the treasury bonds secondary market or even stock exchange works.",True,,land_row_dispute,0.21722028139749733,procurement_irregularity,0.15096254646778107,land_row_dispute,0.5,content_preferred,2026-03
The Observer,https://observer.ug/business/will-ugandas-new-love-for-airports-grow-the-economy/,2026-03-18,Will Uganda’s new love for airports grow the economy?,"If BoU decides to sell their holdings, then the gold certificate holders could earn some interest on their holdings (or make a loss depending on the market conditions, again same way the stock exchange works).",True,,delay_time_overrun,0.24626780836516066,procurement_irregularity,0.18834510445594788,delay_time_overrun,0.5,content_preferred,2026-03
The Observer,https://observer.ug/news/lawyer-mabirizi-denied-bail-over-lack-of-valid-id/,2026-03-06,Lawyer Mabirizi denied bail over lack of valid ID,"She also dismissed the defence’s claim that Mabirizi’s National Identification Number (NIN) was sufficient. “ If the law had thought that a NIN was sufficient in supporting a bail application, it would have said so, but it did not.",True,,procurement_irregularity,0.10461701835074493,procurement_irregularity,0.20065850019454956,procurement_irregularity,0.5763188796363237,agree,2026-03
The Observer,https://observer.ug/news/two-kampala-girls-one-turning-point/,2026-01-23,"Two Kampala girls, one turning point","What broke her, long before the streets tried to claim her, was home.",True,,quality_technical_defect,0.10863626554277882,land_row_dispute,0.21544498205184937,quality_technical_defect,0.5,content_preferred,2026-01
The Observer,https://observer.ug/news/two-kampala-girls-one-turning-point/,2026-01-23,"Two Kampala girls, one turning point","They began making samosas and fruit juice, later adding a small poultry project.",True,,delay_time_overrun,0.26767396813473826,delay_time_overrun,0.12685942649841309,delay_time_overrun,0.5986333486582879,agree,2026-01
The Observer,https://observer.ug/news/govt-to-hold-nationwide-consultations-ahead-of-electronic-penalty-system-relaunch/,2026-03-09,Gov’t to hold nationwide consultations ahead of Express Penalty System relaunch,"The automated traffic enforcement programme was suspended last year after motorists, public transport operators and other road users raised concerns about its implementation.",True,,procurement_irregularity,0.20316616585330932,delay_time_overrun,0.25102561712265015,procurement_irregularity,0.5,content_preferred,2026-03
The Observer,https://observer.ug/news/govt-to-hold-nationwide-consultations-ahead-of-electronic-penalty-system-relaunch/,2026-03-09,Gov’t to hold nationwide consultations ahead of Express Penalty System relaunch,"Works and Transport minister Gen Katumba Wamala last week met leaders representing taxi operators, bus companies, truck drivers and boda boda riders to review a draft report assessing the initial rollout of the system.",True,,governance_oversight_failure,0.1951187101446589,governance_oversight_failure,0.1525467336177826,governance_oversight_failure,0.5869163609406104,agree,2026-03
The Observer,https://observer.ug/news/govt-to-hold-nationwide-consultations-ahead-of-electronic-penalty-system-relaunch/,2026-03-09,Gov’t to hold nationwide consultations ahead of Express Penalty System relaunch,"According to the ministry of Works and Transport, the review identified several operational gaps that contributed to public dissatisfaction when the system was first introduced.",True,,procurement_irregularity,0.1479747533054727,quality_technical_defect,0.3046227693557739,procurement_irregularity,0.5,content_preferred,2026-03
The Observer,https://observer.ug/news/govt-to-hold-nationwide-consultations-ahead-of-electronic-penalty-system-relaunch/,2026-03-09,Gov’t to hold nationwide consultations ahead of Express Penalty System relaunch,"Among the concerns raised were inadequate road signage, limited public sensitisation before implementation, and complaints about the 72-hour deadline for payment of fines and the 50 per cent surcharge imposed after that period.",True,,delay_time_overrun,0.3251705204419713,payment_financial_dispute,0.29502496123313904,delay_time_overrun,0.5,content_preferred,2026-03
The Observer,https://observer.ug/business/unsung-community-business-group-lifting-lives-in-the-albertine-graben/,2026-01-01,Unsung community business group lifting lives in the Albertine graben,"The discovery of oil in the Albertine Graben is proving to be a transformative force, reshaping communities and boosting livelihoods through comprehensive restoration programs.",True,,land_row_dispute,0.3035108752672981,land_row_dispute,0.18840527534484863,land_row_dispute,0.6229790376530366,agree,2026-01
The Observer,https://observer.ug/business/unsung-community-business-group-lifting-lives-in-the-albertine-graben/,2026-01-01,Unsung community business group lifting lives in the Albertine graben,"The skills have laid a solid foundation for improved household incomes, financial independence, and broader socio-economic development across Tilenga project host communities.",True,,delay_time_overrun,0.2620547851868683,land_row_dispute,0.13723944127559662,delay_time_overrun,0.5,content_preferred,2026-01
The Observer,https://observer.ug/business/unsung-community-business-group-lifting-lives-in-the-albertine-graben/,2026-01-01,Unsung community business group lifting lives in the Albertine graben,"The program supports the restoration of businesses, strengthens entrepreneurs’ capacity to manage and grow their ventures, and equips youth and other project-affected persons with vocational skills and links to employment or business opportunities.",True,,land_row_dispute,0.4606658521226892,governance_oversight_failure,0.12848593294620514,land_row_dispute,0.5,content_preferred,2026-01
The Observer,https://observer.ug/business/unsung-community-business-group-lifting-lives-in-the-albertine-graben/,2026-01-01,Unsung community business group lifting lives in the Albertine graben,"This is more than just a meeting it is a space for sharing financial literacy knowledge, a practice introduced by Sunmaker Energy Uganda Ltd, a contractor for TotalEnergies EP Uganda.",True,,delay_time_overrun,0.23323055128600992,payment_financial_dispute,0.17555725574493408,delay_time_overrun,0.5,content_preferred,2026-01
The Observer,https://observer.ug/business/unsung-community-business-group-lifting-lives-in-the-albertine-graben/,2026-01-01,Unsung community business group lifting lives in the Albertine graben,"Before joining the savings group, his children were often sent home from school due to unpaid fees.",True,,delay_time_overrun,0.23168026606610415,payment_financial_dispute,0.20229731500148773,delay_time_overrun,0.5,content_preferred,2026-01
The Observer,https://observer.ug/news/adios-polly-ouma-ugandas-most-influential-footballer-and-coach/,2026-01-10,"Adios Polly Ouma, Uganda’s most influential footballer and coach","So, it was only fitting that hundreds of mourners gathered at Mengo SS Cathedral and later at the Kadiba Fufa stadium to pay their final respects to the man who dominated Ugandan football on the field and on the touchline.",True,,land_row_dispute,0.322999537017585,delay_time_overrun,0.09332704544067383,land_row_dispute,0.5,content_preferred,2026-01
The Observer,https://observer.ug/news/buliisa-considers-biometric-machines-to-curb-health-worker-absenteeism/,2026-04-06,Buliisa considers biometric machines to curb health worker absenteeism,"Juliet Kusemererwa, a resident of Wanseko landing site in Wanseko town council, said some health workers report late or fail to show up, while others prioritise their private clinics at the expense of public facilities.",True,,procurement_irregularity,0.37458039278489086,quality_technical_defect,0.22323603928089142,procurement_irregularity,0.5,content_preferred,2026-04
The Observer,https://observer.ug/business/roofings-unveils-e-commerce-platform-plans-iron-ore-investment/,2026-03-21,"Roofings unveils e-commerce platform, plans iron ore investment","The plan was disclosed by Sikander Lalani, chairman of Roofings Group, during the launch of the company’s new e-commerce platform aimed at streamlining nationwide access to construction materials at competitive prices.",True,,land_row_dispute,0.3884980096188972,contract_management_failure,0.15173131227493286,land_row_dispute,0.5,content_preferred,2026-03
The Observer,https://observer.ug/business/roofings-unveils-e-commerce-platform-plans-iron-ore-investment/,2026-03-21,"Roofings unveils e-commerce platform, plans iron ore investment","He added that the platform will particularly benefit diaspora clients by offering a direct, secure and reliable procurement channel, placing greater control in the hands of customers.",True,procurement_irregularity,procurement_irregularity,0.2862386968106241,land_row_dispute,0.13835635781288147,procurement_irregularity,0.5,content_preferred,2026-03
The Observer,https://observer.ug/business/roofings-unveils-e-commerce-platform-plans-iron-ore-investment/,2026-03-21,"Roofings unveils e-commerce platform, plans iron ore investment",Lalani also commended the company’s internal teams for their collaboration in delivering the project and recognised Tech Mahindra for its technical expertise and support during the platform’s development.,True,,delay_time_overrun,0.349635556208198,quality_technical_defect,0.15381380915641785,delay_time_overrun,0.5,content_preferred,2026-03
The Observer,https://observer.ug/news/she-started-small-now-her-farm-feeds-thousands/,2026-04-01,She started small: now her farm feeds thousands,"Today, she speaks of tonnes. “Before that, I used to grow groundnuts in a small quantity,” she said. “But after joining this project… that’s when I started growing groundnuts in tonnes.” Namukose is one of many women whose lives are being reshaped by Heifer International’s efforts to turn farming into a business.",True,,land_row_dispute,0.16307513051886924,contract_management_failure,0.046833351254463196,land_row_dispute,0.5,content_preferred,2026-04
The Observer,https://observer.ug/news/she-started-small-now-her-farm-feeds-thousands/,2026-04-01,She started small: now her farm feeds thousands,"That gap is what initiatives like the SAYE project, backed by Heifer International and the Mastercard Foundation, are trying to close.",True,,governance_oversight_failure,0.18036023018241448,delay_time_overrun,0.29539936780929565,governance_oversight_failure,0.5,content_preferred,2026-04
The Observer,https://observer.ug/business/economics-of-forgiveness-a-final-chance-to-reset-your-business-debt/,2026-03-29,Economics of forgiveness: A final chance to reset your business debt,"It is, in many ways, a bridge between enforcement and cooperation, a recognition that while compliance is mandatory, achieving it sometimes requires flexibility.",True,,quality_technical_defect,0.18752907802686097,governance_oversight_failure,0.2760767340660095,quality_technical_defect,0.5,content_preferred,2026-03
The Observer,https://observer.ug/news/uganda-airlines-how-billions-vanished-in-4-years/,2026-02-13,UGANDA AIRLINES: How billions vanished in 4 years,"The national carrier’s first flight to Nairobi carried just eight passengers, but it carried something heavier too: a country’s hope that a long-lost national symbol could finally be rebuilt, wiser this time, disciplined, and run like a business rather than a political project.",True,,quality_technical_defect,0.1306228139399634,contract_management_failure,0.08010967075824738,quality_technical_defect,0.5,content_preferred,2026-02
The Observer,https://observer.ug/news/uganda-airlines-how-billions-vanished-in-4-years/,2026-02-13,UGANDA AIRLINES: How billions vanished in 4 years,"Then CEO Cornwell Muleya was sent on forced leave by the Minister of Works and Transport, following directives from President Yoweri Museveni to investigate allegations of financial mismanagement, nepotism, and corruption.",True,governance_oversight_failure,governance_oversight_failure,0.2771868746519538,contract_management_failure,0.2720744013786316,governance_oversight_failure,0.5,content_preferred,2026-02
The Observer,https://observer.ug/news/uganda-airlines-how-billions-vanished-in-4-years/,2026-02-13,UGANDA AIRLINES: How billions vanished in 4 years,"Muleya was later suspended, his contract terminated, and he eventually sued, winning Shs 455 million in compensation.",True,land_row_dispute,land_row_dispute,0.3324767903824087,contract_management_failure,0.32213354110717773,land_row_dispute,0.5,content_preferred,2026-02
The Observer,https://observer.ug/news/uganda-airlines-how-billions-vanished-in-4-years/,2026-02-13,UGANDA AIRLINES: How billions vanished in 4 years,"Investigators demanded board minutes approving the purchase of Boeing aircraft, procurement records, fuel supplier transactions, ticketing documents, banking records, and internal audit reports, an unusually broad sweep that signals the seriousness of the inquiry.",True,procurement_irregularity,procurement_irregularity,0.2883802793051942,payment_financial_dispute,0.2784019708633423,procurement_irregularity,0.5,content_preferred,2026-02
The Observer,https://observer.ug/news/kenyan-motorists-dash-to-uganda-for-cheaper-fuel/,2026-04-02,Kenyan motorists dash to Uganda for cheaper fuel,The motorists claim fuel in Uganda is noticeably cheaper than in Kenya.,True,,contract_management_failure,0.2411978161411056,procurement_irregularity,0.0771988034248352,contract_management_failure,0.5,content_preferred,2026-04
The Observer,https://observer.ug/business/dfcu-bank-opens-55th-branch-in-namanve/,2026-02-24,dfcu bank opens new branch in Namanve,"dfcu bank has opened its 55th branch at the Namanve Industrial Park, becoming the second financial institution to establish a physical presence in the fast-growing manufacturing hub.",True,,governance_oversight_failure,0.1325348137391356,governance_oversight_failure,0.07230114191770554,governance_oversight_failure,0.5512089889142103,agree,2026-02
The Observer,https://observer.ug/business/dfcu-bank-opens-55th-branch-in-namanve/,2026-02-24,dfcu bank opens new branch in Namanve,"The Namanve Industrial Park hosts over 400 factories and employs about 4,000 people.",True,,land_row_dispute,0.3846515635349005,land_row_dispute,0.06778955459594727,land_row_dispute,0.6131102795327119,agree,2026-02
The Observer,https://observer.ug/business/dfcu-bank-opens-55th-branch-in-namanve/,2026-02-24,dfcu bank opens new branch in Namanve,"Margaret Karume, dfcu’s chief credit officer, said the new branch is designed to serve businesses within the industrial park and surrounding areas, bringing financial services closer to where economic activity takes place. “We have a cash depositor machine that allows cash deposits 24 hours a day, seven days a week all year round.",True,,land_row_dispute,0.19773232119141834,payment_financial_dispute,0.1443454474210739,land_row_dispute,0.5,content_preferred,2026-02
The Observer,https://observer.ug/business/dfcu-bank-opens-55th-branch-in-namanve/,2026-02-24,dfcu bank opens new branch in Namanve,LaganDott has served as a road construction and infrastructure company within the park since 2021.,True,,land_row_dispute,0.31610211680520583,delay_time_overrun,0.20996850728988647,land_row_dispute,0.5,content_preferred,2026-02
The Observer,https://observer.ug/business/dfcu-bank-opens-55th-branch-in-namanve/,2026-02-24,dfcu bank opens new branch in Namanve,"Fred Moses Waida, vice chairperson of the Namanve Industrial Park, pledged full support to the bank. “As leaders, we pledge our full support to dfcu.",True,,land_row_dispute,0.17278045953079996,governance_oversight_failure,0.1652344912290573,land_row_dispute,0.5,content_preferred,2026-02
The Observer,https://observer.ug/news/kabalega-international-airport-to-open-in-october/,2023-07-09,Kabalega International Airport to open in October,"According to the initial plan for the project, construction of the airport was expected to start in April 2018 and be completed by February 2023.",True,,delay_time_overrun,0.33329755273997397,delay_time_overrun,0.2952123284339905,delay_time_overrun,0.6571274702934911,agree,2023-07
The Observer,https://observer.ug/news/kabalega-international-airport-to-open-in-october/,2023-07-09,Kabalega International Airport to open in October,"Muriisa noted that the earlier timeline couldn’t be achieved due to the heavy rains and the outbreak of the Covid-19 pandemic, which extended the completion time. “When Covid was announced in 2020, we had to adhere to the stringent standard operating procedures, especially those of social distancing.",True,,delay_time_overrun,0.24665620289566273,delay_time_overrun,0.3690830171108246,delay_time_overrun,0.6539348050016218,agree,2023-07
The Observer,https://observer.ug/news/kabalega-international-airport-to-open-in-october/,2023-07-09,Kabalega International Airport to open in October,The number of staff in the camp was reduced to adhere to the SOPs at construction sites like ours.,True,,procurement_irregularity,0.29396352874495546,land_row_dispute,0.1896369606256485,procurement_irregularity,0.5,content_preferred,2023-07
The Observer,https://observer.ug/news/kabalega-international-airport-to-open-in-october/,2023-07-09,Kabalega International Airport to open in October,A reduction in labour automatically increases the time spent to complete a certain task.,True,,land_row_dispute,0.1422592167782683,delay_time_overrun,0.25597453117370605,land_row_dispute,0.5,content_preferred,2023-07
The Observer,https://observer.ug/news/kabalega-international-airport-to-open-in-october/,2023-07-09,Kabalega International Airport to open in October,"When the time for project completion came, we had to reclaim all this natural time lost.",True,,land_row_dispute,0.26872213424648267,delay_time_overrun,0.3737676739692688,land_row_dispute,0.5,content_preferred,2023-07
The Observer,https://observer.ug/news/kabalega-international-airport-to-open-in-october/,2023-07-09,Kabalega International Airport to open in October,"Completion for phase one of the project stands at 91.75 per cent. [The airport] will be ready by October.” Also, the disagreement between the government and the contractor over unpaid arrears to the contractor affected the progression of the project.",True,,delay_time_overrun,0.40352716392896076,delay_time_overrun,0.33139514923095703,delay_time_overrun,0.6837305782899794,agree,2023-07
The Observer,https://observer.ug/news/kabalega-international-airport-to-open-in-october/,2023-07-09,Kabalega International Airport to open in October,"Muriisa added, “Although the bills of quantities for the projects were done in 2016, construction commenced in 2018.",True,,procurement_irregularity,0.29479563939655645,delay_time_overrun,0.24557286500930786,procurement_irregularity,0.5,content_preferred,2023-07
The Observer,https://observer.ug/news/kabalega-international-airport-to-open-in-october/,2023-07-09,Kabalega International Airport to open in October,We had registered a significant increase in prices of commodities.,True,,land_row_dispute,0.14114805892460972,contract_management_failure,0.22674895823001862,land_row_dispute,0.5,content_preferred,2023-07
The Observer,https://observer.ug/news/kabalega-international-airport-to-open-in-october/,2023-07-09,Kabalega International Airport to open in October,The government was a bit hesitant when we approached them to claim our arrears.,True,,land_row_dispute,0.15174685255482534,contract_management_failure,0.28784409165382385,land_row_dispute,0.5,content_preferred,2023-07
The Observer,https://observer.ug/news/kabalega-international-airport-to-open-in-october/,2023-07-09,Kabalega International Airport to open in October,We finally reached a negotiation.,True,,land_row_dispute,0.14114805892460972,contract_management_failure,0.3047329783439636,land_row_dispute,0.5,content_preferred,2023-07
The Observer,https://observer.ug/news/kabalega-international-airport-to-open-in-october/,2023-07-09,Kabalega International Airport to open in October,"A certain amount was paid and work resumed.” Although the project was estimated to cost €309 million, a variation in prices pushed for the project to be phased.",True,,delay_time_overrun,0.26993912532533404,delay_time_overrun,0.27370938658714294,delay_time_overrun,0.6359121279781192,agree,2023-07
The Observer,https://observer.ug/news/kabalega-international-airport-to-open-in-october/,2023-07-09,Kabalega International Airport to open in October,"Phase one of the project catered for the establishment of the runway, aprons, and terminal building to be shared by both the cargo and passengers, among others.",True,,land_row_dispute,0.3489896660110619,delay_time_overrun,0.13611266016960144,land_row_dispute,0.5,content_preferred,2023-07
The Observer,https://observer.ug/news/kabalega-international-airport-to-open-in-october/,2023-07-09,Kabalega International Airport to open in October,"Phase two, which is expected to cost an additional €40 million, will cater for the establishment of the air control tower, fuel firm and 20 accommodation units for airport staff.",True,,delay_time_overrun,0.24365426921235445,payment_financial_dispute,0.07207556813955307,delay_time_overrun,0.5,content_preferred,2023-07
The Observer,https://observer.ug/news/kabalega-international-airport-to-open-in-october/,2023-07-09,Kabalega International Airport to open in October,"Muriisa added, “Since we found that the money wasn’t enough, the technicians told us they would tentatively use the air control tower at Entebbe to manage activities at the Kabalega International Airport.",True,,delay_time_overrun,0.3099996110869522,land_row_dispute,0.08403512835502625,delay_time_overrun,0.5,content_preferred,2023-07
The Observer,https://observer.ug/news/kabalega-international-airport-to-open-in-october/,2023-07-09,Kabalega International Airport to open in October,"During this same period, the government will be expected to look for money to complete phase two of the project.",True,,delay_time_overrun,0.246258939409979,delay_time_overrun,0.275867760181427,delay_time_overrun,0.6305316748978516,agree,2023-07
The Observer,https://observer.ug/news/kabalega-international-airport-to-open-in-october/,2023-07-09,Kabalega International Airport to open in October,"Since the priority has been put on cargo, the airport terminal will accommodate 50 people during peak hours.” The establishment of the airport in the Kabalega industrial park is expected to ease the delivery of equipment for the refinery.",True,,land_row_dispute,0.2565788417429525,delay_time_overrun,0.12769237160682678,land_row_dispute,0.5,content_preferred,2023-07
The Observer,https://observer.ug/news/kabalega-international-airport-to-open-in-october/,2023-07-09,Kabalega International Airport to open in October,"However, uncertainty remains on the ability of the joint venture partners to raise the $4.5 billion necessary for the establishment of the refinery.",True,,land_row_dispute,0.20218170704431634,contract_management_failure,0.17071208357810974,land_row_dispute,0.5,content_preferred,2023-07
The Observer,https://observer.ug/news/kabalega-international-airport-to-open-in-october/,2023-07-09,Kabalega International Airport to open in October,"Investment into Uganda’s oil and gas sector has faced heavy opposition from climate activists saying the projects could increase Uganda’s carbon footprint, prompting some banks to drop their interests into financing Uganda’s oil refinery.",True,,land_row_dispute,0.35187336562473553,land_row_dispute,0.17513461410999298,land_row_dispute,0.6317519949336822,agree,2023-07
The Observer,https://observer.ug/news/kabalega-international-airport-to-open-in-october/,2023-07-09,Kabalega International Airport to open in October,"However, Gloria Sebikari, the corporate affairs manager at the Petroleum Authority of Uganda, insisted that the final investment decision into Uganda’s oil refinery will be announced before the end of the year. “Some banks that have been announcing the suspension of funding our refinery were never invited.",True,,procurement_irregularity,0.21002990168850388,delay_time_overrun,0.1816582977771759,procurement_irregularity,0.5,content_preferred,2023-07
The Observer,https://observer.ug/news/kabalega-international-airport-to-open-in-october/,2023-07-09,Kabalega International Airport to open in October,How then do they suspend funding?” Sebikari wondered. samuelmhindo@gmail.com inarticle} inarticle},True,,procurement_irregularity,0.36022319691071414,land_row_dispute,0.3017733097076416,procurement_irregularity,0.5,content_preferred,2023-07
The Observer,https://observer.ug/business/imfs-abebe-advices-govt-to-reduce-tax-exemptions/,2026-03-04,IMF’s Abebe advises gov’t to reduce tax exemptions,There is need for more electricity production and better infrastructure.,True,,land_row_dispute,0.18362599853483078,delay_time_overrun,0.17554330825805664,land_row_dispute,0.5,content_preferred,2026-03
The Observer,https://observer.ug/news/rubanda-woman-jailed-over-shs14m-broken-marriage-promise-debt/,2026-03-10,Rubanda woman jailed over Shs 14m broken marriage promise debt,"A law enforcement officer attached to Rubanda Town Council, Fortunate Kyarikunda, has been sent to prison by the Chief Magistrate’s court in Rukungiri district for failing to compensate her former boyfriend Shs 14 million for breach of a marriage promise.",True,,land_row_dispute,0.3077654136885377,governance_oversight_failure,0.1623510718345642,land_row_dispute,0.5,content_preferred,2026-03
The Observer,https://observer.ug/news/rubanda-woman-jailed-over-shs14m-broken-marriage-promise-debt/,2026-03-10,Rubanda woman jailed over Shs 14m broken marriage promise debt,"Following the cancellation of the marriage plans, Tumwiine took the matter to court for breach of a marriage promise and asked the court to compel Kyarikunda to refund the money he had spent on her education, arguing that it had been an investment in their future as husband and wife.",True,,land_row_dispute,0.30911328946012856,contract_management_failure,0.244378924369812,land_row_dispute,0.5,content_preferred,2026-03
The Observer,https://observer.ug/news/rubanda-woman-jailed-over-shs14m-broken-marriage-promise-debt/,2026-03-10,Rubanda woman jailed over Shs 14m broken marriage promise debt,"Tumwiine said he abandoned thoughts of revenge after consulting the area LC 3 chairperson and Crime Intelligence officers at Kambuga police post, who advised him to remain calm and seek legal redress.",True,,delay_time_overrun,0.22115765344037283,contract_management_failure,0.18591704964637756,delay_time_overrun,0.5,content_preferred,2026-03
The Observer,https://observer.ug/news/uia-board-moves-to-replace-mukiza-as-director-general/,2026-04-02,UIA board moves to replace Mukiza as director general,"Matters have not been helped by the fact that Mukiza has not applied for renewal of his contract, which expires later this month. “Either he did not apply for renewal because he knows his fate is already sealed, or he is relying on powerbrokers to bypass the board mandate and force the renewal of his contract,” says a source within the board.",True,,contract_management_failure,0.20023615735652,contract_management_failure,0.2280428260564804,contract_management_failure,0.6070697458532501,agree,2026-04
The Observer,https://observer.ug/news/uia-board-moves-to-replace-mukiza-as-director-general/,2026-04-02,UIA board moves to replace Mukiza as director general,More details have emerged on how the board came up with the recommendation not to renew Mukiza’s contract.,True,,contract_management_failure,0.24598855301056888,procurement_irregularity,0.2825096547603607,contract_management_failure,0.5,content_preferred,2026-04
The Observer,https://observer.ug/news/uia-board-moves-to-replace-mukiza-as-director-general/,2026-04-02,UIA board moves to replace Mukiza as director general,"They cited a governance collapse at the entity, a hollowed-out institution as well as the scandalous escalation at the Namanve industrial park works, among others.",True,,governance_oversight_failure,0.28036401911902015,governance_oversight_failure,0.4010504186153412,governance_oversight_failure,0.6703536094335903,agree,2026-04
The Observer,https://observer.ug/news/ugandans-breathe-worlds-dirtiest-air/,2026-04-02,Ugandans breathe world’s dirtiest air,"In Uganda’s case, however, much of that data comes from non- governmental monitoring systems, highlighting a gap in official infrastructure.",True,,land_row_dispute,0.28940159107000146,governance_oversight_failure,0.26663535833358765,land_row_dispute,0.5,content_preferred,2026-04
The Observer,https://observer.ug/news/ugandans-breathe-worlds-dirtiest-air/,2026-04-02,Ugandans breathe world’s dirtiest air,"Sarah Nakimuli, a vendor, pointed to the dust that rises from roads, especially those that remain unpaved or under construction. “Most roads have remained dusty,” she said. “We are coughing from morning up to evening.” The causes of Kampala’s pollution are both visible and systemic.",True,,delay_time_overrun,0.3416441332582903,payment_financial_dispute,0.1267094612121582,delay_time_overrun,0.5,content_preferred,2026-04
The Observer,https://observer.ug/news/ugandans-breathe-worlds-dirtiest-air/,2026-04-02,Ugandans breathe world’s dirtiest air,"Construction activity, industrial emissions, and rapid urban expansion are compounding the problem.",True,,delay_time_overrun,0.298589991201492,delay_time_overrun,0.32401859760284424,delay_time_overrun,0.6556521472010841,agree,2026-04
The Observer,https://observer.ug/news/ugandans-breathe-worlds-dirtiest-air/,2026-04-02,Ugandans breathe world’s dirtiest air,"These vehicles, often in poor condition, are known to produce excessive exhaust. “We don’t expect any old taxis in Kampala,” said State Minister for Works and Transport Fred Byamukama, during a stakeholder’s meeting in Namanve.",True,,delay_time_overrun,0.32982630389993906,delay_time_overrun,0.17325040698051453,delay_time_overrun,0.6257691777201134,agree,2026-04
The Observer,https://observer.ug/news/dpp-police-raise-concerns-over-proposed-forensic-law/,2026-03-23,"DPP, police raise concerns over proposed forensic law","Critics argue the Bill could duplicate existing laws, create power struggles among agencies and introduce bureaucracy that may delay investigations and prosecutions.",True,delay_time_overrun,delay_time_overrun,0.29904563531631384,governance_oversight_failure,0.3088107109069824,delay_time_overrun,0.5,content_preferred,2026-03
The Observer,https://observer.ug/news/dpp-police-raise-concerns-over-proposed-forensic-law/,2026-03-23,"DPP, police raise concerns over proposed forensic law","The ODPP further argues that the claim that Uganda lacks a legal framework for forensic services is inaccurate, noting that several aspects of forensic work are already regulated under existing laws, including the Police Act, the Identification of Offenders Act and the Allied Health Professionals Act.",True,,land_row_dispute,0.19706549990139524,governance_oversight_failure,0.2135467827320099,land_row_dispute,0.5,content_preferred,2026-03
The Observer,https://observer.ug/news/dpp-police-raise-concerns-over-proposed-forensic-law/,2026-03-23,"DPP, police raise concerns over proposed forensic law","Other affected laboratories, according to the ODPP, include those operated by the Uganda Revenue Authority (URA), ministry of Health (MOH), National Water and Sewerage Corporation (NWSC), ministry of Works and Transport (MoWT), Uganda Industrial Research Institute (UIRI) and the National Building Review Board (NBRB). “Therefore, enacting a law that has the potential of confining the numerous functions of various agencies should be handled with a lot of care after wide consultations with different stakeholders with varying areas of expertise,” Asiimwe warned.",True,,procurement_irregularity,0.05773505256318191,governance_oversight_failure,0.2623429298400879,governance_oversight_failure,0.5,semantic_override,2026-03
The Observer,https://observer.ug/news/bobi-wine-the-making-of-people-power/,2018-08-29,Bobi Wine: The making of people power,"Whereas different accounts claim that Bobi’s campaign was supported by civil society and even the ruling party, Kasozi says “those are falsehoods intended to damage Hon Kyagulanyi’s reputation as someone funded by foreigners or government insiders to deflate Dr Besigye.” “The truth is that we collected that money from within our camp and I know where I got that money.” Bobi quite sensationally won in Kyadondo East, defying the odds and returning a shock landslide victory.",True,,land_row_dispute,0.09695291177763482,land_row_dispute,0.16472330689430237,land_row_dispute,0.5654190546679843,agree,2018-08
The Observer,https://observer.ug/news/bobi-wine-the-making-of-people-power/,2018-08-29,Bobi Wine: The making of people power,"The current Jinja East MP, Paul Mwiru, who was FDC’s flag bearer, reached out to his former colleagues in UYD, who not only convinced the DP leadership not to have a candidate but they also placed their infrastructure at his disposal.",True,,land_row_dispute,0.17189052731050555,procurement_irregularity,0.12094131112098694,land_row_dispute,0.5,content_preferred,2018-08
The Observer,https://observer.ug/news/kapchorwa-locals-alarmed-as-key-bridges-near-collapse/,2026-04-08,Kapchorwa locals alarmed as key bridges near collapse,"The most affected include Chepsukurui–Porkland bridge in Central Division, a busy crossing commonly used by schoolchildren and traders; Entebbe bridge in East Division; and Cheptilial bridge in West Division.",True,,quality_technical_defect,0.19173661527040087,delay_time_overrun,0.18495774269104004,quality_technical_defect,0.5,content_preferred,2026-04
The Observer,https://observer.ug/news/kapchorwa-locals-alarmed-as-key-bridges-near-collapse/,2026-04-08,Kapchorwa locals alarmed as key bridges near collapse,"In some areas, clogged drainage channels have worsened the situation, accelerating damage and making movement difficult for both pedestrians and motorists.",True,,delay_time_overrun,0.16657762848565313,delay_time_overrun,0.13774341344833374,delay_time_overrun,0.5760802604834967,agree,2026-04
The Observer,https://observer.ug/news/kapchorwa-locals-alarmed-as-key-bridges-near-collapse/,2026-04-08,Kapchorwa locals alarmed as key bridges near collapse,"The bridge is almost giving way, and we fear that one day a serious accident may happen,” Sande said.",True,,quality_technical_defect,0.43317986151222193,delay_time_overrun,0.1734057366847992,quality_technical_defect,0.5,content_preferred,2026-04
The Observer,https://observer.ug/news/kapchorwa-locals-alarmed-as-key-bridges-near-collapse/,2026-04-08,Kapchorwa locals alarmed as key bridges near collapse,"Davis Maube, chairperson of Kabushe Cell in Central Division, said the damage has also created a security concern. “This bridge has turned into a hiding place for thugs at night.",True,,quality_technical_defect,0.34773291761134106,contract_management_failure,0.193928062915802,quality_technical_defect,0.5,content_preferred,2026-04
The Observer,https://observer.ug/news/kapchorwa-locals-alarmed-as-key-bridges-near-collapse/,2026-04-08,Kapchorwa locals alarmed as key bridges near collapse,"In West Division, Mary Chesakit, a resident of Kapenguria Cell, said the situation requires urgent intervention. “The bridge is in a very bad condition.",True,,quality_technical_defect,0.22643167413286858,contract_management_failure,0.18340234458446503,quality_technical_defect,0.5,content_preferred,2026-04
The Observer,https://observer.ug/news/kapchorwa-locals-alarmed-as-key-bridges-near-collapse/,2026-04-08,Kapchorwa locals alarmed as key bridges near collapse,Residents are now urging Kapchorwa Municipal authorities to expedite repairs and improve drainage systems to prevent further destruction and ensure community safety.,True,,delay_time_overrun,0.2071647428945967,land_row_dispute,0.21353483200073242,delay_time_overrun,0.5,content_preferred,2026-04
The Observer,https://observer.ug/business/totalenergies-marks-chinese-new-year-with-renewed-sustainability-commitment/,2026-03-23,TotalEnergies marks Chinese New Year with renewed sustainability commitment,"TotalEnergy project engineer, Sydney Rugambwa emphasised the role of safety and operational discipline in achieving sustainability goals.",True,,delay_time_overrun,0.3008602590261061,quality_technical_defect,0.1950869858264923,delay_time_overrun,0.5,content_preferred,2026-03
The Observer,https://observer.ug/business/totalenergies-marks-chinese-new-year-with-renewed-sustainability-commitment/,2026-03-23,TotalEnergies marks Chinese New Year with renewed sustainability commitment,"He also stressed the importance of proper site planning, saying small inefficiencies often translate into significant operational losses and costs.",True,,land_row_dispute,0.19550108809384925,contract_management_failure,0.20503953099250793,land_row_dispute,0.5,content_preferred,2026-03
The Observer,https://observer.ug/business/totalenergies-marks-chinese-new-year-with-renewed-sustainability-commitment/,2026-03-23,TotalEnergies marks Chinese New Year with renewed sustainability commitment,"As Uganda moves toward first oil, TotalEnergies, operator of the Tilenga Project, says it continues to implement environmental and social safeguards.",True,,governance_oversight_failure,0.20387818768742155,land_row_dispute,0.14599883556365967,governance_oversight_failure,0.5,content_preferred,2026-03
The Observer,https://observer.ug/business/totalenergies-marks-chinese-new-year-with-renewed-sustainability-commitment/,2026-03-23,TotalEnergies marks Chinese New Year with renewed sustainability commitment,"The company recently cited findings from an independent assessment by Canadian firm Land & People Planning Ltd, which reviewed land acquisition, resettlement and livelihood restoration under the Tilenga Project in Buliisa, Hoima and Kikuube districts.",True,land_row_dispute,land_row_dispute,0.43920524831538854,land_row_dispute,0.2829365134239197,land_row_dispute,0.680535440434827,agree,2026-03
The Observer,https://observer.ug/business/totalenergies-marks-chinese-new-year-with-renewed-sustainability-commitment/,2026-03-23,TotalEnergies marks Chinese New Year with renewed sustainability commitment,"The assessment concluded that the programme was implemented in line with project commitments and aligned with IFC Performance Standard 5, with no material systemic deficiencies.",True,,governance_oversight_failure,0.365917324952431,procurement_irregularity,0.298061341047287,governance_oversight_failure,0.5,content_preferred,2026-03
The Observer,https://observer.ug/business/totalenergies-marks-chinese-new-year-with-renewed-sustainability-commitment/,2026-03-23,TotalEnergies marks Chinese New Year with renewed sustainability commitment,"It also found that compensation, replacement housing and most livelihood restoration measures had been completed, positioning the project for resettlement action plan closure.",True,land_row_dispute,land_row_dispute,0.4713348684217923,land_row_dispute,0.40636757016181946,land_row_dispute,0.719425609645903,agree,2026-03
The Observer,https://observer.ug/business/totalenergies-marks-chinese-new-year-with-renewed-sustainability-commitment/,2026-03-23,TotalEnergies marks Chinese New Year with renewed sustainability commitment,"Between 2022 and the end of 2024, the Tilenga Project acquired approximately 2,108 acres of land, affecting 4,954 households, including the relocation of 205 primary residents.",True,,delay_time_overrun,0.34658372926279696,land_row_dispute,0.2139071673154831,delay_time_overrun,0.5,content_preferred,2026-03
The Observer,https://observer.ug/business/totalenergies-marks-chinese-new-year-with-renewed-sustainability-commitment/,2026-03-23,TotalEnergies marks Chinese New Year with renewed sustainability commitment,"TotalEnergies says more than 99 per cent of compensation agreements have been signed and paid, while all resettlement houses have been constructed and handed over.",True,land_row_dispute,land_row_dispute,0.42232507131779534,land_row_dispute,0.30835825204849243,land_row_dispute,0.682670830841572,agree,2026-03
The Observer,https://observer.ug/business/totalenergies-marks-chinese-new-year-with-renewed-sustainability-commitment/,2026-03-23,TotalEnergies marks Chinese New Year with renewed sustainability commitment,"Based on the assessment’s recommendations, TotalEnergies Uganda plans to implement an action plan focusing on continued livelihood restoration monitoring, targeted support for vulnerable households, strengthened grievance management, enhanced stakeholder engagement, integration of gender-disaggregated data and initiation of the formal resettlement action plan closure process.",True,land_row_dispute,land_row_dispute,0.4295187274123234,land_row_dispute,0.2755002975463867,land_row_dispute,0.6762547562396776,agree,2026-03
The Observer,https://observer.ug/business/uganda-secures-6-3m-grant-to-modernize-weather-infrastructure/,2026-02-04,Uganda secures $6.3m grant to modernize weather infrastructure,The Department of Meteorological Services (DMS) is set for a major technological improvement following the technical launch of the Systematic Observation Financing Facility (SOFF) project.,True,,procurement_irregularity,0.3183919548641152,delay_time_overrun,0.1526861935853958,procurement_irregularity,0.5,content_preferred,2026-02
The Observer,https://observer.ug/business/uganda-secures-6-3m-grant-to-modernize-weather-infrastructure/,2026-02-04,Uganda secures $6.3m grant to modernize weather infrastructure,"The four-year initiative, backed by a $6.3 million (approx.",True,,procurement_irregularity,0.1036313063224904,delay_time_overrun,0.2803942561149597,procurement_irregularity,0.5,content_preferred,2026-02
The Observer,https://observer.ug/business/uganda-secures-6-3m-grant-to-modernize-weather-infrastructure/,2026-02-04,Uganda secures $6.3m grant to modernize weather infrastructure,"Shs 23.5 billion) grant from the United Nations Multi-Partner Trust Fund (UNMPTF), managed through the SOFF Secretariat, is hosted by the World Meteorological Organisation (WMO).",True,,land_row_dispute,0.19919321884341507,procurement_irregularity,0.11426465213298798,land_row_dispute,0.5,content_preferred,2026-02
The Observer,https://observer.ug/business/uganda-secures-6-3m-grant-to-modernize-weather-infrastructure/,2026-02-04,Uganda secures $6.3m grant to modernize weather infrastructure,"The SOFF project funds, provided through Islamic Development Bank (IsDB), aims to fix critical gaps in Uganda’s weather monitoring network to ensure compliance with the Global Basic Observing Network (GBON).",True,,delay_time_overrun,0.4290896880848321,delay_time_overrun,0.1866413950920105,delay_time_overrun,0.6539327707942106,agree,2026-02
The Observer,https://observer.ug/business/uganda-secures-6-3m-grant-to-modernize-weather-infrastructure/,2026-02-04,Uganda secures $6.3m grant to modernize weather infrastructure,It will also ensure that the country’s weather data meet international data-sharing standards.,True,,procurement_irregularity,0.2558277540713814,delay_time_overrun,0.10014812648296356,procurement_irregularity,0.5,content_preferred,2026-02
The Observer,https://observer.ug/business/uganda-secures-6-3m-grant-to-modernize-weather-infrastructure/,2026-02-04,Uganda secures $6.3m grant to modernize weather infrastructure,"Speaking at the technical launch held at the Ministry of Water and Environment headquarters in Luzira, Kampala, on January 30, Dr Bob Alex Ogwang, the Commissioner for the Department of Meteorological Services, emphasized that the project is a foundational step toward protecting lives through precision forecasting.",True,,delay_time_overrun,0.22884552004710493,delay_time_overrun,0.1854325532913208,delay_time_overrun,0.6035695183346065,agree,2026-02
The Observer,https://observer.ug/business/uganda-secures-6-3m-grant-to-modernize-weather-infrastructure/,2026-02-04,Uganda secures $6.3m grant to modernize weather infrastructure,A significant portion of the project is dedicated to capacity building.,True,,land_row_dispute,0.32400457477207073,delay_time_overrun,0.2466338872909546,land_row_dispute,0.5,content_preferred,2026-02
The Observer,https://observer.ug/business/uganda-secures-6-3m-grant-to-modernize-weather-infrastructure/,2026-02-04,Uganda secures $6.3m grant to modernize weather infrastructure,"Dr Ogwang highlighted that DMS staff will undergo intensive training in software engineering, station maintenance, and “nowcasting”—the ability to provide highly localized, short-term weather warnings.",True,,land_row_dispute,0.16672288926048562,delay_time_overrun,0.19475047290325165,land_row_dispute,0.5,content_preferred,2026-02
The Observer,https://observer.ug/business/uganda-secures-6-3m-grant-to-modernize-weather-infrastructure/,2026-02-04,Uganda secures $6.3m grant to modernize weather infrastructure,"This ensures that the technology remains functional long after the initial four-year investment phase ends, providing Ugandans with more accurate and timely alerts for extreme weather events.",True,,quality_technical_defect,0.13818018944637422,delay_time_overrun,0.2808418273925781,quality_technical_defect,0.5,content_preferred,2026-02
The Observer,https://observer.ug/business/uganda-secures-6-3m-grant-to-modernize-weather-infrastructure/,2026-02-04,Uganda secures $6.3m grant to modernize weather infrastructure,"FROM PLANNING TO ACTION Speaking on behalf of the minister of State for Environment (MWE), Beatrice Anywar, the permanent secretary Dr Alfred Okot Okidi declared that the project marks a transition from “planning to action.” “The onset and cessation of seasonal rainfall have changed; temperatures are gradually rising in all regions of the country,” Dr Okidi noted. “These changes have resulted in devastating impacts, including loss of lives and destruction of infrastructure. “The SOFF project is designed to bridge the gap in weather data collection, which remains uneven across the country.",True,,procurement_irregularity,0.27056978608383553,delay_time_overrun,0.25037920475006104,procurement_irregularity,0.5,content_preferred,2026-02
The Observer,https://observer.ug/business/uganda-secures-6-3m-grant-to-modernize-weather-infrastructure/,2026-02-04,Uganda secures $6.3m grant to modernize weather infrastructure,"According to experts, the current limitations in weather observation coverage have long constrained the accuracy of forecasts for hazardous events.",True,,quality_technical_defect,0.23048785384909984,delay_time_overrun,0.2809903621673584,quality_technical_defect,0.5,content_preferred,2026-02
The Observer,https://observer.ug/business/uganda-secures-6-3m-grant-to-modernize-weather-infrastructure/,2026-02-04,Uganda secures $6.3m grant to modernize weather infrastructure,"A GLOBAL COLLABORATION The project is a result of a strategic partnership between MWE, KNMI, and IsDB.",True,,land_row_dispute,0.3191063570481284,procurement_irregularity,0.12392418831586838,land_row_dispute,0.5,content_preferred,2026-02
The Observer,https://observer.ug/business/uganda-secures-6-3m-grant-to-modernize-weather-infrastructure/,2026-02-04,Uganda secures $6.3m grant to modernize weather infrastructure,Dr Okidi lauded the IsDB as the implementing entity and the KNMI for its role as a peer advisor.,True,,procurement_irregularity,0.034528463836763966,governance_oversight_failure,0.08635315299034119,procurement_irregularity,0.5,content_preferred,2026-02
The Observer,https://observer.ug/business/uganda-secures-6-3m-grant-to-modernize-weather-infrastructure/,2026-02-04,Uganda secures $6.3m grant to modernize weather infrastructure,"He also credited the World Meteorological Organisation (WMO) for its leadership in the global SOFF initiative. “This will ensure that every Ugandan is protected by an early warning system that ensures prompt and early actions,” Dr Okidi said.",True,,delay_time_overrun,0.19904460023234657,governance_oversight_failure,0.12766730785369873,delay_time_overrun,0.5,content_preferred,2026-02
The Observer,https://observer.ug/business/uganda-secures-6-3m-grant-to-modernize-weather-infrastructure/,2026-02-04,Uganda secures $6.3m grant to modernize weather infrastructure,"The head of the Islamic Development Bank and the visiting delegation’s head, Dr Issahaq Umar Iddrisu, hailed Uganda’s environment being the pillar for regional development. “The Bank selected Uganda because of her favourable environment for investments and development,” Dr Issahaq Umar Iddrisu said, adding that the Bank continues to support Uganda in her journey to achieve Vision 2040.",True,,governance_oversight_failure,0.3088960465686468,governance_oversight_failure,0.10736095905303955,governance_oversight_failure,0.6040642514054215,agree,2026-02
The Observer,https://observer.ug/business/uganda-secures-6-3m-grant-to-modernize-weather-infrastructure/,2026-02-04,Uganda secures $6.3m grant to modernize weather infrastructure,"As the technical launch concluded, officials emphasized that the success of the project would depend on continued collaboration between all the partners to ensure the sustainability of these high-tech systems.",True,,delay_time_overrun,0.31800547727527306,delay_time_overrun,0.20303696393966675,delay_time_overrun,0.6302606103037349,agree,2026-02
The Observer,https://observer.ug/news/m23-rebels-entebbe-mayor-rulinda-loses-shs-273m-case-against-stanbic-bank/,2026-03-17,M23 rebels: Entebbe mayor Rwalinda loses Shs 273m case against Stanbic bank,"In a judgment delivered electronically on Monday, justice Stephen Mubiru ruled that Rwalinda could not sustain his claim against the bank, citing the illegality surrounding the transaction.",True,,governance_oversight_failure,0.32053384477643077,procurement_irregularity,0.27276986837387085,governance_oversight_failure,0.5,content_preferred,2026-03
The Observer,https://observer.ug/news/m23-rebels-entebbe-mayor-rulinda-loses-shs-273m-case-against-stanbic-bank/,2026-03-17,M23 rebels: Entebbe mayor Rwalinda loses Shs 273m case against Stanbic bank,"Rwalinda sued the bank, arguing that the reversal was done without his consent and amounted to a breach of their banking contract.",True,,contract_management_failure,0.37257159813142054,contract_management_failure,0.3763090968132019,contract_management_failure,0.6872201737361556,agree,2026-03
The Observer,https://observer.ug/news/m23-rebels-entebbe-mayor-rulinda-loses-shs-273m-case-against-stanbic-bank/,2026-03-17,M23 rebels: Entebbe mayor Rwalinda loses Shs 273m case against Stanbic bank,"The court found that Rwalinda gave inconsistent explanations regarding the source of the funds, including claims related to gold, oil, transport and construction.",True,,delay_time_overrun,0.32205931150196515,contract_management_failure,0.28337782621383667,delay_time_overrun,0.5,content_preferred,2026-03
The Observer,https://observer.ug/news/m23-rebels-entebbe-mayor-rulinda-loses-shs-273m-case-against-stanbic-bank/,2026-03-17,M23 rebels: Entebbe mayor Rwalinda loses Shs 273m case against Stanbic bank,"The judge also observed that while Stanbic breached the banking contract by reversing the funds without a court order, the contract itself was unenforceable because it was tainted by illegality.",True,,contract_management_failure,0.3721459216763732,procurement_irregularity,0.3648343086242676,contract_management_failure,0.5,content_preferred,2026-03
The Observer,https://observer.ug/news/why-ugandans-are-not-benefiting-from-gold-boom/,2026-01-18,Why Ugandans are not benefiting from gold boom,"Uganda has recorded a steady rise in gold exports over the past decade, with the only notable dip occurring in the 2022/23 financial year, when a tax dispute between the government and industry players led to a temporary suspension of exports.",True,,quality_technical_defect,0.06773096383719292,payment_financial_dispute,0.14613081514835358,quality_technical_defect,0.5,content_preferred,2026-01
The Observer,https://observer.ug/news/why-ugandans-are-not-benefiting-from-gold-boom/,2026-01-18,Why Ugandans are not benefiting from gold boom,"The country currently hosts nine gold refineries, including Euro Gold Refinery, launched in August 2025, alongside Africa Gold, Simba Gold, Oasis Gold Uganda, Billion Refinery, and Global Refineries.",True,,land_row_dispute,0.2690754940135136,delay_time_overrun,0.07179237902164459,land_row_dispute,0.5,content_preferred,2026-01
The Observer,https://observer.ug/news/govt-seeks-parliamentary-approval-for-shs-6-trillion-already-spent-last-year/,2026-03-17,Gov’t seeks parliamentary approval for Shs 6 trillion already spent last year,"Key beneficiaries include the ministry of Energy and Mineral Development (Shs 915.4 billion), State House (Shs 606.4 billion), ministry of Works and Transport (Shs 442.8 billion), and the ministry of Defence and Veteran Affairs, alongside allocations to local governments largely for salaries and wages.",True,,land_row_dispute,0.33619458111970807,payment_financial_dispute,0.221402108669281,land_row_dispute,0.5,content_preferred,2026-03
The Observer,https://observer.ug/business/minister-anite-urges-boda-boda-riders-to-save-for-the-future/,2026-03-16,Minister Anite urges boda boda riders to save for the future,"Emergencies, household expenses or mismanagement of group funds can easily erode savings intended for the future.",True,governance_oversight_failure,governance_oversight_failure,0.2917293360245751,contract_management_failure,0.17888090014457703,governance_oversight_failure,0.5,content_preferred,2026-03
The Observer,https://observer.ug/news/thousands-of-refugee-households-in-uganda-move-towards-self-reliance/,2026-04-01,Thousands of refugee households in Uganda move towards self-reliance,"Two major initiatives, the Sustainable Market Inclusive Livelihood Pathways to Self-Reliance (SMILES) project and the Graduating to Economic Resilience (GER) project, are at the forefront of this transformation, demonstrating how integrated, evidence-based approaches can reshape livelihoods in fragile settings.",True,,land_row_dispute,0.19447003218057107,governance_oversight_failure,0.18810643255710602,land_row_dispute,0.5,content_preferred,2026-04
The Observer,https://observer.ug/news/thousands-of-refugee-households-in-uganda-move-towards-self-reliance/,2026-04-01,Thousands of refugee households in Uganda move towards self-reliance,"The SMILES project is a five-year initiative (November 2022–October 2027), funded by the IKEA Foundation, supporting 14,000 extremely vulnerable households approximately 70,000 individuals in Kyaka II and Kyangwali refugee settlements in Western Uganda.",True,,land_row_dispute,0.14526165916775516,land_row_dispute,0.1676976978778839,land_row_dispute,0.5782398392614098,agree,2026-04
The Observer,https://observer.ug/news/thousands-of-refugee-households-in-uganda-move-towards-self-reliance/,2026-04-01,Thousands of refugee households in Uganda move towards self-reliance,"At its core, the SMILES project integrates the Graduation Approach with Market Systems Development.",True,,delay_time_overrun,0.20170759091644014,delay_time_overrun,0.12316709756851196,delay_time_overrun,0.581218672121238,agree,2026-04
The Observer,https://observer.ug/news/thousands-of-refugee-households-in-uganda-move-towards-self-reliance/,2026-04-01,Thousands of refugee households in Uganda move towards self-reliance,"The SMILES project complements the Graduating to Economic Resilience (GER) project which is funded by the UK Foreign, Commonwealth and Development Office.",True,,delay_time_overrun,0.39638700803340055,quality_technical_defect,0.14582501351833344,delay_time_overrun,0.5,content_preferred,2026-04
The Observer,https://observer.ug/news/thousands-of-refugee-households-in-uganda-move-towards-self-reliance/,2026-04-01,Thousands of refugee households in Uganda move towards self-reliance,The GER project operates in Kikuube and Kyegegwa districts and similarly applies the Graduation Approach to transition vulnerable households from economic fragility to resilience.,True,,land_row_dispute,0.3001323440372856,land_row_dispute,0.1678467094898224,land_row_dispute,0.616994763381777,agree,2026-04
The Observer,https://observer.ug/news/thousands-of-refugee-households-in-uganda-move-towards-self-reliance/,2026-04-01,Thousands of refugee households in Uganda move towards self-reliance,"Together, the Sustainable Market Inclusive Livelihood Pathways to Self-Reliance (SMILES) project and Graduating to Economic Resilience (GER) project represent a comprehensive effort to address poverty not just as a lack of income, but as a multidimensional challenge requiring systemic solutions.",True,,land_row_dispute,0.20620276944384644,land_row_dispute,0.16166901588439941,land_row_dispute,0.5919679463320615,agree,2026-04
The Observer,https://observer.ug/news/thousands-of-refugee-households-in-uganda-move-towards-self-reliance/,2026-04-01,Thousands of refugee households in Uganda move towards self-reliance,"More importantly, it created space for critical reflection on what works, what can be scaled, and how such models can be sustained in resource-constrained environments.",True,,governance_oversight_failure,0.2532616240234513,governance_oversight_failure,0.20828506350517273,governance_oversight_failure,0.615386671882156,agree,2026-04
The Observer,https://observer.ug/news/thousands-of-refugee-households-in-uganda-move-towards-self-reliance/,2026-04-01,Thousands of refugee households in Uganda move towards self-reliance,"In his opening remarks, John Makoha, the country representative for AVSI Foundation, emphasized the transformative potential of integrating the Graduation Approach with Market Systems Development. “What we are seeing is not just short-term recovery, but a clear pathway toward dignity and independence for thousands of households,” he said. “By combining social protection with market access, we are enabling families to build sustainable livelihoods that will last beyond the life of the project.” He further noted that over the past 24 months, more than 10,000 households across Kyaka II and Kyangwali have taken meaningful steps toward resilience and self-reliance.",True,,land_row_dispute,0.3066783089425872,land_row_dispute,0.15217648446559906,land_row_dispute,0.6147136983520466,agree,2026-04
The Observer,https://observer.ug/news/thousands-of-refugee-households-in-uganda-move-towards-self-reliance/,2026-04-01,Thousands of refugee households in Uganda move towards self-reliance,Integrated models like SMILES and GER projects not only maximize impact but also ensure that beneficiaries are equipped with the tools and opportunities needed to sustain themselves beyond project timelines.,True,,delay_time_overrun,0.274790398976804,delay_time_overrun,0.19947780668735504,delay_time_overrun,0.6185670514160397,agree,2026-04
The Observer,https://observer.ug/news/thousands-of-refugee-households-in-uganda-move-towards-self-reliance/,2026-04-01,Thousands of refugee households in Uganda move towards self-reliance,"Victoria Pugnal, a Senior Programme Manager at the British High Commission, highlighted the strong performance of the first phase of the GER project, which recorded an impressive 89.4% graduation rate. “An 89.4% graduation rate is not just a statistic, it represents real households that have moved out of extreme vulnerability into a position of greater stability and hope,” she said. “This demonstrates that when interventions are well-designed and data-driven, they can deliver transformative results even in the most challenging contexts.” Looking ahead, the lessons emerging from SMILES and GER have far- reaching implications.",True,,delay_time_overrun,0.38802596106267906,governance_oversight_failure,0.17508850991725922,delay_time_overrun,0.5,content_preferred,2026-04
The Observer,https://observer.ug/news/mobile-money-new-world-bank-data-may-shock-you/,2026-02-18,Mobile Money: New World Bank data may shock you,The infrastructure revolution has happened.,True,,land_row_dispute,0.09999535065634216,land_row_dispute,0.19470767676830292,land_row_dispute,0.5736757568561612,agree,2026-02
The Observer,https://observer.ug/news/mobile-money-new-world-bank-data-may-shock-you/,2026-02-18,Mobile Money: New World Bank data may shock you,The infrastructure for inclusion largely exists.,True,,land_row_dispute,0.19062339267931064,governance_oversight_failure,0.2440621703863144,land_row_dispute,0.5,content_preferred,2026-02
The Observer,https://observer.ug/news/new-audit-reveals-rot-in-govt/,2026-02-06,New audit reveals rot in govt,"REMAND HOMES When a child is sent to a remand home in Uganda, the law is clear about what should follow: a short stay, swift court action, rehabilitation, and reintegration.",True,,land_row_dispute,0.3161852430256741,land_row_dispute,0.21290093660354614,land_row_dispute,0.6322715449073051,agree,2026-02
The Observer,https://observer.ug/news/new-audit-reveals-rot-in-govt/,2026-02-06,New audit reveals rot in govt,Buried among hundreds of pages reviewing government spending and performance is a stark finding: juvenile offenders are being detained beyond legally permitted limits in most of the country’s remand homes and rehabilitation centres.,True,,procurement_irregularity,0.36903288400263645,governance_oversight_failure,0.22783952951431274,procurement_irregularity,0.5,content_preferred,2026-02
The Observer,https://observer.ug/news/new-audit-reveals-rot-in-govt/,2026-02-06,New audit reveals rot in govt,"Uganda currently operates seven remand homes and one national rehabilitation centre meant to protect, rehabilitate, and reintegrate children in conflict with the law.",True,,delay_time_overrun,0.08659812087348737,land_row_dispute,0.1734691858291626,delay_time_overrun,0.5,content_preferred,2026-02
The Observer,https://observer.ug/news/new-audit-reveals-rot-in-govt/,2026-02-06,New audit reveals rot in govt,"Among the recommendations: expanding existing facilities, completing stalled construction at Kabale and Masindi remand homes, and building new centres to match population pressures and meet health and safety standards.",True,,land_row_dispute,0.26436721523440326,delay_time_overrun,0.1940012127161026,land_row_dispute,0.5,content_preferred,2026-02
The Observer,https://observer.ug/news/new-audit-reveals-rot-in-govt/,2026-02-06,New audit reveals rot in govt,"A BROADER PATTERN OF STRAIN The findings on remand homes sit alongside another major concern in the same report: gaps in the implementation of the Parish Development Model (PDM), the government’s flagship poverty-reduction programme.",True,,governance_oversight_failure,0.35168916984476545,governance_oversight_failure,0.21724236011505127,governance_oversight_failure,0.6422328824899541,agree,2026-02
The Observer,https://observer.ug/news/new-audit-reveals-rot-in-govt/,2026-02-06,New audit reveals rot in govt,"The report warned that such failures “could undermine the programme’s objective of poverty eradication.” Taken together, the findings point to a recurring challenge across government systems: ambitious policy goals colliding with weak implementation and limited oversight.",True,governance_oversight_failure,governance_oversight_failure,0.3707651395768296,governance_oversight_failure,0.4624578356742859,governance_oversight_failure,0.7083057438127789,agree,2026-02
The Observer,https://observer.ug/news/new-audit-reveals-rot-in-govt/,2026-02-06,New audit reveals rot in govt,"The underlying problem, however, remains unresolved. “These expiries were mainly caused by misalignment between national medicine needs and procurement decisions, as well as changes in WHO treatment protocols after procurement,” the report noted.",True,procurement_irregularity,procurement_irregularity,0.3804313012187766,contract_management_failure,0.27882644534111023,procurement_irregularity,0.5,content_preferred,2026-02
The Observer,https://observer.ug/news/new-audit-reveals-rot-in-govt/,2026-02-06,New audit reveals rot in govt,"The Auditor General warned that weaknesses in procurement and distribution planning heighten the risk of stock-outs, treatment disruptions, and avoidable suffering, particularly for patients who cannot afford private pharmacies.",True,procurement_irregularity,procurement_irregularity,0.2717763659943314,payment_financial_dispute,0.31754082441329956,procurement_irregularity,0.5,content_preferred,2026-02
The Observer,https://observer.ug/news/new-audit-reveals-rot-in-govt/,2026-02-06,New audit reveals rot in govt,"WHEN POWER FAILS, CARE FALTERS The report’s concerns extend beyond drug supplies to the basic infrastructure needed to keep hospitals functioning.",True,,delay_time_overrun,0.25151914966535865,governance_oversight_failure,0.3020150661468506,delay_time_overrun,0.5,content_preferred,2026-02
The Observer,https://observer.ug/news/new-audit-reveals-rot-in-govt/,2026-02-06,New audit reveals rot in govt,"Once violence works, it is repeated.” The pattern is well-documented in post-conflict societies.",True,,procurement_irregularity,0.25007063071959523,contract_management_failure,0.22690027952194214,procurement_irregularity,0.5,content_preferred,2026-02
The Observer,https://observer.ug/news/new-audit-reveals-rot-in-govt/,2026-02-06,New audit reveals rot in govt,"When elections end, they are often abandoned. “What do you expect them to do next?” asks a church leader in Kitgum. “They have learned that intimidation pays.” IMPUNITY AS A TEACHER Security experts warn that the greatest danger lies in impunity. “When young people see violence rewarded and never punished, it becomes normal,” says a former police officer now working with a peacebuilding organisation. “Soon, they don’t need politicians.",True,,land_row_dispute,0.2574751313781899,governance_oversight_failure,0.24788230657577515,land_row_dispute,0.5,content_preferred,2026-02
The Observer,https://observer.ug/news/ex-minister-nandutu-found-guilty-of-stealing-karamoja-iron-sheets/,2026-04-08,Ex-minister Nandutu found guilty of stealing Karamoja iron sheets,"The claim that she was relegated to “education only” was debunked by Joshua, a technical officer who testified he was assigned to guide her through the entire ministry’s operations.",True,,land_row_dispute,0.11111450594218404,governance_oversight_failure,0.2045140564441681,land_row_dispute,0.5,content_preferred,2026-04
The Observer,https://observer.ug/news/ex-minister-nandutu-found-guilty-of-stealing-karamoja-iron-sheets/,2026-04-08,Ex-minister Nandutu found guilty of stealing Karamoja iron sheets,"The court found the delay in distributing the iron sheets from June until their recovery by the police to be “unjustifiable.” If they were truly meant for disaster victims, the justice Okuo reasoned, they would not have been stored on a private farm for months.",True,delay_time_overrun,delay_time_overrun,0.2882104502239001,contract_management_failure,0.28477832674980164,delay_time_overrun,0.5,content_preferred,2026-04
The Observer,https://observer.ug/business/how-ugandas-case-backlog-is-choking-private-investment/,2026-03-09,How Uganda’s case backlog is choking private investment,"According to the Judiciary’s National Court Case Census 2025, cited by chief justice Flavian Zeija during the opening of the New Law Year, commercial disputes alone account for the largest share of money tied up in litigation.",True,,delay_time_overrun,0.1268482010979363,contract_management_failure,0.23856492340564728,delay_time_overrun,0.5,content_preferred,2026-03
The Observer,https://observer.ug/business/how-ugandas-case-backlog-is-choking-private-investment/,2026-03-09,How Uganda’s case backlog is choking private investment,"When funds are tied up in litigation for years, they cannot be reinvested in businesses or productive sectors of the economy.",True,,delay_time_overrun,0.24875840056763066,payment_financial_dispute,0.2020377665758133,delay_time_overrun,0.5,content_preferred,2026-03
The Observer,https://observer.ug/business/how-ugandas-case-backlog-is-choking-private-investment/,2026-03-09,How Uganda’s case backlog is choking private investment,Government is also promoting Alternative Dispute Resolution (ADR) mechanisms – including mediation and plea bargaining – as a key strategy to reduce the backlog.,True,,land_row_dispute,0.48819813770349674,land_row_dispute,0.3225890100002289,land_row_dispute,0.7026967869259314,agree,2026-03
The Observer,https://observer.ug/business/how-ugandas-case-backlog-is-choking-private-investment/,2026-03-09,How Uganda’s case backlog is choking private investment,"UBA chief executive officer Wilbrod Owor says the trillions of shillings locked in unresolved cases represent a major drag on economic growth. “This backlog constrains credit growth and lending, as unpaid loans and prolonged disputes increase non-performing loans, leading to higher interest rates and reduced liquidity for financing the private sector,” Owor said.",True,,delay_time_overrun,0.26146205945151973,procurement_irregularity,0.1964263767004013,delay_time_overrun,0.5,content_preferred,2026-03
The Observer,https://observer.ug/business/how-ugandas-case-backlog-is-choking-private-investment/,2026-03-09,How Uganda’s case backlog is choking private investment,"To address the problem, UBA has consistently advocated for greater use of arbitration and mediation, arguing that ADR mechanisms provide quicker and more flexible outcomes than traditional court processes.",True,,land_row_dispute,0.3034747334357789,contract_management_failure,0.29237258434295654,land_row_dispute,0.5,content_preferred,2026-03
The Observer,https://observer.ug/business/how-ugandas-case-backlog-is-choking-private-investment/,2026-03-09,How Uganda’s case backlog is choking private investment,Government is also strengthening the legal and institutional framework of the Judiciary by expanding court infrastructure.,True,,land_row_dispute,0.2709697837217565,governance_oversight_failure,0.2269301414489746,land_row_dispute,0.5,content_preferred,2026-03
The Observer,https://observer.ug/news/why-museveni-embraces-sore-opposition-losers/,2026-02-25,Why Museveni embraces sore opposition losers,"I came with my FDC card, and when I leave here, I want to go and return it.” Nsibambi, widely expected to follow in the footsteps of Joyce Ssebuggwawo, the former FDC acting president who was appointed minister even after losing the Lubaga LC-III chairperson elections in 2021, will have his work cut out to prove that the defection is in the interest of national dialogue. “His biggest task is to secure the unconditional release of Dr Besigye and if he secures that, his stock as a voice of reason will rise,” says Muhammad Tamale, a social critic. “It will also be in government’s best interest to have a person like Nsibambi act as a bridge between incarcerated individuals.",True,quality_technical_defect,quality_technical_defect,0.2318410923184365,governance_oversight_failure,0.14419390261173248,quality_technical_defect,0.5,content_preferred,2026-02
The Observer,https://observer.ug/news/why-museveni-embraces-sore-opposition-losers/,2026-02-25,Why Museveni embraces sore opposition losers,An NRM insider who preferred not to be named but has been crucial in the negotiations that wooed Nsibambi told us that at the very least Nsibambi will be appointed a state minister and will go a long way to influence how government works with the opposition. “He plays mature politics of realism and we have high hopes in him.,True,,land_row_dispute,0.20747918590869033,contract_management_failure,0.09077849239110947,land_row_dispute,0.5,content_preferred,2026-02
The Observer,https://observer.ug/business/tdb-group-celebrates-40-years/,2026-01-08,TDB Group celebrates 40 years,"Since its inception, TDB Group has injected close to $1 billion into Uganda across priority sectors, including energy, agribusiness, manufacturing, infrastructure, banking and financial services, and health.",True,,procurement_irregularity,0.262127847898285,payment_financial_dispute,0.14689090847969055,procurement_irregularity,0.5,content_preferred,2026-01
The Observer,https://observer.ug/news/how-corruption-stripped-pwc-naked/,2026-03-20,How corruption stripped PwC naked,"The World Bank and its partners have banned three PricewaterhouseCoopers (PwC) subsidiaries in Africa from their projects for 21 months over corruption charges admitted by the firms.‎ ‎The trouble for PwC Associates Africa Ltd, based in Mauritius, PwC Limited Kenya, and PwC Rwanda Limited rose after they admitted to fraudulently obtaining confidential bid information for a $1.1 billion (Shs 41.6 trillion) Ethiopia-Kenya electricity interconnection project.",True,,governance_oversight_failure,0.19283674498968523,payment_financial_dispute,0.2843512296676636,governance_oversight_failure,0.5,content_preferred,2026-03
The Observer,https://observer.ug/news/how-corruption-stripped-pwc-naked/,2026-03-20,How corruption stripped PwC naked,"The financier deemed this as providing an unfair contract advantage to the PwC companies, according to a press release by the World Bank.",True,,procurement_irregularity,0.10210214003611624,contract_management_failure,0.3416668176651001,contract_management_failure,0.5,semantic_override,2026-03
The Observer,https://observer.ug/news/how-corruption-stripped-pwc-naked/,2026-03-20,How corruption stripped PwC naked,"This 1,068-km high-voltage transmission line is part of the Eastern Africa Power Pool, and this particular line is aimed at exporting electricity from Ethiopian hydropower plants to Kenya and beyond. ‎‎ The Eastern Africa Power Pool (EAPP) is a collaborative effort by eleven countries in Eastern Africa to interconnect their electricity grids and take advantage of excess capacity within the network, and facilitate trade of electric power between the members. ‎‎ The others are Burundi, Democratic Republic of Congo (DRC), Djibouti, Egypt, Libya, Rwanda, Sudan, South Sudan, Tanzania and Uganda.",True,,contract_management_failure,0.4047336104231347,payment_financial_dispute,0.08037787675857544,contract_management_failure,0.5,content_preferred,2026-03
The Observer,https://observer.ug/news/how-corruption-stripped-pwc-naked/,2026-03-20,How corruption stripped PwC naked,"The project is aimed at addressing chronic power shortages in East Africa amid growing demand, which is projected to grow by between 6 and 8 per cent annually, according to World Bank estimates. ‎ The World Bank has a zero-tolerance policy on corruption that includes acts aimed at influencing contract awarding processes, and has debarred more than 1,000 entities since 2011 for similar violations. ‎ This move on PwC is not only likely to limit its revenue from the region’s donor-funded work, but may also lead to possible heightened scrutiny on big four (with Deloitte, Ernst & Young (EY) and KPMG) firms in African infrastructure bids. ‎‎ Following the investigations and subsequent charge, the PwC entities admitted culpability for collusive and fraudulent practices related to the electricity project subsidiaries, leading to the debarment.‎ ‎A negotiated settlement was reached between the bank and the three companies, whose cooperation saw the penalty limited to only 21 months, with an early release possible depending on the conditions set by the World Bank. ‎‎In the settlement deal, PwC agreed to conduct an internal investigation, taking internal disciplinary action against responsible parties, ceasing business relationships with involved sub-consultants, and providing staff training. ‎‎ Other remedial actions PwC committed to are voluntarily refraining from bidding on World Bank-financed contracts during the negotiations and committing to strengthening their integrity compliance programs to align with WB standards. ‎‎ According to the WB’s report, these actions and the firm’s collaboration with the investigations contributed to the shorter debarment and conditional release terms. ‎‎The debarment of the PwC entities extends to other financing partners in the project: African Development Bank, which provides about $354 million, and the Agence Française de Développement (AFD).‎ ‎ World Bank in Uganda ‎‎ The World Bank has previously debarred several companies and individuals in connection with projects in Uganda, too, after investigations into sanctionable activities like fraud, corruption, or misrepresentation in projects, like energy, roads, rural electrification, and local private sector development initiatives. ‎‎ They include Burhani Engineers Ltd, a Kenya-based engineering and construction firm, for 24 months in 2023 for misrepresenting prior experience to get contracts in the Energy for Rural Transformation III Project in Uganda. ‎‎In January 2014, Energoprojekt Niskogradnja, a Serbian civil engineering company, was debarred for two and a half years in January 2013, for fraudulent practices said to have impacted a road and development project in the country. ‎‎ A Ugandan Company, Emmyways Engineering/Construction Limited, was debarred for 3 years (with conditional release) in June 2019, over misconduct in a World Bank-financed project in Uganda. ‎‎ Others in lists and reports include Pioneer Construction Ltd and Charles Kyenkya, debarred around 2014 for periods up to 2021, due to procurement malpractices, B.V.S.",True,procurement_irregularity,delay_time_overrun,0.18990044262609038,payment_financial_dispute,0.33341115713119507,delay_time_overrun,0.5,content_preferred,2026-03
The Observer,https://observer.ug/news/how-corruption-stripped-pwc-naked/,2026-03-20,How corruption stripped PwC naked,"Construction Ltd and Jayaram Reddy debarred in 2012 for similar reasons. ‎ These debarments make the affected parties ineligible for World Bank-financed contracts during the specified periods, often as part of settlement agreements requiring integrity compliance reforms.",True,,land_row_dispute,0.41041105277989104,payment_financial_dispute,0.34012579917907715,land_row_dispute,0.5,content_preferred,2026-03
The Observer,https://observer.ug/business/govt-banks-on-new-tax-measures-to-boost-revenues/,2026-03-11,Govt banks on new tax measures to boost revenues,"Total project loans are estimated at Shs 8.877 trillion, of which Shs 2.949 trillion will be concessional.",True,,land_row_dispute,0.3201572562120703,payment_financial_dispute,0.21372658014297485,land_row_dispute,0.5,content_preferred,2026-03
The Observer,https://observer.ug/news/pro-industries-boss-sues-govt-over-illegal-raid-seeks-shs-4bn-compensation/,2026-02-19,"Pro Industries boss sues govt over ‘illegal raid’, seeks Shs 4bn compensation","The executive director of Pro Industries Pte Limited, Vasundhara Oswal, has sued the Attorney General, seeking Shs 4 billion in damages over what she describes as an unlawful search, arrest, and prolonged detention carried out without a court order.",True,,land_row_dispute,0.2626399299729206,contract_management_failure,0.30934691429138184,land_row_dispute,0.5,content_preferred,2026-02
The Observer,https://observer.ug/news/pro-industries-boss-sues-govt-over-illegal-raid-seeks-shs-4bn-compensation/,2026-02-19,"Pro Industries boss sues govt over ‘illegal raid’, seeks Shs 4bn compensation","According to affidavits filed in court, police officers on October 1, 2024 allegedly forced their way into the company’s premises in Ndibulungi village, Luweero district, while investigating a missing person case.",True,,land_row_dispute,0.22248404686387502,delay_time_overrun,0.20258665084838867,land_row_dispute,0.5,content_preferred,2026-02
The Observer,https://observer.ug/news/pro-industries-boss-sues-govt-over-illegal-raid-seeks-shs-4bn-compensation/,2026-02-19,"Pro Industries boss sues govt over ‘illegal raid’, seeks Shs 4bn compensation","Oswal states that Thomas Bbaale informed her that security officers were searching for Mukesh Kumar Menaria at the request of his son, Vishnu Menaria, and that no warrant was required.",True,,land_row_dispute,0.16890865531800126,procurement_irregularity,0.14314687252044678,land_row_dispute,0.5,content_preferred,2026-02
The Observer,https://observer.ug/news/pro-industries-boss-sues-govt-over-illegal-raid-seeks-shs-4bn-compensation/,2026-02-19,"Pro Industries boss sues govt over ‘illegal raid’, seeks Shs 4bn compensation",She further claims that Swiss police inspector Pauline Chevenard had initiated a Yellow Diffusion Notice through Interpol in connection with the matter.,True,,land_row_dispute,0.19279079688846573,contract_management_failure,0.16158151626586914,land_row_dispute,0.5,content_preferred,2026-02
The Observer,https://observer.ug/news/pro-industries-boss-sues-govt-over-illegal-raid-seeks-shs-4bn-compensation/,2026-02-19,"Pro Industries boss sues govt over ‘illegal raid’, seeks Shs 4bn compensation","In her suit, Oswal accuses Bbaale, Alison Agaba, Joseph Obwona, Joseph Kyomuhendo, Annette Karungi, and the Attorney General of forcibly entering the premises, conducting an illegal search without a valid warrant, and seizing jewellery valued at $150,000 (approximately Shs 532.7 million).",True,,land_row_dispute,0.31814952889603404,procurement_irregularity,0.29784637689590454,land_row_dispute,0.5,content_preferred,2026-02
The Observer,https://observer.ug/news/pro-industries-boss-sues-govt-over-illegal-raid-seeks-shs-4bn-compensation/,2026-02-19,"Pro Industries boss sues govt over ‘illegal raid’, seeks Shs 4bn compensation","She further alleges that officers recorded videos and photographs without authorization, interrogated her in the absence of her lawyers, unlawfully arrested her, and broadcast the incident on national television.",True,,contract_management_failure,0.2155917917348646,procurement_irregularity,0.17579278349876404,contract_management_failure,0.5,content_preferred,2026-02
The Observer,https://observer.ug/news/pro-industries-boss-sues-govt-over-illegal-raid-seeks-shs-4bn-compensation/,2026-02-19,"Pro Industries boss sues govt over ‘illegal raid’, seeks Shs 4bn compensation","She claims she was detained beyond the constitutionally mandated 48-hour limit and denied basic necessities, including food, drinking water, sanitation, and medical care.",True,,land_row_dispute,0.21364659881989137,land_row_dispute,0.15549615025520325,land_row_dispute,0.5922856872687736,agree,2026-02
The Observer,https://observer.ug/news/pro-industries-boss-sues-govt-over-illegal-raid-seeks-shs-4bn-compensation/,2026-02-19,"Pro Industries boss sues govt over ‘illegal raid’, seeks Shs 4bn compensation","In her affidavit, Oswal says the Interpol notice from Switzerland “did not make sense,” noting that she had just returned to Uganda from London on September 30, 2024, and did not know the whereabouts of Mukesh.",True,,land_row_dispute,0.25853450517936205,delay_time_overrun,0.16357079148292542,land_row_dispute,0.5,content_preferred,2026-02
The Observer,https://observer.ug/news/pro-industries-boss-sues-govt-over-illegal-raid-seeks-shs-4bn-compensation/,2026-02-19,"Pro Industries boss sues govt over ‘illegal raid’, seeks Shs 4bn compensation",She adds that her father was also out of the country at the time.,True,,land_row_dispute,0.31052567830677524,delay_time_overrun,0.06607213616371155,land_row_dispute,0.5,content_preferred,2026-02
The Observer,https://observer.ug/news/pro-industries-boss-sues-govt-over-illegal-raid-seeks-shs-4bn-compensation/,2026-02-19,"Pro Industries boss sues govt over ‘illegal raid’, seeks Shs 4bn compensation","Oswal contends that the raid centred on Mukesh, who previously worked as a chef and crew member for the family.",True,,land_row_dispute,0.22220130991342832,contract_management_failure,0.10235928744077682,land_row_dispute,0.5,content_preferred,2026-02
The Observer,https://observer.ug/news/pro-industries-boss-sues-govt-over-illegal-raid-seeks-shs-4bn-compensation/,2026-02-19,"Pro Industries boss sues govt over ‘illegal raid’, seeks Shs 4bn compensation","She alleges that during the incident, Vishnu verbally abused her in Hindi and was allowed to record videos on the premises despite her request that the police remove him.",True,,land_row_dispute,0.1742300701443171,procurement_irregularity,0.11003119498491287,land_row_dispute,0.5,content_preferred,2026-02
The Observer,https://observer.ug/news/pro-industries-boss-sues-govt-over-illegal-raid-seeks-shs-4bn-compensation/,2026-02-19,"Pro Industries boss sues govt over ‘illegal raid’, seeks Shs 4bn compensation",She is seeking Shs 532.7 million as compensation for the allegedly seized jewellery and $1 million (about Shs 3.5 billion) for alleged violations of her constitutional and human rights.,True,land_row_dispute,land_row_dispute,0.5379451381908155,procurement_irregularity,0.2359674572944641,land_row_dispute,0.5379451381908155,content_preferred,2026-02
The Observer,https://observer.ug/news/pro-industries-boss-sues-govt-over-illegal-raid-seeks-shs-4bn-compensation/,2026-02-19,"Pro Industries boss sues govt over ‘illegal raid’, seeks Shs 4bn compensation","Oswal also claims that Mukesh had earlier stolen her mother’s jewellery, valued at $150,000, which was recovered from his quarters on the company premises in August 2024.",True,,land_row_dispute,0.1287969556755669,procurement_irregularity,0.1752522587776184,land_row_dispute,0.5,content_preferred,2026-02
The Observer,https://observer.ug/news/pro-industries-boss-sues-govt-over-illegal-raid-seeks-shs-4bn-compensation/,2026-02-19,"Pro Industries boss sues govt over ‘illegal raid’, seeks Shs 4bn compensation",She alleges that police later took the items as exhibits and that they have not been returned despite repeated requests.,True,,land_row_dispute,0.23157083295353217,procurement_irregularity,0.20629629492759705,land_row_dispute,0.5,content_preferred,2026-02
The Observer,https://observer.ug/news/pro-industries-boss-sues-govt-over-illegal-raid-seeks-shs-4bn-compensation/,2026-02-19,"Pro Industries boss sues govt over ‘illegal raid’, seeks Shs 4bn compensation","She further states that while she was speaking to her parents on the phone, Bbaale forcefully grabbed her and pushed her into an unmarked vehicle. “I was being detained and arrested because of my father, Mr Pankaj Oswal, who was not in Uganda.",True,,land_row_dispute,0.2513969181548329,procurement_irregularity,0.10611019283533096,land_row_dispute,0.5,content_preferred,2026-02
The Observer,https://observer.ug/news/pro-industries-boss-sues-govt-over-illegal-raid-seeks-shs-4bn-compensation/,2026-02-19,"Pro Industries boss sues govt over ‘illegal raid’, seeks Shs 4bn compensation","I was effectively being held as a state hostage at the request of Swiss Police’s Pauline Chevenard to compel my father to return to Uganda,” she states.",True,,delay_time_overrun,0.2956080069360992,contract_management_failure,0.1347256302833557,delay_time_overrun,0.5,content_preferred,2026-02
The Observer,https://observer.ug/news/pro-industries-boss-sues-govt-over-illegal-raid-seeks-shs-4bn-compensation/,2026-02-19,"Pro Industries boss sues govt over ‘illegal raid’, seeks Shs 4bn compensation","According to the affidavits, the initial charge against her was kidnapping with intent to murder.",True,,land_row_dispute,0.18165459141350887,contract_management_failure,0.15706419944763184,land_row_dispute,0.5,content_preferred,2026-02
The Observer,https://observer.ug/news/pro-industries-boss-sues-govt-over-illegal-raid-seeks-shs-4bn-compensation/,2026-02-19,"Pro Industries boss sues govt over ‘illegal raid’, seeks Shs 4bn compensation","However, she claims the case file was later amended to reflect human trafficking in line with the Interpol Yellow Notice, allegedly to conceal what she describes as the original baseless charge.",True,,land_row_dispute,0.3221900066330311,contract_management_failure,0.2822314500808716,land_row_dispute,0.5,content_preferred,2026-02
The Observer,https://observer.ug/news/pro-industries-boss-sues-govt-over-illegal-raid-seeks-shs-4bn-compensation/,2026-02-19,"Pro Industries boss sues govt over ‘illegal raid’, seeks Shs 4bn compensation",Oswal further contends that Chevenard issued the Interpol notice based on anonymous emails without conducting a thorough investigation.,True,,land_row_dispute,0.19431054182471444,contract_management_failure,0.21167747676372528,land_row_dispute,0.5,content_preferred,2026-02
The Observer,https://observer.ug/news/pro-industries-boss-sues-govt-over-illegal-raid-seeks-shs-4bn-compensation/,2026-02-19,"Pro Industries boss sues govt over ‘illegal raid’, seeks Shs 4bn compensation","She adds that while she was on remand, her parents entered into a settlement agreement with Mukesh on October 15, 2024.",True,,contract_management_failure,0.19515564592780535,contract_management_failure,0.22324660420417786,contract_management_failure,0.6046005625329958,agree,2026-02
The Observer,https://observer.ug/news/pro-industries-boss-sues-govt-over-illegal-raid-seeks-shs-4bn-compensation/,2026-02-19,"Pro Industries boss sues govt over ‘illegal raid’, seeks Shs 4bn compensation","Under the agreement, he was released from repaying a loan owed to them and allowed to retain $200,000 and a St.",True,,land_row_dispute,0.16913425288064,procurement_irregularity,0.3182125985622406,land_row_dispute,0.5,content_preferred,2026-02
The Observer,https://observer.ug/news/pro-industries-boss-sues-govt-over-illegal-raid-seeks-shs-4bn-compensation/,2026-02-19,"Pro Industries boss sues govt over ‘illegal raid’, seeks Shs 4bn compensation",Lucian passport acquired for him.,True,,land_row_dispute,0.14114805892460972,procurement_irregularity,0.15747129917144775,land_row_dispute,0.5,content_preferred,2026-02
The Observer,https://observer.ug/news/pro-industries-boss-sues-govt-over-illegal-raid-seeks-shs-4bn-compensation/,2026-02-19,"Pro Industries boss sues govt over ‘illegal raid’, seeks Shs 4bn compensation","Despite the settlement, she alleges, Mukesh and his son did not withdraw what she describes as false complaints.",True,,land_row_dispute,0.16357789833943612,land_row_dispute,0.3429260849952698,land_row_dispute,0.6266259958336765,agree,2026-02
The Observer,https://observer.ug/business/eurogold-opens-main-offices-in-dubai/,2026-01-20,EuroGold opens main offices in Dubai,"EuroGold Refinery has officially opened its main offices in Dubai, marking a significant milestone in the company’s growth strategy and efforts to better serve its international clientele.",True,,land_row_dispute,0.2249296500626033,payment_financial_dispute,0.017895549535751343,land_row_dispute,0.5,content_preferred,2026-01
The Observer,https://observer.ug/business/eurogold-opens-main-offices-in-dubai/,2026-01-20,EuroGold opens main offices in Dubai,"Feni noted that the new Dubai office, located at Business Bay, was established primarily to bridge the gap between international traders. “We want to add confidence and assurance to our partners.",True,,quality_technical_defect,0.3023179309956877,contract_management_failure,0.1271628737449646,quality_technical_defect,0.5,content_preferred,2026-01
The Observer,https://observer.ug/business/eurogold-opens-main-offices-in-dubai/,2026-01-20,EuroGold opens main offices in Dubai,"According to Feni, the Dubai presence has already attracted interest from several companies willing to partner with EuroGold, particularly in facilitating payments and procurement. “We have received strong support from companies that are willing to work with us now that we have a branch in Dubai.",True,procurement_irregularity,procurement_irregularity,0.2623313389400462,procurement_irregularity,0.12697362899780273,procurement_irregularity,0.5973262419844623,agree,2026-01
The Observer,https://observer.ug/news/environmental-activists-call-for-community-led-governance-of-ugandan-lakes/,2026-01-05,Environmental activists call for community-led governance of Ugandan lakes,"Environmental and climate justice groups have called on the government to ensure that newly proposed lake landing site committees are genuinely community-led, transparent and accountable, warning that cosmetic reforms will not address long-standing abuses faced by fishing communities.",True,,delay_time_overrun,0.1872398326101891,land_row_dispute,0.2681160271167755,delay_time_overrun,0.5,content_preferred,2026-01
The Observer,https://observer.ug/news/environmental-activists-call-for-community-led-governance-of-ugandan-lakes/,2026-01-05,Environmental activists call for community-led governance of Ugandan lakes,The call follows President Yoweri Museveni’s December 26 directive to dissolve what he described as “abusive” lake landing site committees and establish new management structures.,True,,governance_oversight_failure,0.1414006662364734,land_row_dispute,0.23601335287094116,governance_oversight_failure,0.5,content_preferred,2026-01
The Observer,https://observer.ug/news/environmental-activists-call-for-community-led-governance-of-ugandan-lakes/,2026-01-05,Environmental activists call for community-led governance of Ugandan lakes,"In a joint statement, Climate Rights International and the Environment Governance Institute (EGI) said abuses linked to oil developments operated by TotalEnergies and the China National Offshore Oil Corporation (CNOOC) have compounded long-standing governance failures around lake management. “We welcome the government’s announcement to disband the Fisheries Protection Unit and all landing site committees on Uganda’s lakes,” said Samuel Okulony, director of the Environment Governance Institute. “But this must result in an end to abuses and genuine community-led decision-making, or it will amount to nothing more than a pre-election stunt.” Okulony added that the new committees should be constituted quickly and inclusively. “To demonstrate seriousness, the new committees should be formed within 15 days, not three months,” he said.",True,,delay_time_overrun,0.2798160404035192,governance_oversight_failure,0.3131956458091736,delay_time_overrun,0.5,content_preferred,2026-01
The Observer,https://observer.ug/news/environmental-activists-call-for-community-led-governance-of-ugandan-lakes/,2026-01-05,Environmental activists call for community-led governance of Ugandan lakes,"Oil projects and rights concerns In October 2025, Climate Rights International and EGI published a report documenting how communities living around the Kingfisher oil project area along Lake Albert were subjected to military-enforced payments to access fishing grounds, arbitrary arrests, and confiscation of boats for alleged non-compliance.",True,,governance_oversight_failure,0.37441478255462884,land_row_dispute,0.3093422055244446,governance_oversight_failure,0.5,content_preferred,2026-01
The Observer,https://observer.ug/news/environmental-activists-call-for-community-led-governance-of-ugandan-lakes/,2026-01-05,Environmental activists call for community-led governance of Ugandan lakes,"The Kingfisher project is operated by CNOOC and jointly owned by CNOOC, TotalEnergies, and the Uganda National Oil Company (UNOC).",True,,land_row_dispute,0.10997437187250016,procurement_irregularity,0.09945539385080338,land_row_dispute,0.5,content_preferred,2026-01
The Observer,https://observer.ug/news/environmental-activists-call-for-community-led-governance-of-ugandan-lakes/,2026-01-05,Environmental activists call for community-led governance of Ugandan lakes,"The report cited coercive land acquisition, delayed or inadequate compensation, intimidation of critics, and restrictions on freedoms of expression and assembly.",True,land_row_dispute,delay_time_overrun,0.5716381742653984,land_row_dispute,0.39200469851493835,delay_time_overrun,0.5716381742653984,content_preferred,2026-01
The Observer,https://observer.ug/news/environmental-activists-call-for-community-led-governance-of-ugandan-lakes/,2026-01-05,Environmental activists call for community-led governance of Ugandan lakes,"In several cases, community members reported being pressured to accept compensation under threats of project delays, loss of livelihoods or state intervention.",True,delay_time_overrun,delay_time_overrun,0.3841014260489133,land_row_dispute,0.44909822940826416,delay_time_overrun,0.5,content_preferred,2026-01
The Observer,https://observer.ug/news/environmental-activists-call-for-community-led-governance-of-ugandan-lakes/,2026-01-05,Environmental activists call for community-led governance of Ugandan lakes,"Concerns over investor involvement The government has proposed that investors, including oil companies, be included as members of the new landing site committees, a move activists strongly oppose. “Allowing investors, particularly from the oil and gas sector, to sit on these committees would likely undermine customary land and water rights, erode cultural practices linked to fishing, and silence community dissent, ” said Okulony.",True,,procurement_irregularity,0.3715278536140915,land_row_dispute,0.25840237736701965,procurement_irregularity,0.5,content_preferred,2026-01
The Observer,https://observer.ug/news/environmental-activists-call-for-community-led-governance-of-ugandan-lakes/,2026-01-05,Environmental activists call for community-led governance of Ugandan lakes,"Key recommendations Climate Rights International and EGI urged government to draw lessons from the Kingfisher project and embed enforceable human rights standards, genuine community consent and independent oversight into the new governance framework.",True,governance_oversight_failure,governance_oversight_failure,0.3769667649771918,land_row_dispute,0.21803461015224457,governance_oversight_failure,0.5,content_preferred,2026-01
The Observer,https://observer.ug/news/environmental-activists-call-for-community-led-governance-of-ugandan-lakes/,2026-01-05,Environmental activists call for community-led governance of Ugandan lakes,"They called on government to ensure new landing site committees are formed through transparent, community-ratified processes reflecting the diversity of indigenous fishing populations, establish binding safeguards to protect community land rights, cultural heritage and environmental integrity from undue investor influence.",True,,land_row_dispute,0.2549263231940646,land_row_dispute,0.23361483216285706,land_row_dispute,0.6221352888392304,agree,2026-01
The Observer,https://observer.ug/news/environmental-activists-call-for-community-led-governance-of-ugandan-lakes/,2026-01-05,Environmental activists call for community-led governance of Ugandan lakes,"Other recommendations are, build the capacity of community representatives, including training in governance, negotiation and rights protection, guarantee full public disclosure of investor agreements, subject to independent review and community consent, and remove the military from landing site operations, ensuring law enforcement roles are handled by appropriate police units. “Human rights abuses against fisherfolk and other local residents remain widespread in lake regions affected by oil and gas operations,” said Brad Adams, executive director of Climate Rights International. “Without strong protections, the new committee structure risks repeating patterns of economic coercion, elite capture and marginalisation of indigenous livelihoods.",True,,governance_oversight_failure,0.39093872999410145,land_row_dispute,0.30728089809417725,governance_oversight_failure,0.5,content_preferred,2026-01
The Observer,https://observer.ug/news/karema-vs-kadondi-will-girl-power-redefine-makereres-guild-politics/,2026-04-08,Karema vs Kadondi: Will girl power redefine Makerere’s guild politics,"She opposes the ban on first-year students contesting and the limitations on political association, arguing that these measures have created “inexperienced leaders who can easily dance to the tunes of management.” Academically, Karema promises sweeping reforms, including the introduction of supplementary exams for finalists who would otherwise wait an extra year, and the full implementation of the 60 per cent tuition policy. “Education is a right, and it should not only be accessible but also affordable for all,” she says, criticising the current system where students must sometimes plead with the administration just to sit exams.",True,,governance_oversight_failure,0.23640536260313072,governance_oversight_failure,0.17109215259552002,governance_oversight_failure,0.6018743787996627,agree,2026-04
The Observer,https://observer.ug/news/karema-vs-kadondi-will-girl-power-redefine-makereres-guild-politics/,2026-04-08,Karema vs Kadondi: Will girl power redefine Makerere’s guild politics,"Kadondi also advocates for academic reforms, particularly flexible supplementary exam policies for finalists facing genuine challenges, and calls for firm implementation of tuition policies such as the 60 per cent and 90 per cent waivers. “No student should have to be on their knees or in bed with the administration to sit exams,” she says.",True,,land_row_dispute,0.10323185841709406,procurement_irregularity,0.15395577251911163,land_row_dispute,0.5,content_preferred,2026-04
The Observer,https://observer.ug/news/karema-vs-kadondi-will-girl-power-redefine-makereres-guild-politics/,2026-04-08,Karema vs Kadondi: Will girl power redefine Makerere’s guild politics,"Students warn about the online system of voting Onesimus Atuhaire, a third-year Journalism and Communication student, believes the online system is a step in the right direction but warns that its implementation has exposed major gaps. “There’s nothing wrong with the online voting system.",True,,delay_time_overrun,0.10914253649617148,land_row_dispute,0.11390412598848343,delay_time_overrun,0.5,content_preferred,2026-04
The Observer,https://observer.ug/news/mubende-goats-introduced-in-zombo/,2026-04-09,Mubende goats introduced in Zombo,"Under the initiative, NARO trained the initial 15 beneficiaries under the Zombo Town Council Goat Farmers’ Group to pilot the project.",True,,land_row_dispute,0.2813768548439694,land_row_dispute,0.17758533358573914,land_row_dispute,0.6147405471074271,agree,2026-04
The Observer,https://observer.ug/news/eight-years-after-ott-a-failed-experiment-that-stifled-ugandas-digital-economy/,2026-02-25,Eight years after OTT: A failed experiment that stifled Uganda’s digital economy,"Dubbed the “Over-The-Top” (OTT) or “social media” tax, it was promoted as a necessary revenue measure and a tool to curb “online gossip.” eight years later, the policy has been formally abandoned, but its legacy is a stark lesson in economic self-sabotage.",True,,governance_oversight_failure,0.17838112993859315,contract_management_failure,0.12652456760406494,governance_oversight_failure,0.5,content_preferred,2026-02
The Observer,https://observer.ug/news/eight-years-after-ott-a-failed-experiment-that-stifled-ugandas-digital-economy/,2026-02-25,Eight years after OTT: A failed experiment that stifled Uganda’s digital economy,"Users simply stopped paying, turned to Virtual Private Networks (VPNs) to bypass the block, or, most damagingly, disconnected from the internet entirely.",True,,delay_time_overrun,0.23179599767196263,land_row_dispute,0.2688518166542053,delay_time_overrun,0.5,content_preferred,2026-02
The Observer,https://observer.ug/news/eight-years-after-ott-a-failed-experiment-that-stifled-ugandas-digital-economy/,2026-02-25,Eight years after OTT: A failed experiment that stifled Uganda’s digital economy,"And lastly, they can invest digital tax revenue transparently into expanding national broadband infrastructure and digital literacy programs, creating a virtuous cycle of growth.",True,,land_row_dispute,0.07337560412339474,delay_time_overrun,0.12348845601081848,land_row_dispute,0.5,content_preferred,2026-02
The Observer,https://observer.ug/news/masaka-court-orders-kalungu-west-vote-recount-over-thin-margin/,2026-01-21,Masaka court orders Kalungu West vote recount over thin margin,"That is how democracy works,” he said.",True,,delay_time_overrun,0.460386821632846,land_row_dispute,0.10965855419635773,delay_time_overrun,0.5,content_preferred,2026-01
