source,url,publication_date,title,sentence,is_relevant,label_content,pred_content,conf_content,pred_semantic,conf_semantic,pred_final,conf_final,fusion_rule,month
The Observer,https://observer.ug/news/wolokoso-kadaga-visitors-worry-busoga-mps/,2016-11-22,Wolokoso: Kadaga visitors worry Busoga MPs,Honourable Sabiiti’s ‘conflict of interest’ Last week was not easy for works minister Monica Azuba Ntege.,True,,quality_technical_defect,0.4801811470280948,contract_management_failure,0.2612897753715515,quality_technical_defect,0.5,content_preferred,2016-11
The Observer,https://observer.ug/news/wolokoso-kadaga-visitors-worry-busoga-mps/,2016-11-22,Wolokoso: Kadaga visitors worry Busoga MPs,"But neither was it smooth sailing for Engineer Denis Sabiiti, who chairs parliament’s physical infrastructure committee.",True,,governance_oversight_failure,0.38413023171565747,procurement_irregularity,0.22432664036750793,governance_oversight_failure,0.5,content_preferred,2016-11
The Observer,https://observer.ug/news/wolokoso-kadaga-visitors-worry-busoga-mps/,2016-11-22,Wolokoso: Kadaga visitors worry Busoga MPs,"Before becoming Rubanda West MP, Sabiiti worked in the ministry of works.",True,,delay_time_overrun,0.17863481392320993,governance_oversight_failure,0.09818676114082336,delay_time_overrun,0.5,content_preferred,2016-11
The Observer,https://observer.ug/news/wolokoso-kadaga-visitors-worry-busoga-mps/,2016-11-22,Wolokoso: Kadaga visitors worry Busoga MPs,Minister: at least let me finish my tea Monica Azuba Ntege is really the minister for works.,True,,quality_technical_defect,0.3452102828384567,delay_time_overrun,0.11990450322628021,quality_technical_defect,0.5,content_preferred,2016-11
The Observer,https://observer.ug/news/wolokoso-kadaga-visitors-worry-busoga-mps/,2016-11-22,Wolokoso: Kadaga visitors worry Busoga MPs,I mean the minister works so hard she can hardly find time for a bottle of water let alone breakfast at home.,True,,quality_technical_defect,0.4801811470280948,delay_time_overrun,0.07982876151800156,quality_technical_defect,0.5,content_preferred,2016-11
The Observer,https://observer.ug/news/wolokoso-kadaga-visitors-worry-busoga-mps/,2016-11-22,Wolokoso: Kadaga visitors worry Busoga MPs,"This was the impression you got last week, when the honourable minister met parliament’s committee on physical infrastructure.",True,,quality_technical_defect,0.5524739573937616,delay_time_overrun,0.16213549673557281,quality_technical_defect,0.5524739573937616,content_preferred,2016-11
The Observer,https://observer.ug/news/wolokoso-kadaga-visitors-worry-busoga-mps/,2016-11-22,Wolokoso: Kadaga visitors worry Busoga MPs,"Otherwise, our hardworking works minister could have collapsed on the way to the next meeting.",True,quality_technical_defect,quality_technical_defect,0.39706282439640767,governance_oversight_failure,0.25843289494514465,quality_technical_defect,0.5,content_preferred,2016-11
The Observer,https://observer.ug/news/israel-dumps-eritrea-sudan-refugees-in-uganda-rwanda/,2016-11-25,"Israel dumps Eritrea, Sudan refugees in Uganda, Rwanda","Now Al Jazeera has landed on ‘evidence’ in form of Eritreans who claim to have been part of this secret deal, as RYAN BROWN reports: Kampala, Uganda – The sky was still an inky black when the flight from Cairo touched down at Entebbe airport near Kampala, the capital of Uganda, one morning in mid-January, the fluorescent glow spilling from the small terminal providing the only source of light.",True,,land_row_dispute,0.33009855151343553,land_row_dispute,0.11622227728366852,land_row_dispute,0.611580207199276,agree,2016-11
The Observer,https://observer.ug/news/israel-dumps-eritrea-sudan-refugees-in-uganda-rwanda/,2016-11-25,"Israel dumps Eritrea, Sudan refugees in Uganda, Rwanda","Without a glance from the border patrol officers, he led them around the queue, to the baggage claim where their luggage awaited, and then out of the airport’s sliding-glass doors.",True,,land_row_dispute,0.6038714601197257,contract_management_failure,0.09433475881814957,land_row_dispute,0.6038714601197257,content_preferred,2016-11
The Observer,https://observer.ug/news/israel-dumps-eritrea-sudan-refugees-in-uganda-rwanda/,2016-11-25,"Israel dumps Eritrea, Sudan refugees in Uganda, Rwanda","Often, those who were resettled dispute whether they truly had a choice.",True,,land_row_dispute,0.020751693634856537,contract_management_failure,0.4055112600326538,contract_management_failure,0.5,semantic_override,2016-11
The Observer,https://observer.ug/news/israel-dumps-eritrea-sudan-refugees-in-uganda-rwanda/,2016-11-25,"Israel dumps Eritrea, Sudan refugees in Uganda, Rwanda","According to Interior Minister Gilad Erdan, the voluntary resettlement plan had “encourage[d] infiltrators to leave the borders of the state of Israel honourably and safely”.",True,land_row_dispute,land_row_dispute,0.42614563580582554,land_row_dispute,0.19615790247917175,land_row_dispute,0.6555758845712494,agree,2016-11
The Observer,https://observer.ug/news/we-forced-dr-besigye-to-stand-in-2016-ssemujju/,2016-11-25,We forced Dr Besigye to stand in 2016 – Ssemujju,"Besigye took the FDC flag to The Democratic Alliance (TDA), a loose coalition of opposition political parties where he was abandoned by some of the DP politicians previously allied to the Ssuubi group.",True,,land_row_dispute,0.020751693634856537,governance_oversight_failure,0.18389716744422913,land_row_dispute,0.5,content_preferred,2016-11
The Observer,https://observer.ug/news/un-pins-uganda-for-selling-weapons-to-south-sudan/,2016-11-25,UN pins Uganda for selling weapons to South Sudan,"However, the peace agreement crumbled just three months into its implementation after rival forces loyal to Kiir and Machar clashed in Juba, resulting in more killings and displacement of South Sudanese both within and without the country.",True,,procurement_irregularity,0.23165828538130032,land_row_dispute,0.2446351945400238,procurement_irregularity,0.5,content_preferred,2016-11
The Observer,https://observer.ug/business/business-business/ubl-starts-shs-300m-sanitation-project-for-nakawa-traders/,2016-11-25,UBL starts Shs 300m sanitation project for Nakawa traders,The Observer Uganda Breweries Limited on Wednesday launched a sanitation project that will see the brewery construct public sanitation facilities for traders around Port Bell and Kirombe areas in Nakawa division.,True,,procurement_irregularity,0.3013921574928868,land_row_dispute,0.11259986460208893,procurement_irregularity,0.5,content_preferred,2016-11
The Observer,https://observer.ug/business/business-business/ubl-starts-shs-300m-sanitation-project-for-nakawa-traders/,2016-11-25,UBL starts Shs 300m sanitation project for Nakawa traders,Present at the ground- breaking ceremony was Nakawa MP Michael Kabaziguruka and Nakawa mayor Ronald Balimwezo.,True,,land_row_dispute,0.020751693634856537,land_row_dispute,0.08739541471004486,land_row_dispute,0.5270367770862253,agree,2016-11
The Observer,https://observer.ug/business/business-business/ubl-starts-shs-300m-sanitation-project-for-nakawa-traders/,2016-11-25,UBL starts Shs 300m sanitation project for Nakawa traders,"The three-month project, which is part of UBL’s “Water of Life” initiative, will cost Shs 300 million and more than 15,000 households are set to benefit.",True,,land_row_dispute,0.09930893264211227,delay_time_overrun,0.217770516872406,land_row_dispute,0.5,content_preferred,2016-11
The Observer,https://observer.ug/business/business-business/ubl-starts-shs-300m-sanitation-project-for-nakawa-traders/,2016-11-25,UBL starts Shs 300m sanitation project for Nakawa traders,"The project will not only reduce water pollution in the area but also decrease the rampant hygiene-related disease outbreaks amongst the residents, traders and fisher- men of Port Bell and Kirombe villages.",True,,land_row_dispute,0.49881047795657446,land_row_dispute,0.15293872356414795,land_row_dispute,0.6629373003801806,agree,2016-11
The Observer,https://observer.ug/business/business-business/ubl-starts-shs-300m-sanitation-project-for-nakawa-traders/,2016-11-25,UBL starts Shs 300m sanitation project for Nakawa traders,Balimwezo commended UBL for the initiative. “We ought to work with the private sector more often to improve the livelihood of Ugandans.,True,,land_row_dispute,0.020751693634856537,land_row_dispute,0.13873262703418732,land_row_dispute,0.5398710801672609,agree,2016-11
The Observer,https://observer.ug/business/business-business/ubl-starts-shs-300m-sanitation-project-for-nakawa-traders/,2016-11-25,UBL starts Shs 300m sanitation project for Nakawa traders,This gesture by UBL is a demonstration of a good responsibility that should be emulated by other business entities.” Sign up and get daily updates right to your inbox.,True,,land_row_dispute,0.16796861174095223,contract_management_failure,0.07625941187143326,land_row_dispute,0.5,content_preferred,2016-11
The Observer,https://observer.ug/news/ubos-report-poverty-gets-worse-up-north/,2016-11-28,Ubos report: Poverty gets worse up North,Ubos follows up the same households and the individuals for some years to understand the variation over the years in their livelihoods in terms of income and expenditure.,True,,land_row_dispute,0.30484527570728204,contract_management_failure,0.11288249492645264,land_row_dispute,0.5,content_preferred,2016-11
The Observer,https://observer.ug/business/business-business/fao-lands-ministry-push-for-land-registration/,2016-11-28,"FAO, lands ministry push for land registration","Amongi added that the pilot project in Kasese has demonstrated that implementation of CCOs is within reach in Uganda, opening the way for nationwide rollout. “There will be need to support government to enforce this system in all districts to ensure that it adapts to the different circumstances and specific challenges that may arise,” she said.",True,,quality_technical_defect,0.4790896702704908,governance_oversight_failure,0.22154363989830017,quality_technical_defect,0.5,content_preferred,2016-11
The Observer,https://observer.ug/business/business-business/government-plans-for-more-mini-power-dams/,2016-11-28,Government plans for more mini power dams,"PLANNED INVESTMENTS Bena said that a firm, Absolute Energy Ltd, has obtained a letter of intent from government to set up a 230kW PV mini-grid pilot project on Kitobo island on Lake Victoria.",True,,land_row_dispute,0.3622947079123084,contract_management_failure,0.14972689747810364,land_row_dispute,0.5,content_preferred,2016-11
The Observer,https://observer.ug/news/police-build-post-to-protect-prisons-boss-disputed-land/,2016-11-28,Police build post to protect prisons boss’ disputed land,The residents claim that President Museveni compensated them with the land following their eviction from different parts of Kampala to pave way for the city’s expansion.,True,land_row_dispute,land_row_dispute,0.6682530153253939,land_row_dispute,0.30680784583091736,land_row_dispute,0.7437652152890778,agree,2016-11
The Observer,https://observer.ug/news/police-build-post-to-protect-prisons-boss-disputed-land/,2016-11-28,Police build post to protect prisons boss’ disputed land,"According to Kampala Metropolitan Police spokesperson, Emilian Kayima, the heavy clashes between Kururagyire’s employees and local residents left police with no option but to come out in full force. “The structure under construction is for the officers who will be protecting that place,” he said. “In that area, it is known for land grabbers to occupy land in the name of whoever they say has given them the authority to use the land.” CONFLICTING ACCOUNTS The decision to construct the police post was prompted by the most recent clash, which took place on October 25.",True,,land_row_dispute,0.5251752497098271,land_row_dispute,0.2717747688293457,land_row_dispute,0.6992375046347932,agree,2016-11
The Observer,https://observer.ug/news/police-build-post-to-protect-prisons-boss-disputed-land/,2016-11-28,Police build post to protect prisons boss’ disputed land,"But Edirisa Mukasa, the leader of the group with whom Kururagyire is fighting for the land, says they too have a legal claim over the property. “We were given this land after Kampala developed its expansion and we got affected.",True,,land_row_dispute,0.4875223049253463,land_row_dispute,0.3638492226600647,land_row_dispute,0.7128428818963528,agree,2016-11
The Observer,https://observer.ug/news/police-build-post-to-protect-prisons-boss-disputed-land/,2016-11-28,Police build post to protect prisons boss’ disputed land,"COUNTER ACCUSATIONS Mukasa believes that top government officials that include Kururagyire, Wakiso RDC Ian Kyeyune and senior police officers want to claim the land so that they can receive compensation when construction of the standard gauge railway starts. “RDC Kyeyune came to me – he was driving a double-cabin pickup [truck] – and asked me to keep quiet about the land.",True,land_row_dispute,land_row_dispute,0.6899615385467566,land_row_dispute,0.30383729934692383,land_row_dispute,0.7484497094734202,agree,2016-11
The Observer,https://observer.ug/news/mawale-village-where-amin-museveni-histories-collide/,2016-11-28,"Mawale village, where Amin Museveni histories collide",The residents say that President Museveni has completed plans to construct an army barracks at the site of Mondlane guerilla camp and NRM/A Military High Command at Kitema in Mawale.,True,,land_row_dispute,0.7894099504075854,delay_time_overrun,0.07639474421739578,land_row_dispute,0.7894099504075854,content_preferred,2016-11
The Observer,https://observer.ug/news/mawale-village-where-amin-museveni-histories-collide/,2016-11-28,"Mawale village, where Amin Museveni histories collide","The colonial-period Nubians at Mawale used to borrow pieces of Mailo land from Baganda Landlords to plant cotton but, unlike the Luo who were charged half of harvest, the Nubians paid one third of the harvest.",True,,quality_technical_defect,0.6404879730328922,procurement_irregularity,0.163571298122406,quality_technical_defect,0.6404879730328922,content_preferred,2016-11
The Observer,https://observer.ug/news/mawale-village-where-amin-museveni-histories-collide/,2016-11-28,"Mawale village, where Amin Museveni histories collide","Finally, the three old residents talked about the Mawale sons, Baganda and Nubians that became rich in Kampala in 1973 from allocation of businesses abandoned by departing Asians expelled by Amin.",True,,land_row_dispute,0.49881047795657446,land_row_dispute,0.1486499011516571,land_row_dispute,0.6618650947770579,agree,2016-11
The Observer,https://observer.ug/news/anite-defies-kasaija-over-uegcl-top-job/,2016-11-28,Anite defies Kasaija over UEGCL top job,"Or is it because Njuki is from a different region?” Anite threw another spanner in the works, questioning Katusiime’s suitability for the job.",True,,delay_time_overrun,0.5555813949220514,contract_management_failure,0.14183969795703888,delay_time_overrun,0.5555813949220514,content_preferred,2016-11
The Observer,https://observer.ug/news/anite-defies-kasaija-over-uegcl-top-job/,2016-11-28,Anite defies Kasaija over UEGCL top job,"BIG DEALS AT STAKE Among other things, UEGCL is in charge of managing two headline power dam projects under construction.",True,,contract_management_failure,0.31757762188013977,land_row_dispute,0.1731092780828476,contract_management_failure,0.5,content_preferred,2016-11
The Observer,https://observer.ug/news/anite-defies-kasaija-over-uegcl-top-job/,2016-11-28,Anite defies Kasaija over UEGCL top job,"These are the 600MW Karuma dam, which will cost $1.7bn, and the 183MW Isimba dam that will cost $570m.",True,,land_row_dispute,0.020751693634856537,procurement_irregularity,0.11095713078975677,land_row_dispute,0.5,content_preferred,2016-11
The Observer,https://observer.ug/business/new-land-electronic-card-will-fight-fraud-buganda/,2016-11-30,New land electronic card will fight fraud – Buganda,"But like I said, the project will open up more upcountry centres and the capacity will increase.",True,,procurement_irregularity,0.9203865674236261,delay_time_overrun,0.22604155540466309,procurement_irregularity,0.9203865674236261,content_preferred,2016-11
The Observer,https://observer.ug/business/banks-ordered-to-install-in-country-data-centers/,2016-11-30,Banks ordered to install in-country data centers,A disaster recovery (DR) site is a facility an organization can use to recover and restore its technology infrastructure and operations when its primary data center becomes unavailable.,True,,procurement_irregularity,0.05827010135775906,quality_technical_defect,0.19795995950698853,procurement_irregularity,0.5,content_preferred,2016-11
The Observer,https://observer.ug/business/banks-ordered-to-install-in-country-data-centers/,2016-11-30,Banks ordered to install in-country data centers,"A couple of the banks outsource IT infrastructure. “We trust that Stanchart is fast-tracking the implementation of the data center and disaster recovery site and that the PRA will strongly encourage Standard Chartered Bank Plc. to ensure that its subsidiary fully complies with this directive,” Kasekende said.",True,,land_row_dispute,0.20651433381476628,governance_oversight_failure,0.22714075446128845,land_row_dispute,0.5,content_preferred,2016-11
The Observer,https://observer.ug/news/kasese-religious-leaders-call-for-end-to-the-bloodshed/,2016-11-30,Kasese: Religious leaders call for end to the bloodshed,"Speaking at a press conference on Monday, Joshua Kitakule, the IRCU secretary general, blamed the conflict on lack of implementation of government programmes and high poverty rates in the region.",True,,land_row_dispute,0.6108289437437688,governance_oversight_failure,0.36681246757507324,land_row_dispute,0.6108289437437688,content_preferred,2016-11
The Observer,https://observer.ug/news/citizens-challenge-appointment-of-mps-to-cabinet/,2016-11-30,Citizens challenge appointment of MPs to cabinet,The petitioners want the court to rule that MPs who are appointed to cabinet but refuse to resign from their role as legislators are in breach of several provisions of the Constitution.,True,,land_row_dispute,0.3277446862977273,contract_management_failure,0.31544065475463867,land_row_dispute,0.5,content_preferred,2016-11
The Observer,https://observer.ug/news/inspectorate-of-government-loses-shs-18-4m-as-mps-shun-meeting/,2016-11-30,Inspectorate of government loses Shs 18.4m as MPs shun meeting,"Recently, the Parliamentary committee on Commissions, Statutory Authorities and State Enterprises (Cosase) found that government had lost Shs 60bn to Chinese contractors through compensation of persons affected by road construction projects.",True,land_row_dispute,land_row_dispute,0.9999999978853846,payment_financial_dispute,0.3424755334854126,land_row_dispute,0.9999999978853846,content_preferred,2016-11
The Observer,https://observer.ug/news/otunnu-family-seeks-shs-2bn-from-museveni/,2016-11-30,Otunnu family seeks Shs 2bn from Museveni,The Observer The family of former UPC leader Olara Otunnu has appealed to President Museveni to help them get compensation for property lost during the insurgency that followed his government’s rise to power.,True,land_row_dispute,land_row_dispute,0.7073477517707938,land_row_dispute,0.2325456589460373,land_row_dispute,0.7349733526792077,agree,2016-11
The Observer,https://observer.ug/news/otunnu-family-seeks-shs-2bn-from-museveni/,2016-11-30,Otunnu family seeks Shs 2bn from Museveni,"Kamukama told us last week that Ogenga should utilise the ongoing government compensation programme targeting people who lost property during the LRA insurgency in northern Uganda and other parts of the country. “If his claims have been verified, I advise him to contact the ministry of Justice and Constitutional Affairs which is handling the process to know his fate,” she said.",True,land_row_dispute,land_row_dispute,0.49400846384754,land_row_dispute,0.3124963045120239,land_row_dispute,0.701626192089891,agree,2016-11
The Observer,https://observer.ug/news/otunnu-family-seeks-shs-2bn-from-museveni/,2016-11-30,Otunnu family seeks Shs 2bn from Museveni,"According to the letter, the family wants Shs 1 billion as compensation for four buses that were lost during the insurgency.",True,land_row_dispute,land_row_dispute,0.5418166948811827,land_row_dispute,0.2094394564628601,land_row_dispute,0.6878140378360107,agree,2016-11
The Observer,https://observer.ug/news/otunnu-family-seeks-shs-2bn-from-museveni/,2016-11-30,Otunnu family seeks Shs 2bn from Museveni,"There is also a Mercedes Benz estimated at Shs 200 million, which he says was forcefully stolen by an NRA officer in Gulu. “Many people can verify the claim because my parents drove the car [Benz] for nearly two years in Gulu and Kitgum [districts],” he notes.",True,,land_row_dispute,0.5552878111478657,land_row_dispute,0.15019965171813965,land_row_dispute,0.6763718657165013,agree,2016-11
The Observer,https://observer.ug/news/otunnu-family-seeks-shs-2bn-from-museveni/,2016-11-30,Otunnu family seeks Shs 2bn from Museveni,"In the telephone interview, Ogenga said he had not wanted to make the matter public but after years of unsuccessfully trying to seek compensation as well as audience with the president, he decided to come out. “I want a negotiated agreement.",True,land_row_dispute,land_row_dispute,0.39573965940589834,procurement_irregularity,0.30119243264198303,land_row_dispute,0.5,content_preferred,2016-11
The Observer,https://observer.ug/news/mumbere-charged-as-kasese-killings-raise-more-questions/,2016-11-30,Mumbere charged as Kasese killings raise more questions,Still in dispute is the number of people who have died so far.,True,,land_row_dispute,0.2402198067188955,land_row_dispute,0.15242601931095123,land_row_dispute,0.5981614565074617,agree,2016-11
The Observer,https://observer.ug/news/mps-blame-museveni-for-kasese-clashes/,2016-11-30,MPs blame Museveni for Kasese clashes,"His Busongora South counterpart Jackson Mbadi, a former minister in the Rwenzururu kingdom, also disputed Odongo’s claim that the royal guards were recruited and trained by the Omusinga Charles Wesley Mumbere.",True,,land_row_dispute,0.3900786087518545,governance_oversight_failure,0.12587465345859528,land_row_dispute,0.5,content_preferred,2016-11
The Observer,https://observer.ug/news/kadaga-names-mps-to-probe-utl/,2016-12-02,Kadaga names MPs to probe Utl,The Observer Speaker Rebecca Kadaga has named a seven-member select committee to investigate the mismanagement of the Uganda Telecom Company (UTL).,True,governance_oversight_failure,governance_oversight_failure,0.4776965452496302,governance_oversight_failure,0.1874675750732422,governance_oversight_failure,0.6662910300807181,agree,2016-12
The Observer,https://observer.ug/news/new-anti-narcotics-law-begins-to-bite/,2016-12-02,New anti-narcotics law begins to bite,"On Wednesday, police at Entebbe international airport arrested two suspects, a mother and daughter, who were found with heroin worth Shs 2.6 billion.",True,,land_row_dispute,0.09930893264211227,procurement_irregularity,0.03192232549190521,land_row_dispute,0.5,content_preferred,2016-12
The Observer,https://observer.ug/news/new-anti-narcotics-law-begins-to-bite/,2016-12-02,New anti-narcotics law begins to bite,Kayima added that this is the second time in two weeks that police is arresting foreigners with heroin at the airport.,True,,land_row_dispute,0.020751693634856537,delay_time_overrun,0.12981414794921875,land_row_dispute,0.5,content_preferred,2016-12
The Observer,https://observer.ug/news/new-anti-narcotics-law-begins-to-bite/,2016-12-02,New anti-narcotics law begins to bite,"According to Tinka, the next big challenge that Uganda needs to tackle is the lack of rehabilitation policy that would help former drug users who want to clean up their act. zurah@observer.ug Sign up and get daily updates right to your inbox.",True,,land_row_dispute,0.6225064630211267,governance_oversight_failure,0.23827263712882996,land_row_dispute,0.6225064630211267,content_preferred,2016-12
The Observer,https://observer.ug/news/why-rwenzori-region-is-trapped-in-chronic-violence/,2016-12-02,Why Rwenzori region is trapped in chronic violence,"The later colonial period also saw the creation of forest reserves and national parks in the region, resulting in the forcible eviction of many prior residents.",True,land_row_dispute,land_row_dispute,0.6535437959647418,land_row_dispute,0.22209793329238892,land_row_dispute,0.7189104323142826,agree,2016-12
The Observer,https://observer.ug/news/why-rwenzori-region-is-trapped-in-chronic-violence/,2016-12-02,Why Rwenzori region is trapped in chronic violence,"Local leaders reject accusations of unequal provision of services and point out that “there have been deliberate efforts to implement projects in areas of Banyabindi and Basongora communities, such as the construction of valley dams for cattle keepers who are Basongora.” Another “layer” of cultural identity stimulates conflicts amongst the Bakonzo themselves.",True,,land_row_dispute,0.25312911931076854,land_row_dispute,0.26293855905532837,land_row_dispute,0.6290169195915243,agree,2016-12
The Observer,https://observer.ug/news/why-rwenzori-region-is-trapped-in-chronic-violence/,2016-12-02,Why Rwenzori region is trapped in chronic violence,A large sum of money for the construction of the leader’s palace was also allegedly stolen.,True,,land_row_dispute,0.25312911931076854,procurement_irregularity,0.21992816030979156,land_row_dispute,0.5,content_preferred,2016-12
The Observer,https://observer.ug/news/why-rwenzori-region-is-trapped-in-chronic-violence/,2016-12-02,Why Rwenzori region is trapped in chronic violence,"The police intervened, and while the Basongora claim not to have reacted violently, they remain offended and demand an apology from the Bakonzo as the first step towards restoring peace in the region, short of which, in the words of the head of the cultural institution, conflict “will remain a chronic disease”.",True,,land_row_dispute,0.4405949110588989,land_row_dispute,0.2904279828071594,land_row_dispute,0.6827557234665146,agree,2016-12
The Observer,https://observer.ug/news/why-the-state-struggles-to-nail-murder-suspects/,2016-12-02,Why the state struggles to nail murder suspects,"This view; is shared by another criminal lawyer, Isaac Walukagga, who works with MMAKS Advocates.",True,,delay_time_overrun,0.3865406836087599,land_row_dispute,0.21155641973018646,delay_time_overrun,0.5,content_preferred,2016-12
The Observer,https://observer.ug/news/tracing-uganda-s-unresolved-murders/,2016-12-02,Tracing Uganda’s unresolved murders,"After “re-evaluating evidence,” Justice Mukasa ruled that Kalungi tried his level best as a lay person, in his capacity as a procurement specialist, and administered first aid to Nebanda.",True,procurement_irregularity,procurement_irregularity,0.9014194511549919,governance_oversight_failure,0.20102903246879578,procurement_irregularity,0.9014194511549919,content_preferred,2016-12
The Observer,https://observer.ug/news/tracing-uganda-s-unresolved-murders/,2016-12-02,Tracing Uganda’s unresolved murders,The flamboyant Kananura was then arrested at Entebbe airport on his return from the UK.,True,,land_row_dispute,0.020751693634856537,land_row_dispute,0.04820186644792557,land_row_dispute,0.5172383900206955,agree,2016-12
The Observer,https://observer.ug/news/wolokoso-nambooze-scares-mps-off-alcohol/,2016-12-05,Wolokoso: Nambooze scares MPs off alcohol,"When Hon Nandala suspected Byandala For the feasibility study and designs of Entebbe Expressway, Chinese officials said last week, $15m was used.",True,,land_row_dispute,0.20651433381476628,procurement_irregularity,0.1997785121202469,land_row_dispute,0.5,content_preferred,2016-12
The Observer,https://observer.ug/news/wolokoso-nambooze-scares-mps-off-alcohol/,2016-12-05,Wolokoso: Nambooze scares MPs off alcohol,"This was revealed by the China Communications Construction Company (CCCC) managing director, Zhong Wei Dong, when he appeared before the Committee on commissions, Statutory Authorities and State Enterprises (Cosase).",True,,land_row_dispute,0.7165723723196165,payment_financial_dispute,0.20149478316307068,land_row_dispute,0.7165723723196165,content_preferred,2016-12
The Observer,https://observer.ug/news/wolokoso-nambooze-scares-mps-off-alcohol/,2016-12-05,Wolokoso: Nambooze scares MPs off alcohol,"Hearing the eyebrow-raising figure, former works minister and now committee member Abraham Byandala asked: “Did you say $15m or it was $1.5m?” This forced Budadiri West MP Nathan Nandala-Mafabi onto his feet: “But you Byandala, haven’t you heard him say $15m?",True,,quality_technical_defect,0.5643986726133641,contract_management_failure,0.1442464143037796,quality_technical_defect,0.5643986726133641,content_preferred,2016-12
The Observer,https://observer.ug/news/kasese-crops-versus-cattle-and-the-politics-of-kingdoms/,2016-12-05,"Kasese: Crops versus cattle, and the politics of kingdoms","The Basongora, for instance, claim to be one of the oldest kingdoms in the region, with a chronology of 23 kings, which was forcefully absorbed by its neighbours.",True,,land_row_dispute,0.4405949110588989,contract_management_failure,0.04546531289815903,land_row_dispute,0.5,content_preferred,2016-12
The Observer,https://observer.ug/news/kasese-crops-versus-cattle-and-the-politics-of-kingdoms/,2016-12-05,"Kasese: Crops versus cattle, and the politics of kingdoms","They are proud of a genealogy which they claim makes them one of the oldest indigenous communities inhabiting the rift valley and the foothills of what is now known as the Rwenzori mountains, long before the colonial era.",True,,land_row_dispute,0.6038714601197257,land_row_dispute,0.13238956034183502,land_row_dispute,0.6840652551153902,agree,2016-12
The Observer,https://observer.ug/news/kasese-crops-versus-cattle-and-the-politics-of-kingdoms/,2016-12-05,"Kasese: Crops versus cattle, and the politics of kingdoms","They also claim that the Bakonzo later migrated and were accommodated by the Basongora, eventually relocating to the mountains while the lowland grazing areas were called ‘busongora’ from which the ethnic group derives its name.",True,,land_row_dispute,0.6038714601197257,land_row_dispute,0.12936583161354065,land_row_dispute,0.6833093229333166,agree,2016-12
The Observer,https://observer.ug/news/kasese-crops-versus-cattle-and-the-politics-of-kingdoms/,2016-12-05,"Kasese: Crops versus cattle, and the politics of kingdoms","With time, the Bakonzo, aided by their larger numbers, came to believe, according to the Basongora interviewed, that they were the original inhabitants of the region, a claim that has fuelled conflicts with their neighbours: “Many young Bakonzo believe that the Basongora never existed before and are an invasion force”.",True,,land_row_dispute,0.8947223019484773,land_row_dispute,0.12237434834241867,land_row_dispute,0.7542741625727241,agree,2016-12
The Observer,https://observer.ug/news/kasese-crops-versus-cattle-and-the-politics-of-kingdoms/,2016-12-05,"Kasese: Crops versus cattle, and the politics of kingdoms",The Banyabindi also claim to have welcomed the Bakonzo in their midst.,True,,land_row_dispute,0.6038714601197257,land_row_dispute,0.1637876182794571,land_row_dispute,0.6919147695997957,agree,2016-12
The Observer,https://observer.ug/news/kasese-crops-versus-cattle-and-the-politics-of-kingdoms/,2016-12-05,"Kasese: Crops versus cattle, and the politics of kingdoms","The expectation of valuable oil resources in the lowlands is a further source of friction, as it is accompanied by claims of ownership and demands for compensation.",True,land_row_dispute,land_row_dispute,0.3825411165623944,contract_management_failure,0.2522953450679779,land_row_dispute,0.5,content_preferred,2016-12
The Observer,https://observer.ug/news/news-news/meet-mfumukeko-former-refugee-at-the-helm-of-eac/,2016-12-05,"Meet Mfumukeko, former refugee at the helm of EAC","So, I went to campus, we had a guide actually from the airport and he could speak French.",True,,land_row_dispute,0.020751693634856537,delay_time_overrun,0.07045233994722366,land_row_dispute,0.5,content_preferred,2016-12
The Observer,https://observer.ug/news/news-news/meet-mfumukeko-former-refugee-at-the-helm-of-eac/,2016-12-05,"Meet Mfumukeko, former refugee at the helm of EAC",I was given a one-year contract to stay as a UN employee for Burundi.,True,,procurement_irregularity,0.1773807734338858,procurement_irregularity,0.1946173906326294,procurement_irregularity,0.5929995410166288,agree,2016-12
The Observer,https://observer.ug/news/news-news/museveni-mpuuga-faceoff-over-wealth-creation/,2016-12-05,"Museveni, Mpuuga faceoff over wealth Creation","Before an audience that turned up for the commissioning of the newly-constructed Shs13 billion market at Nyendo in Masaka Municipality, Mpuuga openly criticised NRM’s flagship project, Operation Wealth Creation (OWC), which he said was unlikely to get people out of poverty. “As a leader, I don’t understand it when I see OWC trucks bringing orange seedlings to Masaka.",True,,land_row_dispute,0.41641852603842033,procurement_irregularity,0.1867339313030243,land_row_dispute,0.5,content_preferred,2016-12
The Observer,https://observer.ug/news/news-news/museveni-mpuuga-faceoff-over-wealth-creation/,2016-12-05,"Museveni, Mpuuga faceoff over wealth Creation","Traditionally, we plant such on the boundaries of our gardens for the children to eat,” Mpuuga said.",True,,land_row_dispute,0.20651433381476628,land_row_dispute,0.05246099829673767,land_row_dispute,0.564743833027876,agree,2016-12
The Observer,https://observer.ug/news/news-news/museveni-mpuuga-faceoff-over-wealth-creation/,2016-12-05,"Museveni, Mpuuga faceoff over wealth Creation","The zoning was intended to provide information and guidance for agricultural investment to local governments and individual farmers, but Mpuuga said NRM vulgarised the programme. “I was planning to notify the Speaker of Parliament about a petition against this [OWC] project… About 10 years ago, Uganda was divided into agricultural production zones but I don’t remember seeing Masaka in the zones for growing citrus fruits,” the opposition MP said.",True,,land_row_dispute,0.3419123904945184,land_row_dispute,0.16911914944648743,land_row_dispute,0.6277578849852514,agree,2016-12
The Observer,https://observer.ug/news/news-news/museveni-mpuuga-faceoff-over-wealth-creation/,2016-12-05,"Museveni, Mpuuga faceoff over wealth Creation","DEBT BURDEN While earlier speakers sung praises to Museveni for the construction of the market that will accommodate 2500 vendors, Mpuuga’s message was different.",True,,land_row_dispute,0.4375103028861552,payment_financial_dispute,0.25765442848205566,land_row_dispute,0.5,content_preferred,2016-12
The Observer,https://observer.ug/news/gulu-locals-panic-over-rising-killings/,2016-12-05,Gulu locals panic over rising killings,"Denis Okello, who works at 95.7 Rupiny FM and is known to locals as 2Pee was attacked.",True,,delay_time_overrun,0.3865406836087599,contract_management_failure,0.1379484385251999,delay_time_overrun,0.5,content_preferred,2016-12
The Observer,https://observer.ug/news/gulu-locals-panic-over-rising-killings/,2016-12-05,Gulu locals panic over rising killings,"One Mc Lucky, who works with Speak FM, told The Observer he was with Okello prior to his unfortunate ordeal.",True,,delay_time_overrun,0.38725885001926114,contract_management_failure,0.18062999844551086,delay_time_overrun,0.5,content_preferred,2016-12
The Observer,https://observer.ug/news/keep-off-makerere-ddumba-tells-besigye/,2016-12-05,"Keep off Makerere, Ddumba tells Besigye","Museveni then appointed a visitation committee led by Dr Abel Rwendeire to investigate the alleged mismanagement of the University’s finances, which has led to nearly 10 strikes over the least five years.",True,governance_oversight_failure,governance_oversight_failure,0.42317710291490146,governance_oversight_failure,0.2321893572807312,governance_oversight_failure,0.6638416150489082,agree,2016-12
The Observer,https://observer.ug/business/govt-courts-indian-leather-investors/,2016-12-05,Govt courts Indian leather investors,"In the region, at least three Indian investors have applied to set up tanning factories at Kenya’s leather industrial park in its eastern Machakos county, according to media reports.",True,,land_row_dispute,0.518732474634768,land_row_dispute,0.08557270467281342,land_row_dispute,0.6510762948268953,agree,2016-12
The Observer,https://observer.ug/news/kanyamunyu-girlfriend-brother-sent-back-to-luzira/,2016-12-06,"Kanyamunyu girlfriend, brother sent back to Luzira","Anywar told URN that although the case might delay, they are glad the suspects are still being held.",True,delay_time_overrun,delay_time_overrun,0.5699376886256105,delay_time_overrun,0.18783731758594513,delay_time_overrun,0.6894437515528888,agree,2016-12
The Observer,https://observer.ug/business/tour-operators-cry-foul-over-kasese/,2016-12-07,Tour operators cry foul over Kasese,"Fred Ameny, the marketing manager of Nile resort hotel, said that on top of the usual challenges that the tourism industry faces, which include poor infrastructure and the limited skilled labour, among others, the Kasese incident has frustrated their plans of reaping returns this month. “Kasese has killed our hopes of harvesting big profits because everyone thinks that Uganda is on fire,” he said.",True,,land_row_dispute,0.2579521797964565,governance_oversight_failure,0.1652909219264984,land_row_dispute,0.5,content_preferred,2016-12
The Observer,https://observer.ug/business/tour-operators-cry-foul-over-kasese/,2016-12-07,Tour operators cry foul over Kasese,"Eastern Uganda is home to a number of tourism sites like Bishop Hannington memorial site in Mayuge district, Source of the Nile in Jinja district, Mt.",True,,land_row_dispute,0.14532109430075626,land_row_dispute,0.0181264691054821,land_row_dispute,0.5408618908515596,agree,2016-12
The Observer,https://observer.ug/business/karuma-to-solve-cracks/,2016-12-07,Karuma to solve cracks,"The Observer The Uganda Electricity Generation Company Limited is confident that the interventions to deal with some of the cracks at Karuma power dam, which created questions and doubt over the 600MW project, and ultimately led to the suspension of top officials at the ministry of energy, are bound to rectify the problem.",True,,procurement_irregularity,0.2846765751558273,land_row_dispute,0.28144288063049316,procurement_irregularity,0.5,content_preferred,2016-12
The Observer,https://observer.ug/business/karuma-to-solve-cracks/,2016-12-07,Karuma to solve cracks,"A cooling system to deal with the high temperatures in cement has been placed at the site as Sinohydro, the Chinese firm building the plant, prepares for concreting, the next phase of the construction. “We don’t expect a reoccurrence [of the cracks],” Albert Byaruhanga, the project manager of Karuma, told reporters recently.",True,,land_row_dispute,0.29297589462969303,quality_technical_defect,0.1488715410232544,land_row_dispute,0.5,content_preferred,2016-12
The Observer,https://observer.ug/business/karuma-to-solve-cracks/,2016-12-07,Karuma to solve cracks,"Wang Yantao, the executive vice president for Sinohydro in East and Southern Africa, who came to Uganda more than a month ago to deal with the main challenges that the project is facing, intends to stick around until normal operations resume. “We know we are not perfect.",True,,land_row_dispute,0.5692410061008567,governance_oversight_failure,0.16289547085762024,land_row_dispute,0.5692410061008567,content_preferred,2016-12
The Observer,https://observer.ug/business/karuma-to-solve-cracks/,2016-12-07,Karuma to solve cracks,"That’s small and it will not impact on the life of the dam,” he said.",True,,land_row_dispute,0.20651433381476628,land_row_dispute,0.12077515572309494,land_row_dispute,0.5818223723844653,agree,2016-12
The Observer,https://observer.ug/business/karuma-to-solve-cracks/,2016-12-07,Karuma to solve cracks,Construction works at Karuma are now at 40 per cent.,True,,delay_time_overrun,0.2905453873218593,quality_technical_defect,0.17061665654182434,delay_time_overrun,0.5,content_preferred,2016-12
The Observer,https://observer.ug/business/buganda-kingdom-seeking-investors/,2016-12-07,Buganda kingdom seeking investors,"Mayiga also said that land has been set aside to construct low-cost housing units in the suburbs of the city, where some 940 units are planned to be built. “We have come up with available opportunities for constructing low-income and affordable homes; we have earmarked 204 acres of land for this project,” Mayiga said.",True,,quality_technical_defect,0.4195897456497743,land_row_dispute,0.14192810654640198,quality_technical_defect,0.5,content_preferred,2016-12
The Observer,https://observer.ug/business/buganda-kingdom-seeking-investors/,2016-12-07,Buganda kingdom seeking investors,"EXPERT’S TAKE John Musajjakawa, a senior investment executive at the Investment Promotion Division of Uganda Investment Authority, said Uganda’s population stands at approximately 35 million people, growing at a rate of three per cent annually with an urbanization rate of approximately 5.2 per cent per year. “With investment on housing and construction, the expected impact of Buganda kingdom in housing developments will create affordable and well-planned,” he said.",True,,land_row_dispute,0.2372989640711873,land_row_dispute,0.10219971090555191,land_row_dispute,0.5848746687441848,agree,2016-12
The Observer,https://observer.ug/business/land-for-oil-waste-plant-given-illegally-minister/,2016-12-07,Land for oil waste plant given illegally – minister,"The Observer Betty Amongi, the minister of Land, Housing and Urban Development, has said the process of evicting people from Rwamutonga in Hoima district to pave way for the construction of an oil-waste treatment plant was done illegally.",True,,land_row_dispute,0.9251047962220654,land_row_dispute,0.27168625593185425,land_row_dispute,0.7991977630384799,agree,2016-12
The Observer,https://observer.ug/business/land-for-oil-waste-plant-given-illegally-minister/,2016-12-07,Land for oil waste plant given illegally – minister,"She said the people of Rwamutonga are bonafide occupants of land situated at Plot 34, Block 5 known as land at Kakoora, Rwamutonga, Katanga, Buhanguzi and Bugambe – Hoima, measuring approximately 382.797 hectares.",True,,land_row_dispute,0.628556694323769,land_row_dispute,0.20191602408885956,land_row_dispute,0.7076181796031571,agree,2016-12
The Observer,https://observer.ug/business/land-for-oil-waste-plant-given-illegally-minister/,2016-12-07,Land for oil waste plant given illegally – minister,She said her findings reveal they were wrongfully evicted from the land.,True,,quality_technical_defect,0.4195897456497743,land_row_dispute,0.2969757914543152,quality_technical_defect,0.5,content_preferred,2016-12
The Observer,https://observer.ug/business/land-for-oil-waste-plant-given-illegally-minister/,2016-12-07,Land for oil waste plant given illegally – minister,"Using documentary evidence such as graduated tax receipts and sale agreements, it was established that some of the community members settled on the land as early as 1982. “They are protected by the constitution and the Land Act as lawful and bonafide occupants,” Amongi told a meeting in Hoima recently.",True,,land_row_dispute,0.4207042848422464,land_row_dispute,0.327281653881073,land_row_dispute,0.6869964846808299,agree,2016-12
The Observer,https://observer.ug/business/land-for-oil-waste-plant-given-illegally-minister/,2016-12-07,Land for oil waste plant given illegally – minister,"Some 1,051 people were displaced when their houses, gardens and schools were set on fire, forcing them to seek refuge in an IDP camp in a nearby village.",True,,land_row_dispute,0.2402198067188955,land_row_dispute,0.18959277868270874,land_row_dispute,0.607453146350401,agree,2016-12
The Observer,https://observer.ug/business/land-for-oil-waste-plant-given-illegally-minister/,2016-12-07,Land for oil waste plant given illegally – minister,"The land is being claimed by Joshua Tibagwa, forcing the evicted persons to go to court seeking reinstatement.",True,,quality_technical_defect,0.3534502957867111,land_row_dispute,0.37542927265167236,quality_technical_defect,0.5,content_preferred,2016-12
The Observer,https://observer.ug/business/land-for-oil-waste-plant-given-illegally-minister/,2016-12-07,Land for oil waste plant given illegally – minister,The land was to be sold off to an American company to construct an oil waste treatment plant in Hoima district where production of oil is set to start soon.,True,,land_row_dispute,0.3141472849976691,land_row_dispute,0.21448129415512085,land_row_dispute,0.6321571447881975,agree,2016-12
The Observer,https://observer.ug/business/land-for-oil-waste-plant-given-illegally-minister/,2016-12-07,Land for oil waste plant given illegally – minister,The occupants have waited over two years to receive communication from government on their plight.,True,,land_row_dispute,0.43720354762609526,delay_time_overrun,0.2580360174179077,land_row_dispute,0.5,content_preferred,2016-12
The Observer,https://observer.ug/business/land-for-oil-waste-plant-given-illegally-minister/,2016-12-07,Land for oil waste plant given illegally – minister,Amongi was meeting the displaced people as part of her fact-finding mission to establish how the people of Rwamutonga were evicted from what they call their land.,True,,land_row_dispute,0.552992781483679,land_row_dispute,0.23156821727752686,land_row_dispute,0.6961402496903015,agree,2016-12
The Observer,https://observer.ug/business/land-for-oil-waste-plant-given-illegally-minister/,2016-12-07,Land for oil waste plant given illegally – minister,"The plight of the people of Rwamutonga was first brought to light by Global Rights Alert, a civil society organization, when the people woke up to violent evictions in August 2014.",True,land_row_dispute,land_row_dispute,0.46840897128244446,land_row_dispute,0.2606009244918823,land_row_dispute,0.6822524739435817,agree,2016-12
The Observer,https://observer.ug/business/land-for-oil-waste-plant-given-illegally-minister/,2016-12-07,Land for oil waste plant given illegally – minister,"With partners, GRA has supported the evicted persons to access justice by going to court and securing the attention of government to intervene.",True,,land_row_dispute,0.42780798486285476,land_row_dispute,0.22967281937599182,land_row_dispute,0.6643702010597117,agree,2016-12
The Observer,https://observer.ug/business/land-for-oil-waste-plant-given-illegally-minister/,2016-12-07,Land for oil waste plant given illegally – minister,Amongi was led into a grass-thatched school structure sitting amidst dilapidated mud-and-wattle houses.,True,,land_row_dispute,0.08044625675713239,delay_time_overrun,0.09185408055782318,land_row_dispute,0.5,content_preferred,2016-12
The Observer,https://observer.ug/business/land-for-oil-waste-plant-given-illegally-minister/,2016-12-07,Land for oil waste plant given illegally – minister,She was visibly distraught by this sight.,True,,land_row_dispute,0.020751693634856537,quality_technical_defect,0.1423088014125824,land_row_dispute,0.5,content_preferred,2016-12
The Observer,https://observer.ug/business/land-for-oil-waste-plant-given-illegally-minister/,2016-12-07,Land for oil waste plant given illegally – minister,Lucy Onyer told the minister that the women had been left to beg for food for their families.,True,,quality_technical_defect,0.28677009506145756,land_row_dispute,0.1397099643945694,quality_technical_defect,0.5,content_preferred,2016-12
The Observer,https://observer.ug/business/land-for-oil-waste-plant-given-illegally-minister/,2016-12-07,Land for oil waste plant given illegally – minister,Some 20 people have died in the past two years that the people have been living in the camp.,True,,land_row_dispute,0.34071991194621243,land_row_dispute,0.1149197593331337,land_row_dispute,0.6139099178198365,agree,2016-12
The Observer,https://observer.ug/business/land-for-oil-waste-plant-given-illegally-minister/,2016-12-07,Land for oil waste plant given illegally – minister,The camp lacks proper sanitation facilities.,True,,land_row_dispute,0.020751693634856537,governance_oversight_failure,0.17187944054603577,land_row_dispute,0.5,content_preferred,2016-12
The Observer,https://observer.ug/business/land-for-oil-waste-plant-given-illegally-minister/,2016-12-07,Land for oil waste plant given illegally – minister,"When she spoke, Amongi said her research revealed that the people were wrongfully evicted. “I have seen proof that some of you are bonafide occupants of this land.",True,,quality_technical_defect,0.4454818700200112,land_row_dispute,0.2461545616388321,quality_technical_defect,0.5,content_preferred,2016-12
The Observer,https://observer.ug/business/land-for-oil-waste-plant-given-illegally-minister/,2016-12-07,Land for oil waste plant given illegally – minister,"Once I verify this information, I will make my orders and recommend that the people who were legally on land can go back and those who are interested can apply for leasehold land titles from the district land board,” Amongi told the displaced persons.",True,,quality_technical_defect,0.49257626806410343,land_row_dispute,0.3302895724773407,quality_technical_defect,0.5,content_preferred,2016-12
The Observer,https://observer.ug/business/land-for-oil-waste-plant-given-illegally-minister/,2016-12-07,Land for oil waste plant given illegally – minister,FACT FINDING Her visit to the IDP camp was part of a fact finding mission to Hoima district to mediate in the Rwamutonga land eviction case.,True,land_row_dispute,land_row_dispute,0.40471056661068244,land_row_dispute,0.19419769942760468,land_row_dispute,0.6497270665095718,agree,2016-12
The Observer,https://observer.ug/business/land-for-oil-waste-plant-given-illegally-minister/,2016-12-07,Land for oil waste plant given illegally – minister,"At the Hoima district local government headquarters, Amongi met all the parties to the controversial land dispute.",True,,land_row_dispute,0.3780381876985715,land_row_dispute,0.2755870223045349,land_row_dispute,0.6634063025007766,agree,2016-12
The Observer,https://observer.ug/business/land-for-oil-waste-plant-given-illegally-minister/,2016-12-07,Land for oil waste plant given illegally – minister,"The parties present were Joshua Tibagwa and his family, who triggered the eviction two years ago, Robert Bansigaraho, a party to the land dispute and the representatives of the affected persons.",True,land_row_dispute,land_row_dispute,0.4350906167296607,land_row_dispute,0.3026583790779114,land_row_dispute,0.6844372489518931,agree,2016-12
The Observer,https://observer.ug/business/land-for-oil-waste-plant-given-illegally-minister/,2016-12-07,Land for oil waste plant given illegally – minister,"Also in attendance were top leaders of Hoima district local government, including the LC V chairperson, the CAO, the RDC and area MP Tophace Kaahwa.",True,,land_row_dispute,0.32280694857438463,governance_oversight_failure,0.15097558498382568,land_row_dispute,0.5,content_preferred,2016-12
The Observer,https://observer.ug/business/land-for-oil-waste-plant-given-illegally-minister/,2016-12-07,Land for oil waste plant given illegally – minister,Each claimant of the disputed land narrated the history and customary claim to the land.,True,,quality_technical_defect,0.5239562992977874,land_row_dispute,0.2903411388397217,quality_technical_defect,0.5239562992977874,content_preferred,2016-12
The Observer,https://observer.ug/business/land-for-oil-waste-plant-given-illegally-minister/,2016-12-07,Land for oil waste plant given illegally – minister,"After hearing all sides, Amongi concluded that Bansigaraho had wrongfully acquired a title for 258 acres instead of 40 acres.",True,,land_row_dispute,0.1029806715852442,land_row_dispute,0.275296151638031,land_row_dispute,0.5945692058058188,agree,2016-12
The Observer,https://observer.ug/business/land-for-oil-waste-plant-given-illegally-minister/,2016-12-07,Land for oil waste plant given illegally – minister,She said the registrar of titles was going to evoke his powers under section 91 of the Land Act to remedy this irregularity.,True,,quality_technical_defect,0.4195897456497743,contract_management_failure,0.25013089179992676,quality_technical_defect,0.5,content_preferred,2016-12
The Observer,https://observer.ug/business/land-for-oil-waste-plant-given-illegally-minister/,2016-12-07,Land for oil waste plant given illegally – minister,"She added that Joshua Tibagwa, having originated from another sub-county other than Bugambe, where Rwamutonga is located, could not have had customary ownership of land in the area.",True,,land_row_dispute,0.6182365559834686,land_row_dispute,0.16503745317459106,land_row_dispute,0.6958185022895149,agree,2016-12
The Observer,https://observer.ug/business/land-for-oil-waste-plant-given-illegally-minister/,2016-12-07,Land for oil waste plant given illegally – minister,"She added that Tibagwa having been given this land by a muluka (parish) chief in 1972, meant that the said land was public land hence he is entitled to a leasehold land title, as opposed to the free-hold land title, which he processed in 2012. “To this end, therefore, on top of the irregularities that were involved in acquiring the above land title, the title was equally defective and has to be reviewed by the registrar of lands, first to change it to leasehold, but also open boundaries to ascertain the actual size of Tibagwa’s land,” Amongi said.",True,quality_technical_defect,quality_technical_defect,0.4166391113749079,land_row_dispute,0.22346508502960205,quality_technical_defect,0.5,content_preferred,2016-12
The Observer,https://observer.ug/business/land-for-oil-waste-plant-given-illegally-minister/,2016-12-07,Land for oil waste plant given illegally – minister,She said the affected community members were not covered under the eviction order that Tibagwa used to evict them in August 2014.,True,land_row_dispute,land_row_dispute,0.5006618217609086,land_row_dispute,0.24401742219924927,land_row_dispute,0.6861698109900395,agree,2016-12
The Observer,https://observer.ug/business/land-for-oil-waste-plant-given-illegally-minister/,2016-12-07,Land for oil waste plant given illegally – minister,"The court ordered for the eviction of Bansigaraho’s agents, relatives and servants only. “However, it is probable that some of the affected persons were actually trespassers on the land, hence the need to verify the claims of these community members,” Amongi said. justuslyatuu08@gmail.com Sign up and get daily updates right to your inbox.",True,land_row_dispute,land_row_dispute,0.43839731020688566,land_row_dispute,0.3122793734073639,land_row_dispute,0.6876691709035624,agree,2016-12
The Observer,https://observer.ug/business/will-south-sudan-influence-pace-of-eac-integration/,2016-12-07,Will South Sudan influence pace of EAC integration?,The stability should be the implementation of the peace accord.,True,,land_row_dispute,0.020751693634856537,governance_oversight_failure,0.2222335934638977,governance_oversight_failure,0.5,semantic_override,2016-12
The Observer,https://observer.ug/business/will-south-sudan-influence-pace-of-eac-integration/,2016-12-07,Will South Sudan influence pace of EAC integration?,"Despite the recent peace efforts and formation of a unity government in April 2016 after a turbulent three year civil war, the landlocked, low income economy has acute constraints in physical, infrastructure and institutional structures.",True,,land_row_dispute,0.32280694857438463,governance_oversight_failure,0.23164904117584229,land_row_dispute,0.5,content_preferred,2016-12
The Observer,https://observer.ug/news/mps-detain-govt-bosses-over-shs-579bn/,2016-12-07,MPs detain govt bosses over Shs 579bn,"The Observer Dr Isaac Mutenyo, the project coordinator of Uganda Support to Municipal Infrastructure Development (Usmid) and John William Ediu, the project procurement officer, spent about seven hours in detention at Parliament.",True,procurement_irregularity,procurement_irregularity,0.517146832245911,governance_oversight_failure,0.21150636672973633,procurement_irregularity,0.517146832245911,content_preferred,2016-12
The Observer,https://observer.ug/news/mps-detain-govt-bosses-over-shs-579bn/,2016-12-07,MPs detain govt bosses over Shs 579bn,The two officials drew the ire of MPs on the Local Government Accounts committee for allegedly misappropriating $160m (Shs 579bn) meant for infrastructure development in 14 municipalities.,True,,land_row_dispute,0.32082856303828555,governance_oversight_failure,0.3575281500816345,land_row_dispute,0.5,content_preferred,2016-12
The Observer,https://observer.ug/news/mps-detain-govt-bosses-over-shs-579bn/,2016-12-07,MPs detain govt bosses over Shs 579bn,"The latest auditor general’s report found irregularities ranging from exaggerated costs; delayed implementation of works, shoddy works and roads shorter in length and width contrary to the contract.",True,delay_time_overrun,delay_time_overrun,0.3397675905366526,payment_financial_dispute,0.3983888626098633,delay_time_overrun,0.5,content_preferred,2016-12
The Observer,https://observer.ug/news/mps-detain-govt-bosses-over-shs-579bn/,2016-12-07,MPs detain govt bosses over Shs 579bn,The MPs called for an investigation into the loan funds and the project managers.,True,,land_row_dispute,0.020751693634856537,payment_financial_dispute,0.3146979808807373,payment_financial_dispute,0.5,semantic_override,2016-12
The Observer,https://observer.ug/news/mps-detain-govt-bosses-over-shs-579bn/,2016-12-07,MPs detain govt bosses over Shs 579bn,The loan component comprised of $150m (Shs 510b) from the World Bank and $10m (Shs 34bn) in counterpart funding from the government of Uganda for infrastructure development in municipalities under the Usmid programme.,True,,land_row_dispute,0.223445405381965,payment_financial_dispute,0.2433510720729828,land_row_dispute,0.5,content_preferred,2016-12
The Observer,https://observer.ug/news/mps-detain-govt-bosses-over-shs-579bn/,2016-12-07,MPs detain govt bosses over Shs 579bn,"Usmid projects include mainly road maintenance, installation of solar lights, garbage collection and construction of latrines for public schools and town dwellers.",True,,procurement_irregularity,0.20438199616483016,delay_time_overrun,0.21966539323329926,procurement_irregularity,0.5,content_preferred,2016-12
The Observer,https://observer.ug/news/mps-detain-govt-bosses-over-shs-579bn/,2016-12-07,MPs detain govt bosses over Shs 579bn,"The auditor general’s report details a lot of anomalies in road construction, raising the possibility of government losing huge sums of money.",True,,land_row_dispute,0.7721163765641628,payment_financial_dispute,0.3660120964050293,land_row_dispute,0.7721163765641628,content_preferred,2016-12
The Observer,https://observer.ug/news/judicial-officers-blackmailed-katureebe/,2016-12-07,Judicial officers blackmailed – Katureebe,He said the delay in handling complaints expeditiously erodes public confidence in the judiciary.,True,delay_time_overrun,delay_time_overrun,0.3442168790176288,contract_management_failure,0.2961422801017761,delay_time_overrun,0.5,content_preferred,2016-12
The Observer,https://observer.ug/news/climate-change-could-fail-middle-income-goal-govt/,2016-12-07,Climate change could fail middle-income goal – govt,"The government wants farmers to store food, plant drought and pest-resistant crops, as well as reduce the sizes of cattle herds in dry seasons to mitigate the impact of climate change and ensure food security.",True,,land_row_dispute,0.32280694857438463,land_row_dispute,0.1424584984779358,land_row_dispute,0.6163163617630801,agree,2016-12
The Observer,https://observer.ug/news/here-s-how-vehicle-inspection-will-work/,2016-12-07,Here’s how vehicle inspection will work,The firm was awarded the contract in March last year after about four years of squabbles over the transparency of the bidding process.,True,,procurement_irregularity,0.5402766854580406,procurement_irregularity,0.4278556704521179,procurement_irregularity,0.7420330889775396,agree,2016-12
The Observer,https://observer.ug/news/here-s-how-vehicle-inspection-will-work/,2016-12-07,Here’s how vehicle inspection will work,"One of the inspection centres at Matugga is ready for use while the other three stations around Kampala city suburbs and the mobile units are about to be ready, said a statement from the ministry of works.",True,,delay_time_overrun,0.25958492427210367,delay_time_overrun,0.15892276167869568,delay_time_overrun,0.6046269214876998,agree,2016-12
The Observer,https://observer.ug/news/here-s-how-vehicle-inspection-will-work/,2016-12-07,Here’s how vehicle inspection will work,"Winstone Katushabe, the chief licensing officer of motor vehicles at ministry of works, told The Observer that the inspections were not aimed at pushing vehicles off the road, but to remind vehicle owners to work on the cars.",True,,delay_time_overrun,0.32872706322411677,delay_time_overrun,0.19928184151649475,delay_time_overrun,0.6320022261851529,agree,2016-12
The Observer,https://observer.ug/news/here-s-how-vehicle-inspection-will-work/,2016-12-07,Here’s how vehicle inspection will work,"A statement from the ministry of works said the fees payable for inspection of buses and trailers are very low because of the nature and sensitivity of their work. “Buses carry big number of passengers and they are supposed to be inspected twice a year and in future they will be inspected after every three months,” reads the statement.",True,,delay_time_overrun,0.25958492427210367,payment_financial_dispute,0.2345026582479477,delay_time_overrun,0.5,content_preferred,2016-12
The Observer,https://observer.ug/news/inside-the-ignored-omaswa-report-on-makerere-university/,2016-12-07,Inside the ignored Omaswa report on Makerere University,OMASWA TASKFORCE The Omaswa-led Task Force was inspired by a September 2011 strike by Makerere University teaching staff over unpaid allowances.,True,,governance_oversight_failure,0.14633584992791593,land_row_dispute,0.20050939917564392,governance_oversight_failure,0.5,content_preferred,2016-12
The Observer,https://observer.ug/news/inside-the-ignored-omaswa-report-on-makerere-university/,2016-12-07,Inside the ignored Omaswa report on Makerere University,"Among other findings the committee discovered mismanagement of the university’s resources, leadership failure, lack of accountability and failure to teach on the side of lecturers.",True,governance_oversight_failure,governance_oversight_failure,0.34348426256258313,governance_oversight_failure,0.44748106598854065,governance_oversight_failure,0.697741332137781,agree,2016-12
The Observer,https://observer.ug/news/journalists-not-asking-the-right-questions-eric-chinje/,2016-12-08,Journalists not asking the right questions – Eric Chinje,"Chinje said that while supervising projects like Bujagali dam construction during his tenure as World Bank spokesperson for Africa, he was surprised at the level of unpreparedness of Ugandan journalists.",True,,land_row_dispute,0.2281998887354455,procurement_irregularity,0.17861583828926086,land_row_dispute,0.5,content_preferred,2016-12
The Observer,https://observer.ug/news/journalists-not-asking-the-right-questions-eric-chinje/,2016-12-08,Journalists not asking the right questions – Eric Chinje,"He said this lack of research and analysis on the part of journalists in Uganda applies also to other journalists in Africa. “Every time you went out to either announce a loan for a development project…like when I would come here, I came here many times with a delegation from the [World] Bank that was trying to figure out what in the world is happening to Bujagali.",True,,land_row_dispute,0.2311477021663343,procurement_irregularity,0.2212652564048767,land_row_dispute,0.5,content_preferred,2016-12
The Observer,https://observer.ug/news/hundreds-demonstrate-against-mps-tax-exemption/,2016-12-08,Hundreds demonstrate against MPs tax exemption,Over 500 citizens and activists from different parts of the country assembled at Railway headquarters grounds and matched to UMA show grounds in Lugogo from where they read a statement to the president asking him to stop the ‘greed’ exhibited by Ugandan legislators.,True,,land_row_dispute,0.48118906124447103,land_row_dispute,0.24359744787216187,land_row_dispute,0.6811966272791582,agree,2016-12
The Observer,https://observer.ug/business/uk-ofers-500m-credit-for-investments-in-uganda-s-oil-sector/,2016-12-08,UK offers £500m credit for investments in Uganda’s oil sector,"The credit facility requires that any project they fund has at least 30 percent local content, 20 per cent UK content and the rest can come from elsewhere.",True,,land_row_dispute,0.020751693634856537,land_row_dispute,0.19387434422969818,land_row_dispute,0.5536565094661386,agree,2016-12
The Observer,https://observer.ug/business/uk-ofers-500m-credit-for-investments-in-uganda-s-oil-sector/,2016-12-08,UK offers £500m credit for investments in Uganda’s oil sector,"According to Olanya, Ugandans could offer things like land, construction materials and sub-contracts while the UK could provide high-tech equipment and expertise in the funded projects.",True,,land_row_dispute,0.3524751956834886,land_row_dispute,0.17651039361953735,land_row_dispute,0.6322463973257565,agree,2016-12
The Observer,https://observer.ug/business/uk-ofers-500m-credit-for-investments-in-uganda-s-oil-sector/,2016-12-08,UK offers £500m credit for investments in Uganda’s oil sector,"Sadly though, so far no Ugandan business has partaken of the credit and neither is UKEF funding a project yet.",True,,land_row_dispute,0.020751693634856537,land_row_dispute,0.21393132209777832,land_row_dispute,0.5586707539331587,agree,2016-12
The Observer,https://observer.ug/business/uk-ofers-500m-credit-for-investments-in-uganda-s-oil-sector/,2016-12-08,UK offers £500m credit for investments in Uganda’s oil sector,"He says the Albertine Graben is so underdeveloped that it will need literally complete overhaul with huge investments in roads, bridges, airports, oil pipeline, refinery, processing facilities, storage and other facilities that require loads of money.",True,,procurement_irregularity,0.2772623303714214,governance_oversight_failure,0.20854979753494263,procurement_irregularity,0.5,content_preferred,2016-12
The Observer,https://observer.ug/news/uia-touts-natural-waste-treatment/,2016-12-09,UIA touts natural waste treatment,"I urge all manufacturing companies to view this as important and adopt it as soon as possible.” The demonstration was done by Danish firm, Transform 1994 APS, which is spearheading the implementation of the natural rootzone method of sewage treatment without using chemicals. “The interest of using nature to treat nature is rising everyday worldwide.",True,,land_row_dispute,0.020751693634856537,quality_technical_defect,0.09324119240045547,land_row_dispute,0.5,content_preferred,2016-12
The Observer,https://observer.ug/news/uia-touts-natural-waste-treatment/,2016-12-09,UIA touts natural waste treatment,"It came up 35 years ago in Europe and it is now spreading,” said Jorgen Logstrip, Transform’s founder and chief executive officer. “We have developed this to make sure that we can transform waste to something valuable, cost- effectively and without using chemicals.” ROOTZONE FILTER SYSTEM This system entails construction of an artificial swamp with a green treatment system known as the reed bed.",True,,land_row_dispute,0.46705549592377893,governance_oversight_failure,0.08465154469013214,land_row_dispute,0.5,content_preferred,2016-12
The Observer,https://observer.ug/news/uia-touts-natural-waste-treatment/,2016-12-09,UIA touts natural waste treatment,"The method however, drew mixed reactions from different factory owners in attendance.",True,,land_row_dispute,0.020751693634856537,contract_management_failure,0.23615485429763794,contract_management_failure,0.5,semantic_override,2016-12
The Observer,https://observer.ug/news/museveni-sounds-war-drums-against-environment-degradation/,2016-12-11,Museveni sounds ‘war’ drums against environmental degradation,"The Observer President, Yoweri Museveni has declared ‘war’ on environmental degradation, walking over three kilometers across Mpologoma swamp and bridge along the Mbale-Tirinyi road as the sunset on Friday in eastern Uganda.",True,,land_row_dispute,0.46599970489941883,delay_time_overrun,0.1172071173787117,land_row_dispute,0.5,content_preferred,2016-12
The Observer,https://observer.ug/news/museveni-sounds-war-drums-against-environment-degradation/,2016-12-11,Museveni sounds ‘war’ drums against environmental degradation,"The president, who used anecdotes to highlight the gravity of the problem, said as the country was pushing the development agenda including construction of roads, electricity, schools, health facilities alongside the campaign for wealth creation for poverty eradication, he got a call that drought has affected crops and the changing climate seasons and little rains have caused destruction. “When you go to the bush and a small stick hits your eye, it is telling you to see properly.",True,,land_row_dispute,0.45672989670906705,governance_oversight_failure,0.16980692744255066,land_row_dispute,0.5,content_preferred,2016-12
The Observer,https://observer.ug/news/wolokoso-mp-cries-over-janet-s-inaccessibility/,2016-12-12,Wolokoso: MP cries over Janet’s inaccessibility,"Imagine, Mzee asked me to vote for him and I did, thinking he would help us; but even here where I lined up earlier, he comes to bypass us with his satisfied girl.",True,,land_row_dispute,0.44866836354575595,contract_management_failure,0.08576662093400955,land_row_dispute,0.5,content_preferred,2016-12
The Observer,https://observer.ug/news/dennis-adim-eala-needs-the-voice-of-the-youth/,2016-12-12,Dennis Adim: EALA needs the voice of the youth,Its role is to push for the implementation of the East African protocols and the treaty.,True,,land_row_dispute,0.020751693634856537,governance_oversight_failure,0.1632481813430786,land_row_dispute,0.5,content_preferred,2016-12
The Observer,https://observer.ug/news/dennis-adim-eala-needs-the-voice-of-the-youth/,2016-12-12,Dennis Adim: EALA needs the voice of the youth,"I, therefore, have to push for the full implementation of this protocol to benefit the common man.",True,,land_row_dispute,0.020751693634856537,delay_time_overrun,0.0970173105597496,land_row_dispute,0.5,content_preferred,2016-12
The Observer,https://observer.ug/news/oil-companies-dumped-waste-on-my-land-and-i-am-still-paying-the-price/,2016-12-12,"‘Oil companies dumped waste on my land, and I am still paying the price’","On March 3, 2009, an oil company called Heritage came and asked me to offer them a dumping site for the waste extracted from drilling of oil wells.",True,,land_row_dispute,0.526047471208401,land_row_dispute,0.18498027324676514,land_row_dispute,0.6777569361137915,agree,2016-12
The Observer,https://observer.ug/news/oil-companies-dumped-waste-on-my-land-and-i-am-still-paying-the-price/,2016-12-12,"‘Oil companies dumped waste on my land, and I am still paying the price’","They dumped oil waste for one month, covered the hole, and then, three months later, returned ownership of the site to me.",True,,land_row_dispute,0.24439693756175157,procurement_irregularity,0.21233752369880676,land_row_dispute,0.5,content_preferred,2016-12
The Observer,https://observer.ug/news/oil-companies-dumped-waste-on-my-land-and-i-am-still-paying-the-price/,2016-12-12,"‘Oil companies dumped waste on my land, and I am still paying the price’","After the five months, they told me I could then plant anything on it.",True,,delay_time_overrun,0.16317794687995976,delay_time_overrun,0.14519605040550232,delay_time_overrun,0.5770934993213656,agree,2016-12
The Observer,https://observer.ug/news/oil-companies-dumped-waste-on-my-land-and-i-am-still-paying-the-price/,2016-12-12,"‘Oil companies dumped waste on my land, and I am still paying the price’",Tullow officials even came here and Heritage handed over the site to them.,True,,land_row_dispute,0.44866836354575595,land_row_dispute,0.23714137077331543,land_row_dispute,0.6714524335797678,agree,2016-12
The Observer,https://observer.ug/news/oil-companies-dumped-waste-on-my-land-and-i-am-still-paying-the-price/,2016-12-12,"‘Oil companies dumped waste on my land, and I am still paying the price’",Then he went to the dumping site and took photos.,True,,land_row_dispute,0.020751693634856537,quality_technical_defect,0.09169340878725052,land_row_dispute,0.5,content_preferred,2016-12
The Observer,https://observer.ug/news/oil-companies-dumped-waste-on-my-land-and-i-am-still-paying-the-price/,2016-12-12,"‘Oil companies dumped waste on my land, and I am still paying the price’",The government valuer gave me compensation of Shs 6 million.,True,land_row_dispute,land_row_dispute,0.4072660042903098,payment_financial_dispute,0.3144538700580597,land_row_dispute,0.5,content_preferred,2016-12
The Observer,https://observer.ug/news/oil-companies-dumped-waste-on-my-land-and-i-am-still-paying-the-price/,2016-12-12,"‘Oil companies dumped waste on my land, and I am still paying the price’",Enviroserve took all the waste to [the waste management plant in] Hoima.,True,,land_row_dispute,0.020751693634856537,land_row_dispute,0.10734913498163223,land_row_dispute,0.5320252071541222,agree,2016-12
The Observer,https://observer.ug/news/oil-companies-dumped-waste-on-my-land-and-i-am-still-paying-the-price/,2016-12-12,"‘Oil companies dumped waste on my land, and I am still paying the price’",My plan is to plant soya beans on the garden since they removed the waste and have told me that there is no problem.,True,,delay_time_overrun,0.16317794687995976,land_row_dispute,0.09011628478765488,delay_time_overrun,0.5,content_preferred,2016-12
The Observer,https://observer.ug/news/the-public-needs-to-trust-mps-kalemba/,2016-12-12,The public needs to trust MPs – Kalemba,"He then headed the district tender board of Rakai, and was eventually elected LC-III chairman for Kakuuto sub-county.",True,,land_row_dispute,0.020751693634856537,governance_oversight_failure,0.12815280258655548,land_row_dispute,0.5,content_preferred,2016-12
The Observer,https://observer.ug/news/the-public-needs-to-trust-mps-kalemba/,2016-12-12,The public needs to trust MPs – Kalemba,"I want to appeal to government to bridge this gap, to continue sensitizing the communities to respect their leaders.",True,,land_row_dispute,0.45335322543455864,land_row_dispute,0.27481895685195923,land_row_dispute,0.6820430455716294,agree,2016-12
The Observer,https://observer.ug/news/combating-corruption-takes-total-commitment-agaba/,2016-12-12,Combating corruption takes total commitment – Agaba,"These include influencing contract awards, although they are not taken seriously, yet they are killing our country and need to be addressed seriously.",True,procurement_irregularity,procurement_irregularity,0.5460646099098723,payment_financial_dispute,0.30395281314849854,procurement_irregularity,0.5460646099098723,content_preferred,2016-12
The Observer,https://observer.ug/news/combating-corruption-takes-total-commitment-agaba/,2016-12-12,Combating corruption takes total commitment – Agaba,"The previous leadership code had challenges with implementation and several court cases invalidated some of the cases, and there was need to have a tribunal.",True,,procurement_irregularity,0.3452579480184498,governance_oversight_failure,0.3664478659629822,procurement_irregularity,0.5,content_preferred,2016-12
The Observer,https://observer.ug/news/news-news/medical-stores-runs-out-of-malaria-hepatitis-b-drugs/,2016-12-12,"Medical Stores runs out of malaria, hepatitis B drugs","He noted that although NMS has some buffer stock, it will not be able to cover all districts and sustain completion of the vaccination exercise. “If you miss the second and third doses, then you are sure all the investments you have made have gone to waste.",True,,procurement_irregularity,0.10692381644801785,delay_time_overrun,0.18558910489082336,procurement_irregularity,0.5,content_preferred,2016-12
The Observer,https://observer.ug/news/local-govt-ministry-in-shs-5-5bn-scandal/,2016-12-12,Local govt ministry in Shs 5.5bn scandal,"Ministry officials also used Shs 110.8m to clear hotel bills, Shs 315.6m to refund money borrowed from District Livelihoods Support Programme (DLSP) project, while Shs 196.8m was used to clear rent arrears.",True,,land_row_dispute,0.09457367740174234,payment_financial_dispute,0.2925988435745239,land_row_dispute,0.5,content_preferred,2016-12
The Observer,https://observer.ug/news/local-govt-ministry-in-shs-5-5bn-scandal/,2016-12-12,Local govt ministry in Shs 5.5bn scandal,"According to the report, the diversions were caused by inadequate releases to fund the key ministry activities yet the procurement process for the vehicles was not concluded within the financial year; thus the need for utilization of funds on unfunded activities.",True,procurement_irregularity,procurement_irregularity,0.7045199174718754,governance_oversight_failure,0.30137962102890015,procurement_irregularity,0.7045199174718754,content_preferred,2016-12
The Observer,https://observer.ug/news/local-govt-ministry-in-shs-5-5bn-scandal/,2016-12-12,Local govt ministry in Shs 5.5bn scandal,"For instance, under the Africa Development Bank (AfDB) supported project to construct markets; the markets and agricultural trade improvement project (MATIP), government did not honour its obligation of counterpart funding for activities to undertake consultancies and payment of VAT.",True,,land_row_dispute,0.32280694857438463,procurement_irregularity,0.322534441947937,land_row_dispute,0.5,content_preferred,2016-12
The Observer,https://observer.ug/news/local-govt-ministry-in-shs-5-5bn-scandal/,2016-12-12,Local govt ministry in Shs 5.5bn scandal,Construction of administrative units for some districts was not undertaken.,True,,land_row_dispute,0.25312911931076854,procurement_irregularity,0.2361290454864502,land_row_dispute,0.5,content_preferred,2016-12
The Observer,https://observer.ug/news/local-govt-ministry-in-shs-5-5bn-scandal/,2016-12-12,Local govt ministry in Shs 5.5bn scandal,"The ministry’s budget had Shs 735m for construction of administrative units for Buvuma Town Council in Buvuma district, Shs 100m, Kibiito Town Council in Kabarole district Shs 20m, Masaka district Shs 23.5m and Kayunga district Shs 100m.",True,,land_row_dispute,0.22501538546270616,delay_time_overrun,0.11097148060798645,land_row_dispute,0.5,content_preferred,2016-12
The Observer,https://observer.ug/news/local-govt-ministry-in-shs-5-5bn-scandal/,2016-12-12,Local govt ministry in Shs 5.5bn scandal,The ministry also failed to utilise Shs 75m for consultancy works for the Nakawa-Naguru housing project and another Shs 200m for an international conference on conflict resolution in addition to Shs 338m for workshops on local government’s support to local economic development and the community driven development.,True,,land_row_dispute,0.23947138069204885,governance_oversight_failure,0.2920759320259094,land_row_dispute,0.5,content_preferred,2016-12
The Observer,https://observer.ug/news/local-govt-ministry-in-shs-5-5bn-scandal/,2016-12-12,Local govt ministry in Shs 5.5bn scandal,"BREACH OF INSTRUCTIONS The report also accuses Mutabwire of breach of Sections 227, 228 and 229 of the Treasury Accounting Instructions (TAI), which requires for all payments to be made directly to the beneficiaries.",True,,delay_time_overrun,0.7477890808254586,payment_financial_dispute,0.3480599820613861,delay_time_overrun,0.7477890808254586,content_preferred,2016-12
The Observer,https://observer.ug/news/local-govt-ministry-in-shs-5-5bn-scandal/,2016-12-12,Local govt ministry in Shs 5.5bn scandal,"While the 2010 public standing orders on travel allowances provide for a maximum claim of 150 days in night allowances per year, the unnamed official claimed for allowances for 1,036 nights in one year yet there are 365 nights in a given year.",True,,land_row_dispute,0.15664892838714536,delay_time_overrun,0.20113134384155273,land_row_dispute,0.5,content_preferred,2016-12
The Observer,https://observer.ug/news/northern-uganda-s-untold-oil-story/,2016-12-12,Northern Uganda’s untold oil story,"Titled Impact of oil exploration on wildlife in Murchison Falls Park, the study says activities at the oil pads are leading to lower densities of the large mammals and birds in the park. “Most large mammals were negatively affected by the activities at a drill pad site, even pad maintenance where there is not much activity but a presence of people and some vehicle traffic,” notes the study. “Elephants, buffalos and giraffes were most negatively affected with avoidance up to 750-1,000 metres being exhibited.” Yet the marauding elephants are not the only concern that oil exploration activities have brought onto Nwoya district.",True,,land_row_dispute,0.4137728720679188,governance_oversight_failure,0.07835861295461655,land_row_dispute,0.5,content_preferred,2016-12
The Observer,https://observer.ug/news/northern-uganda-s-untold-oil-story/,2016-12-12,Northern Uganda’s untold oil story,"At Pabit parish, Purongo sub-county, 46-year-old Douglas Olwoch narrates a vexing story of his two-year battle against oil companies that used his land as a waste dumping site. [See Olwoch’s full testimony in the side bar] The LC-V chairperson for Nwoya district, Patrick Okello Oryema, told The Observer that some of the problems could have been avoided if the government had prepared the people in northern Uganda for the disruptions brought about by the oil exploration and development activities.",True,,land_row_dispute,0.4876354713891311,land_row_dispute,0.2029639333486557,land_row_dispute,0.6726498511844468,agree,2016-12
The Observer,https://observer.ug/news/northern-uganda-s-untold-oil-story/,2016-12-12,Northern Uganda’s untold oil story,"DEVELOPMENT IMBALANCE Oryema also complained that the government and oil companies had not set up the requisite infrastructure that would enable locals in the north to tap into the opportunities sprouting out of the nascent oil industry. “When you go to Buliisa and Hoima, there are a lot of construction developments that are physically visible and people really appreciate.",True,,land_row_dispute,0.4205229032580779,delay_time_overrun,0.17840693891048431,land_row_dispute,0.5,content_preferred,2016-12
The Observer,https://observer.ug/news/northern-uganda-s-untold-oil-story/,2016-12-12,Northern Uganda’s untold oil story,Construction work on the road is ongoing.,True,,land_row_dispute,0.25312911931076854,delay_time_overrun,0.4240562319755554,land_row_dispute,0.5,content_preferred,2016-12
The Observer,https://observer.ug/news/northern-uganda-s-untold-oil-story/,2016-12-12,Northern Uganda’s untold oil story,"However, the head of the Acholi Technical Working Group on Oil and Gas (ATWCOG), Prof Morris Ogenga-Latigo, says such token offers like a petroleum institute do not equate to the resource that will be extracted from the region. “We asked for the pipeline and it has been rejected.",True,,land_row_dispute,0.4197166761839965,procurement_irregularity,0.13818547129631042,land_row_dispute,0.5,content_preferred,2016-12
The Observer,https://observer.ug/news/northern-uganda-s-untold-oil-story/,2016-12-12,Northern Uganda’s untold oil story,"In addition, according to Oryema, the government should work out a way of compensating people who lose their property to wild animals being destabilised from their natural habitat by the oil developments. “There should be some special audit on how the oil issue is affecting the animal habitat,” he said. “We are also saying, ‘can Parliament amend the wildlife Act to take care of compensation of people whose farms are damaged by animals?’ Right now, they are not compensating people.” BATTLE FOR OIL SHARE The leaders in northern Uganda feel particularly hard done by the government’s decision-making because, according to the Acholi Technical Working Group on Oil and Gas (ATWCOG), the region deserves more since it hosts nearly 60 per cent of the country’s oil deposits.",True,land_row_dispute,land_row_dispute,0.4570149579575876,governance_oversight_failure,0.2303178459405899,land_row_dispute,0.5,content_preferred,2016-12
The Observer,https://observer.ug/news/northern-uganda-s-untold-oil-story/,2016-12-12,Northern Uganda’s untold oil story,"In June 2014, members of the Joint Acholi Leaders Forum (JALF), from which ATWCOG is constituted, handed President Museveni a memorandum containing their observations and queries on “the lopsided planned development of oil and gas infrastructure that leaves Acholi and the North out of the picture.” According to Prof Latigo, also the MP for Agago North, the group wants the government to deal with issues of royalty payments to Acholi, infrastructure development and representation on national oil bodies to engender equity and a sense of share ownership.",True,,land_row_dispute,0.8621853831836349,land_row_dispute,0.18544568121433258,land_row_dispute,0.7619077660994918,agree,2016-12
The Observer,https://observer.ug/news/northern-uganda-s-untold-oil-story/,2016-12-12,Northern Uganda’s untold oil story,"They also wonder why none of the oil infrastructure (e.g. refinery, pipelines and central processing facilities) will be built in the north yet it will provide the bulk of the country’s oil produce.",True,,land_row_dispute,0.2807106032060141,delay_time_overrun,0.11680547893047333,land_row_dispute,0.5,content_preferred,2016-12
The Observer,https://observer.ug/news/ministers-in-ugly-quarrel/,2016-12-12,Ministers in ugly quarrel,"She said she was sent to Kayunga by speaker Rebecca Kadaga, after Bbaale county MP Kumama Nsamba petitioned parliament over some 20,000 people facing imminent eviction from their land. “Madhvani, under his Kayunga Sugar Works, had been given that land to grow sugarcanes but it had so many squatters on it; he couldn’t afford to compensate all of them so, he lost interest in the land,” Namuganza said, adding that the speaker asked her to report to parliament before Christmas. “Nantaba came to my office and told me I shouldn’t go there, arguing that there are no land disputes in Kayunga,” Namuganza said.",True,land_row_dispute,land_row_dispute,0.43515960366285295,land_row_dispute,0.2782880961894989,land_row_dispute,0.678361924963088,agree,2016-12
The Observer,https://observer.ug/news/ministers-in-ugly-quarrel/,2016-12-12,Ministers in ugly quarrel,"Namuganza claimed that people told her that Nantaba was behind the threats of eviction, because she wanted to turn around and claim to be fighting those threatening to evict the same people. “I got shocked when the people started revealing that she is the source of the threats, which is why she never wanted me to go to Kayunga.",True,land_row_dispute,land_row_dispute,0.8236384064780834,contract_management_failure,0.17170891165733337,land_row_dispute,0.8236384064780834,content_preferred,2016-12
The Observer,https://observer.ug/news/e-a-largest-solar-power-plant-commissioned-in-soroti/,2016-12-13,E.A largest solar power plant commissioned in Soroti,"The Observer With the commissioning of East Africa’s largest solar power plant yet in Opuyo parish, residents of Soroti now have hope that they can enjoy more affordable and stable power supply.",True,,contract_management_failure,0.36529354572565753,payment_financial_dispute,0.131483256816864,contract_management_failure,0.5,content_preferred,2016-12
The Observer,https://observer.ug/news/e-a-largest-solar-power-plant-commissioned-in-soroti/,2016-12-13,E.A largest solar power plant commissioned in Soroti,"Located on 33-acre land, the $19 million (about Shs 67 billion) power plant generates 10MW with potential to increase capacity output by a further 20MW.",True,,procurement_irregularity,0.509879091568048,land_row_dispute,0.08719094097614288,procurement_irregularity,0.509879091568048,content_preferred,2016-12
The Observer,https://observer.ug/news/e-a-largest-solar-power-plant-commissioned-in-soroti/,2016-12-13,E.A largest solar power plant commissioned in Soroti,"It is the country’s first grid-connected solar plant and is expected to generate clean, low-carbon, sustainable electricity to 40,000 homes, schools and businesses in the area.",True,,procurement_irregularity,0.2125033481768156,payment_financial_dispute,0.027040179818868637,procurement_irregularity,0.5,content_preferred,2016-12
The Observer,https://observer.ug/news/e-a-largest-solar-power-plant-commissioned-in-soroti/,2016-12-13,E.A largest solar power plant commissioned in Soroti,"The project was developed under the Global Energy Transfer Feed in Tariff (“GET FiT”), a support scheme for renewable energy projects managed by Germany’s KfW Development Bank in partnership with the Electricity Regulatory Agency (ERA).",True,,procurement_irregularity,0.10692381644801785,governance_oversight_failure,0.09629224240779877,procurement_irregularity,0.5,content_preferred,2016-12
The Observer,https://observer.ug/news/e-a-largest-solar-power-plant-commissioned-in-soroti/,2016-12-13,E.A largest solar power plant commissioned in Soroti,State minister for Energy Simon Dujang who inaugurated the project yesterday says that the solar plant would help stop further environmental degradation and grant citizens efficient and reliable energy.,True,,land_row_dispute,0.3627036334848856,land_row_dispute,0.0838242694735527,land_row_dispute,0.6116319757396096,agree,2016-12
The Observer,https://observer.ug/news/e-a-largest-solar-power-plant-commissioned-in-soroti/,2016-12-13,E.A largest solar power plant commissioned in Soroti,He says Uganda has vast potential for solar which will be harnessed.,True,,procurement_irregularity,0.13176466643872195,delay_time_overrun,0.08228837698698044,procurement_irregularity,0.5,content_preferred,2016-12
The Observer,https://observer.ug/news/e-a-largest-solar-power-plant-commissioned-in-soroti/,2016-12-13,E.A largest solar power plant commissioned in Soroti,"The European Union head of delegation to Uganda, Kristian Schmidt said in his speech that Uganda is a good place to invest in solar energy as the regulatory framework is conducive and government rightly recognizes Uganda’s energy future must be renewable. “It is great that this is now triggering private sector interest in solar power generation.",True,,contract_management_failure,0.18827163167956984,payment_financial_dispute,0.0555519238114357,contract_management_failure,0.5,content_preferred,2016-12
The Observer,https://observer.ug/news/e-a-largest-solar-power-plant-commissioned-in-soroti/,2016-12-13,E.A largest solar power plant commissioned in Soroti,"The European Union is proud that our grant contribution ensures the realization of the Soroti Solar Plant, and I hope this is only just the beginning for many more to come.” he says Reda El Chaar, executive chairman, Access Power says “the project in Soroti raises the bar on what can be achieved through teamwork and we look forward to more collaborative efforts to expand the footprint of clean energy across this mighty continent.” Sign up and get daily updates right to your inbox.",True,,contract_management_failure,0.2812826696880633,land_row_dispute,0.15065255761146545,contract_management_failure,0.5,content_preferred,2016-12
The Observer,https://observer.ug/news/besigye-drags-civil-aviation-authority-to-court/,2016-12-13,Besigye drags Civil Aviation Authority to court,The Observer Dr Kizza Besigye has dragged the Civil Aviation Authority (CAA) to court over his recent arrest at Entebbe airport by security operatives.,True,,procurement_irregularity,0.22005726993937394,contract_management_failure,0.17972449958324432,procurement_irregularity,0.5,content_preferred,2016-12
The Observer,https://observer.ug/news/besigye-drags-civil-aviation-authority-to-court/,2016-12-13,Besigye drags Civil Aviation Authority to court,"In his suit filed by his lawyers of Rwakafuuzi & Co advocates, Besigye states that on October 3 this year, he was plucked off a Kenya Airways plane by security who connived with CAA officials and that he was driven against his will through remote routes from Entebbe airport to his home in Kasangati.",True,,land_row_dispute,0.020751693634856537,contract_management_failure,0.21159332990646362,land_row_dispute,0.5,content_preferred,2016-12
The Observer,https://observer.ug/news/besigye-drags-civil-aviation-authority-to-court/,2016-12-13,Besigye drags Civil Aviation Authority to court,"He further states in his suit that he was also denied the right to meet and move from the airport in the company of his waiting family, friends, associates and supporters, hence violating his freedom of association.",True,,land_row_dispute,0.29064523653894275,land_row_dispute,0.2412446290254593,land_row_dispute,0.6329724663911005,agree,2016-12
The Observer,https://observer.ug/news/besigye-drags-civil-aviation-authority-to-court/,2016-12-13,Besigye drags Civil Aviation Authority to court,"Besigye adds that before he could disembark from the staircase, a staff of CAA wearing a reflector jacket pulled him from the last step of the staircase and grabbed him by his trouser towards the CAA vehicle which drove him away before he could even go through immigration procedures at the airport.",True,,land_row_dispute,0.020751693634856537,contract_management_failure,0.17211726307868958,land_row_dispute,0.5,content_preferred,2016-12
The Observer,https://observer.ug/business/insurance-firms-to-pool-funds-for-oil-industry/,2016-12-14,Insurance firms to pool funds for oil industry,"Also, Uganda is executing a number of infrastructure projects such as a crude oil export pipeline to Tanzania, which will run for 1,445km over different pieces of land.",True,,land_row_dispute,0.3876474065398508,delay_time_overrun,0.1804914027452469,land_row_dispute,0.5,content_preferred,2016-12
The Observer,https://observer.ug/business/insurance-firms-to-pool-funds-for-oil-industry/,2016-12-14,Insurance firms to pool funds for oil industry,The security risk for such a long pipeline will be one of the main concerns for both countries.,True,,land_row_dispute,0.020751693634856537,delay_time_overrun,0.14749771356582642,land_row_dispute,0.5,content_preferred,2016-12
The Observer,https://observer.ug/business/insurers-urged-on-being-professional/,2016-12-14,Insurers urged on being professional,"Following the introduction of the training levy a few years ago, IIU is trying to bridge the skills and professionalism gaps through continuous trainings.",True,,land_row_dispute,0.30484527570728204,delay_time_overrun,0.20191822946071625,land_row_dispute,0.5,content_preferred,2016-12
The Observer,https://observer.ug/business/uganda-launches-east-africa-s-largest-solar-power-plant/,2016-12-14,Uganda launches East Africa’s largest solar power plant,"The Observer If Uganda is to provide cheap and clean electricity, the government should invest more in solar technology, a European Union envoy has said.",True,,procurement_irregularity,0.20000484576638775,payment_financial_dispute,0.11316120624542236,procurement_irregularity,0.5,content_preferred,2016-12
The Observer,https://observer.ug/business/uganda-launches-east-africa-s-largest-solar-power-plant/,2016-12-14,Uganda launches East Africa’s largest solar power plant,"Kristian Schmidt, the head of delegation at the European Union in Uganda, said the country is a good place to invest in solar energy, and that the private sector should be supported in order to make more investments.",True,,procurement_irregularity,0.09719420159115448,governance_oversight_failure,0.035605911165475845,procurement_irregularity,0.5,content_preferred,2016-12
The Observer,https://observer.ug/business/uganda-launches-east-africa-s-largest-solar-power-plant/,2016-12-14,Uganda launches East Africa’s largest solar power plant,"Speaking during the inauguration of a 10MW solar plant in Soroti recently, Schmidt observed that solar energy is an alternative to hydroelectric power, which is expensive to set up and takes longer to be connected to the grid. “Solar energy may be a good alternative to hydropower which may fluctuate with water availability.",True,,contract_management_failure,0.16111000465146924,procurement_irregularity,0.037834085524082184,contract_management_failure,0.5,content_preferred,2016-12
The Observer,https://observer.ug/business/uganda-launches-east-africa-s-largest-solar-power-plant/,2016-12-14,Uganda launches East Africa’s largest solar power plant,"If the grid stability is enhanced, allowing more solar plants to be connected to the grid, we are sure this technology will represent a very good option for affordable energy in Uganda,” he said.",True,,land_row_dispute,0.0,payment_financial_dispute,0.033559978008270264,land_row_dispute,0.5,content_preferred,2016-12
The Observer,https://observer.ug/business/uganda-launches-east-africa-s-largest-solar-power-plant/,2016-12-14,Uganda launches East Africa’s largest solar power plant,Schmidt said the regulatory framework should be conducive to attract more investments. “It is great that this is now triggering private sector interest in solar power generation.,True,,contract_management_failure,0.26169103452101206,governance_oversight_failure,0.18813392519950867,contract_management_failure,0.5,content_preferred,2016-12
The Observer,https://observer.ug/business/uganda-launches-east-africa-s-largest-solar-power-plant/,2016-12-14,Uganda launches East Africa’s largest solar power plant,"The European Union is proud that our grant contribution ensures the realisation of the Soroti solar plant, and I hope this is only just the beginning for many more to come,” he said of the project, which is the largest in East Africa.",True,,land_row_dispute,0.14071747195001275,land_row_dispute,0.1391417235136032,land_row_dispute,0.569964798865904,agree,2016-12
The Observer,https://observer.ug/business/uganda-launches-east-africa-s-largest-solar-power-plant/,2016-12-14,Uganda launches East Africa’s largest solar power plant,"Christophe Fleurence, the vice president of Eren Renewable Energy, said the country has vast renewable energy resources for energy production and solar alone can produce an estimated 30 per cent of the country’s energy needs.",True,,land_row_dispute,0.28034325153592593,governance_oversight_failure,0.011170411482453346,land_row_dispute,0.5,content_preferred,2016-12
The Observer,https://observer.ug/business/uganda-launches-east-africa-s-largest-solar-power-plant/,2016-12-14,Uganda launches East Africa’s largest solar power plant,"Simon D’Ujanga, the minister of state for Energy and Mineral Development, said Uganda is set to fast-track up to 15 small-scale renewable energy generation projects (1MW-20MW). “We have policies to attract more investors in the sector.",True,,land_row_dispute,0.32988077028168633,delay_time_overrun,0.13874654471874237,land_row_dispute,0.5,content_preferred,2016-12
The Observer,https://observer.ug/business/uganda-launches-east-africa-s-largest-solar-power-plant/,2016-12-14,Uganda launches East Africa’s largest solar power plant,"While we focus on hydroelectric investments, the private sector should come and take on smaller renewable energy,” he said.",True,,land_row_dispute,0.20651433381476628,land_row_dispute,0.041407860815525055,land_row_dispute,0.5619805486575729,agree,2016-12
The Observer,https://observer.ug/business/uganda-launches-east-africa-s-largest-solar-power-plant/,2016-12-14,Uganda launches East Africa’s largest solar power plant,"THE PROJECT The $19 million Soroti solar plant is part-funded by the European Union under the Africa Infrastructure Trust Fund through the GET FiT solar facility, an initiative between the government and development partners.",True,,land_row_dispute,0.21396247337895338,land_row_dispute,0.1378161907196045,land_row_dispute,0.5879446660246395,agree,2016-12
The Observer,https://observer.ug/business/uganda-launches-east-africa-s-largest-solar-power-plant/,2016-12-14,Uganda launches East Africa’s largest solar power plant,"The plant is made up of 32,680 photovoltaic panels.",True,,land_row_dispute,0.020751693634856537,payment_financial_dispute,0.05860968679189682,land_row_dispute,0.5,content_preferred,2016-12
The Observer,https://observer.ug/business/uganda-launches-east-africa-s-largest-solar-power-plant/,2016-12-14,Uganda launches East Africa’s largest solar power plant,"It is the first grid-connected solar plant and will generate clean, low-carbon, sustainable electricity to 40,000 homes, schools and businesses in the area.",True,,contract_management_failure,0.16448584286822335,payment_financial_dispute,0.025972524657845497,contract_management_failure,0.5,content_preferred,2016-12
The Observer,https://observer.ug/business/uganda-launches-east-africa-s-largest-solar-power-plant/,2016-12-14,Uganda launches East Africa’s largest solar power plant,"The project was developed under the Global Energy Transfer Feed in Tariff (“GET FiT”), a support scheme for renewable energy projects managed by Germany’s KfW development bank in partnership with Uganda’s Electricity Regulatory Agency (ERA) and funded by Norway, Germany, the United Kingdom and the European Union.",True,,procurement_irregularity,0.13176466643872195,land_row_dispute,0.11169750243425369,procurement_irregularity,0.5,content_preferred,2016-12
The Observer,https://observer.ug/business/uganda-launches-east-africa-s-largest-solar-power-plant/,2016-12-14,Uganda launches East Africa’s largest solar power plant,"Ziria Tibalwa, ERA’s chief executive officer, said the GET FiT programme helps renewable energy sources become affordable. “The project [in Soroti] is financed by a mix of debt and equity with the senior debt facility being provided by the Netherlands Development Bank and the Emerging Africa Infrastructure Fund (EAIF); as government, we will continue getting partnerships to increase our electricity on the national grid,” she said.",True,,land_row_dispute,0.3585890679509719,payment_financial_dispute,0.10574404150247574,land_row_dispute,0.5,content_preferred,2016-12
The Observer,https://observer.ug/business/uganda-launches-east-africa-s-largest-solar-power-plant/,2016-12-14,Uganda launches East Africa’s largest solar power plant,"Uganda has joined countries such as Rwanda and Kenya, which have commissioned similar solar projects with an aim of improving quality and reliability of power to spur development.",True,,contract_management_failure,0.22033153914220827,land_row_dispute,0.1070934534072876,contract_management_failure,0.5,content_preferred,2016-12
The Observer,https://observer.ug/business/uganda-launches-east-africa-s-largest-solar-power-plant/,2016-12-14,Uganda launches East Africa’s largest solar power plant,"Vahid Fotuhi, the managing director of Access Power Uganda Ltd, the firm that constructed the Soroti project, said that EU contributed $9 million while Access Power and Eren Renewable Energy contributed $10 million.",True,,contract_management_failure,0.10230945967367344,land_row_dispute,0.14913223683834076,contract_management_failure,0.5,content_preferred,2016-12
The Observer,https://observer.ug/business/uganda-launches-east-africa-s-largest-solar-power-plant/,2016-12-14,Uganda launches East Africa’s largest solar power plant,The two companies will manage the project for 20 years.,True,,land_row_dispute,0.30484527570728204,delay_time_overrun,0.28659069538116455,land_row_dispute,0.5,content_preferred,2016-12
The Observer,https://observer.ug/business/uganda-launches-east-africa-s-largest-solar-power-plant/,2016-12-14,Uganda launches East Africa’s largest solar power plant,Sign up and get daily updates right to your inbox.,True,,land_row_dispute,0.16796861174095223,delay_time_overrun,0.07245486974716187,land_row_dispute,0.5,content_preferred,2016-12
The Observer,https://observer.ug/business/solar-interest-grows-as-soroti-project-takes-off/,2016-12-14,Solar interest grows as Soroti project takes off,"The Observer The race to have more solar power projects in Uganda is on after the launch of first such energy to be connected on the national grid, writes JEFF MBANGA.",True,,contract_management_failure,0.2566452527489698,delay_time_overrun,0.13674721121788025,contract_management_failure,0.5,content_preferred,2016-12
The Observer,https://observer.ug/business/solar-interest-grows-as-soroti-project-takes-off/,2016-12-14,Solar interest grows as Soroti project takes off,"The government’s rural electrification scheme has not yet pulled hydro-electricity to Okorom trading centre in Ngora district, but the area residents have learnt to make do with the next best alternative.",True,,land_row_dispute,0.4646467900259859,land_row_dispute,0.1337110847234726,land_row_dispute,0.6495894686873647,agree,2016-12
The Observer,https://observer.ug/business/solar-interest-grows-as-soroti-project-takes-off/,2016-12-14,Solar interest grows as Soroti project takes off,"In the evenings, parts of the trading centre is lit using solar electricity units that some residents have purchased, due to their growing accessibility.",True,,land_row_dispute,0.5159264741486355,payment_financial_dispute,0.07960236072540283,land_row_dispute,0.5159264741486355,content_preferred,2016-12
The Observer,https://observer.ug/business/solar-interest-grows-as-soroti-project-takes-off/,2016-12-14,Solar interest grows as Soroti project takes off,Some homes whose owners can afford the units are also well lit.,True,,land_row_dispute,0.020751693634856537,quality_technical_defect,0.09758847951889038,land_row_dispute,0.5,content_preferred,2016-12
The Observer,https://observer.ug/business/solar-interest-grows-as-soroti-project-takes-off/,2016-12-14,Solar interest grows as Soroti project takes off,"In addition, the solar panels help residents charge their mobile phones.",True,,land_row_dispute,0.3554298700108785,payment_financial_dispute,0.1042155846953392,land_row_dispute,0.5,content_preferred,2016-12
The Observer,https://observer.ug/business/solar-interest-grows-as-soroti-project-takes-off/,2016-12-14,Solar interest grows as Soroti project takes off,"Unlike the past when the cost of installing a solar system and the wiring system ran into millions of shillings, today locals can purchase a “self-contained unit” (comprising a solar plate, a battery, a phone charging facility and three light bulbs) for as low as Shs 250,000.",True,,land_row_dispute,0.12948604389463134,payment_financial_dispute,0.12501585483551025,land_row_dispute,0.5,content_preferred,2016-12
The Observer,https://observer.ug/business/solar-interest-grows-as-soroti-project-takes-off/,2016-12-14,Solar interest grows as Soroti project takes off,The growth of solar energy from such small settings has evolved into the big stage with the Soroti project being the first to connect units on the national grid.,True,,contract_management_failure,0.12718590889762074,delay_time_overrun,0.11464998871088028,contract_management_failure,0.5,content_preferred,2016-12
The Observer,https://observer.ug/business/solar-interest-grows-as-soroti-project-takes-off/,2016-12-14,Solar interest grows as Soroti project takes off,"The launch of the 10MW solar power plant in Soroti on Monday, the biggest in East Africa, is expected to spur more investments in this particular renewable energy segment, especially now that the costs of equipment are said to be falling.",True,,contract_management_failure,0.26169103452101206,delay_time_overrun,0.09839107096195221,contract_management_failure,0.5,content_preferred,2016-12
The Observer,https://observer.ug/business/solar-interest-grows-as-soroti-project-takes-off/,2016-12-14,Solar interest grows as Soroti project takes off,"Fears that solar energy needed higher tariffs for investors to recoup the money they intended to spend on power projects have been dispelled, especially now that the prices of solar equipment have dropped by a half over the last five years.",True,,contract_management_failure,0.29340433785461195,contract_management_failure,0.1580207198858261,contract_management_failure,0.6128562644351095,agree,2016-12
The Observer,https://observer.ug/business/solar-interest-grows-as-soroti-project-takes-off/,2016-12-14,Solar interest grows as Soroti project takes off,"Godfrey Turyahikayo, the executive director of Rural Electrification Agency, explained that China, one of the largest producers of solar equipment, has influenced the movement of prices. “There are quite a number of things that have developed with regards to solar.",True,,procurement_irregularity,0.10692381644801785,land_row_dispute,0.10793408751487732,procurement_irregularity,0.5,content_preferred,2016-12
The Observer,https://observer.ug/business/solar-interest-grows-as-soroti-project-takes-off/,2016-12-14,Solar interest grows as Soroti project takes off,One is that the costs have actually drastically reduced over the last five years.,True,,land_row_dispute,0.30484527570728204,delay_time_overrun,0.2761629819869995,land_row_dispute,0.5,content_preferred,2016-12
The Observer,https://observer.ug/business/solar-interest-grows-as-soroti-project-takes-off/,2016-12-14,Solar interest grows as Soroti project takes off,The cost of solar has gone to about a half over that period.,True,,procurement_irregularity,0.10692381644801785,delay_time_overrun,0.22640204429626465,procurement_irregularity,0.5,content_preferred,2016-12
The Observer,https://observer.ug/business/solar-interest-grows-as-soroti-project-takes-off/,2016-12-14,Solar interest grows as Soroti project takes off,"The cost of production of panels in China has reduced; so, the market is flooded.",True,,land_row_dispute,0.020751693634856537,contract_management_failure,0.15643423795700073,land_row_dispute,0.5,content_preferred,2016-12
The Observer,https://observer.ug/business/solar-interest-grows-as-soroti-project-takes-off/,2016-12-14,Solar interest grows as Soroti project takes off,"Also, the efficient gains that have been achieved through scientific research have shown solar is less expensive.",True,,procurement_irregularity,0.10692381644801785,delay_time_overrun,0.14584988355636597,procurement_irregularity,0.5,content_preferred,2016-12
The Observer,https://observer.ug/business/solar-interest-grows-as-soroti-project-takes-off/,2016-12-14,Solar interest grows as Soroti project takes off,"So, there has been a number of innovations that have made solar cheaper. “Right now, we are actually looking at incorporating it into our system.",True,,land_row_dispute,0.2076510315760019,delay_time_overrun,0.09438952803611755,land_row_dispute,0.5,content_preferred,2016-12
The Observer,https://observer.ug/business/solar-interest-grows-as-soroti-project-takes-off/,2016-12-14,Solar interest grows as Soroti project takes off,"If you look at the small hydro power projects, the unit cost of energy is about 12 US cents.",True,,contract_management_failure,0.17424165814508186,procurement_irregularity,0.09623377025127411,contract_management_failure,0.5,content_preferred,2016-12
The Observer,https://observer.ug/business/solar-interest-grows-as-soroti-project-takes-off/,2016-12-14,Solar interest grows as Soroti project takes off,"But solar is also between 12 US cents and 15 US cents, right now, although that is without batteries,” he said.",True,,land_row_dispute,0.07711166928485998,procurement_irregularity,0.07671946287155151,land_row_dispute,0.5,content_preferred,2016-12
The Observer,https://observer.ug/business/solar-interest-grows-as-soroti-project-takes-off/,2016-12-14,Solar interest grows as Soroti project takes off,"MORE INVESTMENTS Plans are already underway to construct bigger solar projects as more Ugandans, especially those living in the rural areas, switch to using solar.",True,,procurement_irregularity,0.10692381644801785,delay_time_overrun,0.14319950342178345,procurement_irregularity,0.5,content_preferred,2016-12
The Observer,https://observer.ug/business/solar-interest-grows-as-soroti-project-takes-off/,2016-12-14,Solar interest grows as Soroti project takes off,"For example, Tororo PV Power Company Limited has already applied for a licence to construct, generate and sell electricity from its proposed 50MW solar power plant in Tororo district.",True,,contract_management_failure,0.25133865358980384,payment_financial_dispute,0.15319842100143433,contract_management_failure,0.5,content_preferred,2016-12
The Observer,https://observer.ug/business/solar-interest-grows-as-soroti-project-takes-off/,2016-12-14,Solar interest grows as Soroti project takes off,"MSS Xsabo Power Limited intends to generate 20MW of electricity from a solar power plant in Gomba, although the company ran into trouble with the regulators over its other planned 20MW wind power project in Tororo.",True,,contract_management_failure,0.24130511134238367,payment_financial_dispute,0.07686421275138855,contract_management_failure,0.5,content_preferred,2016-12
The Observer,https://observer.ug/business/solar-interest-grows-as-soroti-project-takes-off/,2016-12-14,Solar interest grows as Soroti project takes off,Emerging Power Limited plans to build a 15MW solar power project in Mayuge district at a cost of nearly $30 million.,True,,contract_management_failure,0.20853520655936356,delay_time_overrun,0.12851379811763763,contract_management_failure,0.5,content_preferred,2016-12
The Observer,https://observer.ug/business/solar-interest-grows-as-soroti-project-takes-off/,2016-12-14,Solar interest grows as Soroti project takes off,"On a lower scale, more homes and public spaces are switching to solar.",True,,delay_time_overrun,0.06399950815468784,delay_time_overrun,0.11560514569282532,delay_time_overrun,0.5449011634618783,agree,2016-12
The Observer,https://observer.ug/business/solar-interest-grows-as-soroti-project-takes-off/,2016-12-14,Solar interest grows as Soroti project takes off,"This financial year, Uganda has set for itself a target of installing at least 20,000 solar systems in eight districts, plus also putting up solar-powered pumps in areas facing water shortages.",True,,procurement_irregularity,0.1308536899903435,delay_time_overrun,0.11078937351703644,procurement_irregularity,0.5,content_preferred,2016-12
The Observer,https://observer.ug/business/solar-interest-grows-as-soroti-project-takes-off/,2016-12-14,Solar interest grows as Soroti project takes off,Maintenance of solar equipment in more than 500 schools is already being undertaken under the Energy for Rural Transformation program.,True,,procurement_irregularity,0.10692381644801785,delay_time_overrun,0.1588408350944519,procurement_irregularity,0.5,content_preferred,2016-12
The Observer,https://observer.ug/business/solar-interest-grows-as-soroti-project-takes-off/,2016-12-14,Solar interest grows as Soroti project takes off,"The Joint Energy and Environment Project Uganda installed a solar micro grid, where at least 100 households have been connected to power.",True,,contract_management_failure,0.22033153914220827,payment_financial_dispute,0.10946734994649887,contract_management_failure,0.5,content_preferred,2016-12
The Observer,https://observer.ug/business/solar-interest-grows-as-soroti-project-takes-off/,2016-12-14,Solar interest grows as Soroti project takes off,Absolute Energy Ltd plans to set up a solar 230kW PV mini-grid at Kitobo island on Lake Victoria to supply more than 400 households and businesses.,True,,procurement_irregularity,0.10692381644801785,payment_financial_dispute,0.09440550953149796,procurement_irregularity,0.5,content_preferred,2016-12
The Observer,https://observer.ug/business/solar-interest-grows-as-soroti-project-takes-off/,2016-12-14,Solar interest grows as Soroti project takes off,"The increase in the interest in solar power, and other cleaner energies, has brightened Uganda’s international stature.",True,,contract_management_failure,0.22033153914220827,payment_financial_dispute,0.06378372013568878,contract_management_failure,0.5,content_preferred,2016-12
The Observer,https://observer.ug/business/solar-interest-grows-as-soroti-project-takes-off/,2016-12-14,Solar interest grows as Soroti project takes off,"For example, according to the 2014 Climate Scope report, an initiative by Bloomberg, Uganda was ranked 10th out of the 55 countries in the world ranked for attracting clean energy investments, and third in Africa.",True,,land_row_dispute,0.8547272380802773,governance_oversight_failure,0.1443907618522644,land_row_dispute,0.8547272380802773,content_preferred,2016-12
The Observer,https://observer.ug/business/solar-interest-grows-as-soroti-project-takes-off/,2016-12-14,Solar interest grows as Soroti project takes off,The report noted that Uganda’s non-large hydro clean energy sector attracted $307m between 2006 and 2013.,True,,procurement_irregularity,0.5484991450733293,procurement_irregularity,0.12698185443878174,procurement_irregularity,0.6688702498780278,agree,2016-12
The Observer,https://observer.ug/business/solar-interest-grows-as-soroti-project-takes-off/,2016-12-14,Solar interest grows as Soroti project takes off,"GOVT STRATEGY As part of its strategy to attract more investments for strictly solar energy, Uganda, in January 2015, changed tact when it stopped using the feed-in tariff – an inbuilt tariff that the investor and private firm negotiate on – to competitive bidding for on-grid projects.",True,,procurement_irregularity,0.13176466643872195,governance_oversight_failure,0.20884187519550323,procurement_irregularity,0.5,content_preferred,2016-12
The Observer,https://observer.ug/business/solar-interest-grows-as-soroti-project-takes-off/,2016-12-14,Solar interest grows as Soroti project takes off,"Before, investors demanded for a particular feed-in tariff that the Electricity Regulatory Authority had capped at 11 US Cents per kWh for grid connected solar PV energy.",True,,contract_management_failure,0.16448584286822335,payment_financial_dispute,0.19842982292175293,contract_management_failure,0.5,content_preferred,2016-12
The Observer,https://observer.ug/business/solar-interest-grows-as-soroti-project-takes-off/,2016-12-14,Solar interest grows as Soroti project takes off,"But now, with the change to competitive bidding, the tariff can go even lower. “Continuous technological advancements have resulted into cheaper and more efficient solar photovoltaic technology worldwide.",True,,procurement_irregularity,0.10692381644801785,procurement_irregularity,0.14079329371452332,procurement_irregularity,0.5619292775406353,agree,2016-12
The Observer,https://observer.ug/business/solar-interest-grows-as-soroti-project-takes-off/,2016-12-14,Solar interest grows as Soroti project takes off,Benefits from these improvements can only be realized through effective management of the cost of production of electricity from this resource.,True,,procurement_irregularity,0.10692381644801785,procurement_irregularity,0.09825508296489716,procurement_irregularity,0.5512947248532287,agree,2016-12
The Observer,https://observer.ug/business/solar-interest-grows-as-soroti-project-takes-off/,2016-12-14,Solar interest grows as Soroti project takes off,"Competitive procurement of such capacity is one of the most effective means of guaranteeing reasonable and fair pricing of solar power, as well as harnessing the benefits of such modular technologies, including system loss reduction and voltage stability,” the Electricity Regulatory Authority noted in 2014.",True,procurement_irregularity,procurement_irregularity,0.4113509259750528,payment_financial_dispute,0.16561654210090637,procurement_irregularity,0.5,content_preferred,2016-12
The Observer,https://observer.ug/business/solar-interest-grows-as-soroti-project-takes-off/,2016-12-14,Solar interest grows as Soroti project takes off,"Still, government is calling for caution. “From a technical perspective, solar photovoltaic generation is associated with frequent power swings owing to its intermittent nature.",True,,contract_management_failure,0.3391231236141144,contract_management_failure,0.19459368288516998,contract_management_failure,0.6334292016248211,agree,2016-12
The Observer,https://observer.ug/business/solar-interest-grows-as-soroti-project-takes-off/,2016-12-14,Solar interest grows as Soroti project takes off,"This, therefore, calls for accurate determination of the extent to which the national electricity grid can accommodate power from solar without adversely affecting the quality of power supply,” ERA noted in 2015.",True,contract_management_failure,contract_management_failure,0.31290590520895106,payment_financial_dispute,0.15198200941085815,contract_management_failure,0.5,content_preferred,2016-12
The Observer,https://observer.ug/business/solar-interest-grows-as-soroti-project-takes-off/,2016-12-14,Solar interest grows as Soroti project takes off,Investors say that government might need to consider tax incentives for more investments in solar on-grid projects.,True,,procurement_irregularity,0.3419750019415594,payment_financial_dispute,0.1655183881521225,procurement_irregularity,0.5,content_preferred,2016-12
The Observer,https://observer.ug/business/solar-interest-grows-as-soroti-project-takes-off/,2016-12-14,Solar interest grows as Soroti project takes off,"Kristian Schmidt, the head of delegation for the European Union in Uganda, while at the ground-breaking launch of the Soroti project in March this year, said: “For grid-connected solar projects, for instance, the applicable tax treatment and standard contractual agreements already agreed could be improved to keep Uganda’s reputation as a stable, reliable and attractive environment for private sector investment.” Government used to offer tax incentives for solar equipment for off-grid projects but scrapped that when the prices for equipment started declining.",True,,land_row_dispute,0.14920614819756578,payment_financial_dispute,0.2338496744632721,land_row_dispute,0.5,content_preferred,2016-12
The Observer,https://observer.ug/business/solar-interest-grows-as-soroti-project-takes-off/,2016-12-14,Solar interest grows as Soroti project takes off,"Nevertheless, a number of financial institutions, such as Centenary bank and Post bank, are increasing their lending to those who need solar power. jeff@observer.ug Sign up and get daily updates right to your inbox.",True,,procurement_irregularity,0.31321362357124694,payment_financial_dispute,0.1892034113407135,procurement_irregularity,0.5,content_preferred,2016-12
The Observer,https://observer.ug/news/undp-belgium-partner-to-monitor-service-delivery/,2016-12-14,"UNDP, Belgium partner to monitor service delivery","The project will develop six applications, focusing on geographical areas where BTC and the education and health ministries are running joint programmes. “In Uganda, our priority is education and health and we are looking at technological innovations that fall in this line and, therefore, this partnership is a major step for us,” said Verbist. “One of our priorities is how much we can use digitalisation to enhance development.” For instance, in case of disease outbreaks, maps detailing particular entries are produced per health facility on a daily or weekly basis based on health centre reports. “This allows [one] identify very quickly clusters of infection and rates and it makes allocation of medicines and medical personnel more efficient and also ensures quick response to the disease outbreak,” said Erwin De Wandel, the head of cooperation at the Belgium Embassy.",True,,land_row_dispute,0.26860724996206076,delay_time_overrun,0.08729357272386551,land_row_dispute,0.5,content_preferred,2016-12
The Observer,https://observer.ug/news/undp-belgium-partner-to-monitor-service-delivery/,2016-12-14,"UNDP, Belgium partner to monitor service delivery","The project set to start on January 13, 2017 will cost at least Shs 1.5bn.",True,,land_row_dispute,0.09930893264211227,delay_time_overrun,0.28923797607421875,land_row_dispute,0.5,content_preferred,2016-12
The Observer,https://observer.ug/news/uganda-crop-scientists-get-global-recognition/,2016-12-14,Uganda crop scientists get global recognition,"The biofortification campaign enlists scientists producing high-yielding, virus-resistant and drought-tolerant crop varieties through multiple crossing of conventional plant breeds.",True,,land_row_dispute,0.020751693634856537,delay_time_overrun,0.1035354733467102,land_row_dispute,0.5,content_preferred,2016-12
The Observer,https://observer.ug/news/ugandans-to-pay-to-use-busega-mpigi-highway/,2016-12-14,Ugandans to pay to use Busega-Mpigi highway,The Observer A parliamentary report has found that Ugandans will pay to use the proposed Busega-Mpigi expressway.,True,,procurement_irregularity,0.5681058066546978,payment_financial_dispute,0.1641903817653656,procurement_irregularity,0.5681058066546978,content_preferred,2016-12
The Observer,https://observer.ug/news/ugandans-to-pay-to-use-busega-mpigi-highway/,2016-12-14,Ugandans to pay to use Busega-Mpigi highway,The project will be implemented over a period of three years beginning 2018.,True,,land_row_dispute,0.30484527570728204,delay_time_overrun,0.35994797945022583,land_row_dispute,0.5,content_preferred,2016-12
The Observer,https://observer.ug/news/ugandans-to-pay-to-use-busega-mpigi-highway/,2016-12-14,Ugandans to pay to use Busega-Mpigi highway,ADB will contribute $91m (47.34%) of the total project costs.,True,,land_row_dispute,0.020751693634856537,payment_financial_dispute,0.1997951865196228,land_row_dispute,0.5,content_preferred,2016-12
The Observer,https://observer.ug/news/ugandans-to-pay-to-use-busega-mpigi-highway/,2016-12-14,Ugandans to pay to use Busega-Mpigi highway,Other roads set to be tolled include the soon-to-be completed Kampala-Entebbe expressway and the proposed Kampala-Jinja expressway.,True,,procurement_irregularity,0.25312911931076854,delay_time_overrun,0.2332521378993988,procurement_irregularity,0.5,content_preferred,2016-12
The Observer,https://observer.ug/news/ugandans-to-pay-to-use-busega-mpigi-highway/,2016-12-14,Ugandans to pay to use Busega-Mpigi highway,KIBUYE-BUSEGA MPs said the operation and functionality of the Busega-Mpigi expressway is dependent on the availability of the Kibuye-Busega section.,True,,land_row_dispute,0.20651433381476628,delay_time_overrun,0.1350245475769043,land_row_dispute,0.5,content_preferred,2016-12
The Observer,https://observer.ug/news/ugandans-to-pay-to-use-busega-mpigi-highway/,2016-12-14,Ugandans to pay to use Busega-Mpigi highway,"The MPs have, however, given government a go-ahead to borrow the money for the project. amwesigwa@observer.ug Sign up and get daily updates right to your inbox.",True,,land_row_dispute,0.3207792178108081,land_row_dispute,0.23895210027694702,land_row_dispute,0.6399328295219388,agree,2016-12
