url,date
https://observer.ug/business/business-business/ubl-starts-shs-300m-sanitation-project-for-nakawa-traders/,2016-11-25
https://observer.ug/lifestyle-entertainment/prau-excellence-awards-set-for-today/,2016-11-25
https://observer.ug/business/business-business/fao-lands-ministry-push-for-land-registration/,2016-11-28
https://observer.ug/business/business-business/government-plans-for-more-mini-power-dams/,2016-11-28
https://observer.ug/news/police-build-post-to-protect-prisons-boss-disputed-land/,2016-11-28
https://observer.ug/news/superior-courts-stifling-cases-against-corrupt-officials-judge/,2016-11-28
https://observer.ug/sports/uspa-needs-probe-committee-to-address-divisions/,2016-11-28
https://observer.ug/news/anite-defies-kasaija-over-uegcl-top-job/,2016-11-28
https://observer.ug/education/nangabo-moves-to-boost-hygiene-in-her-schools/,2016-11-29
https://observer.ug/education/usaid-rti-enhance-reading-in-schools/,2016-11-30
https://observer.ug/business/new-land-electronic-card-will-fight-fraud-buganda/,2016-11-30
https://observer.ug/news/cmi-joins-major-kiggundu-probe/,2016-11-30
https://observer.ug/lifestyle-entertainment/entertainment/star-trail-isaac-kuddzu-dumps-second-chance/,2016-12-01
https://observer.ug/lifestyle-entertainment/entertainment/parliamentarian-was-mp-kangwagye-s-first-job/,2016-12-01
https://observer.ug/lifestyle-entertainment/entertainment/parliamentarian-was-mp-kangwagye-s-first-job-2/,2016-12-01
https://observer.ug/sports/kcca-now-going-for-the-jugular/,2016-12-01
https://observer.ug/viewpoint/letters/your-mail-save-schools-from-unfair-transfers/,2016-12-01
https://observer.ug/news/kadaga-names-mps-to-probe-utl/,2016-12-02
https://observer.ug/news/finance-ministers-bury-hatchet-on-uegcl-board/,2016-12-02
https://observer.ug/lifestyle-entertainment/entertainment/let-us-keep-our-schools-safe-from-violence/,2016-12-04
https://observer.ug/education/northern-uganda-schools-get-ict-equipment/,2016-12-05
https://observer.ug/education/makerere-wins-big-in-media-awards/,2016-12-05
https://observer.ug/education/city-parents-school-to-introduce-boarding-section/,2016-12-05
https://observer.ug/business/land-for-oil-waste-plant-given-illegally-minister/,2016-12-07
https://observer.ug/lifestyle-entertainment/star-trail-sheebah-is-27/,2016-12-07
https://observer.ug/sports/kcca-visit-sadolin/,2016-12-07
https://observer.ug/viewpoint/how-umeme-telecoms-siphon-our-money/,2016-12-09
https://observer.ug/education/nyaka-school-s-jackson-kaguri-deserves-a-medal-for-valour/,2016-12-12
https://observer.ug/education/primary-schools-embrace-farming/,2016-12-12
https://observer.ug/education/belgium-supports-vocational-training-for-marketable-skills/,2016-12-12
https://observer.ug/education/wisdom-ps-wins-shs-10m-in-road-safety-campaign/,2016-12-12
https://observer.ug/education/mulindwa-calls-for-promotion-of-talent-in-schools/,2016-12-12
https://observer.ug/education/dr-rwendeire-committee-to-probe-other-public-universities/,2016-12-12
https://observer.ug/news/oil-companies-dumped-waste-on-my-land-and-i-am-still-paying-the-price/,2016-12-12
https://observer.ug/news/fdc-resumes-party-workshops-today/,2016-12-12
https://observer.ug/news/corruption-is-democratised-now-says-justice-katureebe/,2016-12-12
https://observer.ug/news/combating-corruption-takes-total-commitment-agaba/,2016-12-12
https://observer.ug/news/local-govt-ministry-in-shs-5-5bn-scandal/,2016-12-12
https://observer.ug/viewpoint/how-schools-cheat-us-as-we-look-on/,2016-12-12
https://observer.ug/news/e-a-largest-solar-power-plant-commissioned-in-soroti/,2016-12-13
https://observer.ug/business/uganda-launches-east-africa-s-largest-solar-power-plant/,2016-12-14
https://observer.ug/business/solar-interest-grows-as-soroti-project-takes-off/,2016-12-14
https://observer.ug/lifestyle-entertainment/star-trail-ali-kiba-for-blankets-and-wine/,2016-12-14
https://observer.ug/news/ugandans-to-pay-to-use-busega-mpigi-highway/,2016-12-14
https://observer.ug/news/court-trashes-mabirizi-in-kabaka-land-case/,2016-12-14
https://observer.ug/news/agaba-s-last-thoughts-on-luzira-deaths-jennifer-musisi-kcca/,2016-12-14
https://observer.ug/lifestyle-entertainment/priscilla-namayanja-is-the-broadcaster-to-watch/,2016-12-14
https://observer.ug/business/govt-receives-shs-340bn-for-45-mw-muzizi-power-project/,2016-12-16
https://observer.ug/news/tough-hurdles-for-winnie-byanyima-state-house-bid/,2016-12-16
https://observer.ug/lifestyle-entertainment/ubl-s-responsible-drinking-campaign-tops-csr-awards/,2016-12-16
https://observer.ug/lifestyle-entertainment/maximize-children-s-quality-time-during-the-holidays/,2016-12-16
https://observer.ug/education/at-15-nyaka-school-now-evolves-into-a-secondary-school/,2016-12-19
https://observer.ug/education/dr-nakayiza-makes-case-for-mindfulness-in-uganda-s-schools/,2016-12-19
https://observer.ug/news/nwsc-wants-shs-90bn-to-avail-water-for-all/,2016-12-19
https://observer.ug/news/mps-govt-cheated-on-properties-abroad/,2016-12-19
https://observer.ug/lifestyle-entertainment/inaugural-uganda-hip-hop-awards-spring-up-surprises/,2016-12-19
https://observer.ug/news/two-banks-probed-over-shs-8bn-fraud-murder-of-eritrean/,2016-12-20
https://observer.ug/business/residents-protest-against-delayed-unra-pay/,2016-12-21
https://observer.ug/business/cement-industry-in-huge-leaps-as-public-projects-push-up-demand/,2016-12-21
https://observer.ug/sports/uspa-president-no-need-for-probe/,2016-12-21
https://observer.ug/news/parliament-halts-utl-financial-transactions/,2016-12-21
https://observer.ug/news/review-committee-wants-ubc-overhauled/,2016-12-21
https://observer.ug/news/mathias-nsubuga-s-death-has-dp-s-bridge-collapsed/,2016-12-21
https://observer.ug/lifestyle-entertainment/star-trail-blankets-and-hoverboards/,2016-12-21
https://observer.ug/news/unra-achievements-more-accidental-than-deliberate-katuntu/,2016-12-21
https://observer.ug/news/parliament-reject-shs-117bn-supplementary-budget-for-unra/,2016-12-22
https://observer.ug/news/unra-wants-heavy-fines-against-overloading/,2016-12-23
https://observer.ug/viewpoint/your-mail-scientists-are-worse-than-religious-fundamentalists/,2016-12-23
https://observer.ug/viewpoint/editorial-government-right-on-land-but-caution-vital/,2016-12-23
https://observer.ug/sports/kcca-vipers-welcome-caf-draws/,2016-12-23
https://observer.ug/viewpoint/your-mail-umeme-can-do-better/,2016-12-28
https://observer.ug/business/unbs-starts-inspecting-umeme-power-meters/,2016-12-28
https://observer.ug/business/mps-raise-red-flags-on-railway-concession/,2016-12-28
https://observer.ug/business/parliament-blacklists-ferdsult-ltd-on-govt-electricity-contracts/,2016-12-28
https://observer.ug/features/from-kampiringisa-with-hope-juvenile-prison-looks-to-help-derailed-teenagers/,2016-12-28
https://observer.ug/news/kyambadde-i-have-no-power-as-minister/,2016-12-28
https://observer.ug/lifestyle-entertainment/ps-sserwadda-makes-case-for-aged-prisoners/,2016-12-28
https://observer.ug/business/oil-rich-bunyoro-seeks-answers-over-pipeline/,2016-12-30
https://observer.ug/news/mps-expose-rot-in-roads-authority/,2016-12-30
https://observer.ug/lifestyle-entertainment/sheebah-tops-hipipo-awards-with-11-nods/,2016-12-30
https://observer.ug/news/wolokoso-mps-nambooze-watongola-quarrel-in-parliament/,2017-01-02
https://observer.ug/news/ubc-report-shows-how-to-run-down-a-national-broadcaster/,2017-01-02
https://observer.ug/education/luweero-school-heads-urged-to-improve-emails/,2017-01-02
https://observer.ug/news/power-transfer-besigye-ready-for-dialogue-sets-terms/,2017-01-03
https://observer.ug/viewpoint/your-mail-homeland-bus-can-do-better/,2017-01-04
https://observer.ug/viewpoint/proposed-land-amendments-do-not-favour-the-poor/,2017-01-04
https://observer.ug/viewpoint/ssemujju-will-roads-dams-grow-uganda/,2017-01-04
https://observer.ug/viewpoint/editorial-new-projects-don-t-have-to-displace-existing-ones/,2017-01-04
https://observer.ug/business/mps-approve-11-3m-kuwaiti-electricity-loan/,2017-01-04
https://observer.ug/business/finance-minister-worried-about-rise-in-land-wrangles/,2017-01-04
https://observer.ug/business/govt-oil-firms-discuss-land-access-for-pipeline/,2017-01-04
https://observer.ug/business/govt-looks-to-push-up-demand-to-deal-with-high-power-tariffs/,2017-01-04
https://observer.ug/business/construction-surges-while-economy-falls/,2017-01-04
https://observer.ug/business/local-supermarkets-stand-ground-as-foreign-players-crash-out/,2017-01-04
https://observer.ug/news/kamya-orders-kcca-not-to-pay-lukwago/,2017-01-04
https://observer.ug/lifestyle-entertainment/star-trail-club-silk-moving-to-naalya/,2017-01-04
https://observer.ug/lifestyle-entertainment/gekko-lounge-in-vip-fireworks-viewing/,2017-01-04
https://observer.ug/news/baby-dies-at-arua-hospital-due-to-lack-of-oxygen/,2017-01-04
https://observer.ug/viewpoint/your-mail-investigate-pastor-sserwadda/,2017-01-06
https://observer.ug/viewpoint/national-water-100-access-project-merits-all-the-support/,2017-01-06
https://observer.ug/sports/startimes-new-deal-boosts-kcca-stadium-extension/,2017-01-06
https://observer.ug/sports/power-oilers-tip-off-best-of-seven-hoops-series/,2017-01-06
https://observer.ug/news/mps-demand-probe-into-shs-6bn-museveni-handshake/,2017-01-06
https://observer.ug/news/parliament-moots-a-chopper-for-speaker/,2017-01-06
https://observer.ug/lifestyle-entertainment/pablo-the-power-of-panties/,2017-01-06
https://observer.ug/news/uneb-to-delay-releasing-ple-results/,2017-01-06
https://observer.ug/news/court-summons-bou-s-kasekende-over-golf-course-land/,2017-01-07
https://observer.ug/education/namugongo-old-students-to-rebuild-shs-40m-school-gate/,2017-01-07
https://observer.ug/viewpoint/proposed-amendments-on-land-acquisition-unnecessary/,2017-01-09
https://observer.ug/viewpoint/uganda-can-t-divorce-land-use-from-transforming-agriculture/,2017-01-09
https://observer.ug/business/uganda-tanzania-to-launch-oil-pipeline-study-today/,2017-01-09
https://observer.ug/business/kcca-s-musisi-nyakana-row-over-city-park/,2017-01-09
https://observer.ug/news/mairungi-farmers-sue-parliament/,2017-01-09
https://observer.ug/news/parliament-to-debate-report-on-media-coverage/,2017-01-09
https://observer.ug/education/kampala-parents-school-to-expand-to-entebbe/,2017-01-09
https://observer.ug/education/jinja-district-threatens-closure-of-87-schools-over-licenses/,2017-01-09
https://observer.ug/education/why-thematic-curriculum-is-still-a-challenge-to-schools/,2017-01-09
https://observer.ug/news/justice-kavuma-blocks-probe-debate-into-shs-6bn-bonus/,2017-01-09
https://observer.ug/sports/power-oilers-in-game-three/,2017-01-11
https://observer.ug/news/police-to-probe-health-ministry-staff-over-mysterious-fire/,2017-01-11
https://observer.ug/news/prisons-in-gulu-maintain-ban-on-inmate-visits-to-stop-eye-disease/,2017-01-11
https://observer.ug/news/ugandan-road-workers-accuse-chinese-bosses-of-low-pay-assault-harassment/,2017-01-11
https://observer.ug/news/kcca-runs-out-of-cash-fails-to-pay-salaries-collect-garbage/,2017-01-11
https://observer.ug/business/drc-interested-in-uganda-tz-crude-pipeline/,2017-01-11
https://observer.ug/lifestyle-entertainment/star-trail-salvado-idringi-hosts-kung-fu-festival/,2017-01-11
https://observer.ug/news/no-afcon-on-ubc-tv-over-lack-of-shs-2-5bn-broadcast-fees/,2017-01-12
https://observer.ug/news/dr-rwendeire-committee-meets-makerere-students/,2017-01-13
https://observer.ug/news/cash-strapped-kcca-sweet-talks-landlords-for-land/,2017-01-13
https://observer.ug/sports/infantino-s-48-team-proposal-will-water-down-world-cup/,2017-01-14
https://observer.ug/news/ngo-sues-govt-over-sexuality-education-in-schools/,2017-01-14
https://observer.ug/sports/fifa-awards-brought-the-bad-out-of-messi/,2017-01-16
https://observer.ug/news/uganda-to-open-four-more-missions-abroad/,2017-01-16
https://observer.ug/lifestyle-entertainment/nabbingo-old-girls-in-shs-7bn-drive-for-junior-school/,2017-01-16
https://observer.ug/lifestyle-entertainment/ronex-opens-afriart-year-with-constructs/,2017-01-16
https://observer.ug/news/patients-evacuated-from-anaka-hospital-over-fire-outbreak/,2017-01-17
https://observer.ug/lifestyle-entertainment/star-trail-morgan-heritage-coming-to-kampala/,2017-01-18
https://observer.ug/business/central-bank-distances-kasekende-from-masaka-land-feud/,2017-01-18
https://observer.ug/business/court-pokes-holes-in-unra-probe-report/,2017-01-18
https://observer.ug/news/rwendeire-committee-orders-student-head-count-at-makerere/,2017-01-19
https://observer.ug/viewpoint/uganda-needs-agriculture-in-secondary-school-curriculum/,2017-01-20
https://observer.ug/viewpoint/parliament-is-not-god-but-neither-is-the-president/,2017-01-20
https://observer.ug/news/katuntu-to-head-oil-cash-bonus-probe/,2017-01-20
https://observer.ug/news/sseggona-explains-mps-probe-into-oil-handshake/,2017-01-20
https://observer.ug/lifestyle-entertainment/bell-lager-in-special-screen-broadcast-for-cranes-matches/,2017-01-20
https://observer.ug/news/tumukunde-halts-reconstruction-of-kabaka-s-palace/,2017-01-21
https://observer.ug/education/education-sector-needs-to-be-serious-about-unlicensed-schools/,2017-01-23
https://observer.ug/education/visitation-committee-calls-for-student-head-count-at-makerere/,2017-01-23
https://observer.ug/education/deputy-speaker-parents-agree-to-keep-girls-in-school/,2017-01-23
https://observer.ug/education/nche-disputes-busoga-university-s-1-000-degrees-to-sudanese-nigerian-students/,2017-01-23
https://observer.ug/viewpoint/rush-for-schools-look-out-for-attitude-development/,2017-01-23
https://observer.ug/news/unra-pays-shs-600m-to-naro-land-encroacher/,2017-01-23
https://observer.ug/news/oil-cash-bonanza-what-mps-said-on-floor-of-parliament/,2017-01-23
https://observer.ug/news/fire-guts-lira-hospital-administration-block/,2017-01-24
https://observer.ug/business/govt-proposes-budget-cuts-focuses-on-roads-energy/,2017-01-25
https://observer.ug/business/kenya-uganda-railway-line-seeks-new-investor/,2017-01-25
https://observer.ug/news/over-2000-face-eviction-in-mubende/,2017-01-25
https://observer.ug/news/oil-cash-bonus-probe-starts-museveni-to-be-summoned/,2017-01-25
https://observer.ug/news/schools-maintain-s1-cut-off-points/,2017-01-25
https://observer.ug/lifestyle-entertainment/star-trail-and-it-snowed-in-the-sahara/,2017-01-25
https://observer.ug/news/phase-i-of-standard-gauge-railway-to-cost-shs-8-2-trillion/,2017-01-26
https://observer.ug/business/collective-marketing-boosts-tororo-farmers-incomes/,2017-01-27
https://observer.ug/news/govt-to-regulate-private-school-fees/,2017-01-27
https://observer.ug/news/being-a-professor-doesn-t-mean-one-can-lead-makerere-probe-team-told/,2017-01-27
https://observer.ug/news/concrete-electricity-poles-to-replace-wooden-ones/,2017-01-27
https://observer.ug/lifestyle-entertainment/what-package-are-you-giving-children-as-they-go-back-to-school/,2017-01-28
https://observer.ug/viewpoint/we-must-all-be-justice-and-equality-crusaders/,2017-01-30
https://observer.ug/education/ministry-of-education-eases-checking-of-school-licenses/,2017-01-30
https://observer.ug/education/schools-parents-take-up-smart-technology/,2017-01-30
https://observer.ug/news/unra-explains-mbarara-land-row-with-army-officer/,2017-01-30
https://observer.ug/news/makerere-boss-drinking-worries-probe-team/,2017-01-30
https://observer.ug/news/ex-lra-rebel-defects-wants-to-join-updf/,2017-01-30
https://observer.ug/news/prisons-boss-summoned-over-mistreatment-of-kasese-suspects/,2017-01-30
https://observer.ug/lifestyle-entertainment/star-trail-ks-alpha-goes-bald/,2017-02-01
https://observer.ug/news/parliament-approves-shs-30-trillion-budget-framework-paper/,2017-02-02
https://observer.ug/news/hiv-results-may-have-triggered-nsambya-barracks-shooting/,2017-02-02
https://observer.ug/viewpoint/regulate-all-schools-and-all-activities-not-tuition-only/,2017-02-03
https://observer.ug/viewpoint/restore-conserve-wetlands-to-reduce-risk-of-disaster/,2017-02-03
https://observer.ug/news/lukwago-attacks-kamya-over-powers/,2017-02-03
https://observer.ug/news/utl-posta-uganda-fight-over-post-office-building/,2017-02-03
https://observer.ug/news/wakiso-resists-state-house-takeover-of-entebbe-hospital/,2017-02-03
https://observer.ug/business/officials-roles-in-oil-bonanza-unravelled/,2017-02-03
https://observer.ug/lifestyle-entertainment/making-use-of-the-power-in-a-job-title/,2017-02-03
https://observer.ug/lifestyle-entertainment/do-not-abandon-your-children-to-the-school/,2017-02-03
https://observer.ug/sports/uganda-s-bid-for-2025-afcon-a-distant-dream/,2017-02-06
https://observer.ug/education/makerere-college-school-wins-victoria-university-soccer-fest/,2017-02-06
https://observer.ug/education/luzira-prison-inmates-want-sciences-at-a-level/,2017-02-06
https://observer.ug/news/wolokoso-of-workers-eating-roads-and-wamanga-s-slovenian/,2017-02-06
https://observer.ug/news/auditor-general-over-whelmed-by-too-many-local-governments/,2017-02-06
https://observer.ug/news/parliament-releases-shs-18-billion-for-mps-cars/,2017-02-06
https://observer.ug/viewpoint/ugandans-resist-removal-of-safeguards-against-land-grabbing/,2017-02-06
https://observer.ug/news/outrage-as-army-blocks-students-from-school-in-jinja/,2017-02-06
https://observer.ug/viewpoint/it-s-a-shame-for-schools-to-banish-weak-students-to-poor-schools/,2017-02-08
https://observer.ug/business/nfa-gets-900-000-road-assets/,2017-02-08
https://observer.ug/business/ethiopian-airlines-in-expansion-drive/,2017-02-08
https://observer.ug/news/govt-takes-clean-water-to-bukwo-district/,2017-02-08
https://observer.ug/sports/kcca-fc-wins-sc-villa-held/,2017-02-08
https://observer.ug/lifestyle-entertainment/star-trail-cry-fest-in-bb-naija/,2017-02-08
https://observer.ug/lifestyle-entertainment/lack-of-cancer-drugs-in-private-pharmacies-derails-fight/,2017-02-08
https://observer.ug/lifestyle-entertainment/ex-masaka-diocesan-chancellor-defects-to-kibuuka-s-church/,2017-02-08
https://observer.ug/business/govt-to-borrow-1-9bn-from-exim-bank-for-standard-gauge-railway/,2017-02-10
https://observer.ug/sports/kcca-vipers-kick-off-caf-campaign/,2017-02-10
https://observer.ug/news/residents-stressed-as-gulu-dams-taps-run-dry/,2017-02-10
https://observer.ug/news/igg-dismisses-corruption-report/,2017-02-10
https://observer.ug/news/oil-cash-probe-clerks-earned-millions-filing-papers-photocopying/,2017-02-10
https://observer.ug/news/mps-to-probe-new-owner-of-uganda-airlines-name/,2017-02-10
https://observer.ug/news/mps-raise-red-flag-over-costs-for-standard-gauge-railway/,2017-02-10
https://observer.ug/lifestyle-entertainment/pablo-school-fees-is-the-latest-family-planning-method/,2017-02-10
https://observer.ug/viewpoint/my-day-in-parliament/,2017-02-13
https://observer.ug/viewpoint/govt-agencies-shouldn-t-frustrate-the-public-asset-in-national-water/,2017-02-13
https://observer.ug/news/unra-plans-to-finish-23-road-maintenance-units-in-2-years/,2017-02-13
https://observer.ug/news/oil-cash-bonus-former-energy-boss-defends-role/,2017-02-13
https://observer.ug/news/missing-ministers-leave-parliament-perturbed/,2017-02-13
https://observer.ug/news/public-hospitals-run-out-of-malaria-drugs/,2017-02-13
https://observer.ug/lifestyle-entertainment/we-preach-water-while-sipping-wine/,2017-02-13
https://observer.ug/news/uganda-road-fund-executive-director-summoned-by-police/,2017-02-13
https://observer.ug/education/parents-upset-after-seizure-of-jinja-school-land/,2017-02-14
https://observer.ug/education/muteesa-i-royal-university-to-get-lubiri-land/,2017-02-14
https://observer.ug/viewpoint/we-will-grab-your-land-and-compensate-you-period/,2017-02-15
https://observer.ug/business/cabinet-to-meet-over-bujagali-dam-outstanding-loan-now-at-478m/,2017-02-15
https://observer.ug/news/court-of-appeal-throws-nrm-s-watongola-out-of-parliament/,2017-02-15
https://observer.ug/sports/kcca-favoured-against-lungujja-in-uganda-cup/,2017-02-15
https://observer.ug/lifestyle-entertainment/star-trail-observer-journalist-wins-at-canon-event/,2017-02-15
https://observer.ug/lifestyle-entertainment/parliament-taps-into-its-spirituality/,2017-02-15
https://observer.ug/news/water-supply-to-prisons-police-cut-off-over-unpaid-bills/,2017-02-15
https://observer.ug/business/our-focus-is-to-deliver-karuma-on-time-uegcl-board-chair/,2017-02-16
https://observer.ug/business/parliament-plans-shs-1-trillion-cut-from-unra-budget/,2017-02-16
https://observer.ug/news/water-supply-to-prisons-police-restored/,2017-02-16
https://observer.ug/news/mbarara-hospital-medics-arrested-over-drug-theft/,2017-02-16
https://observer.ug/news/oil-bonanza-probe-officials-claim-they-worked-long-hours-have-special-skills/,2017-02-17
https://observer.ug/lifestyle-entertainment/all-set-for-club-music-video-awards/,2017-02-17
https://observer.ug/lifestyle-entertainment/what-to-consider-as-you-take-child-to-a-new-school/,2017-02-17
https://observer.ug/news/south-sudanese-schools-church-relocate-to-uganda/,2017-02-17
https://observer.ug/news/parents-cry-foul-over-school-fees/,2017-02-20
https://observer.ug/news/nssf-run-to-raise-shs-200m-to-turnaround-kcca-schools/,2017-02-20
https://observer.ug/news/world-bank-lifts-fort-portal-kamwenge-road-suspension/,2017-02-20
https://observer.ug/news/tourism-board-eyes-social-media-to-market-uganda/,2017-02-20
https://observer.ug/lifestyle-entertainment/music-video-awards-mired-in-controversy/,2017-02-20
https://observer.ug/education/eskom-refurbishes-njeru-primary-school/,2017-02-20
https://observer.ug/viewpoint/your-mail-why-is-kcca-only-after-bars-not-noisy-churches/,2017-02-22
https://observer.ug/news/museveni-visit-shatters-bukasa-encroachers-hopes/,2017-02-22
https://observer.ug/lifestyle-entertainment/star-trail-qute-kaye-gets-saved/,2017-02-22
https://observer.ug/news/kabale-hospital-cleaners-strike-over-pay/,2017-02-23
https://observer.ug/news/parliament-rejects-fdc-move-to-withdraw-turinawe-from-eala-race/,2017-02-23
https://observer.ug/news/fallen-moroto-woman-mp-was-supporting-101-school-children/,2017-02-25
https://observer.ug/education/dtb-in-financial-literacy-campaign-to-schools/,2017-02-27
https://observer.ug/education/gayaza-high-school-old-girls-walk-for-new-administration-block/,2017-02-27
https://observer.ug/education/makerere-university-public-health-school-donates-to-hospitals/,2017-02-27
https://observer.ug/education/makerere-awards-best-student-with-shs-1m/,2017-02-27
https://observer.ug/education/over-5-million-pupils-drop-out-of-primary-school/,2017-02-27
https://observer.ug/viewpoint/new-cost-of-jinja-nile-bridge-questionable/,2017-02-27
https://observer.ug/sports/kcca-hit-ondu-for-dead-vipers-host-hippos-in-league/,2017-02-27
https://observer.ug/news/teacher-suspended-for-breastfeeding-at-school/,2017-02-28
https://observer.ug/news/kcca-to-mark-reading-day/,2017-03-01
https://observer.ug/news/govt-has-abandoned-former-lra-abductees-gulu-leaders/,2017-03-01
https://observer.ug/news/buwenge-hospital-suspends-services-over-shs-11m-power-bill/,2017-03-02
https://observer.ug/business/mtn-to-recognise-women-entrepreneurs-at-the-women-in-business-awards/,2017-03-03
https://observer.ug/news/kasese-a-tragic-conflict-rooted-in-land-one-boy-s-dream-and-a-family-s-hope/,2017-03-03
https://observer.ug/news/oil-cash-probe-musisi-regrets-role-as-kcca-ed/,2017-03-03
https://observer.ug/news/lawyer-muwema-appeals-tvo-ruling-in-ireland-court/,2017-03-03
https://observer.ug/lifestyle-entertainment/when-your-child-changes-schools/,2017-03-03
https://observer.ug/news/oil-cash-bonus-payment-was-irregular-ministry-of-finance/,2017-03-04
https://observer.ug/news/luweero-health-centre-faces-power-disconnection-over-unpaid-bills/,2017-03-04
https://observer.ug/education/prison-education-how-learning-occurs-behind-bars/,2017-03-06
https://observer.ug/education/parents-must-provide-school-lunch-minister/,2017-03-06
https://observer.ug/viewpoint/eala-vote-a-reminder-parliament-needs-to-embrace-technology/,2017-03-06
https://observer.ug/news/coca-cola-kcca-to-make-chairs-out-of-plastic-waste/,2017-03-06
https://observer.ug/news/govt-in-advanced-stage-to-develop-new-international-airport/,2017-03-06
https://observer.ug/sports/kcca-play-pretoria-in-friendly/,2017-03-06
https://observer.ug/viewpoint/why-do-we-consistently-ignore-the-rules-at-kcca/,2017-03-08
https://observer.ug/viewpoint/forget-eala-elections-let-s-discuss-park-yard-market/,2017-03-08
https://observer.ug/viewpoint/empower-women-and-everyone-will-benefit/,2017-03-08
https://observer.ug/lifestyle-entertainment/star-trail-mesach-vs-nandujja/,2017-03-08
https://observer.ug/news/fire-razes-down-adjumani-market/,2017-03-08
https://observer.ug/news/rukingiri-school-director-commits-suicide/,2017-03-09
https://observer.ug/viewpoint/bidi-bidi-refugee-settlement-a-symbol-of-ubuntu-in-practice/,2017-03-10
https://observer.ug/viewpoint/universities-and-employers-can-stop-academic-fraudsters/,2017-03-10
https://observer.ug/news/govt-told-to-probe-attacks-on-women/,2017-03-10
https://observer.ug/news/museveni-son-in-law-denies-grabbing-land/,2017-03-10
https://observer.ug/lifestyle-entertainment/kong-skull-island-is-a-reminder-of-king-kong/,2017-03-10
https://observer.ug/sports/kcca-fall-in-pretoria-but-keep-hopes-alive/,2017-03-11
https://observer.ug/news/oil-probe-mps-query-double-payment-to-us-based-law-firm/,2017-03-12
https://observer.ug/viewpoint/your-mail-what-plans-does-govt-have-for-evicted-youths/,2017-03-13
https://observer.ug/viewpoint/the-value-from-the-presidential-handshake-probe-so-far/,2017-03-13
https://observer.ug/business/troubled-isimba-dam-will-miss-2018-launch-deadline/,2017-03-13
https://observer.ug/news/lands-minister-to-meet-police-army-over-evictions/,2017-03-13
https://observer.ug/news/schools-hunt-contractors-over-world-bank-projects/,2017-03-13
https://observer.ug/news/oil-cash-probe-govt-paid-international-lawyers-twice/,2017-03-13
https://observer.ug/news/mbidde-i-am-good-because-i-am-politically-reasonable/,2017-03-13
https://observer.ug/news/protests-as-power-cuts-kill-gulu-baby/,2017-03-13
https://observer.ug/news/report-medics-shun-govt-hospitals-over-low-pay/,2017-03-13
https://observer.ug/education/mixing-ict-and-security-in-secondary-schools/,2017-03-13
https://observer.ug/education/prison-education-where-teachers-live-like-kings-behind-bars/,2017-03-13
https://observer.ug/news/govt-to-evict-forest-encroachers/,2017-03-15
https://observer.ug/news/nssf-raises-shs-131m-to-renovate-kcca-schools/,2017-03-15
https://observer.ug/news/us-army-uses-mothers-to-get-kony-s-men-to-defect/,2017-03-15
https://observer.ug/business/balanced-tax-policy-key-to-success-of-uganda-s-infrastructure-agenda/,2017-03-15
https://observer.ug/news/kabale-district-engineer-arrested-over-shoddy-work/,2017-03-15
https://observer.ug/sports/awesome-atmosphere-at-st-mary-s-stadium/,2017-03-15
https://observer.ug/sports/kcca-plot-for-sundowns-tie/,2017-03-15
https://observer.ug/lifestyle-entertainment/star-trail-josephine-karungi-gets-own-show/,2017-03-15
https://observer.ug/lifestyle-entertainment/case-of-mulago-s-missing-baby-how-missed-antenatal-saved-hospital/,2017-03-15
https://observer.ug/news/vandals-steel-newly-installed-street-lights-in-masaka/,2017-03-16
https://observer.ug/news/powerless-kcca-councillors-now-run-to-rugunda-over-kamya/,2017-03-16
https://observer.ug/news/police-constable-shoots-self-dead-in-hoima-barracks/,2017-03-16
https://observer.ug/news/mulindwa-shares-vision-and-what-it-takes-to-erect-a-stadium/,2017-03-17
https://observer.ug/news/jinja-road-accident-the-last-moments-of-victim-revealed/,2017-03-17
https://observer.ug/viewpoint/your-mail-free-judiciary-of-corruption/,2017-03-17
https://observer.ug/lifestyle-entertainment/weekend-guide-club-music-video-awards/,2017-03-17
https://observer.ug/lifestyle-entertainment/club-music-video-awards-on-this-saturday/,2017-03-17
https://observer.ug/lifestyle-entertainment/understand-road-marking-lines-to-avoid-accidents/,2017-03-18
https://observer.ug/sports/kcca-vipers-target-progress-in-caf-duty/,2017-03-18
https://observer.ug/sports/kcca-ejected-out-out-champions-league/,2017-03-19
https://observer.ug/education/mayuge-teachers-abandon-classes-over-salary-delay/,2017-03-20
https://observer.ug/education/women-prisoners-need-more-support/,2017-03-20
https://observer.ug/education/phase-out-failing-ppp-schools-civil-society/,2017-03-20
https://observer.ug/sports/kcca-not-good-enough/,2017-03-20
https://observer.ug/viewpoint/kaweesi-murder-dampens-my-visit-to-john-magufuli/,2017-03-22
https://observer.ug/business/cnooc-makes-formal-bid-for-tullow-shares/,2017-03-22
https://observer.ug/business/museveni-promises-more-land-to-riham/,2017-03-22
https://observer.ug/news/retired-judge-sues-over-land/,2017-03-22
https://observer.ug/news/united-nations-agency-vouches-for-hospital-deliveries-in-busoga/,2017-03-22
https://observer.ug/business/uegcl-doubts-karuma-dam-will-operate-at-full-capacity/,2017-03-22
https://observer.ug/sports/damani-make-statement-with-win-over-challengers/,2017-03-22
https://observer.ug/sports/kcca-draws-egypt-s-el-masry-in-confederation-cup/,2017-03-22
https://observer.ug/lifestyle-entertainment/star-trail-ykee-benda-forgets-mic/,2017-03-22
https://observer.ug/lifestyle-entertainment/how-club-music-video-awards-went-down/,2017-03-22
https://observer.ug/news/katureebe-to-name-and-shame-corrupt-judges/,2017-03-24
https://observer.ug/news/kaweesi-murder-probe-investigators-frustrated/,2017-03-24
https://observer.ug/lifestyle-entertainment/a-poetic-duet-unleashes-two-women-s-powers/,2017-03-24
https://observer.ug/lifestyle-entertainment/avoiding-annoying-things-on-the-road/,2017-03-26
https://observer.ug/news/40-students-injured-in-separate-road-accidents/,2017-03-26
https://observer.ug/education/parliament-must-stand-for-better-school-standards/,2017-03-27
https://observer.ug/education/anansi-sees-them-off-to-the-airport/,2017-03-27
https://observer.ug/education/ugandans-win-johnson-johnson-africa-award/,2017-03-27
https://observer.ug/education/secondary-schools-selection-exercise-who-is-in-control/,2017-03-27
https://observer.ug/education/education-in-prison-a-glass-half-full/,2017-03-27
https://observer.ug/education/here-is-why-govt-closed-1-300-illegal-schools/,2017-03-27
https://observer.ug/education/education-suspends-closure-of-schools/,2017-03-27
https://observer.ug/news/silence-the-children-s-parliament-in-session/,2017-03-27
https://observer.ug/news/gulu-residents-battle-authorities-over-evictions-from-road-reserves/,2017-03-27
https://observer.ug/news/igg-causing-financial-loss-on-mukono-katosi-road-lawyer/,2017-03-27
https://observer.ug/sports/kcca-fc-has-its-work-cut-out-against-egyptians/,2017-03-27
https://observer.ug/news/extortion-museveni-suspends-payment-of-kiboga-veterans/,2017-03-27
https://observer.ug/news/gulu-court-suspends-activities-over-sanitation-crisis/,2017-03-27
https://observer.ug/news/ntare-school-suspends-all-s-3-students-over-indiscipline/,2017-03-28
https://observer.ug/news/makerere-seeks-shs-12-9bn-to-clear-staff-incentive-arrears/,2017-03-28
https://observer.ug/business/project-documenting-minerals-in-africa-to-pilot-in-uganda/,2017-03-29
https://observer.ug/sports/kcca-falters/,2017-03-29
https://observer.ug/news/first-lady-to-mps-we-shall-close-more-illegal-schools/,2017-03-29
https://observer.ug/news/janet-insists-food-flasks-are-a-must-for-school-children/,2017-03-29
https://observer.ug/news/kaweesi-murder-cmi-iso-want-police-investigated/,2017-03-29
https://observer.ug/lifestyle-entertainment/star-trail-did-joseph-opio-write-trevor-noah-s-tweet/,2017-03-29
https://observer.ug/news/civil-aviation-managing-director-fired-in-public-interest-works/,2017-03-30
https://observer.ug/viewpoint/editorial-income-inequality-report-timely/,2017-03-31
https://observer.ug/news/how-karamoja-farmers-are-benefitting-from-solar-powered-irrigation-systems/,2017-03-31
https://observer.ug/news/teddy-cheeye-prison-is-good-as-you-get-to-reflect-on-life/,2017-03-31
https://observer.ug/sports/gulu-s-pece-stadium-to-get-facelift/,2017-03-31
https://observer.ug/special-editions/kicc-take-on-damani/,2017-03-31
https://observer.ug/lifestyle-entertainment/school-is-not-all-about-books-you-know/,2017-03-31
https://observer.ug/education/anansi-in-the-land-where-dogs-are-very-important/,2017-04-02
https://observer.ug/education/bugiri-sub-county-gets-first-secondary-school/,2017-04-03
https://observer.ug/education/nyakika-school-gets-four-classroom-blocks/,2017-04-03
https://observer.ug/education/who-is-to-blame-for-children-getting-to-school-at-6am/,2017-04-03
https://observer.ug/business/netherlands-supports-ugandan-farmers/,2017-04-03
https://observer.ug/news/katureebe-wants-powers-to-fire-judges/,2017-04-03
https://observer.ug/sports/kcca-blows-league-open/,2017-04-03
https://observer.ug/news/ura-closes-lira-hotel-over-shs-173m-tax-arrears/,2017-04-04
https://observer.ug/sports/kcca-plot-el-masry-downfall/,2017-04-05
https://observer.ug/news/kcca-to-face-shs-226bn-budget-shortfall-in-new-musisi-tenure/,2017-04-05
https://observer.ug/news/igg-explains-how-corrupt-magistrate-got-away-lightly/,2017-04-05
https://observer.ug/news/how-secondary-school-dropout-runs-literacy-classes-in-moroto/,2017-04-05
https://observer.ug/lifestyle-entertainment/star-trail-first-daughter-s-film-project-met-with-mixed-reactions/,2017-04-05
https://observer.ug/lifestyle-entertainment/tuma-promises-new-approach-to-awarding-music-excellence/,2017-04-05
https://observer.ug/lifestyle-entertainment/juliana-kanyomozi-comeback-haunted-by-plagiarism-ghost/,2017-04-05
https://observer.ug/news/parliament-passes-anti-terrorism-amendment-bill-2017/,2017-04-06
https://observer.ug/news/judges-face-punishment-over-delayed-judgements/,2017-04-06
https://observer.ug/viewpoint/your-mail-let-s-discuss-menstruation-to-keep-our-girls-in-school/,2017-04-07
https://observer.ug/news/jinja-hospital-stuck-with-mental-health-patients/,2017-04-07
https://observer.ug/news/mbidde-we-are-not-scared-of-nambooze/,2017-04-07
https://observer.ug/sports/cricket-league-tikolo-s-damani-take-on-patidar/,2017-04-07
https://observer.ug/sports/kcca-fired-up-for-el-masry/,2017-04-07
https://observer.ug/lifestyle-entertainment/weekend-guide-zzina-awards/,2017-04-07
https://observer.ug/lifestyle-entertainment/understand-road-signs-to-avoid-accidents/,2017-04-07
https://observer.ug/education/ingenious-school-lunch-initiatives-needed/,2017-04-10
https://observer.ug/education/education-to-continue-infrastructure-growth/,2017-04-10
https://observer.ug/news/mp-wakabi-rich-kampalans-are-grabbing-bunyoro-land/,2017-04-10
https://observer.ug/news/kcca-ordinance-to-regulate-boda-boda-industry-in-offing/,2017-04-10
https://observer.ug/news/50-caos-town-clerks-face-sack-over-audit-queries/,2017-04-10
https://observer.ug/news/rwenzururu-royal-guard-delivers-from-prison/,2017-04-10
https://observer.ug/news/bobi-wine-was-occupying-busabala-land-illegally-buganda/,2017-04-11
https://observer.ug/news/transformer-falls-on-moving-vehicle-along-dewinton-road/,2017-04-11
https://observer.ug/viewpoint/who-will-arrest-the-president-over-corruption/,2017-04-12
https://observer.ug/business/nssf-to-send-payment-alerts/,2017-04-12
https://observer.ug/business/unra-to-introduce-road-tolls-on-expressways/,2017-04-12
https://observer.ug/business/govt-reduces-power-tariffs/,2017-04-12
https://observer.ug/lifestyle-entertainment/sheebah-karungi-dominates-zzina-awards/,2017-04-12
https://observer.ug/lifestyle-entertainment/putting-kiruddu-hospital-deaths-into-context/,2017-04-13
https://observer.ug/news/fighting-corruption-now-an-open-war-museveni/,2017-04-13
https://observer.ug/news/roads-and-security-now-kcca-priority-musisi/,2017-04-13
https://observer.ug/viewpoint/can-vulgarity-contribute-to-broadening-what-we-say-in-our-civic-spaces/,2017-04-14
https://observer.ug/sports/kcca-aims-at-caf-money-bracket/,2017-04-14
https://observer.ug/news/observer-scoops-5-accolades-at-national-journalism-awards/,2017-04-14
https://observer.ug/news/uia-a-history-littered-with-politics-fraud-and-scandals/,2017-04-14
https://observer.ug/news/new-law-empowers-public-to-access-leaders-wealth/,2017-04-14
https://observer.ug/news/karuma-dam-workers-on-strike-over-wages/,2017-04-14
https://observer.ug/lifestyle-entertainment/pablo-the-power-of-easter/,2017-04-15
https://observer.ug/sports/kcca-eject-egypt-s-al-masry-from-confederations-cup/,2017-04-16
https://observer.ug/education/schools-teachers-warned-on-student-violence/,2017-04-16
https://observer.ug/business/entebbe-airport-expansion-drive-progresses/,2017-04-17
https://observer.ug/news/16-arrested-in-anti-kabaka-land-protests/,2017-04-18
https://observer.ug/news/one-dead-as-bridge-caves-in-on-tirinyi-road/,2017-04-18
https://observer.ug/viewpoint/when-kcca-officials-attempted-to-blackmail-me/,2017-04-19
https://observer.ug/business/nwsc-staff-to-set-their-own-targets/,2017-04-19
https://observer.ug/business/lake-mburo-park-fights-off-herders-amid-water-shortage/,2017-04-19
https://observer.ug/business/uganda-defaults-on-afdb-payments-reduces-stake/,2017-04-19
https://observer.ug/business/govt-pays-billions-in-taxes-for-aya-bidco-quality-chemicals/,2017-04-19
https://observer.ug/sports/ura-visits-kcca-at-lugogo/,2017-04-19
https://observer.ug/news/katikkiro-mayiga-distances-buganda-from-land-evictions/,2017-04-19
https://observer.ug/lifestyle-entertainment/star-trail-kabaka-walks-out-on-cindy/,2017-04-19
https://observer.ug/lifestyle-entertainment/youth-enjoy-holy-ghost-party/,2017-04-19
https://observer.ug/news/ugandan-health-workers-lead-the-way-at-women-in-focus-awards/,2017-04-19
https://observer.ug/news/kabafunzaki-arrest-cabinet-upbeat-on-corruption-fight-bahati/,2017-04-20
https://observer.ug/news/brainstorm-high-school-closed-after-violent-strike/,2017-04-20
https://observer.ug/viewpoint/your-mail-let-s-abhor-corruption-like-we-do-witchcraft/,2017-04-21
https://observer.ug/sports/kante-deserves-best-epl-player-award/,2017-04-21
https://observer.ug/sports/villa-must-beat-kcca-to-keep-hopes-alive/,2017-04-21
https://observer.ug/lifestyle-entertainment/pj-powers-to-headline-charity-concert/,2017-04-21
https://observer.ug/news/kabaka-land-mabirizi-files-fresh-suit-against-buganda/,2017-04-21
https://observer.ug/news/why-updf-abandoned-hunt-for-kony-in-car/,2017-04-21
https://observer.ug/news/over-2500-sit-for-law-school-pre-entry-exams-at-makerere/,2017-04-23
https://observer.ug/education/why-schools-don-t-promote-good-reading-values/,2017-04-24
https://observer.ug/education/ucu-launches-shs-1-7bn-on-campus-roads-project/,2017-04-24
https://observer.ug/education/bridge-schools-submit-28-academies-for-licensing/,2017-04-24
https://observer.ug/viewpoint/of-luzira-prisoners-and-their-neighbours/,2017-04-24
https://observer.ug/sports/kcca-host-vipers-in-highly-billed-upl-match/,2017-04-24
https://observer.ug/news/take-hepatitis-b-fight-to-schools-ngo-tells-government/,2017-04-24
https://observer.ug/news/wolokoso-janet-asks-umi-to-find-out-why-corruption-is-rampant/,2017-04-24
https://observer.ug/news/bishop-ssemwogerere-corruption-battle-hard-to-win/,2017-04-24
https://observer.ug/news/mps-throw-out-substandard-ministerial-land-statement/,2017-04-24
https://observer.ug/news/kcca-an-agent-of-satan-nsaba-buturo/,2017-04-24
https://observer.ug/news/makerere-suspends-procurement-officers-over-fraud/,2017-04-25
https://observer.ug/news/wealth-creation-will-solve-petty-school-problems-janet/,2017-04-25
https://observer.ug/news/dr-stella-nyanzi-sent-back-to-luzira-prison/,2017-04-25
https://observer.ug/viewpoint/buganda-land-board-is-costing-kingdom-goodwill/,2017-04-26
https://observer.ug/viewpoint/nothing-to-sell-but-museveni-is-looking-for-foreign-markets/,2017-04-26
https://observer.ug/business/world-bank-lauds-uganda-on-energy-sector-improvements/,2017-04-26
https://observer.ug/business/eskom-troubles-loom-large-as-uegcl-eyes-fresh-funds/,2017-04-26
https://observer.ug/sports/kcca-to-know-caf-opponents-today/,2017-04-26
https://observer.ug/lifestyle-entertainment/star-trail-agatha-s-hardest-emceeing-gig-ever/,2017-04-26
https://observer.ug/lifestyle-entertainment/mulago-s-ultra-modern-women-s-hospital-to-be-ready-this-july/,2017-04-26
https://observer.ug/lifestyle-entertainment/survival-is-for-the-fittest-preemies-at-gulu-hospital/,2017-04-26
https://observer.ug/lifestyle-entertainment/parliament-s-breastfeeding-centre-leads-way-for-women-at-the-workplace/,2017-04-26
https://observer.ug/viewpoint/your-mail-kawempe-general-hospital-rein-in-errant-gatekeepers/,2017-04-28
https://observer.ug/business/govt-prioritises-roads-but-doubts-linger-on-efficiency/,2017-04-28
https://observer.ug/sports/in-form-express-await-kcca-lads/,2017-04-28
https://observer.ug/news/kcca-pentecostal-leaders-agree-to-register-street-preachers/,2017-04-28
https://observer.ug/news/lra-defector-i-saw-no-hope-in-fighting-a-losing-battle/,2017-04-28
https://observer.ug/news/govt-suspends-work-at-parliament-printing-press/,2017-04-28
https://observer.ug/news/mubende-residents-sue-buganda-prince-over-land-evictions/,2017-04-28
https://observer.ug/news/shs-6bn-probe-museveni-opens-up-to-mps-about-oil/,2017-04-28
https://observer.ug/education/editorial-ministry-school-owners-meeting-a-good-beginning/,2017-05-01
https://observer.ug/education/water-shortage-cripples-gulu-university-work/,2017-05-01
https://observer.ug/education/gulu-s-special-needs-children-miss-school/,2017-05-01
https://observer.ug/education/school-owners-protest-lack-of-govt-support/,2017-05-01
https://observer.ug/sports/kcca-has-nothing-to-lose-in-caf-confederation-cup/,2017-05-01
https://observer.ug/sports/kcca-away-at-jmc/,2017-05-01
https://observer.ug/business/govt-allocates-paltry-funds-for-kabaale-airport/,2017-05-01
https://observer.ug/news/court-rejects-kigongo-bid-to-evict-partner-olive/,2017-05-01
https://observer.ug/news/oil-cash-probe-mps-beg-from-museveni/,2017-05-01
https://observer.ug/news/general-elwelu-awarded-rwenzori-star-medal/,2017-05-01
https://observer.ug/news/algeria-to-oversee-uganda-s-cctv-camera-project/,2017-05-02
https://observer.ug/business/bujagali-dam-intervention-will-not-deliver-results/,2017-05-03
https://observer.ug/business/gotv-rolls-out-school-fees-promo/,2017-05-03
https://observer.ug/sports/observer-locker-liverpool-kcca-junkies-talk-big/,2017-05-03
https://observer.ug/sports/rains-dampen-cricket-cranes-preparations/,2017-05-03
https://observer.ug/sports/kcca-two-wins-away-from-title/,2017-05-03
https://observer.ug/news/ps-atwine-sued-over-contract/,2017-05-03
https://observer.ug/news/unra-on-spot-over-chinese-contracts/,2017-05-03
https://observer.ug/lifestyle-entertainment/star-trail-michael-ross-falls-victim-to-fake-umeme-twitter-savagery/,2017-05-03
https://observer.ug/lifestyle-entertainment/poland-brings-light-to-mpunge-health-center-iii/,2017-05-03
https://observer.ug/news/minister-amongi-questions-buganda-land-title-registration/,2017-05-03
https://observer.ug/news/police-to-abandon-utl-phone-lines/,2017-05-04
https://observer.ug/news/lawyer-kasango-acquitted-over-fraud/,2017-05-04
https://observer.ug/viewpoint/kanyeihamba-rushed-to-misrepresent-kcca-staff/,2017-05-04
https://observer.ug/news/survey-hospitals-lack-lifesaving-tools-for-newborns/,2017-05-05
https://observer.ug/news/hospitals-more-sick-than-patients-mps/,2017-05-05
https://observer.ug/news/mps-tell-unra-to-return-unspent-monies/,2017-05-05
https://observer.ug/lifestyle-entertainment/buzz-teeniez-awards-return/,2017-05-05
https://observer.ug/news/auditor-general-no-money-for-karuma-isimba-audit/,2017-05-06
https://observer.ug/news/tumwine-defends-igp-kayihura-contract-extension/,2017-05-07
https://observer.ug/news/red-pepper-to-appeal-shs-425m-defamation-court-award/,2017-05-07
https://observer.ug/education/milestones-junior-school-showcases-reading-skills/,2017-05-08
https://observer.ug/education/kakira-ss-wins-busoga-schools-debating-competition/,2017-05-08
https://observer.ug/sports/unstoppable-kcca/,2017-05-08
https://observer.ug/viewpoint/criticism-of-buganda-s-new-land-policy-is-not-justified/,2017-05-08
https://observer.ug/news/wolokoso-opponent-teases-bobi-wine-no-a-cappella-session-in-parliament/,2017-05-08
https://observer.ug/news/land-wrangle-kasese-families-seek-justice/,2017-05-08
https://observer.ug/news/karuma-isimba-dam-audits-in-limbo-over-lack-of-funds/,2017-05-08
https://observer.ug/news/police-ssekikubo-cited-in-land-dispute/,2017-05-08
https://observer.ug/news/two-held-for-theft-of-street-lights-along-salama-road/,2017-05-09
https://observer.ug/news/bwanika-wants-m7-book-reviewed-before-distribution-to-schools/,2017-05-09
https://observer.ug/news/kampala-govt-retables-bill-to-clip-lord-mayor-s-powers/,2017-05-09
https://observer.ug/business/nssf-wins-top-award/,2017-05-09
https://observer.ug/business/national-water-govt-plan-to-cut-prices-of-water/,2017-05-10
https://observer.ug/sports/12th-crown-for-kcca/,2017-05-10
https://observer.ug/news/kulata-named-as-land-probe-starts-work/,2017-05-10
https://observer.ug/news/officers-use-torches-in-dingy-judicial-building/,2017-05-10
https://observer.ug/news/police-investigates-shs-10bn-umeme-bulb-saga/,2017-05-10
https://observer.ug/business/ura-forms-committee-to-regulate-tax-agents/,2017-05-11
https://observer.ug/lifestyle-entertainment/makerere-s-college-of-health-science-to-take-over-university-hospital/,2017-05-11
https://observer.ug/viewpoint/your-mail-adopt-harmonized-approach-to-settling-court-awards/,2017-05-12
https://observer.ug/business/siemens-signs-power-deal-with-uganda/,2017-05-12
https://observer.ug/news/parliament-passes-bill-halting-charging-rent-in-dollars/,2017-05-12
https://observer.ug/sports/observer-locker-kcca-junkies-torment-villa/,2017-05-12
https://observer.ug/sports/kcca-switch-to-african-duty/,2017-05-12
https://observer.ug/lifestyle-entertainment/buzz-teeniez-awards-to-have-a-host-of-djs/,2017-05-12
https://observer.ug/lifestyle-entertainment/my-mother-abandoned-me-in-childhood/,2017-05-12
https://observer.ug/viewpoint/mayanja-got-it-wrong-on-land-and-the-kabaka/,2017-05-15
https://observer.ug/viewpoint/kudos-to-parliament-for-passing-law-ending-payment-of-rent-in-dollars/,2017-05-15
https://observer.ug/news/tooro-elders-soldiers-big-shots-are-grabbing-our-kingdom-land/,2017-05-15
https://observer.ug/news/opposition-plot-to-fight-kcca-bill/,2017-05-15
https://observer.ug/news/schools-advised-against-expelling-homosexuals/,2017-05-16
https://observer.ug/sports/mutebi-kcca-to-return-stronger/,2017-05-17
https://observer.ug/business/uganda-south-sudan-to-regulate-goods-quality/,2017-05-17
https://observer.ug/news/about-90-per-cent-of-land-surveyors-are-unregistered/,2017-05-17
https://observer.ug/news/state-house-spent-shs-2-4-billion-on-makerere-probe/,2017-05-17
https://observer.ug/news/10-years-later-unra-moves-to-compensate-mityana-residents/,2017-05-17
https://observer.ug/news/parliament-extends-sim-card-registration-by-another-year/,2017-05-18
https://observer.ug/viewpoint/your-mail-govt-shouldn-t-use-refinery-land-before-compensating-us/,2017-05-19
https://observer.ug/viewpoint/here-is-why-our-economic-policy-approach-is-defective/,2017-05-19
https://observer.ug/lifestyle-entertainment/club-dj-awards-finale-at-lido-beach/,2017-05-19
https://observer.ug/news/kadaga-wants-minister-tumwebaze-probed-over-sim-cards/,2017-05-19
https://observer.ug/business/nssf-starts-pre-sale-of-shs-650m-housing-units/,2017-05-20
https://observer.ug/news/govt-domestic-arrears-hit-shs-2-7-trillion/,2017-05-21
https://observer.ug/news/kcca-to-introduce-21-new-taxes-hikes-fees-on-23-other-items/,2017-05-21
https://observer.ug/education/encourage-practical-work-in-schools/,2017-05-22
https://observer.ug/education/schools-get-app-development-skills/,2017-05-22
https://observer.ug/education/lwengo-school-seeks-out-its-old-pupils/,2017-05-22
https://observer.ug/education/schools-increase-fees-govt-threatens-action/,2017-05-22
https://observer.ug/news/lukwago-we-ll-have-no-power-if-kcca-bill-passes/,2017-05-22
https://observer.ug/sports/powerful-start-for-power/,2017-05-23
https://observer.ug/sports/champs-kcca-plot-for-club-africain/,2017-05-23
https://observer.ug/news/3-dead-as-critical-blood-shortage-hits-luweero-hospitals/,2017-05-23
https://observer.ug/viewpoint/why-govt-should-fund-buganda-s-land-approach/,2017-05-24
https://observer.ug/business/stolen-bulbs-a-small-thing-umeme/,2017-05-24
https://observer.ug/sports/observer-locker-junkies-mock-arsenal-over-failed-cl-bid/,2017-05-24
https://observer.ug/sports/kcca-edge-africain/,2017-05-24
https://observer.ug/lifestyle-entertainment/it-was-an-all-central-affair-at-dj-awards/,2017-05-24
https://observer.ug/news/ict-innovations-awards-gala-starts-today/,2017-05-24
https://observer.ug/news/ugandan-workers-to-blame-for-being-abused-abroad/,2017-05-24
https://observer.ug/news/parliament-approves-5-year-bujagali-tax-waiver/,2017-05-25
https://observer.ug/news/police-to-officers-keep-off-land-quarrels/,2017-05-26
https://observer.ug/news/mps-disagree-over-utl-probe-results/,2017-05-26
https://observer.ug/news/justice-mugambe-s-landmark-ruling-in-line-for-global-award/,2017-05-26
https://observer.ug/news/kcca-powerless-over-naguru-shimoni-project-delays-musisi/,2017-05-26
https://observer.ug/lifestyle-entertainment/ugandan-mangoes-bogoyas-deserve-a-place-in-uk-supermarket/,2017-05-26
https://observer.ug/news/judiciary-closes-bail-deposit-bank-accounts-over-fraud/,2017-05-26
https://observer.ug/business/uganda-receives-shs-6-2bn-from-france-for-power/,2017-05-26
https://observer.ug/education/cnooc-awards-boost-academics-in-hoima/,2017-05-29
https://observer.ug/business/uganda-tanzania-sign-pipeline-deal/,2017-05-29
https://observer.ug/sports/advantage-kcca/,2017-05-29
https://observer.ug/news/dp-to-honour-ben-kiwanuka-with-a-multibillion-building/,2017-05-29
https://observer.ug/news/former-lands-ministers-explain-loopholes-breeding-land-conflicts/,2017-05-29
https://observer.ug/news/govt-to-mengo-back-off-state-house-land/,2017-05-29
https://observer.ug/news/kamya-musisi-row-at-kcca-escalates/,2017-05-29
https://observer.ug/news/parliament-seeks-shs-77-billion-supplementary-budget/,2017-05-29
https://observer.ug/lifestyle-entertainment/uganda-music-awards-releases-nominee-list/,2017-05-30
https://observer.ug/news/hospital-holds-mother-twins-for-five-months-over-unpaid-bills/,2017-05-30
https://observer.ug/viewpoint/lands-minister-should-support-smooth-land-registration/,2017-05-31
https://observer.ug/viewpoint/museveni-has-always-plotted-for-buganda-land/,2017-05-31
https://observer.ug/business/eac-secretariat-riddled-with-fraud-as-staff-drench-in-cash/,2017-05-31
https://observer.ug/sports/kcca-into-cup-final/,2017-05-31
https://observer.ug/news/new-road-equipment-fitted-with-gps-tracking-devices/,2017-05-31
https://observer.ug/special-editions/star-trail-rita-love-wedding-bells/,2017-05-31
https://observer.ug/news/opposition-cry-foul-as-parliament-approves-shs-29tn-budget/,2017-06-01
https://observer.ug/news/drama-as-bamugemereire-visits-wakiso-lands-office/,2017-06-01
https://observer.ug/news/museveni-directs-igg-to-investigate-uwa-executive-director/,2017-06-01
https://observer.ug/news/hospital-holding-three-more-mothers-over-unpaid-bills/,2017-06-01
https://observer.ug/viewpoint/in-defense-of-religious-freedom-but-not-fraud/,2017-06-02
https://observer.ug/business/invisible-children-looks-up-to-agoa-to-tap-us-market/,2017-06-02
https://observer.ug/sports/kcca-host-rivers/,2017-06-02
https://observer.ug/news/parliament-passes-budget-amid-big-cuts/,2017-06-02
https://observer.ug/news/kagadi-masindi-hospitals-stuck-with-expired-drugs/,2017-06-02
https://observer.ug/news/suspected-ebola-patient-isolated-at-lacor-hospital/,2017-06-04
https://observer.ug/news/will-fdc-retain-kyadondo-east-parliamentary-seat/,2017-06-05
https://observer.ug/news/uganda-s-forest-and-wetland-cover-in-focus-on-world-environment-day/,2017-06-05
https://observer.ug/viewpoint/your-mail-the-mystery-of-justice-vis-a-vis-the-power-of-money-politics/,2017-06-05
https://observer.ug/viewpoint/zari-a-case-of-gender-inequality-in-uganda/,2017-06-05
https://observer.ug/viewpoint/if-i-was-an-african-president-i-wouldn-t-quit-power-either/,2017-06-05
https://observer.ug/education/law-society-to-set-up-100-clubs-in-universities-schools/,2017-06-05
https://observer.ug/education/govt-report-on-school-fees-coming-out-soon/,2017-06-05
https://observer.ug/news/mining-industry-infested-with-corruption-from-bottom-to-top/,2017-06-06
https://observer.ug/sports/magogo-s-2019-project-set-to-face-litmus-test/,2017-06-06
https://observer.ug/news/mak-staff-cite-fraud-in-management-of-varsity-internship-fees/,2017-06-06
https://observer.ug/news/uetcl-blames-project-delays-on-long-land-acquisition-process/,2017-06-07
https://observer.ug/news/how-conmen-surveyors-fleece-public-at-wakiso-land-office/,2017-06-07
https://observer.ug/news/my-long-stay-in-power-is-good-says-museveni/,2017-06-07
https://observer.ug/news/karamoja-schools-aid-project-wins-award/,2017-06-07
https://observer.ug/news/kenya-impasse-cripples-east-african-parliament/,2017-06-07
https://observer.ug/news/mugambe-s-judgement-wins-people-s-choice-global-award/,2017-06-07
https://observer.ug/lifestyle-entertainment/fashion-quality-over-quantity-but/,2017-06-08
https://observer.ug/lifestyle-entertainment/sex-talk-good-old-fashioned-works-just-fine-for-me/,2017-06-08
https://observer.ug/lifestyle-entertainment/what-has-your-child-packed-back-to-school/,2017-06-12
https://observer.ug/lifestyle-entertainment/don-t-marry-off-your-pregnant-school-going-daughter/,2017-06-12
https://observer.ug/education/school-heads-need-to-lift-reputation/,2017-06-12
https://observer.ug/education/where-pupils-teachers-parents-prefer-gold-mining-to-schooling/,2017-06-12
https://observer.ug/news/hundreds-of-karimojong-pastoralists-return-home-from-grazing-abroad/,2017-06-12
https://observer.ug/news/expectant-mothers-fight-for-space-at-kagadi-hospital/,2017-06-12
https://observer.ug/news/museveni-warns-land-grabbers/,2017-06-12
https://observer.ug/sports/saddam-juma-predicament-puts-fufa-clubs-on-the-spot/,2017-06-12
https://observer.ug/news/councillors-summon-minister-kamya-over-kcca-bill/,2017-06-12
https://observer.ug/business/water-prices-to-drop-by-50-per-cent-says-minister-cheptoris/,2017-06-14
https://observer.ug/business/gulu-traders-heap-blame-on-umeme-for-power-blackouts/,2017-06-14
https://observer.ug/business/new-taxes-to-raise-shs-400bn-as-ura-toughens-on-landlords/,2017-06-14
https://observer.ug/news/apaa-land-conflict-divides-acholi-madi-communities/,2017-06-14
https://observer.ug/news/police-probes-controversial-tororo-letter-as-fight-over-district-escalates/,2017-06-14
https://observer.ug/news/fifa-probes-magogo-over-illegal-sale-of-world-cup-tickets/,2017-06-14
https://observer.ug/news/queen-of-england-recognises-three-young-ugandans/,2017-06-14
https://observer.ug/sports/junkies-surprised-by-cranes-win-away-to-cape-verde-islands/,2017-06-14
https://observer.ug/viewpoint/understanding-the-deepening-land-crisis/,2017-06-16
https://observer.ug/news/museveni-blames-corrupt-officials-for-dott-debacle/,2017-06-16
https://observer.ug/sports/ssalongo-kcca/,2017-06-16
https://observer.ug/news/corruption-jinja-officials-snub-meeting-with-igg/,2017-06-16
https://observer.ug/news/children-petition-parliament-over-contraceptives/,2017-06-17
https://observer.ug/lifestyle-entertainment/how-empowered-is-your-parenting-partner/,2017-06-18
https://observer.ug/sports/kcca-s-first-double-washes-away-previous-heartbreaks/,2017-06-19
https://observer.ug/sports/kcca-reign-in-arua-after-cup-triumph/,2017-06-19
https://observer.ug/sports/kcca-off-to-rivers/,2017-06-19
https://observer.ug/news/fdc-adopts-november-election-roadmap-amid-funding-concerns/,2017-06-19
https://observer.ug/news/owana-survives-ubc-sack-but-has-powers-reduced/,2017-06-19
https://observer.ug/business/kasekende-open-up-pension-sector-to-grow-capital-markets/,2017-06-19
https://observer.ug/education/muteesa-i-royal-university-to-upgrade-prison-training/,2017-06-20
https://observer.ug/news/police-torture-court-to-blame-for-delayed-prosecution-dpp/,2017-06-20
https://observer.ug/viewpoint/health-services-buildings-good-but-services-better/,2017-06-21
https://observer.ug/sports/kcca-drown-at-rivers-united/,2017-06-21
https://observer.ug/news/land-probe-how-kcca-cemeteries-were-grabbed-piece-by-piece/,2017-06-21
https://observer.ug/news/fire-guts-two-dormitories-at-kyeizooba-girls-school/,2017-06-21
https://observer.ug/news/probe-recommends-oil-cash-beneficiaries-refund-the-money/,2017-06-21
https://observer.ug/news/updf-captain-accused-of-harassing-relatives-over-land/,2017-06-22
https://observer.ug/education/hajjat-kakumba-plans-to-revive-mariam-high-school-s-lost-glory/,2017-06-22
https://observer.ug/education/tackling-the-dilemma-of-sanitary-pads-that-kicks-girls-out-of-school/,2017-06-22
https://observer.ug/news/councillors-pass-resolution-to-withdrawal-kcca-amendment-bill/,2017-06-22
https://observer.ug/sports/observer-locker-kcca-going-nowhere-in-caf/,2017-06-23
https://observer.ug/news/marriage-and-divorce-bill-back-on-parliament-s-radar/,2017-06-23
https://observer.ug/news/buganda-royal-fight-threatens-multi-billion-hospital-project/,2017-06-23
https://observer.ug/news/moses-ali-i-am-ready-for-prison-over-apaa-land-clashes/,2017-06-23
https://observer.ug/news/investigate-sgs-vehicle-inspection-mps-demand/,2017-06-23
https://observer.ug/news/mps-block-govt-bid-to-quash-oil-probe-verdict/,2017-06-23
https://observer.ug/news/un-helicopter-damages-classroom-block-in-arua/,2017-06-23
https://observer.ug/news/bamugemereire-orders-arrest-of-lands-registrar-for-telling-lies/,2017-06-23
https://observer.ug/lifestyle-entertainment/mukula-investing-in-produce-to-quit-parliament-after-two-terms/,2017-06-24
https://observer.ug/news/ura-lawyer-to-sue-parliament-over-shs-6bn-oil-cash-bonanza/,2017-06-24
https://observer.ug/news/workers-strike-stalls-construction-at-bou-currency-centre/,2017-06-25
https://observer.ug/education/kampala-parents-school-warns-on-internet-use/,2017-06-26
https://observer.ug/education/makerere-s-albert-cook-library-for-expansion/,2017-06-26
https://observer.ug/education/mildmay-uganda-launches-plan-for-teaching-hospital/,2017-06-26
https://observer.ug/business/kadaga-chides-government-over-islamic-banking-delay/,2017-06-26
https://observer.ug/viewpoint/budget-must-urgently-address-growing-inequality/,2017-06-26
https://observer.ug/special-editions/karamoja-turkana-mini-arms-race-derails-govt-s-disarmament-exercise/,2017-06-26
https://observer.ug/news/uganda-fights-to-stop-damning-money-laundering-indictment/,2017-06-26
https://observer.ug/news/police-shoots-3-students-in-kacheera-high-school-strike/,2017-06-26
https://observer.ug/news/museveni-pays-tribute-to-maria-mutagamba-at-parliament/,2017-06-27
https://observer.ug/business/unbs-introduces-quality-tests-for-local-steel-firms/,2017-06-28
https://observer.ug/business/young-entrepreneur-on-mission-to-sell-uganda-to-uk-s-midlands/,2017-06-28
https://observer.ug/sports/glamour-as-kcca-award-their-best/,2017-06-28
https://observer.ug/lifestyle-entertainment/star-trail-besigye-s-tormentor-turns-to-god/,2017-06-28
https://observer.ug/news/blacksmith-held-over-vandalising-road-signs/,2017-06-28
https://observer.ug/lifestyle-entertainment/school-is-no-longer-the-place-for-innocents/,2017-06-29
https://observer.ug/news/kyadondo-east-bobi-wine-headed-for-landslide-victory/,2017-06-29
https://observer.ug/viewpoint/why-ura-s-sekatawa-must-respect-parliament/,2017-06-30
https://observer.ug/viewpoint/will-the-masses-stop-the-age-limit-project/,2017-06-30
https://observer.ug/viewpoint/iron-hand-needed-for-people-who-vandalise-road-furniture/,2017-06-30
https://observer.ug/news/gmo-bill-back-in-parliament-after-three-years-on-shelf/,2017-06-30
https://observer.ug/news/kadaga-orders-probe-into-sgs-contract-award/,2017-06-30
https://observer.ug/news/bobi-wine-from-the-ghetto-to-parliament/,2017-06-30
https://observer.ug/business/mubende-gold-row-museveni-petitioned-over-eviction-notice/,2017-06-30
https://observer.ug/lifestyle-entertainment/chameleone-promises-fireworks-at-lugogo/,2017-06-30
https://observer.ug/news/sir-samuel-baker-school-closed-over-violent-student-strike/,2017-06-30
https://observer.ug/sports/observer-locker-are-star-players-worth-the-value-on-the-market/,2017-07-01
https://observer.ug/news/world-cup-tickets-fifa-step-up-probe-against-uganda/,2017-07-01
https://observer.ug/sports/kcca-take-on-fus-rabat-in-a-must-win-tie/,2017-07-01
https://observer.ug/lifestyle-entertainment/holistic-information-is-power-kit-for-children/,2017-07-02
https://observer.ug/sports/kcca-humble-morocco-s-fus-rabat-3-1-at-lugogo/,2017-07-02
https://observer.ug/viewpoint/your-mail-take-precautions-before-considering-nuclear-energy/,2017-07-03
https://observer.ug/news/nakumatt-evicted-from-three-malls/,2017-07-03
https://observer.ug/news/mutagamba-felt-abandoned-kadaga/,2017-07-03
https://observer.ug/sports/buzangu-magic-downs-power/,2017-07-03
https://observer.ug/lifestyle-entertainment/pj-powers-performs-for-charity-at-serena/,2017-07-04
https://observer.ug/viewpoint/bobi-wine-and-the-epidemic-of-parliamentary-politicianism/,2017-07-05
https://observer.ug/business/uganda-road-fund-to-release-shs-400bn/,2017-07-05
https://observer.ug/business/global-survey-rates-rwenzori-water-as-best-super-brand-in-uganda/,2017-07-05
https://observer.ug/business/june-inflation-drops-as-food-prices-ease/,2017-07-05
https://observer.ug/sports/kcca-fc-s-options-against-africain/,2017-07-05
https://observer.ug/lifestyle-entertainment/star-trail-barbie-vs-slay-queens/,2017-07-05
https://observer.ug/lifestyle-entertainment/sunday-school-not-just-day-care-centre/,2017-07-06
https://observer.ug/lifestyle-entertainment/lessons-from-belgium-the-land-of-tintin-and-bicycles/,2017-07-06
https://observer.ug/sports/do-or-die-for-kcca/,2017-07-07
https://observer.ug/news/us-envoy-wants-ugandans-empowered-like-americans/,2017-07-07
https://observer.ug/news/karuma-bridge-accident-victims-truck-still-missing/,2017-07-09
https://observer.ug/education/25-year-old-wins-facebook-award-for-boda-boda-app/,2017-07-10
https://observer.ug/education/illegal-schools-reluctant-to-register-their-learners/,2017-07-10
https://observer.ug/business/era-cuts-power-tariffs-by-1-7/,2017-07-10
https://observer.ug/viewpoint/is-political-interference-making-kcca-work-hell/,2017-07-10
https://observer.ug/sports/shs-1bn-for-kcca/,2017-07-10
https://observer.ug/news/karuma-bridge-accident-victims-named-still-missing/,2017-07-11
https://observer.ug/business/housing-finance-real-estate-firm-to-offer-shs-50m-houses/,2017-07-12
https://observer.ug/lifestyle-entertainment/star-trail-picture-moments-with-bobi-wine/,2017-07-12
https://observer.ug/news/lukwago-shuns-kcca-council-meeting-over-salary-arrears/,2017-07-13
https://observer.ug/news/when-ghetto-boss-excited-parliament/,2017-07-14
https://observer.ug/business/ethiopian-airlines-wins-global-award-for-best-airline-in-africa/,2017-07-14
https://observer.ug/sports/observer-locker-junkies-taunt-kcca-over-heavy-defeat-to-africain/,2017-07-14
https://observer.ug/news/karuma-isimba-dam-cracks-blamed-on-poor-ugandan-sand/,2017-07-14
https://observer.ug/news/59-bullets-recovered-from-little-angels-primary-school/,2017-07-14
https://observer.ug/news/kulata-given-15-days-to-file-defence-in-land-case/,2017-07-17
https://observer.ug/news/battle-lines-drawn-as-land-amendment-causes-uproar/,2017-07-17
https://observer.ug/education/bridge-concedes-to-ministry-guidelines/,2017-07-17
https://observer.ug/sports/after-caf-exit-kcca-focus-on-2018-season/,2017-07-17
https://observer.ug/sports/glamour-as-onyango-wins-uspa-award/,2017-07-17
https://observer.ug/news/ebola-research-unit-opened-at-fort-portal-hospital/,2017-07-18
https://observer.ug/news/school-strike-gulu-police-collects-blood-samples-from-students/,2017-07-18
https://observer.ug/education/not-all-illegal-schools-have-been-closed-down/,2017-07-18
https://observer.ug/news/percentage-of-road-users-willing-to-pay-for-tolls-drops-urf-report/,2017-07-18
https://observer.ug/business/oil-firms-awarded-exclusive-right-to-produce-gas-power/,2017-07-19
https://observer.ug/news/govt-sets-up-committee-to-investigate-old-kampala-ss/,2017-07-19
https://observer.ug/news/uganda-road-fund-calls-for-more-funding/,2017-07-19
https://observer.ug/news/minister-amongi-explains-why-gov-t-wants-new-land-law/,2017-07-19
https://observer.ug/news/how-age-limit-bill-can-end-up-in-parliament/,2017-07-19
https://observer.ug/lifestyle-entertainment/star-trail-west-nile-rwenzori-pick-miss-tourism/,2017-07-19
https://observer.ug/viewpoint/kyagulanyi-brokering-political-deals-is-inevitable-in-parliament/,2017-07-21
https://observer.ug/viewpoint/we-now-use-highways-at-the-mercy-of-vips/,2017-07-21
https://observer.ug/viewpoint/give-land-inquiry-money-and-by-all-means-act-on-its-report/,2017-07-21
https://observer.ug/business/uganda-aims-for-2-000mw-nuclear-power/,2017-07-21
https://observer.ug/news/report-nodding-disease-drugs-raise-appetite-libido-in-patients/,2017-07-21
https://observer.ug/news/probe-finds-gross-rot-in-youth-livelihood-program/,2017-07-21
https://observer.ug/news/opposition-groups-meet-to-foil-land-and-age-limit-plans/,2017-07-21
https://observer.ug/news/civil-society-voices-concerns-over-age-limit-land-amendment/,2017-07-21
https://observer.ug/lifestyle-entertainment/school-visits-are-part-of-career-development/,2017-07-22
https://observer.ug/viewpoint/even-smooth-wider-roads-must-still-be-user-friendly/,2017-07-24
https://observer.ug/news/mps-rally-against-land-age-changes-in-masaka/,2017-07-24
https://observer.ug/news/riotous-lcs-douse-otafiire-with-water/,2017-07-24
https://observer.ug/news/sudhir-challenges-bou-to-show-proof-of-fraud/,2017-07-24
https://observer.ug/news/why-land-bill-is-uphill-battle/,2017-07-24
https://observer.ug/news/mbale-hospital-patients-turned-away-due-to-lack-of-gloves/,2017-07-25
https://observer.ug/news/kagina-urges-ugandans-to-support-land-amendment-bill/,2017-07-25
https://observer.ug/viewpoint/changing-constitution-won-t-speed-up-projects/,2017-07-26
https://observer.ug/news/ag-reports-show-why-govt-may-fail-to-pay-landowners/,2017-07-26
https://observer.ug/news/rukutana-battles-to-sell-land-amendment-to-mps/,2017-07-26
https://observer.ug/sports/ea-schools-games-draw-close-as-ssaku-ss-eye-hoops-crown/,2017-07-26
https://observer.ug/sports/uganda-premier-league-awards-on-tonight/,2017-07-26
https://observer.ug/sports/uspa-award-boosts-judith-nansobya-to-lead-canons/,2017-07-26
https://observer.ug/news/kagina-blames-lobbyists-for-delaying-unra-projects/,2017-07-26
https://observer.ug/lifestyle-entertainment/star-trail-mary-luswata-resurrects/,2017-07-26
https://observer.ug/news/land-probe-kayihura-suspends-four-police-officers/,2017-07-26
https://observer.ug/lifestyle-entertainment/church-is-hospital-for-sinners/,2017-07-26
https://observer.ug/news/minister-otafiire-named-in-jinja-land-grabbing-saga/,2017-07-27
https://observer.ug/lifestyle-entertainment/kayunga-s-massive-evictions-leave-one-woman-alone-in-formerly-bustling-village/,2017-07-27
https://observer.ug/news/mp-kahonda-granted-bail-rearrested-taken-back-to-prison/,2017-07-27
https://observer.ug/news/museveni-s-brother-toyota-brokered-jinja-land-grab-deal/,2017-07-27
https://observer.ug/viewpoint/constitution-change-on-land-necessary-but-shouldn-t-undermine-property-rights/,2017-07-28
https://observer.ug/business/uganda-needs-shs-5tn-for-infrastructure-world-bank/,2017-07-28
https://observer.ug/sports/supersport-to-broadcast-live-wrestling-after-deal-with-wwe/,2017-07-28
https://observer.ug/news/mafabi-wants-central-bank-probed-over-crane-bank-mess/,2017-07-28
https://observer.ug/news/micho-quits-terminates-cranes-contract/,2017-07-29
https://observer.ug/lifestyle-entertainment/city-dude-recalling-my-school-coupling-days/,2017-07-29
https://observer.ug/lifestyle-entertainment/it-s-end-of-year-school-holidays/,2017-07-29
https://observer.ug/viewpoint/member-sates-need-comparative-advantage-when-using-nile-waters/,2017-07-31
https://observer.ug/education/uganda-martyrs-ss-namugongo-in-expansion-mode/,2017-07-31
https://observer.ug/education/jinja-parents-school-pupil-wins-essay-contest/,2017-07-31
https://observer.ug/news/otafiire-speaks-on-age-limit-land-changes/,2017-07-31
https://observer.ug/news/here-s-how-govt-plans-to-pass-land-amendment/,2017-07-31
https://observer.ug/sports/mtn-kcca-seal-shs-1-2bn-deal/,2017-07-31
https://observer.ug/news/buganda-to-govt-don-t-amend-land-laws-set-up-special-court/,2017-07-31
https://observer.ug/news/kcca-musisi-defies-kamya-on-city-councillors-pay-rise/,2017-07-31
https://observer.ug/lifestyle-entertainment/cindy-turns-bartender-at-the-space-lounge/,2017-08-01
https://observer.ug/business/poor-coffee-quality-hurts-our-exports/,2017-08-01
https://observer.ug/news/six-die-in-bundibugyo-road-accident/,2017-08-01
https://observer.ug/viewpoint/your-mail-govt-not-doing-enough-for-our-girls-abroad/,2017-08-02
https://observer.ug/viewpoint/uganda-needs-fair-standard-land-valuation-formulae-not-a-new-bill/,2017-08-02
https://observer.ug/viewpoint/federo-system-can-speed-up-public-projects/,2017-08-02
https://observer.ug/viewpoint/coffee-farmers-must-adhere-to-quality-control-measures/,2017-08-02
https://observer.ug/news/isimba-karuma-contractors-get-green-light-from-nema/,2017-08-02
https://observer.ug/news/how-jinja-officials-sold-govt-land-to-an-indian-investor/,2017-08-02
https://observer.ug/news/otafiire-we-will-change-land-bill/,2017-08-02
https://observer.ug/news/nakibinge-muslims-will-fight-land-amendment/,2017-08-02
https://observer.ug/news/73-of-mps-say-no-to-land-bill/,2017-08-02
https://observer.ug/news/businessman-sk-mbuga-donates-ambulances-promises-hospital/,2017-08-02
https://observer.ug/news/govt-should-only-seize-idle-land-alur-premier/,2017-08-02
https://observer.ug/lifestyle-entertainment/bobi-wine-calls-for-uganda-museum-renovation/,2017-08-03
https://observer.ug/news/controversy-as-jinja-lease-file-goes-missing-at-lands-registry/,2017-08-03
https://observer.ug/lifestyle-entertainment/meet-7-year-old-pastor-muto-that-prayed-bobi-wine-to-parliament-win/,2017-08-03
https://observer.ug/news/jinja-bridge-40-percent-complete/,2017-08-03
https://observer.ug/viewpoint/is-the-land-amendment-bill-a-trojan-horse/,2017-08-03
https://observer.ug/news/unfpa-project-offers-teen-mothers-new-life/,2017-08-04
https://observer.ug/news/otafiire-movit-tycoon-should-be-brought-to-book-over-jinja-land/,2017-08-04
https://observer.ug/lifestyle-entertainment/the-uganda-music-awards-set-for-today/,2017-08-04
https://observer.ug/news/police-starts-evicting-mubende-illegal-miners/,2017-08-04
https://observer.ug/news/police-battles-with-vendors-at-kcca-over-colleague-s-death/,2017-08-04
https://observer.ug/news/dead-woman-in-kcca-scuffle-identified/,2017-08-04
https://observer.ug/news/land-probe-former-ntungamo-magistrate-arrested/,2017-08-05
https://observer.ug/sports/former-cranes-coach-micho-glad-to-join-orlando-pirates/,2017-08-05
https://observer.ug/news/construction-of-uganda-s-oil-pipeline-flagged-off-in-tanzania/,2017-08-05
https://observer.ug/news/drowned-hawker-lukwago-calls-for-arrest-of-kcca-officers/,2017-08-06
https://observer.ug/viewpoint/open-letter-to-lands-minister-on-amuru-land/,2017-08-07
https://observer.ug/viewpoint/kcca-must-urgently-change-its-approach-to-law-enforcement/,2017-08-07
https://observer.ug/news/friendship-hospital-naguru-in-acute-medicine-shortage/,2017-08-07
https://observer.ug/news/nrm-strategists-plan-to-kill-land-bill/,2017-08-07
https://observer.ug/news/acholi-mps-dare-minister-betty-amongi-on-land/,2017-08-09
https://observer.ug/business/oil-refinery-pipeline-deals-set-to-transform-regional-outlook/,2017-08-09
https://observer.ug/news/kenya-opposition-s-raila-odinga-rejects-election-results/,2017-08-09
https://observer.ug/education/uneb-conference-roots-for-quality-education/,2017-08-09
https://observer.ug/sports/ashaba-aiming-to-take-kcca-fc-to-new-heights/,2017-08-09
https://observer.ug/news/tension-spikes-in-kenya-as-opposition-claim-election-fraud/,2017-08-09
https://observer.ug/lifestyle-entertainment/star-trail-ykee-benda-disappears/,2017-08-09
https://observer.ug/news/four-students-held-over-burning-school-laboratory/,2017-08-09
https://observer.ug/news/fake-cancer-drugs-sold-on-ugandan-market/,2017-08-10
https://observer.ug/news/kcca-executive-director-musisi-fears-for-her-safety/,2017-08-10
https://observer.ug/news/kcca-vendor-death-s-was-an-accident-beti-kamya/,2017-08-10
https://observer.ug/lifestyle-entertainment/christine-audited-sam-to-the-aisle/,2017-08-10
https://observer.ug/lifestyle-entertainment/bio-digester-system-helping-ngamba-island-in-waste-management/,2017-08-11
https://observer.ug/news/african-examiners-conference-roots-for-quality-education/,2017-08-11
https://observer.ug/news/family-fights-over-lubowa-land/,2017-08-11
https://observer.ug/news/chinese-construction-firm-petitions-parliament-over-shs-20bn-deal/,2017-08-11
https://observer.ug/news/kenya-at-crossroads-with-official-results-set-for-today/,2017-08-11
https://observer.ug/business/government-talks-tough-over-industrial-park-land/,2017-08-11
https://observer.ug/business/hoima-locals-protest-govt-s-eviction-for-refinery-project/,2017-08-11
https://observer.ug/news/muslims-disappointed-over-sheikhs-case-ruling-delay/,2017-08-14
https://observer.ug/news/acholi-leaders-to-museveni-come-clean-on-amuru-land/,2017-08-14
https://observer.ug/news/parliament-bosses-fight-over-control-of-in-house-radio-tv/,2017-08-14
https://observer.ug/education/let-us-teach-driving-lessons-in-school/,2017-08-14
https://observer.ug/education/ldc-legal-aid-clinics-get-financial-boost/,2017-08-14
https://observer.ug/news/police-pledges-full-support-to-kcca-law-enforcers/,2017-08-14
https://observer.ug/news/ngo-abandons-former-street-children-in-kamwokya/,2017-08-15
https://observer.ug/news/no-money-for-wall-fence-for-mulago-s-new-women-hospital/,2017-08-15
https://observer.ug/news/kabaka-expresses-disapproval-of-land-amendment-bill/,2017-08-15
https://observer.ug/viewpoint/weighing-the-stakes-in-the-amuru-land-saga/,2017-08-16
https://observer.ug/viewpoint/tenants-landlords-can-live-together-happily/,2017-08-16
https://observer.ug/viewpoint/fdc-deserves-credit-for-building-democratic-culture/,2017-08-16
https://observer.ug/business/mubende-gold-row-inside-story-of-forceful-evictions/,2017-08-16
https://observer.ug/news/nms-sues-finance-official-over-unfair-special-audit/,2017-08-16
https://observer.ug/news/amongi-launches-survey-of-amuru-land-amidst-heavy-army-deployment/,2017-08-16
https://observer.ug/sports/damani-maintain-unbeaten-run/,2017-08-16
https://observer.ug/lifestyle-entertainment/star-trail-nancy-kacungira-upgrades-to-bbc-africa/,2017-08-16
https://observer.ug/lifestyle-entertainment/mary-arach-wins-big-at-young-achievers-awards/,2017-08-16
https://observer.ug/lifestyle-entertainment/software-engineers-win-250-for-developing-phone-app-to-promote-sanitation/,2017-08-16
https://observer.ug/news/cosase-to-investigate-bou-pens-that-cost-shs-357-142-each/,2017-08-16
https://observer.ug/news/kcca-declines-to-suspend-officers-over-basemen-death/,2017-08-17
https://observer.ug/news/museveni-tax-ban-kcca-to-lose-shs-28bn/,2017-08-17
https://observer.ug/news/health-experts-warn-against-excessive-use-of-energy-drinks/,2017-08-17
https://observer.ug/news/land-grab-suspect-who-tortured-15-year-old-handed-to-police/,2017-08-18
https://observer.ug/news/museveni-intervenes-in-amuru-land-saga/,2017-08-18
https://observer.ug/news/musisi-k-la-politicians-inciting-attacks-on-kcca-law-enforcers/,2017-08-18
https://observer.ug/news/parliament-stuck-with-land-amendment-bill/,2017-08-18
https://observer.ug/news/anger-curses-as-lango-leaders-boo-jimmy-akena-reject-land-amendment-bill/,2017-08-18
https://observer.ug/news/inside-the-museveni-mps-land-bill-meet/,2017-08-18
https://observer.ug/business/uganda-road-fund-releases-shs-75bn/,2017-08-18
https://observer.ug/news/dr-congo-landslide-death-toll-topping-200/,2017-08-19
https://observer.ug/news/power-surge-how-to-secure-compensation-from-umeme/,2017-08-19
https://observer.ug/lifestyle-entertainment/toddlers-in-boarding-school-is-it-a-sign-of-parental-abdication/,2017-08-20
https://observer.ug/lifestyle-entertainment/wanyama-s-coins-empowering-tororo-youths/,2017-08-20
https://observer.ug/viewpoint/your-mail-replicating-colonial-era-land-acquisition-will-stifle-uganda/,2017-08-20
https://observer.ug/business/china-to-train-updf-engineers-in-railway-construction/,2017-08-20
https://observer.ug/news/cabinet-approves-uganda-tanzania-oil-pipeline-deal/,2017-08-21
https://observer.ug/news/vendors-vow-to-stay-on-streets-as-kcca-redeploys-enforcers/,2017-08-21
https://observer.ug/news/how-land-surveyor-ended-up-taking-1-000-acres-from-family/,2017-08-21
https://observer.ug/news/museveni-stranded-with-land-amendment-bill/,2017-08-21
https://observer.ug/education/govt-starts-verification-of-bridge-teachers/,2017-08-21
https://observer.ug/education/my-father-sold-his-house-so-i-could-go-to-school/,2017-08-21
https://observer.ug/education/school-inspections-don-t-affect-learning-researchers/,2017-08-21
https://observer.ug/sports/warriors-stop-power-for-eleventh-victory/,2017-08-21
https://observer.ug/news/how-foreign-investor-acquired-kcca-cemetery/,2017-08-22
https://observer.ug/viewpoint/turf-war-at-gender-ministry-could-derail-youth-programme/,2017-08-23
https://observer.ug/news/sheikh-kamoga-gets-life-in-prison/,2017-08-23
https://observer.ug/news/govt-finds-4-million-ghost-subscribers-in-nira-system/,2017-08-23
https://observer.ug/lifestyle-entertainment/star-trail-sebunjo-celebrates-birthday-on-stage/,2017-08-23
https://observer.ug/lifestyle-entertainment/adjumani-general-hospital-a-danger-to-its-patients/,2017-08-23
https://observer.ug/lifestyle-entertainment/a-love-built-astride-religious-boundaries/,2017-08-23
https://observer.ug/news/fire-guts-katwe-police-barracks/,2017-08-24
https://observer.ug/news/museveni-sacks-ministry-of-energy-ps/,2017-08-24
https://observer.ug/news/movit-tycoon-land-dispute-in-court-next-month/,2017-08-24
https://observer.ug/business/parent-petitions-bankers-body-over-school-fees-charges/,2017-08-25
https://observer.ug/news/report-govt-s-youth-program-achieves-75-repayment-rate/,2017-08-25
https://observer.ug/news/registrar-admits-to-giving-away-land-in-kijjabijo-wetland/,2017-08-25
https://observer.ug/news/why-museveni-fired-energy-ps-isabalija-after-only-10-months/,2017-08-25
https://observer.ug/news/ministry-to-overhaul-computerised-land-registration-system/,2017-08-26
https://observer.ug/news/obama-s-power-africa-to-construct-100-power-sites-in-uganda/,2017-08-27
https://observer.ug/news/jinja-town-clerk-fails-to-explain-church-land-grab/,2017-08-27
https://observer.ug/viewpoint/your-mail-land-probe-should-save-the-country-from-grabbers/,2017-08-28
https://observer.ug/news/sgs-contract-probe-pins-mp-sabiiti-over-conflict-of-interest/,2017-08-28
https://observer.ug/news/why-bamugemereire-probe-stormed-lands-ministry/,2017-08-28
https://observer.ug/news/igg-stops-shs-20bn-payment-to-minerals-minister-lokeris-sons/,2017-08-28
https://observer.ug/news/judicial-strike-judges-abandon-magistrates/,2017-08-28
https://observer.ug/education/buganda-road-ps-wins-music-dance-drama-title/,2017-08-28
https://observer.ug/lifestyle-entertainment/the-truly-bad-road-users/,2017-08-28
https://observer.ug/news/psu-investigates-kitgum-police-over-inmate-bike-ride/,2017-08-29
https://observer.ug/news/police-hunt-for-man-who-stabbed-to-death-girlfriend-at-clinic/,2017-08-29
https://observer.ug/news/opm-delivers-food-to-elegu-flood-victims-but-distribution-delayed/,2017-08-30
https://observer.ug/lifestyle-entertainment/national-theatre-renovations-start-as-artistes-pray-it-finally-works-well/,2017-08-30
https://observer.ug/news/igp-kayihura-orders-probe-into-two-police-directorates/,2017-09-01
https://observer.ug/news/religious-leaders-pile-pressure-on-land-bill/,2017-09-01
https://observer.ug/news/nira-schools-at-war-over-botched-learners-registration/,2017-09-01
https://observer.ug/news/parents-sue-aga-khan-schools-over-fees-hikes/,2017-09-01
https://observer.ug/viewpoint/can-t-we-prepare-for-landslides-as-americans-do-with-storms/,2017-09-01
https://observer.ug/news/museveni-to-land-grabbers-back-off-kaazi-campsite/,2017-09-04
https://observer.ug/news/nrm-summons-errant-mp-nambeshe-over-land-bill/,2017-09-04
https://observer.ug/business/district-authorities-decry-cost-of-mubende-eviction/,2017-09-04
https://observer.ug/news/land-bill-museveni-to-hold-nationwide-radio-talk-shows/,2017-09-04
https://observer.ug/lifestyle-entertainment/devil-s-chest-film-the-toast-of-uganda-film-festival-awards/,2017-09-04
https://observer.ug/news/ugandans-in-diaspora-raise-1m-for-fistula-hospital-in-soroti/,2017-09-04
https://observer.ug/education/laccodef-africhild-empower-boys-to-make-sanitary-pads/,2017-09-05
https://observer.ug/sports/ndejje-beat-power-eye-semis-berth/,2017-09-05
https://observer.ug/news/kenya-raila-odinga-rejects-new-polling-date/,2017-09-05
https://observer.ug/news/impala-gorilla-monuments-to-cost-kcca-shs-400m/,2017-09-06
https://observer.ug/news/government-installs-clock-in-machines-in-schools/,2017-09-06
https://observer.ug/business/traders-lose-shs-4-3tn-annually-in-road-transportation-costs/,2017-09-06
https://observer.ug/business/tears-misery-define-mubende-following-gold-diggers-eviction/,2017-09-06
https://observer.ug/lifestyle-entertainment/star-trail-chameleone-survives-stage-fall/,2017-09-06
https://observer.ug/news/museveni-warns-tooro-queen-mother-over-land-evictions/,2017-09-07
https://observer.ug/lifestyle-entertainment/nakaseke-hospital-in-lone-fight-against-crimean-congo-fever/,2017-09-07
https://observer.ug/news/nssf-to-fund-construction-of-gov-t-campus-for-ministries/,2017-09-07
https://observer.ug/business/indian-firm-demands-pay-before-exiting-isimba-dam/,2017-09-08
https://observer.ug/lifestyle-entertainment/uganda-entertainment-awards-for-tomorrow/,2017-09-08
https://observer.ug/news/museveni-s-land-talk-shows-called-off/,2017-09-08
https://observer.ug/news/museveni-warns-greedy-judges-over-land-compensation-fees/,2017-09-08
https://observer.ug/news/musisi-on-spot-for-missing-kcca-council-meetings/,2017-09-10
https://observer.ug/viewpoint/judiciary-needs-the-support-of-executive-parliament-to-function/,2017-09-11
https://observer.ug/news/kiira-motors-kibalama-guides-us-university-to-prestigious-car-award/,2017-09-11
https://observer.ug/news/police-boss-in-trouble-over-illegal-evictions/,2017-09-11
https://observer.ug/news/confusion-mars-museveni-s-radio-campaign-on-land/,2017-09-11
https://observer.ug/business/private-firms-call-for-laws-to-work-on-government-projects/,2017-09-11
https://observer.ug/business/minister-mukasa-tips-about-govt-s-middle-income-project/,2017-09-11
https://observer.ug/education/bukedi-college-kachonga-alumni-pledge-to-rebuild-59-year-old-school/,2017-09-12
https://observer.ug/education/why-every-school-should-teach-children-agriculture/,2017-09-12
https://observer.ug/education/legal-hurdles-delay-two-school-model/,2017-09-12
https://observer.ug/business/psfu-to-award-best-companies/,2017-09-13
https://observer.ug/business/ura-to-take-over-monthly-taxi-payments/,2017-09-13
https://observer.ug/business/china-exim-bank-starts-appraising-sgr-project/,2017-09-13
https://observer.ug/news/makerere-promotes-waragi-as-clean-energy/,2017-09-13
https://observer.ug/sports/kcca-boss-optimistic/,2017-09-13
https://observer.ug/lifestyle-entertainment/star-trail-cindy-s-film-bella-gets-first-look/,2017-09-13
https://observer.ug/lifestyle-entertainment/kenzo-wins-big-at-ue-awards/,2017-09-13
https://observer.ug/lifestyle-entertainment/new-hiv-treatment-model-to-reduce-hospital-crowds/,2017-09-13
https://observer.ug/viewpoint/why-govt-did-not-renew-isimba-consultant-engineer-s-contract/,2017-09-15
https://observer.ug/news/dp-s-mukasa-mbidde-arrested-in-fort-portal/,2017-09-16
https://observer.ug/lifestyle-entertainment/lady-bezo-wants-to-start-a-charity-children-s-hospital/,2017-09-17
https://observer.ug/viewpoint/your-mail-museveni-s-land-law-scheme-invites-legitimate-resistance/,2017-09-18
https://observer.ug/education/end-exam-corruption/,2017-09-18
https://observer.ug/news/petitioners-bemoan-delayed-justice-in-constitutional-court/,2017-09-18
https://observer.ug/news/nadduli-museveni-to-blame-for-landlord-bibanja-holder-conflicts/,2017-09-18
https://observer.ug/sports/kcca-battle-onduparaka/,2017-09-18
https://observer.ug/news/rival-tuskys-takes-over-nakumatt-supermarket/,2017-09-18
https://observer.ug/news/mps-condemn-heavy-deployment-at-parliament/,2017-09-19
https://observer.ug/news/mps-in-fist-fight-at-parliament/,2017-09-19
https://observer.ug/viewpoint/the-museveni-harvest-season-has-corrupted-national-psyche/,2017-09-19
https://observer.ug/viewpoint/to-improve-services-ministers-should-go-to-naguru-hospital/,2017-09-19
https://observer.ug/business/ntungamo-mirama-hills-road-tarmacking-completed/,2017-09-20
https://observer.ug/business/individual-country-projects-fueling-conflicts-over-the-nile/,2017-09-20
https://observer.ug/news/mao-land-bill-a-trick-to-remove-age-limit/,2017-09-20
https://observer.ug/news/army-police-cordon-off-parliament/,2017-09-20
https://observer.ug/news/speaker-oulanyah-defends-police-deployment-at-parliament/,2017-09-20
https://observer.ug/sports/kcca-thump-onduparaka/,2017-09-20
https://observer.ug/lifestyle-entertainment/star-trail-joe-kigozi-returns-to-nbs-tv/,2017-09-20
https://observer.ug/viewpoint/counterfeits-are-a-leading-cause-of-road-accidents/,2017-09-22
https://observer.ug/lifestyle-entertainment/world-premiere-of-punishment-island-set-for-sunday/,2017-09-22
https://observer.ug/news/ucc-probes-freedom-radio-over-besigye-talk-show/,2017-09-23
https://observer.ug/lifestyle-entertainment/adero-s-heart-pounds-for-women-empowerment/,2017-09-24
https://observer.ug/sports/rugby-cranes-to-face-england-in-oktoberfest-sevens-tournament/,2017-09-25
https://observer.ug/news/new-ppp-president-to-champion-peaceful-transfer-of-power/,2017-09-25
https://observer.ug/sports/vipers-win-kcca-back/,2017-09-27
https://observer.ug/news/mps-beat-police-siege-march-to-parliament/,2017-09-27
https://observer.ug/news/how-parliament-broke-off/,2017-09-27
https://observer.ug/news/blows-in-parliament/,2017-09-27
https://observer.ug/news/ucc-bans-live-broadcasts-of-age-limit-events/,2017-09-27
https://observer.ug/news/presidential-guards-take-over-parliament-arrest-27-mps/,2017-09-27
https://observer.ug/business/vivo-energy-introduces-airtel-money-at-shell-stations/,2017-09-27
https://observer.ug/lifestyle-entertainment/star-trail-winnie-nwagi-ykee-benda-excite-kitintale/,2017-09-28
https://observer.ug/news/i-planned-raid-on-parliament-igp-kayihura/,2017-09-28
https://observer.ug/viewpoint/proposed-land-acquisition-resettlement-policy-needs-to-be-realistic/,2017-09-29
https://observer.ug/news/mps-ministers-react-to-parliament-fracas/,2017-09-29
https://observer.ug/news/evicted-mps-plan-to-sue-parliament/,2017-09-29
https://observer.ug/news/kayihura-i-planned-parliament-raid/,2017-09-29
https://observer.ug/news/evicted-mps-spill-beans/,2017-09-29
https://observer.ug/business/shumuk-general-parts-land-row-stalls-multi-billion-ventures/,2017-09-29
https://observer.ug/news/marriage-to-chinese-paved-way-for-eviction-of-1-400-in-mubende/,2017-09-29
https://observer.ug/business/kasaija-flags-off-nssf-lubowa-estate-project/,2017-09-29
https://observer.ug/sports/damani-face-bees-on-crowning-day/,2017-09-30
https://observer.ug/sports/fufa-boss-blasts-govt-over-delayed-cranes-support/,2017-09-30
https://observer.ug/education/buikwe-authorities-close-school-over-strike/,2017-10-02
https://observer.ug/education/rotary-club-wants-green-schools-in-jinja/,2017-10-02
https://observer.ug/education/parents-urged-to-fight-for-ethics-in-schools/,2017-10-02
https://observer.ug/education/time-to-monitor-bridges-more-closely-dr-bakamwesiga/,2017-10-02
https://observer.ug/education/parliament-backs-ministry-on-closure-of-illegal-schools/,2017-10-02
https://observer.ug/news/blue-band-in-back-to-school-bonanza/,2017-10-02
https://observer.ug/news/parliament-police-count-the-cost-of-september-27-violence/,2017-10-02
https://observer.ug/sports/orland-brothers-hire-world-class-trainer-for-motocross-final-event/,2017-10-02
https://observer.ug/business/mubende-evictions-curbing-illegal-mining-or-a-land-grabbing-ploy/,2017-10-03
https://observer.ug/viewpoint/the-day-museveni-guards-invaded-parliament/,2017-10-04
https://observer.ug/news/igara-east-mp-martial-thrown-out-of-parliament/,2017-10-04
https://observer.ug/news/sfc-police-disagree-on-parliament-raid/,2017-10-04
https://observer.ug/business/who-has-the-best-internet-bundles-on-the-market/,2017-10-04
https://observer.ug/news/parliamentary-chaos-39-mps-under-investigation/,2017-10-04
https://observer.ug/news/kadaga-was-not-aware-not-sorry-for-raid-on-parliament/,2017-10-04
https://observer.ug/lifestyle-entertainment/akampene-s-story-finally-comes-to-light-in-punishment-island/,2017-10-04
https://observer.ug/news/fresh-row-at-misr-prof-mamdani-accused-of-mismanagement/,2017-10-05
https://observer.ug/viewpoint/how-we-can-deal-with-existent-road-challenges/,2017-10-06
https://observer.ug/news/legal-committee-defers-age-limit-bill-for-two-weeks/,2017-10-06
https://observer.ug/news/land-probe-pastor-kakande-ordered-off-l-victoria-shorelines/,2017-10-07
https://observer.ug/viewpoint/bridge-international-publicist-wrong-on-ppps-in-education/,2017-10-09
https://observer.ug/news/war-rages-in-age-limit-committee/,2017-10-09
https://observer.ug/news/kadaga-must-be-investigated-punished-mp-ssemujju/,2017-10-09
https://observer.ug/business/uganda-to-supply-electricity-to-south-sudan/,2017-10-09
https://observer.ug/news/kenya-raila-odinga-pulls-out-of-presidential-election-rerun/,2017-10-10
https://observer.ug/news/legal-committee-to-spend-shs-715m-on-age-limit-bill/,2017-10-10
https://observer.ug/news/committee-to-meet-kcca-over-pornography-in-city-carnival/,2017-10-10
https://observer.ug/viewpoint/updf-engineers-railway-training-is-very-strategic/,2017-10-11
https://observer.ug/viewpoint/let-s-unlock-the-power-of-girls-for-social-change/,2017-10-11
https://observer.ug/viewpoint/when-i-had-a-ride-in-col-besigye-s-mobile-prison/,2017-10-11
https://observer.ug/business/dutch-bank-funds-power-dams-with-39-million/,2017-10-11
https://observer.ug/business/east-african-community-free-market-not-free/,2017-10-11
https://observer.ug/business/uganda-tanzania-consider-25-per-cent-equity-in-oil-pipeline/,2017-10-11
https://observer.ug/news/judge-most-land-grabs-are-by-govt-officials-soldiers/,2017-10-11
https://observer.ug/news/age-limit-mp-magyezi-wants-legal-committee-disbanded/,2017-10-11
https://observer.ug/news/kadaga-launches-nwsc-s-tree-planting-campaign/,2017-10-11
https://observer.ug/news/residents-demand-shs-2bn-compensation-over-kaiso-tonya-rd/,2017-10-12
https://observer.ug/viewpoint/police-deserve-kudos-for-mubende-murder-probe/,2017-10-13
https://observer.ug/news/land-probe-nfa-boss-admits-illegal-activity-in-gulu-reserve/,2017-10-13
https://observer.ug/news/after-180-days-land-probe-finds-dirt-on-soldiers-govt-officials/,2017-10-13
https://observer.ug/business/utl-seeks-rebound-by-going-deep-in-internet-market/,2017-10-13
https://observer.ug/news/kangole-bridge-giving-motorists-in-karamoja-panic-attacks/,2017-10-15
https://observer.ug/viewpoint/let-individual-police-officers-pay-shs-1-7bn-court-award/,2017-10-16
https://observer.ug/news/museveni-s-long-march-in-power/,2017-10-16
https://observer.ug/news/nrm-offers-deals-to-age-limit-probe/,2017-10-16
https://observer.ug/news/byandala-6-others-to-answer-for-katosi-road-scam/,2017-10-16
https://observer.ug/news/uganda-olympic-committee-boss-dies-on-plane/,2017-10-17
https://observer.ug/education/nwsc-equips-staff-with-practical-skills/,2017-10-17
https://observer.ug/viewpoint/uganda-can-reap-from-solar-energy-potential/,2017-10-18
https://observer.ug/business/did-uganda-miss-38-million-in-tax-from-actis-umeme-deals/,2017-10-18
https://observer.ug/news/i-didn-t-evict-anyone-off-my-8-000-acres-maj-gen-otema-awany/,2017-10-18
https://observer.ug/sports/power-seek-revival-against-canons/,2017-10-18
https://observer.ug/lifestyle-entertainment/djs-celebrated-at-the-annual-ug-mix-awards/,2017-10-18
https://observer.ug/news/one-dead-10-hospitalized-after-consuming-poisoned-meat/,2017-10-19
https://observer.ug/news/iom-moves-to-bridge-gap-between-police-and-slums/,2017-10-20
https://observer.ug/news/besigye-snubs-age-limit-probe-invite/,2017-10-20
https://observer.ug/lifestyle-entertainment/enthusiasm-drove-young-nampewo-to-start-fashion-school/,2017-10-22
https://observer.ug/education/improve-school-management-alex-kakooza/,2017-10-23
https://observer.ug/news/buwenge-is-a-sick-hospital/,2017-10-23
https://observer.ug/news/md-byarugaba-s-nssf-contract-renewed-for-five-years/,2017-10-24
https://observer.ug/news/un-marks-72nd-anniversary-cleans-kawempe-markets/,2017-10-24
https://observer.ug/business/conservationists-try-to-dismantle-illegal-ivory-market/,2017-10-25
https://observer.ug/business/shoprite-prepares-to-control-retail-market/,2017-10-25
https://observer.ug/news/for-poor-people-justice-is-denied-or-delayed-says-report/,2017-10-25
https://observer.ug/lifestyle-entertainment/star-trail-nanteza-performs-with-afrigo-band-in-denmark/,2017-10-26
https://observer.ug/lifestyle-entertainment/ugandans-host-rwandans-to-unusual-party-on-the-road/,2017-10-26
https://observer.ug/sports/sc-villa-take-on-kcca-in-masaka/,2017-10-27
https://observer.ug/news/makerere-school-of-law-dons-snub-age-limit-probe-invite/,2017-10-28
https://observer.ug/business/nssf-wins-global-awards/,2017-10-30
https://observer.ug/news/airport-expansion-runs-into-trouble/,2017-10-30
https://observer.ug/news/parliament-nrm-scores-highly-in-court-petitions/,2017-10-30
https://observer.ug/news/lawyer-reignites-mengo-land-political-questions/,2017-10-30
https://observer.ug/news/shs-2-3-trillion-from-oil-disputes-already-spent/,2017-10-30
https://observer.ug/news/supermarkets-struggling-to-stay-in-business-report/,2017-10-30
https://observer.ug/education/new-council-to-bridge-skills-gap-says-govt/,2017-10-30
https://observer.ug/news/drama-as-legal-committee-starts-hearings-on-age-limit-bill/,2017-10-31
https://observer.ug/news/magyezi-storms-out-of-legal-committee-vows-never-to-return/,2017-10-31
https://observer.ug/news/vetting-committee-approves-289-tax-agents/,2017-11-01
https://observer.ug/news/age-limit-probe-team-afraid-of-upcountry-hearings/,2017-11-01
https://observer.ug/news/magyezi-bill-swims-in-hostile-waters/,2017-11-01
https://observer.ug/business/school-girls-advised-to-use-agriculture-to-create-jobs/,2017-11-01
https://observer.ug/business/power-consumption-increases-as-energy-sector-spreads-out/,2017-11-01
https://observer.ug/sports/power-struggle-rocks-uganda-golf-club/,2017-11-01
https://observer.ug/lifestyle-entertainment/star-trail-photographer-martin-jjumba-taken/,2017-11-01
https://observer.ug/news/ntungamo-school-suspends-81-students-over-age-limit-clashes/,2017-11-02
https://observer.ug/viewpoint/counsel-mayanja-misconceives-the-land-question-and-buganda/,2017-11-03
https://observer.ug/business/government-plans-solar-powered-mini-grids-for-25-villages/,2017-11-03
https://observer.ug/news/six-kiu-students-perish-in-road-accident/,2017-11-05
https://observer.ug/viewpoint/embrace-cremation-to-save-land-and-money/,2017-11-05
https://observer.ug/viewpoint/corrupt-police-the-american-nightmare/,2017-11-06
https://observer.ug/news/age-limit-opposition-make-u-turn-on-committee-appearance/,2017-11-06
https://observer.ug/business/barclays-jumia-partner-on-card-payment-sales/,2017-11-06
https://observer.ug/news/inter-religious-council-shuns-age-limit-probe-invitation/,2017-11-06
https://observer.ug/sports/uganda-golf-club-needs-external-probe-to-protect-its-integrity/,2017-11-06
https://observer.ug/education/janet-warns-contractors-off-schoolgirls/,2017-11-06
https://observer.ug/sports/kcca-run-riot-in-upl/,2017-11-07
https://observer.ug/business/nssf-donates-shs-131m-to-renovate-kampala-schools/,2017-11-07
https://observer.ug/viewpoint/doctors-strike-officials-can-t-preach-water-but-drink-wine/,2017-11-07
https://observer.ug/viewpoint/let-us-welcome-kadaga-s-letter-on-parliament-attack/,2017-11-07
https://observer.ug/news/land-probe-ankole-people-fear-to-testify/,2017-11-07
https://observer.ug/business/uganda-to-pilot-e-procurement-july-next-year/,2017-11-08
https://observer.ug/lifestyle-entertainment/star-trail-dancehall-artiste-dizzy-nuts-killed-in-accident/,2017-11-08
https://observer.ug/lifestyle-entertainment/police-recovers-hospital-mattresses-beds-from-staff-quarters/,2017-11-09
https://observer.ug/news/museveni-to-copy-tanzania-s-magufuli-in-corruption-fight/,2017-11-12
https://observer.ug/sports/ndikumana-spurs-oilers-over-power/,2017-11-12
https://observer.ug/news/legal-committee-stuck-in-catch-22-situation-on-the-lifting-of-age-limit/,2017-11-12
https://observer.ug/news/scholars-expose-massive-flaws-in-land-commission/,2017-11-12
https://observer.ug/education/mufti-urges-muslim-schools-on-arabic-language/,2017-11-13
https://observer.ug/education/ura-supports-national-mdd-competitions-in-schools/,2017-11-13
https://observer.ug/education/mastercard-supports-mukono-school-with-new-classroom/,2017-11-13
https://observer.ug/education/schools-await-ministry-directive-on-tuition-fees/,2017-11-13
https://observer.ug/sports/kcca-vipers-sponsorship-race-a-lesson-for-the-rest/,2017-11-13
https://observer.ug/business/20mw-biomass-project-embarks-on-bankable-feasibility-study/,2017-11-14
https://observer.ug/business/afdb-commits-250m-to-bujagali-power-dam/,2017-11-14
https://observer.ug/news/former-mbarara-mayor-helped-give-away-forest-reserve-land/,2017-11-14
https://observer.ug/news/it-s-now-pay-or-die-in-public-hospitals/,2017-11-14
https://observer.ug/sports/police-raids-kcca/,2017-11-15
https://observer.ug/lifestyle-entertainment/fashion-pay-a-little-more-for-better-quality/,2017-11-15
https://observer.ug/lifestyle-entertainment/star-trail-eddy-kenzo-wins-at-afrima/,2017-11-15
https://observer.ug/lifestyle-entertainment/rain-dominates-pearl-international-film-festival-awards/,2017-11-15
https://observer.ug/news/kabale-hospital-hit-by-hiv-drugs-stockout/,2017-11-16
https://observer.ug/news/doctors-strike-army-police-yet-to-deploy-at-hospitals/,2017-11-16
https://observer.ug/news/umeme-wants-power-tariffs-increased/,2017-11-16
https://observer.ug/news/mps-powers-to-amend-constitution-limited-lawyer/,2017-11-16
https://observer.ug/news/baby-reported-dead-body-vanishes-at-kawempe-hospital/,2017-11-17
https://observer.ug/business/nssf-warns-trespassers-off-nsimbe-estate-land/,2017-11-17
https://observer.ug/news/museveni-extends-land-probe-commission-tenure/,2017-11-17
https://observer.ug/lifestyle-entertainment/warning-triangles-can-reduce-highway-collisions/,2017-11-19
https://observer.ug/lifestyle-entertainment/the-power-of-making-a-vow/,2017-11-19
https://observer.ug/education/bridge-schools-under-fire-in-kenya-and-uganda/,2017-11-20
https://observer.ug/education/govt-to-reprimand-school-heads-over-hungry-learners/,2017-11-20
https://observer.ug/business/coca-cola-launches-power-play-energy-drink/,2017-11-20
https://observer.ug/sports/kcca-startimes-stadium-deal-a-new-dawn-of-corporate-identity/,2017-11-20
https://observer.ug/news/legal-committee-witnesses-equally-divided-on-age-limit/,2017-11-20
https://observer.ug/news/doctor-arrested-over-theft-of-drugs-equipment-from-itojo-hospital/,2017-11-20
https://observer.ug/business/expert-advises-on-building-sustainable-enterprises/,2017-11-22
https://observer.ug/business/road-fund-releases-shs-102bn-for-works/,2017-11-22
https://observer.ug/sports/kcca-sc-villa-win/,2017-11-22
https://observer.ug/business/unra-sets-tough-terms-for-highway-billboards/,2017-11-22
https://observer.ug/news/iuiu-medical-school-increases-tuition/,2017-11-23
https://observer.ug/news/austerity-musisi-scraps-kcca-christmas-party/,2017-11-23
https://observer.ug/education/education-sector-plans-to-add-quality/,2017-11-23
https://observer.ug/viewpoint/your-mail-let-others-emulate-lawrence-mulindwa-s-project-at-vipers/,2017-11-23
https://observer.ug/news/term-limits-question-delaying-ea-federation/,2017-11-23
https://observer.ug/news/prostitution-heartbreak-and-disease-at-karuma-dam/,2017-11-23
https://observer.ug/news/age-limit-legal-committee-set-to-endorse-bill/,2017-11-23
https://observer.ug/business/umeme-workers-demand-probe-into-millions-to-workers-union/,2017-11-24
https://observer.ug/news/kcca-orders-parliament-to-halt-construction-of-shs-180bn-chamber/,2017-11-24
https://observer.ug/lifestyle-entertainment/what-if-your-school-going-daughter-is-impregnated/,2017-11-26
https://observer.ug/viewpoint/if-power-belongs-to-people-why-are-mps-silent-on-recall-law/,2017-11-26
https://observer.ug/viewpoint/many-of-us-are-good-simply-because-we-have-no-power/,2017-11-26
https://observer.ug/news/state-agency-plans-probe-into-abuse-of-workers/,2017-11-26
https://observer.ug/education/ippu-wants-powers-to-certify-professionals/,2017-11-26
https://observer.ug/news/what-next-for-muntu-fdc-leadership-in-parliament/,2017-11-26
https://observer.ug/news/kcca-parliament-land-dispute-takes-new-twist/,2017-11-28
https://observer.ug/sports/kcca-face-mbarara/,2017-11-28
https://observer.ug/viewpoint/govt-must-be-open-about-oil-pipeline-deal/,2017-11-28
https://observer.ug/news/we-must-debate-army-attack-on-parliament-mps/,2017-11-28
https://observer.ug/news/dpp-closes-murder-file-on-abid-alam/,2017-11-28
https://observer.ug/business/ubl-md-tips-farmers-on-quality-production/,2017-11-29
https://observer.ug/business/here-s-what-consumers-need-to-understand-about-changing-electricity-tariffs/,2017-11-29
https://observer.ug/sports/ucu-play-kcca-in-game-ii/,2017-11-29
https://observer.ug/news/raid-on-parliament-highly-regrettable-oulanyah/,2017-11-29
https://observer.ug/lifestyle-entertainment/moroto-regional-hospital-puts-patients-first/,2017-11-30
https://observer.ug/education/usaid-donates-reading-materials-to-500-schools/,2017-11-30
https://observer.ug/education/teachers-happy-but-cautious-about-good-school-initiative/,2017-11-30
https://observer.ug/education/tuition-fees-directive-private-school-operators-protest-move/,2017-11-30
https://observer.ug/news/schools-defy-govt-on-illegal-school-interview-fees/,2017-11-30
https://observer.ug/news/ppda-suspends-over-100-suppliers-over-forged-documents/,2017-11-30
https://observer.ug/viewpoint/your-mail-we-need-political-will-to-tackle-corruption/,2017-11-30
https://observer.ug/news/nrm-beefs-up-numbers-on-age-limit-committee/,2017-11-30
https://observer.ug/sports/i-sense-deja-vu-at-the-fufa-footballers-awards-tonight/,2017-12-01
https://observer.ug/sports/entries-close-for-sports-journalists-awards/,2017-12-01
https://observer.ug/sports/it-s-fufa-awards-tonight/,2017-12-01
https://observer.ug/lifestyle-entertainment/pearl-of-africa-fashion-awards-on-today/,2017-12-02
https://observer.ug/news/cambridge-don-makes-case-for-state-role-to-direct-development/,2017-12-02
https://observer.ug/news/oil-roads-unra-has-two-years-to-deliver-600km/,2017-12-02
https://observer.ug/news/museveni-praises-kcca-councillors-for-defying-lukwago/,2017-12-03
https://observer.ug/news/katosi-suspect-senkeeto-again-challenges-corruption-trial/,2017-12-04
https://observer.ug/news/age-limit-committee-to-interrogate-museveni/,2017-12-05
https://observer.ug/viewpoint/nrm-majority-should-wake-and-guide-parliament/,2017-12-05
https://observer.ug/viewpoint/prosecutors-strike-should-not-delay-trials/,2017-12-05
https://observer.ug/viewpoint/wide-open-economy-won-t-take-us-to-promised-land/,2017-12-05
https://observer.ug/viewpoint/satellite-broadband-to-unlock-economic-growth/,2017-12-05
https://observer.ug/viewpoint/when-western-powers-kicked-away-the-ladder/,2017-12-05
https://observer.ug/business/m-kopa-secures-80m-for-kenya-uganda-solar-power/,2017-12-06
https://observer.ug/business/chinese-investor-moves-to-evict-10-000-artisanal-miners/,2017-12-06
https://observer.ug/news/court-dismisses-katosi-road-fraud-suspect-senkeeto-application/,2017-12-06
https://observer.ug/lifestyle-entertainment/bryan-white-donates-to-mityana-hospital-patients/,2017-12-06
https://observer.ug/news/schools-defy-govt-on-hiking-tuition/,2017-12-07
https://observer.ug/news/k-la-businessman-detained-for-encroaching-on-mbale-forest/,2017-12-08
https://observer.ug/news/sweden-awards-11-midwives-for-exceptional-service/,2017-12-09
https://observer.ug/news/masaka-district-officials-petition-museveni-over-bad-roads/,2017-12-11
https://observer.ug/news/parliament-security-beefed-up-ahead-of-tabling-of-age-limit-report/,2017-12-12
https://observer.ug/viewpoint/let-s-fight-corruption-with-stringent-laws/,2017-12-12
https://observer.ug/news/kadaga-orders-non-parliament-security-out-of-parliament/,2017-12-12
https://observer.ug/news/magyezi-blames-legal-committee-for-age-limit-bill-delays/,2017-12-12
https://observer.ug/news/land-probe-runs-into-anti-asian-feelings/,2017-12-13
https://observer.ug/news/nrm-sets-up-committee-for-7-year-term-proposal/,2017-12-13
https://observer.ug/news/ugandans-say-govt-poor-on-economy-corruption/,2017-12-14
https://observer.ug/news/gen-saleh-led-iso-probe-into-government-waste/,2017-12-14
https://observer.ug/news/hiv-students-complain-of-stigma-in-schools/,2017-12-14
https://observer.ug/news/prison-census-finds-262-journalists-behind-bars/,2017-12-14
https://observer.ug/news/mps-demand-probe-into-illegal-fishing-gear/,2017-12-14
https://observer.ug/news/e-health-innovators-ask-parliament-to-fast-track-privacy-bill/,2017-12-14
https://observer.ug/news/kadaga-blocks-mps-probe-into-kutesa-s-bribery-claims/,2017-12-14
https://observer.ug/education/mulindwa-awarded-honorary-doctorate-from-london-school/,2017-12-15
https://observer.ug/business/mps-approve-shs-1-3tn-loan-for-hoima-airport/,2017-12-17
https://observer.ug/business/chinese-to-construct-oil-roads-at-their-own-cost/,2017-12-17
https://observer.ug/news/red-pepper-shutdown-our-kids-think-dad-is-abroad/,2017-12-18
https://observer.ug/special-editions/legal-committee-main-minority-reports-on-age-limit-bill/,2017-12-18
https://observer.ug/news/mukono-katosi-trial-lawyer-mulira-abandons-senkeeto/,2017-12-19
https://observer.ug/news/age-limit-soldiers-raid-parliament-again/,2017-12-19
https://observer.ug/news/parliament-passes-age-limit-bill/,2017-12-20
https://observer.ug/news/archbishop-lwanga-shuns-prayers-at-parliament-over-sfc-raid/,2017-12-21
https://observer.ug/sports/man-of-the-match-awards-spice-up-football-league/,2017-12-23
https://observer.ug/business/opinion-high-time-ugandans-took-over-power-sector/,2017-12-23
https://observer.ug/business/if-people-can-pay-for-water-they-can-pay-for-medicine/,2017-12-23
https://observer.ug/news/govt-orders-probe-into-mengo-surgery-deaths/,2017-12-27
https://observer.ug/viewpoint/age-limit-removal-dampens-2017/,2017-12-28
https://observer.ug/viewpoint/nrm-political-fraud-reaches-lowest-point/,2017-12-28
https://observer.ug/business/power-firms-plan-to-invest-billions-next-financial-year/,2017-12-28
https://observer.ug/business/how-to-balance-power-generation-and-use/,2017-12-28
https://observer.ug/news/sad-story-of-upe-in-dokolo-schools/,2017-12-29
https://observer.ug/news/court-of-appeal-returns-to-parliament-two-ejected-nrm-mps/,2017-12-29
https://observer.ug/news/gov-t-orders-all-radios-tvs-to-broadcast-m7-s-new-year-message/,2017-12-29
https://observer.ug/viewpoint/museveni-should-stop-politicking-and-sort-out-health-schools/,2018-01-03
https://observer.ug/news/makerere-probe-fell-short-lecturers-say/,2018-01-03
https://observer.ug/news/makerere-sets-up-committee-to-study-visitation-committee-report/,2018-01-04
https://observer.ug/business/year-of-mega-infrastructure-projects-and-related-risks/,2018-01-04
https://observer.ug/business/we-don-t-need-electricity-give-us-what-we-need-instead/,2018-01-04
https://observer.ug/news/activists-petition-kadaga-over-kuteesa-corruption-scandals/,2018-01-06
https://observer.ug/news/76-of-hospitals-fail-to-account-for-medicines-ag-report/,2018-01-08
https://observer.ug/news/gen-muntu-it-s-we-soldiers-who-die-when-parliament-blunders/,2018-01-08
https://observer.ug/viewpoint/is-parliament-still-necessary/,2018-01-08
https://observer.ug/news/two-soldiers-arrested-over-theft-of-water-tanks-at-state-lodge/,2018-01-09
https://observer.ug/news/unsettled-court-awards-hit-shs-676bn-says-ag/,2018-01-10
https://observer.ug/viewpoint/road-traffic-control-can-t-just-be-done-haphazardly/,2018-01-10
https://observer.ug/news/govt-construction-materials-testing-lab-decays/,2018-01-11
https://observer.ug/news/katosi-fraud-suspect-accuses-judge-of-bias-unprofessionalism/,2018-01-11
https://observer.ug/news/parliament-okays-bill-against-detention-of-defaulting-patients/,2018-01-11
https://observer.ug/news/auditors-pwc-banned-in-india/,2018-01-11
https://observer.ug/viewpoint/sam-kutesa-and-co-may-yet-survive-their-latest-corruption-scandal/,2018-01-12
https://observer.ug/topics/2017-ple-how-did-you-school-district-fare/,2018-01-16
https://observer.ug/news/dpp-apologises-for-delays-in-nyanzi-s-pair-of-buttocks-case/,2018-01-17
https://observer.ug/news/whistle-blower-cites-fraud-in-nita-u-s-internet-deals/,2018-01-17
https://observer.ug/news/rage-as-state-house-official-takes-over-punishment-island/,2018-01-18
https://observer.ug/news/isimba-dam-gets-new-supervisor/,2018-01-18
https://observer.ug/business/sadolin-turn-to-paint-supermarkets-to-promote-products/,2018-01-18
https://observer.ug/lifestyle-entertainment/movie-review-the-shape-of-water-conveys-peculiar-love-story/,2018-01-18
https://observer.ug/news/kitatta-27-others-arrested-over-case-clinic-accountant-murder/,2018-01-22
https://observer.ug/news/parliament-raises-shs-75m-for-albinos/,2018-01-22
https://observer.ug/news/kidnap-4-year-old-sues-kampala-parents-school/,2018-01-22
https://observer.ug/news/constitution-gives-parliament-too-much-power-museveni/,2018-01-22
https://observer.ug/news/death-traps-in-hospitals-as-blood-runs-out-again/,2018-01-23
https://observer.ug/education/63-year-old-prisoner-passes-ple/,2018-01-23
https://observer.ug/viewpoint/albinos-are-simply-human-no-magical-powers/,2018-01-24
https://observer.ug/news/new-shimoni-demonstration-school-opens-in-kira/,2018-01-25
https://observer.ug/business/road-fund-s-dr-odongo-honoured/,2018-01-29
https://observer.ug/business/local-firms-face-uphill-task-to-win-oil-contracts/,2018-01-29
https://observer.ug/news/kitatta-charged-remanded-to-kigo-prison/,2018-01-29
https://observer.ug/news/kenya-raila-odinga-sworn-in-as-people-s-president/,2018-01-30
https://observer.ug/viewpoint/what-would-we-miss-if-we-didn-t-have-10th-parliament/,2018-01-31
https://observer.ug/viewpoint/who-messed-up-uganda-railways/,2018-01-31
https://observer.ug/lifestyle-entertainment/tinah-tesie-s-phone-is-her-workstation/,2018-01-31
https://observer.ug/topics/what-is-the-top-ple-school-in-uganda-all-12-700-schools-ranked/,2018-01-31
https://observer.ug/special-editions/top-primary-schools-in-uganda/,2018-02-01
https://observer.ug/special-editions/top-primary-schools-in-uganda-3/,2018-02-01
https://observer.ug/special-editions/top-primary-schools-in-uganda-4/,2018-02-01
https://observer.ug/special-editions/top-primary-schools-in-uganda-5/,2018-02-01
https://observer.ug/special-editions/top-primary-schools-in-uganda-6/,2018-02-01
https://observer.ug/special-editions/top-primary-schools-in-uganda-7/,2018-02-01
https://observer.ug/special-editions/top-primary-schools-in-uganda-8/,2018-02-01
https://observer.ug/special-editions/top-primary-schools-in-uganda-9/,2018-02-01
https://observer.ug/special-editions/top-primary-schools-in-uganda-10/,2018-02-01
https://observer.ug/special-editions/top-primary-schools-in-uganda-11/,2018-02-01
https://observer.ug/special-editions/top-primary-schools-in-uganda-12/,2018-02-01
https://observer.ug/special-editions/top-primary-schools-in-uganda-13/,2018-02-01
https://observer.ug/special-editions/top-primary-schools-in-uganda-14/,2018-02-01
https://observer.ug/sports/can-sports-broadcasting-walk-the-talk-and-deliver/,2018-02-03
https://observer.ug/sports/mbidde-s-real-test/,2018-02-03
https://observer.ug/news/lukwago-suspends-kcca-council-indefinitely/,2018-02-05
https://observer.ug/news/illegal-schools-blame-govt-incompetence-on-imminent-closure/,2018-02-05
https://observer.ug/education/schools-salute-ban-on-backdoor-admissions/,2018-02-05
https://observer.ug/education/fees-hike-freeze-bites-private-schools/,2018-02-05
https://observer.ug/news/eu-orders-probe-into-embezzlement-of-refugee-funds/,2018-02-05
https://observer.ug/news/auditor-general-reveals-gross-corruption-at-nira/,2018-02-05
https://observer.ug/news/corruption-and-tribalism-could-cause-genocide-warns-awori/,2018-02-06
https://observer.ug/viewpoint/your-mail-schools-need-to-mould-better-student-leaders/,2018-02-07
https://observer.ug/viewpoint/modern-army-hospital-can-be-game-changer/,2018-02-07
https://observer.ug/news/mowzey-radio-murder-suspect-troy-remanded-to-kigo-prison/,2018-02-07
https://observer.ug/lifestyle-entertainment/ssese-the-cool-islands-where-sheep-is-taboo/,2018-02-07
https://observer.ug/news/s-4-results-for-4-500-withheld-uneb-says-exam-leaks-caused-no-serious-damage/,2018-02-07
https://observer.ug/news/mengo-hospital-cleared-in-brain-surgery-deaths/,2018-02-07
https://observer.ug/news/case-hospital-to-refund-shs-29m-to-mowzey-radio-s-family/,2018-02-08
https://observer.ug/news/kaberamaido-prison-boss-sent-on-forced-leave/,2018-02-08
https://observer.ug/news/rotary-targets-shs-122bn-at-this-e-africa-project-fair/,2018-02-09
https://observer.ug/news/rvr-fights-to-retain-railway-operations-in-uganda/,2018-02-09
https://observer.ug/news/updf-sorry-for-jinja-land-scuffle/,2018-02-13
https://observer.ug/viewpoint/handle-refugee-money-scandal-decisively/,2018-02-14
https://observer.ug/news/high-court-awards-shs-200m-to-police-commander-aguma/,2018-02-14
https://observer.ug/news/mps-want-refugee-care-out-of-corrupt-opm/,2018-02-14
https://observer.ug/news/shs-720bn-loan-saga-persists-as-auditor-general-steps-in/,2018-02-15
https://observer.ug/news/musician-walukagga-celebrates-bakaleke-woes-calls-him-corrupt/,2018-02-16
https://observer.ug/viewpoint/letter-to-first-lady-on-bridge-schools/,2018-02-16
https://observer.ug/business/uganda-challenged-on-coffee-quality/,2018-02-17
https://observer.ug/news/boda-boda-riders-block-off-road-as-they-share-donated-money/,2018-02-17
https://observer.ug/education/seninde-urges-schools-to-improve-teaching-not-testing/,2018-02-17
https://observer.ug/news/2017-s4-results-all-2594-schools-ranked/,2018-02-19
https://observer.ug/news/pta-loan-mps-tell-muhakanizi-to-back-off-parliament/,2018-02-21
https://observer.ug/viewpoint/your-mail-why-is-uganda-s-electricity-costly/,2018-02-21
https://observer.ug/viewpoint/why-govt-must-address-energy-poverty-to-save-mabira/,2018-02-21
https://observer.ug/viewpoint/reflection-on-the-ghosts-of-my-humanity/,2018-02-21
https://observer.ug/viewpoint/can-we-avoid-corruption-where-it-is-a-way-of-life/,2018-02-21
https://observer.ug/news/land-probe-denies-mailo-land-abolition-recommendation/,2018-02-21
https://observer.ug/news/otafiire-wants-luzira-prison-butabika-hospital-relocated/,2018-02-21
https://observer.ug/business/uganda-bids-to-host-africa-water-congress/,2018-02-22
https://observer.ug/lifestyle-entertainment/thrill-of-driving-through-potato-gardens-in-land-rover-defender/,2018-02-23
https://observer.ug/education/govt-launches-national-reading-campaign-in-schools/,2018-02-24
https://observer.ug/news/kisozi-family-accuses-president-museveni-of-land-grabbing/,2018-02-24
https://observer.ug/news/land-probe-detains-lawyer-mugisha-over-forged-titles/,2018-02-26
https://observer.ug/education/st-elizabeth-s-institute-of-health-professionals-is-a-base-for-quality-training/,2018-02-28
https://observer.ug/business/road-fund-releases-shs-102bn-for-3rd-quarter/,2018-02-28
https://observer.ug/business/farmers-win-millions-in-udb-s-innovation-awards/,2018-03-01
https://observer.ug/news/winnie-kiiza-wants-parliament-recalled-from-recess-over-insecurity/,2018-03-02
https://observer.ug/lifestyle-entertainment/cranes-coach-sebastien-desabre-loves-matooke-and-ugandan-hospitality/,2018-03-05
https://observer.ug/news/cabinet-approves-roads-amendment-bill/,2018-03-06
https://observer.ug/news/parents-of-bridge-schools-protest-against-discriminatory-closure/,2018-03-07
https://observer.ug/news/parliament-to-vet-tumwiine-ochola-today/,2018-03-07
https://observer.ug/education/prof-kagonyera-installed-as-kampala-university-chancellor/,2018-03-07
https://observer.ug/news/building-collapses-under-weight-of-water-tanks-in-fort-portal/,2018-03-08
https://observer.ug/news/parliament-closed-for-museveni-movie-shooting/,2018-03-09
https://observer.ug/news/zimbabwe-court-issues-warrant-to-deepen-grace-mugabe-phd-probe/,2018-03-10
https://observer.ug/business/use-boss-urges-companies-on-gender-equality/,2018-03-13
https://observer.ug/news/police-in-management-crisis-as-kayihura-delays-handover/,2018-03-13
https://observer.ug/viewpoint/why-is-uhuru-kenyatta-talking-to-raila-odinga/,2018-03-14
https://observer.ug/viewpoint/how-museveni-applies-the-laws-of-holding-onto-power/,2018-03-14
https://observer.ug/lifestyle-entertainment/spotlight-may-the-fireworks-begin/,2018-03-14
https://observer.ug/business/total-e-p-to-train-200-welders-for-pipeline-route/,2018-03-14
https://observer.ug/news/emirates-crew-member-falls-off-parked-plane-at-entebbe-airport/,2018-03-14
https://observer.ug/sports/kcca-on-the-brink/,2018-03-15
https://observer.ug/education/e-learning-gets-bigger-in-schools/,2018-03-16
https://observer.ug/sports/kcca-make-history-qualify-for-champions-league-group-stages/,2018-03-17
https://observer.ug/education/fresh-dairy-launches-2018-schools-yoghurt-contest/,2018-03-21
https://observer.ug/news/hepatitis-b-scandal-bites-harder/,2018-03-21
https://observer.ug/business/ghost-gear-killing-thousands-of-marine-animals/,2018-03-21
https://observer.ug/sports/champions-league-kcca-draw-giants-al-ahly-esperance/,2018-03-21
https://observer.ug/viewpoint/we-should-teach-begging-in-schools/,2018-03-22
https://observer.ug/news/nrm-s-matsiko-thrown-out-of-parliament-as-panadol-holds-seat/,2018-03-22
https://observer.ug/news/uk-data-firm-cambridge-analytica-played-roles-in-multiple-african-elections/,2018-03-22
https://observer.ug/news/parliament-warns-journalists-over-unofficial-mps-press-conferences/,2018-03-22
https://observer.ug/business/ihk-gets-regional-nod-for-quality-medicare-services/,2018-03-22
https://observer.ug/business/shs-245m-project-to-restore-forest-reserves/,2018-03-23
https://observer.ug/news/oil-palm-project-to-be-extended-to-other-districts/,2018-03-24
https://observer.ug/news/museveni-warns-judges-against-corruption/,2018-03-25
https://observer.ug/business/vivo-energy-adds-seven-new-fuel-stations/,2018-03-25
https://observer.ug/news/no-fundamental-problem-between-uganda-rwanda-museveni/,2018-03-25
https://observer.ug/news/nursery-school-head-teacher-arrested-over-corporal-punishment/,2018-03-26
https://observer.ug/sports/junkies-eat-humble-pie-after-kcca-fc-progress-in-africa/,2018-03-26
https://observer.ug/sports/kcca-coach-mike-mutebi-has-continent-at-his-feet/,2018-03-26
https://observer.ug/news/we-re-simply-teaching-robots-bridge-schools-teachers-admit/,2018-03-27
https://observer.ug/lifestyle-entertainment/hipipo-awards-cement-new-crop-of-big-stars/,2018-03-27
https://observer.ug/news/parliament-probes-into-speaker-kadaga-minister-namuganza-feud/,2018-03-28
https://observer.ug/viewpoint/igg-has-legal-mandate-to-investigate-bou-governor/,2018-03-28
https://observer.ug/news/police-committee-clears-nalufenya-of-torture-allegations/,2018-03-28
https://observer.ug/lifestyle-entertainment/damn-you-chickpeas-the-spoiler-of-ethiopian-food/,2018-03-28
https://observer.ug/news/kampala-roads-are-death-traps-report/,2018-03-29
https://observer.ug/sports/kcca-can-now-set-their-eyes-on-surpassing-villa/,2018-03-31
https://observer.ug/news/mps-to-probe-into-spying-priests-in-churches/,2018-04-03
https://observer.ug/business/toyota-unveils-hino-medium-truck-on-ugandan-market/,2018-04-04
https://observer.ug/business/umeme-deal-up-for-review-now-lobbyists-are-digging-in/,2018-04-04
https://observer.ug/news/igg-government-fails-to-punish-50-corrupt-officials/,2018-04-05
https://observer.ug/business/uganda-nuclear-project-ambition-gets-another-boost/,2018-04-05
https://observer.ug/news/ura-to-write-off-shs-400bn-in-govt-tax-arrears/,2018-04-06
https://observer.ug/news/impeached-s-korean-president-sentenced-to-24-years-in-prison/,2018-04-06
https://observer.ug/business/facebook-fined-33-million-for-failing-to-aid-brazil-graft-probe/,2018-04-06
https://observer.ug/news/lubigi-wetland-encroachers-to-be-evicted-next-week-police/,2018-04-06
https://observer.ug/news/shs-13bn-withdrawn-from-kcca-on-court-orders/,2018-04-09
https://observer.ug/news/ura-impounds-ubc-vehicles-over-shs-15bn-tax-arrears/,2018-04-09
https://observer.ug/lifestyle-entertainment/how-ugandan-ladies-beat-rest-of-africa-to-continental-award/,2018-04-10
https://observer.ug/news/parliament-shut-down-as-kadaga-oulanyah-travel-abroad/,2018-04-10
https://observer.ug/business/housing-shortage-a-concern-to-government-baryomunsi/,2018-04-10
https://observer.ug/business/oil-companies-race-to-issue-tenders/,2018-04-11
https://observer.ug/news/tororo-hospital-disconnected-over-shs-269m-unpaid-power-bills/,2018-04-12
https://observer.ug/lifestyle-entertainment/glamour-at-prau-s-excellence-awards/,2018-04-13
https://observer.ug/news/uganda-stopped-from-demolishing-consulate-building-in-canada/,2018-04-13
https://observer.ug/news/gov-t-to-take-74-years-to-clear-shs-676bn-outstanding-court-awards/,2018-04-14
https://observer.ug/news/winnie-south-africa-bids-farewell-to-madikizela-mandela/,2018-04-15
https://observer.ug/business/nusaf-iii-project-40-000-to-benefit-through-groups/,2018-04-16
https://observer.ug/viewpoint/your-mail-abandoning-hiv-aids-patients-is-inhumane-criminal/,2018-04-18
https://observer.ug/viewpoint/editorial-street-children-need-school-jobs-not-arrests/,2018-04-18
https://observer.ug/news/why-fdc-old-guard-abandoned-besigye/,2018-04-18
https://observer.ug/news/verification-process-unearths-7-000-ghost-refugees-in-nakivale/,2018-04-18
https://observer.ug/business/unbs-half-of-goods-on-market-are-inferior/,2018-04-20
https://observer.ug/news/makerere-swims-in-sexual-scandal-again/,2018-04-21
https://observer.ug/news/parliament-seeks-shs-3bn-for-12-new-legislators/,2018-04-22
https://observer.ug/news/gov-t-will-clear-all-arrears-of-medal-winning-athletes-museveni/,2018-04-22
https://observer.ug/business/icpau-wins-prau-award-for-excellence/,2018-04-23
https://observer.ug/news/port-bell-to-kampala-rail-line-due-to-re-open/,2018-04-23
https://observer.ug/business/nwsc-boss-scoops-oxford-academia-award/,2018-04-24
https://observer.ug/business/gov-t-to-save-shs-700bn-with-e-procurement/,2018-04-24
https://observer.ug/education/ntare-school-student-wins-dstv-eutelsat-star-award/,2018-04-24
https://observer.ug/news/netherlanders-to-mark-king-s-day-this-friday/,2018-04-25
https://observer.ug/viewpoint/museveni-besigye-similarity-made-anywar-sell-soul-to-highest-bidder/,2018-04-25
https://observer.ug/lifestyle-entertainment/spotlight-chris-mother-end-up-in-hospital/,2018-04-25
https://observer.ug/sports/vipers-aim-at-kcca/,2018-04-26
https://observer.ug/news/korea-commits-10m-towards-clean-water-sanitation-in-karamoja/,2018-04-26
https://observer.ug/lifestyle-entertainment/why-eddy-kenzo-keeps-his-bet-award-at-the-museum/,2018-04-30
https://observer.ug/news/striking-workers-block-kaiso-tonya-road/,2018-04-30
https://observer.ug/news/police-reconstruct-murdered-susan-magara-crime-scene/,2018-04-30
https://observer.ug/business/india-s-tata-assessing-umeme-s-performance/,2018-05-01
https://observer.ug/sports/express-fc-s-star-man-birungi-ready-for-former-team-kcca-fc/,2018-05-01
https://observer.ug/news/landslides-bududa-residents-pitch-camp-at-politicians-homes/,2018-05-02
https://observer.ug/news/ag-gives-green-light-to-sgs-vehicle-inspection-contract/,2018-05-03
https://observer.ug/sports/observer-locker-did-de-bruyne-merit-salah-s-pfa-award/,2018-05-04
https://observer.ug/news/uganda-tanzania-set-new-fast-track-deadline-for-oil-pipeline/,2018-05-06
https://observer.ug/business/housing-shortfall-hits-140-000-gov-t-calls-for-private-investors/,2018-05-06
https://observer.ug/news/karuma-power-dam-workers-strike/,2018-05-07
https://observer.ug/news/hospital-faces-legal-action-over-journalist-nambaziira-s-death/,2018-05-08
https://observer.ug/news/land-probe-issues-fresh-criminal-summons-against-lands-minister-amongi/,2018-05-08
https://observer.ug/news/police-summons-makerere-university-fraud-whistleblower/,2018-05-08
https://observer.ug/news/kadaga-orders-gen-tumwiine-to-vacate-nommo-gallery-over-shs-2bn-rent-arrears/,2018-05-09
https://observer.ug/news/maj-gen-kyaligonza-dragged-to-land-inquiry/,2018-05-09
https://observer.ug/news/museveni-extends-land-probe-term-by-18-months/,2018-05-10
https://observer.ug/news/parliament-bans-law-course-pre-entry-exams/,2018-05-10
https://observer.ug/news/opm-to-splash-shs-5bn-on-workshops-seminars/,2018-05-11
https://observer.ug/news/my-26-year-land-fight-with-gen-muhwezi/,2018-05-11
https://observer.ug/business/nile-breweries-targets-bigger-market-share/,2018-05-11
https://observer.ug/sports/coach-mutebi-urges-kcca-to-enjoy-al-ahly-game-win-with-style/,2018-05-15
https://observer.ug/lifestyle-entertainment/how-benon-built-swangz-music-label-from-1-500/,2018-05-15
https://observer.ug/news/somaliland-wants-uganda-recognition/,2018-05-15
https://observer.ug/news/govt-to-spend-2-7m-on-marketing-uganda-tourism/,2018-05-15
https://observer.ug/news/hoima-international-airport-workers-strike-over-pay/,2018-05-15
https://observer.ug/news/schools-use-dogs-to-stop-alcohol-abuse/,2018-05-16
https://observer.ug/news/road-fund-defends-shs-100-tax-on-fuel/,2018-05-16
https://observer.ug/news/nita-boss-cited-in-shs-928m-land-fund-mess/,2018-05-16
https://observer.ug/news/parliament-halts-pay-rise-for-science-teachers/,2018-05-17
https://observer.ug/news/umeme-shareholders-reject-bigirimana-over-tainted-corrupt-image/,2018-05-17
https://observer.ug/news/women-4-women-awards-launched-to-inspire-ugandan-women/,2018-05-17
https://observer.ug/news/ugandan-girls-rescued-in-thailand/,2018-05-17
https://observer.ug/news/land-grabbing-good-for-uganda-s-industrialisation-mwenda/,2018-05-18
https://observer.ug/education/poor-planning-failing-government-projects-first-lady/,2018-05-19
https://observer.ug/sports/how-halftime-talk-made-kcca-fc-beat-egypt-s-al-ahly/,2018-05-19
https://observer.ug/news/landslides-damage-kabale-katuna-road/,2018-05-20
https://observer.ug/news/kadaga-wants-road-safety-included-in-national-curriculum/,2018-05-20
https://observer.ug/news/gov-t-warns-against-boarding-sections-in-upe-schools/,2018-05-20
https://observer.ug/news/a-dream-project-saving-girls-from-sexual-trouble/,2018-05-21
https://observer.ug/news/govt-asks-police-to-probe-kibuli-headmaster/,2018-05-21
https://observer.ug/news/lands-minister-amongi-in-fresh-trouble-over-land-grabbing/,2018-05-22
https://observer.ug/business/afd-gives-uganda-37-1m-for-power-transmission-line/,2018-05-22
https://observer.ug/lifestyle-entertainment/biogas-an-old-way-to-make-new-energy-savings/,2018-05-22
https://observer.ug/news/health-minister-accuses-mulago-hospital-of-hiding-oxygen-cylinders/,2018-05-22
https://observer.ug/viewpoint/land-probe-a-classic-example-of-how-capital-always-wins/,2018-05-23
https://observer.ug/viewpoint/free-market-is-fiction-intended-to-defraud/,2018-05-23
https://observer.ug/news/judge-orders-kcca-to-pay-ex-kcc-workers-shs-91bn/,2018-05-23
https://observer.ug/news/security-blocks-amongi-from-entering-parliament-with-placards/,2018-05-24
https://observer.ug/news/kasaija-i-shake-when-signing-money-to-corrupt-ministries/,2018-05-25
https://observer.ug/news/kasirye-gwanga-sells-disputed-house/,2018-05-25
https://observer.ug/business/nwsc-launches-campaign-to-reconnect-customers/,2018-05-27
https://observer.ug/education/will-facelift-of-primary-schools-turn-around-the-standards/,2018-05-29
https://observer.ug/lifestyle-entertainment/fun-and-fitness-on-mountain-bike-trail/,2018-05-29
https://observer.ug/viewpoint/why-mwenda-is-wrong-on-land/,2018-05-30
https://observer.ug/sports/advantage-vipers-kcca-in-uganda-cup/,2018-05-30
https://observer.ug/news/pastor-kakande-in-land-row-with-mpigi-residents/,2018-05-30
https://observer.ug/news/businessman-mwesigye-grilled-over-shs-13bn-land-fund-money/,2018-05-30
https://observer.ug/lifestyle-entertainment/award-winning-yat-madit-returns-with-second-season/,2018-05-31
https://observer.ug/business/umeme-opens-new-pallisa-service-centre/,2018-05-31
https://observer.ug/news/mugabe-faces-jail-over-diamond-revenue-corruption/,2018-06-01
https://observer.ug/news/namugongo-pilgrims-warned-against-drinking-holy-water/,2018-06-02
https://observer.ug/news/land-probe-baffled-by-entebbe-town-clerk-new-shs-44bn-rock-compensation-claim/,2018-06-05
https://observer.ug/news/kabale-school-fire-kills-p-7-pupil/,2018-06-05
https://observer.ug/lifestyle-entertainment/new-mulago-maternal-and-neonatal-hospital-is-a-game-changer/,2018-06-05
https://observer.ug/business/will-mobile-payment-solve-third-party-ills/,2018-06-05
https://observer.ug/viewpoint/selective-salary-raise-will-fuel-teachers-pay-dispute/,2018-06-06
https://observer.ug/viewpoint/uganda-s-budget-expansion-on-paper-contraction-in-practice/,2018-06-06
https://observer.ug/sports/vipers-books-kcca-in-finale/,2018-06-06
https://observer.ug/business/public-to-critique-master-plan-for-capital-markets/,2018-06-06
https://observer.ug/news/museveni-investment-in-roads-electricity-now-bearing-fruit/,2018-06-06
https://observer.ug/news/father-kills-son-for-missing-school/,2018-06-08
https://observer.ug/news/gov-t-valuer-pinned-over-shs-132m-rock-compensation-claim/,2018-06-09
https://observer.ug/business/karuma-power-dam-construction-on-schedule/,2018-06-10
https://observer.ug/news/nrm-people-corrupt-feel-entitled-minister-ecweru/,2018-06-10
https://observer.ug/business/budget-why-umeme-is-key-for-new-power-generation-projects/,2018-06-11
https://observer.ug/news/nambooze-3-others-probed-over-abiriga-murder/,2018-06-11
https://observer.ug/news/barclays-joins-ura-s-e-payment/,2018-06-13
https://observer.ug/news/kayihura-detained-at-makindye-military-barracks-updf/,2018-06-14
https://observer.ug/sports/kcca-coach-mutebi-misses-fufa-commission-of-inquiry/,2018-06-14
https://observer.ug/business/us-commits-shs-2bn-to-uganda-s-solar-energy-sector/,2018-06-17
https://observer.ug/lifestyle-entertainment/ngamba-island-makes-our-cousins-feel-right-at-home/,2018-06-17
https://observer.ug/news/mak-committee-wants-courses-with-few-student-scrapped/,2018-06-18
https://observer.ug/business/is-world-bank-losing-faith-in-125m-transport-project/,2018-06-19
https://observer.ug/news/kadaga-blocks-kayihura-debate-in-parliament/,2018-06-19
https://observer.ug/viewpoint/kayihura-and-the-curse-of-power/,2018-06-20
https://observer.ug/news/police-fed-up-to-evict-crime-preventers-from-stations/,2018-06-21
https://observer.ug/lifestyle-entertainment/kads-takes-broadway-to-the-pub/,2018-06-22
https://observer.ug/lifestyle-entertainment/levixone-brings-his-swag-to-sunday-school-teaching/,2018-06-22
https://observer.ug/news/is-zimbabwe-heading-for-more-disputed-elections/,2018-06-22
https://observer.ug/news/90-year-old-woman-collapses-to-death-after-lost-land-case/,2018-06-23
https://observer.ug/news/lawyer-questions-delayed-judgement-of-age-limit-petition/,2018-06-24
https://observer.ug/news/delayed-age-limit-petition-judgment-worries-ambassadors/,2018-06-26
https://observer.ug/news/basalirwa-talks-up-bid-for-bugiri-mp-seat/,2018-06-26
https://observer.ug/business/there-s-need-to-reconfigure-kampala-s-empty-buildings/,2018-06-26
https://observer.ug/lifestyle-entertainment/do-thieves-really-fear-market-vendors-goods/,2018-06-26
https://observer.ug/viewpoint/prisons-must-confront-gay-sex-hiv-stigma/,2018-06-27
https://observer.ug/education/kabojjja-marks-awards-day/,2018-06-27
https://observer.ug/news/gay-sex-between-prisons-staff-shocks-byabashaija/,2018-06-27
https://observer.ug/news/uia-executive-director-forced-out-of-office-over-corruption/,2018-06-27
https://observer.ug/business/construction-of-new-sewerage-treatment-plant-almost-complete/,2018-06-27
https://observer.ug/news/land-probe-blocks-shs-600bn-isimba-rock-compensation-bonanza/,2018-06-27
https://observer.ug/news/somaliland-ambassador-calls-for-unity-as-they-fight-for-recognition/,2018-07-02
https://observer.ug/business/nssf-wins-african-investment-award/,2018-07-03
https://observer.ug/news/land-commission-stops-suspected-shs-7bn-fraud/,2018-07-04
https://observer.ug/business/lubilia-dam-to-boost-industrial-growth-in-kasese/,2018-07-04
https://observer.ug/news/nambooze-seeks-compensation-over-age-limit-assault/,2018-07-05
https://observer.ug/news/blood-shortage-hits-lyantonde-hospital/,2018-07-05
https://observer.ug/news/corruption-frustrating-american-investors-in-uganda-ambassador/,2018-07-06
https://observer.ug/news/blogger-remanded-for-broadcasting-pornography-on-youtube/,2018-07-08
https://observer.ug/business/the-world-cup-and-the-democratization-of-power/,2018-07-11
https://observer.ug/viewpoint/problem-is-not-social-media-tax-but-a-corrupt-regime/,2018-07-11
https://observer.ug/news/land-grabbing-more-ministers-pinned/,2018-07-11
https://observer.ug/business/energy-chiefs-seek-solutions-to-boost-demand-for-power/,2018-07-11
https://observer.ug/education/how-a-healthcare-project-turned-around-kabarole-school-fortunes-2/,2018-07-11
https://observer.ug/news/parliament-can-t-suspend-mobile-money-tax-kadaga/,2018-07-12
https://observer.ug/business/nssf-to-put-up-more-housing-projects/,2018-07-13
https://observer.ug/news/court-awards-shs-700m-to-maj-iduuli-over-erroneous-retirement/,2018-07-15
https://observer.ug/sports/chemutai-wins-uganda-s-second-silver-medal-in-finland/,2018-07-15
https://observer.ug/news/obama-in-ancestral-home-kenya-to-launch-sister-s-project/,2018-07-15
https://observer.ug/business/forget-the-new-taxes-ministry-of-lands-will-burden-us-even-more/,2018-07-16
https://observer.ug/business/how-disputed-rock-cast-shadow-over-isimba-dam/,2018-07-16
https://observer.ug/news/uganda-hosts-africa-water-conference/,2018-07-17
https://observer.ug/education/kawempe-student-scoops-schools-water-and-sanitation-award/,2018-07-17
https://observer.ug/news/intern-issued-illegal-land-titles-in-entebbe-wetlands-gov-t-surveyor/,2018-07-17
https://observer.ug/news/otafiire-to-african-leaders-delegate-power/,2018-07-18
https://observer.ug/news/gen-otafiire-named-in-island-deal-gone-bad/,2018-07-18
https://observer.ug/news/tunisia-approves-illegal-enrichment-law-to-strengthen-anti-corruption-fight/,2018-07-18
https://observer.ug/business/total-and-cccc-partner-to-boost-construction/,2018-07-18
https://observer.ug/news/south-african-seeks-shs-3bn-compensation-over-isimba-dam/,2018-07-18
https://observer.ug/news/museveni-to-recieve-global-peace-award/,2018-07-19
https://observer.ug/news/kagina-all-contracts-below-shs-45bn-reserved-for-locals/,2018-07-20
https://observer.ug/news/biometric-machine-exposes-absentee-staff-at-naguru-hospital/,2018-07-21
https://observer.ug/business/how-ugandans-can-stop-funding-foreign-hospitals/,2018-07-23
https://observer.ug/education/here-s-why-beating-at-school-does-not-raise-performance/,2018-07-23
https://observer.ug/viewpoint/change-of-mindset-will-stimulate-youth-empowerment/,2018-07-25
https://observer.ug/viewpoint/icts-are-spaces-of-power-and-politics-not-development/,2018-07-25
https://observer.ug/news/student-killed-over-missing-school-bag/,2018-07-25
https://observer.ug/business/nile-breweries-donates-to-solar-panels-to-mulago-hospital/,2018-07-26
https://observer.ug/news/80-year-old-man-accuses-nrm-s-kigongo-of-land-grabbing/,2018-07-27
https://observer.ug/sports/kcca-0-1-esperance-tough-lessons-for-coach-mutebi/,2018-07-29
https://observer.ug/news/land-grabber-attempted-to-con-museveni-out-of-shs-4-billion/,2018-07-31
https://observer.ug/news/supreme-mufti-cautions-muslims-on-sale-of-land/,2018-08-01
https://observer.ug/news/e-payment-nwsc-umeme-irregularly-charging-extra-fees/,2018-08-02
https://observer.ug/special-editions/drugs-firm-cipla-to-list-on-ugandan-stock-market/,2018-08-02
https://observer.ug/education/theft-of-lightning-conductors-in-entebbe-schools-worries-authorities/,2018-08-02
https://observer.ug/viewpoint/your-mail-kudos-to-kcca-on-banning-public-smoking/,2018-08-08
https://observer.ug/news/police-head-count-unearths-8-000-ghost-officers/,2018-08-08
https://observer.ug/news/gov-t-seeks-shs-1-trillion-loan-for-infrastructure-development/,2018-08-08
https://observer.ug/news/7-year-old-boy-stuck-at-mulago-hospital/,2018-08-10
https://observer.ug/news/youth-decry-sexual-harassment-in-schools-workplaces/,2018-08-10
https://observer.ug/business/kcca-should-pounce-on-golden-boda-boda-sector/,2018-08-13
https://observer.ug/business/cipla-listing-brings-back-vibrancy-to-stock-market/,2018-08-15
https://observer.ug/news/kenya-deputy-president-receives-achievers-award-in-uganda/,2018-08-16
https://observer.ug/news/land-probe-warns-minister-namuganza/,2018-08-16
https://observer.ug/news/bobi-wine-charged-remanded-to-makindye-barracks/,2018-08-16
https://observer.ug/news/kcca-closes-jibu-water-factory-over-poor-hygiene/,2018-08-17
https://observer.ug/news/policeman-shot-at-parliament/,2018-08-21
https://observer.ug/news/bribery-allegations-threaten-relocation-of-kasubi-market/,2018-08-21
https://observer.ug/business/use-maize-fund-to-revamp-produce-marketing-board/,2018-08-21
https://observer.ug/news/nwsc-explains-entebbe-road-traffic-disruptions/,2018-08-22
https://observer.ug/viewpoint/dear-president-stop-life-presidency-project/,2018-08-22
https://observer.ug/viewpoint/how-people-power-is-beyond-a-slogan/,2018-08-22
https://observer.ug/viewpoint/if-you-want-to-understand-100-years-of-uganda-follow-the-story-of-her-roads/,2018-08-29
https://observer.ug/news/stop-physical-violence-against-children-in-schools-and-homes/,2018-08-29
https://observer.ug/news/byandala-acquitted-of-corruption-in-katosi-road-scam/,2018-08-29
https://observer.ug/news/police-blocks-mp-zaake-at-entebbe-airport/,2018-08-30
https://observer.ug/news/katosi-road-scam-former-unra-staff-jailed-for-five-years/,2018-08-30
https://observer.ug/news/bobi-wine-arrested-at-entebbe-airport/,2018-08-30
https://observer.ug/business/ura-kcca-take-tax-education-to-kikuubo/,2018-08-31
https://observer.ug/business/uganda-road-fund-releases-shs-130-5bn/,2018-08-31
https://observer.ug/business/umeme-bounces-back-with-mega-profit-of-shs-61-billion/,2018-08-31
https://observer.ug/business/youth-reap-big-using-technology-to-market-agricultural-products/,2018-08-31
https://observer.ug/news/bebe-cool-succumbs-to-people-power-pressure-suspends-shows/,2018-09-02
https://observer.ug/education/ibanda-district-wants-parents-punished-over-school-feeding/,2018-09-03
https://observer.ug/news/police-procurement-boss-under-probe-over-shs-100bn-fraud/,2018-09-04
https://observer.ug/business/acca-uganda-deloitte-launch-2nd-edition-of-cfo-awards/,2018-09-04
https://observer.ug/business/fears-as-uganda-airlines-may-upset-private-pilots-market/,2018-09-04
https://observer.ug/sports/kcca-pays-shs-30m-in-player-compensation/,2018-09-04
https://observer.ug/news/katosi-locals-cry-out-for-clean-water/,2018-09-05
https://observer.ug/news/museveni-i-can-do-away-with-parliament/,2018-09-05
https://observer.ug/sports/road-to-cameroon-2019/,2018-09-05
https://observer.ug/news/museveni-has-powers-to-abolish-parliament-minister/,2018-09-07
https://observer.ug/business/unra-sets-tough-terms-for-the-kampala-jinja-expressway/,2018-09-11
https://observer.ug/news/accused-bakaleke-demands-fresh-probe/,2018-09-12
https://observer.ug/news/kcca-calls-off-kampala-city-festival/,2018-09-12
https://observer.ug/news/govt-awards-2-950-needy-students-study-loans/,2018-09-13
https://observer.ug/news/contractor-hands-over-mulago-maternal-and-neonatal-hospital/,2018-09-14
https://observer.ug/education/oil-project-works-lure-total-e-p-into-training-welders/,2018-09-14
https://observer.ug/news/european-parliament-puts-pressure-on-govt-over-bobi-wine/,2018-09-14
https://observer.ug/business/egypt-trains-uegcl-staff-in-contract-management/,2018-09-15
https://observer.ug/news/eu-parliament-bobi-wine-discussion-based-on-gossip-opondo/,2018-09-17
https://observer.ug/news/former-argentina-president-indicted-on-corruption-charges/,2018-09-18
https://observer.ug/business/sweet-potato-porridge-hits-supermarket-shelves/,2018-09-18
https://observer.ug/education/a-father-s-agony-of-daughters-corporal-punishment-at-school/,2018-09-19
https://observer.ug/news/muntu-bobi-s-people-power-will-swallow-fdc/,2018-09-19
https://observer.ug/business/cba-bank-bids-odeke-farewell-welcomes-ndegwa-as-new-md/,2018-09-21
https://observer.ug/business/audit-on-bank-seizures-places-bou-on-spot/,2018-09-21
https://observer.ug/news/mulago-women-s-hospital-opens-to-public/,2018-09-21
https://observer.ug/news/ldu-personnel-desert-force-in-nakapiripirit-over-nonpayment/,2018-09-24
https://observer.ug/viewpoint/how-some-of-our-cultural-ways-promote-corruption/,2018-09-26
https://observer.ug/viewpoint/we-all-can-harvest-bob-red-and-people-power/,2018-09-26
https://observer.ug/news/how-empowerment-of-children-benefits-society/,2018-09-26
https://observer.ug/news/complainant-i-was-harassed-by-land-inquiry-employees/,2018-09-26
https://observer.ug/news/police-probes-nyanzi-s-vulgar-birthday-poem-to-museveni/,2018-09-27
https://observer.ug/business/bujagali-refinancing-reduces-cost-of-power-for-extra-large-industries/,2018-09-28
https://observer.ug/education/what-s-your-strategy-for-school-fees/,2018-09-28
https://observer.ug/news/angolan-president-one-year-in-praised-for-anti-corruption-push/,2018-09-28
https://observer.ug/news/new-nile-bridge-passes-static-road-test/,2018-09-28
https://observer.ug/news/can-people-power-change-uganda-s-political-fortune/,2018-10-01
https://observer.ug/news/uganda-has-too-much-excess-electricity-energy-minister/,2018-10-02
https://observer.ug/viewpoint/why-you-must-do-a-location-survey-before-buying-private-mailo-land/,2018-10-03
https://observer.ug/news/ssekandi-flags-off-120-acres-solar-project-in-gomba/,2018-10-03
https://observer.ug/news/people-power-police-raid-byanyima-s-house/,2018-10-03
https://observer.ug/news/water-shortage-exposes-students-to-rape-murder/,2018-10-04
https://observer.ug/news/caa-clarifies-on-capt-mukula-flight-school/,2018-10-04
https://observer.ug/news/dr-lukwiya-s-wife-narrates-how-her-husband-contracted-ebola-and-died/,2018-10-04
https://observer.ug/news/fmr-s-korean-president-lee-sentenced-to-15yrs-over-corruption/,2018-10-05
https://observer.ug/news/anti-corruption-court-orders-for-arrest-of-siraje-bakaleke/,2018-10-05
https://observer.ug/lifestyle-entertainment/will-mulago-s-new-women-hospital-help-or-break-the-poor-citizens/,2018-10-08
https://observer.ug/viewpoint/kamwokya-is-the-reason-museveni-family-loves-power/,2018-10-10
https://observer.ug/news/family-s-30-year-chase-for-nra-compensation/,2018-10-10
https://observer.ug/sports/nbl-power-must-win-game-four/,2018-10-10
https://observer.ug/news/police-whisks-mp-zaake-airport/,2018-10-11
https://observer.ug/news/several-dead-in-fresh-bududa-landslides/,2018-10-11
https://observer.ug/news/300-makerere-students-irregularly-awarded-marks/,2018-10-15
https://observer.ug/news/ig-completes-probe-into-obore-s-irregular-appointment/,2018-10-15
https://observer.ug/news/kcca-executive-director-musisi-resigns/,2018-10-15
https://observer.ug/viewpoint/bududa-landslides-victims-need-more-than-relocation/,2018-10-17
https://observer.ug/viewpoint/govt-has-made-corruption-attractive/,2018-10-17
https://observer.ug/business/era-prepares-to-issue-new-accounting-rules-for-energy-projects/,2018-10-17
https://observer.ug/news/govt-secures-eu-funding-for-tororo-gulu-railway/,2018-10-18
https://observer.ug/sports/onduparaka-host-kcca-in-arua/,2018-10-19
https://observer.ug/news/former-mp-kipoi-missing-from-luzira-prison/,2018-10-20
https://observer.ug/news/7-nrm-supporters-arrested-over-illegal-corruption-demo/,2018-10-22
https://observer.ug/news/lawyer-wanyoto-runs-to-high-court-to-block-fraud-trial/,2018-10-22
https://observer.ug/viewpoint/why-ugandans-shouldn-t-celebrate-museveni-s-infrastructure/,2018-10-24
https://observer.ug/viewpoint/don-t-worry-torture-is-marketing-uganda/,2018-10-24
https://observer.ug/lifestyle-entertainment/meet-luyimbazi-the-brains-behind-the-new-nile-bridge/,2018-10-24
https://observer.ug/news/goodies-lure-mothers-to-deliver-in-hospitals/,2018-10-24
https://observer.ug/news/pac-quizzes-bigirimana-over-ghost-beneficiaries/,2018-10-24
https://observer.ug/news/army-denies-picking-kipoi-from-luzira-prison/,2018-10-24
https://observer.ug/news/church-denies-grabbing-ntinda-school-land/,2018-10-24
https://observer.ug/lifestyle-entertainment/damien-chazelle-ryan-gosling-team-up-for-first-man/,2018-10-25
https://observer.ug/news/kcca-appeals-order-to-pay-100bn-to-ex-kcc-workers/,2018-10-31
https://observer.ug/news/95-of-world-bank-funded-projects-behind-schedule/,2018-10-31
https://observer.ug/sports/kcca-back-vipers-held/,2018-10-31
https://observer.ug/news/lira-district-denies-receiving-shs-600m-akii-bua-stadium-funds/,2018-10-31
https://observer.ug/news/kcca-hands-over-infrastructure-worth-shs-7bn-to-makerere/,2018-11-01
https://observer.ug/news/police-foils-people-power-meeting-in-bugweri/,2018-11-01
https://observer.ug/news/unra-suspends-masindi-ferry-services/,2018-11-01
https://observer.ug/viewpoint/uhmg-we-should-not-throw-away-the-baby-with-the-bath-water/,2018-11-02
https://observer.ug/news/italy-launches-land-for-children-offer-to-fight-declining-birthrate/,2018-11-02
https://observer.ug/news/akii-bua-stadium-money-well-spent-ministry/,2018-11-03
https://observer.ug/news/one-shot-dead-in-kabarole-land-wrangle/,2018-11-05
https://observer.ug/viewpoint/presidential-visits-can-t-end-evictions/,2018-11-07
https://observer.ug/business/crown-beverages-bags-top-taxpayer-award/,2018-11-07
https://observer.ug/news/six-pupils-miss-ple-after-failing-to-hire-boat-to-island/,2018-11-07
https://observer.ug/news/inside-the-sale-of-greenland-icb-crane-bank/,2018-11-07
https://observer.ug/business/barclays-launches-account-with-hospital-cash-cover/,2018-11-07
https://observer.ug/news/police-opens-probe-into-misuse-of-akii-bua-stadium-funds/,2018-11-07
https://observer.ug/sports/why-ugandan-players-vanish-while-abroad/,2018-11-09
https://observer.ug/news/makerere-could-scrap-schools-deans/,2018-11-09
https://observer.ug/news/mother-stabs-attendant-to-death-at-soroti-hospital/,2018-11-12
https://observer.ug/news/nine-students-perish-in-school-inferno/,2018-11-12
https://observer.ug/news/rakai-school-fire-students-sent-home-six-arrested/,2018-11-12
https://observer.ug/news/land-laws-responsible-for-land-wrangles-minister/,2018-11-13
https://observer.ug/viewpoint/fdc-would-make-school-great-again/,2018-11-14
https://observer.ug/viewpoint/another-school-fire-and-still-no-easy-answers/,2018-11-14
https://observer.ug/viewpoint/will-elder-s-forum-ircu-speak-truth-to-power/,2018-11-14
https://observer.ug/news/my-boy-s-last-words-after-rakai-school-fire/,2018-11-14
https://observer.ug/business/road-fund-prioritizes-rural-community-access-roads/,2018-11-14
https://observer.ug/news/rakai-school-fire-police-fire-truck-arrived-2hrs-late/,2018-11-14
https://observer.ug/sports/madondo-scoops-october-best-footballer-award/,2018-11-15
https://observer.ug/news/auditor-general-bou-s-teefe-bank-inventory-report/,2018-11-17
https://observer.ug/education/school-fire-govt-to-dispatch-counsellors-to-st-bernard-s-ss/,2018-11-19
https://observer.ug/business/vanity-of-canopies-at-our-school-gates/,2018-11-20
https://observer.ug/news/sugar-war-rages-in-parliament/,2018-11-21
https://observer.ug/education/uganda-moments-away-from-another-school-fire-tragedy-expert/,2018-11-21
https://observer.ug/news/police-rescues-16-people-trapped-on-sinking-3-islands/,2018-11-23
https://observer.ug/business/lands-ministry-advises-on-mailo-titles/,2018-11-24
https://observer.ug/news/homosexuality-in-schools-how-rampant-is-the-vice/,2018-11-24
https://observer.ug/business/companies-want-uganda-refinery-delayed-to-2026/,2018-11-26
https://observer.ug/business/parliament-passes-gmo-bill/,2018-11-29
https://observer.ug/news/bou-probe-bagyenda-aides-arrested/,2018-11-29
https://observer.ug/business/umeme-entices-power-regulator-for-another-term/,2018-11-30
https://observer.ug/news/land-registrar-admits-to-issuing-fake-land-titles/,2018-12-01
https://observer.ug/news/condom-stock-out-hits-bukwo-hospital/,2018-12-03
https://observer.ug/news/parliament-holds-bagyenda-s-passports/,2018-12-03
https://observer.ug/news/un-refugee-audit-implicates-unhcr-opm/,2018-12-03
https://observer.ug/business/govt-crude-oil-firms-differ-on-registration-of-pipeline-company/,2018-12-04
https://observer.ug/news/donors-launch-shs-140bn-nutrition-project-for-karamoja/,2018-12-05
https://observer.ug/business/locals-reject-environmental-report-on-tilenga-oil-project/,2018-12-06
https://observer.ug/sports/all-set-for-fufa-awards-night/,2018-12-06
https://observer.ug/sports/ssekajugo-not-the-coaches-pick-but-likely-to-fufa-awards/,2018-12-07
https://observer.ug/news/parliament-wants-mp-mudimi-prosecuted-over-bududa-land/,2018-12-10
https://observer.ug/news/museveni-to-masaka-vote-wisely-to-have-roads/,2018-12-10
https://observer.ug/viewpoint/with-political-will-we-can-end-corruption/,2018-12-11
https://observer.ug/viewpoint/the-hollowness-of-museveni-s-anti-corruption-rhetoric/,2018-12-11
https://observer.ug/news/corruption-how-museveni-weakened-igg/,2018-12-12
https://observer.ug/news/works-to-boost-kampala-water-wow-mps/,2018-12-13
https://observer.ug/news/cosase-gtb-directors-seek-shs-315bn-compensation/,2018-12-14
https://observer.ug/business/researchers-call-for-economy-audit-over-tax-leaks/,2018-12-16
https://observer.ug/news/demographic-roadmap-urges-govt-on-high-fertility-rates/,2018-12-16
https://observer.ug/news/kitaka-appointed-acting-kcca-executive-director/,2018-12-18
https://observer.ug/viewpoint/bou-probe-leaves-many-guilty-in-court-of-public-opinion/,2018-12-19
https://observer.ug/news/kadaga-nankabirwa-clash-over-parliamentary-commissioners/,2018-12-19
https://observer.ug/news/i-feel-safer-in-prison-stella-nyanzi/,2018-12-19
https://observer.ug/business/buganda-signs-off-multi-billion-sentema-housing-project/,2018-12-19
https://observer.ug/business/ntagali-lauds-nms-decries-corruption/,2018-12-19
https://observer.ug/news/uk-parliament-to-debate-bobi-wine-arrest-next-month/,2018-12-20
https://observer.ug/news/corruption-nakalema-raids-wakiso-land-office/,2018-12-20
https://observer.ug/news/brazil-ag-seeks-corruption-charges-against-president-temer/,2018-12-21
https://observer.ug/news/kadaga-extends-bou-probe-by-one-month/,2018-12-21
https://observer.ug/news/bigirimana-i-was-ignored-on-corruption-at-bank-of-uganda/,2018-12-22
https://observer.ug/news/road-safety-police-opts-for-sensitisation-over-fines/,2018-12-23
https://observer.ug/sports/kcca-fc-progress-vipers-sc-out/,2018-12-23
https://observer.ug/business/s-korea-fines-bmw-9-9m-over-faulty-engines-delayed-recalls/,2018-12-24
https://observer.ug/news/cmi-to-investigate-how-kaweesi-murder-case-was-mismanaged/,2018-12-28
https://observer.ug/news/vote-counting-begins-in-drc-long-delayed-presidential-election/,2018-12-31
https://observer.ug/viewpoint/govt-can-work-with-blb-in-land-management/,2019-01-01
https://observer.ug/news/bou-probe-pins-mutebile-bagyenda/,2019-01-02
https://observer.ug/news/auditor-general-reveals-shs-28bn-loss-in-ylp/,2019-01-04
https://observer.ug/news/drc-delays-results-of-december-election/,2019-01-07
https://observer.ug/news/uk-parliament-to-debate-uganda-s-democracy-tomorrow/,2019-01-07
https://observer.ug/news/kcca-choking-on-shs-65bn-debt/,2019-01-07
https://observer.ug/sports/egypt-wins-bid-to-host-2019-afcon/,2019-01-08
https://observer.ug/news/lukwago-asks-police-to-recall-kcca-s-rusoke/,2019-01-09
https://observer.ug/news/umeme-tasked-to-put-hospitals-on-direct-power-lines/,2019-01-09
https://observer.ug/viewpoint/your-mail-keep-politics-out-of-kcca-programs/,2019-01-09
https://observer.ug/viewpoint/the-masaka-bukakata-road-will-transform-many-lives/,2019-01-09
https://observer.ug/viewpoint/infrastructure-is-key-to-our-economic-development-trajectory/,2019-01-09
https://observer.ug/news/bou-probe-katuntu-digs-in/,2019-01-09
https://observer.ug/news/people-power-footprint-in-sembabule-worries-nrm-mps/,2019-01-09
https://observer.ug/news/water-scarcity-threatens-cholera-response-at-naguru-hospital/,2019-01-11
https://observer.ug/business/gomba-solar-project-adds-20mw-to-national-grid/,2019-01-11
https://observer.ug/lifestyle-entertainment/mbwatekamwa-on-leaving-parliament-to-give-family-more-time/,2019-01-11
https://observer.ug/news/lokodo-suspends-ssempa-from-pornography-control-committee/,2019-01-13
https://observer.ug/news/who-orders-for-mandatory-ebola-screening-at-entebbe-airport/,2019-01-14
https://observer.ug/news/katuntu-to-continue-chairing-bou-probe/,2019-01-15
https://observer.ug/viewpoint/govt-should-quickly-address-specialist-care-at-regional-hospitals/,2019-01-16
https://observer.ug/viewpoint/debt-borrowing-for-energy-sector-has-not-benefitted-ugandans/,2019-01-16
https://observer.ug/news/fdc-locked-in-fight-for-parliamentary-jobs/,2019-01-16
https://observer.ug/news/court-awards-shs-287m-to-kenyans-charged-for-2010-kampala-bombing/,2019-01-16
https://observer.ug/lifestyle-entertainment/glass-concludes-eastrail-trilogy/,2019-01-17
https://observer.ug/education/janet-warns-schools-against-increasing-fees/,2019-01-17
https://observer.ug/education/mbarara-school-head-teacher-charged-with-embezzlement/,2019-01-17
https://observer.ug/news/kamya-lukwago-bicker-over-kcca-enforcement/,2019-01-18
https://observer.ug/lifestyle-entertainment/joseph-mabirizi-ready-for-second-presidential-bid/,2019-01-18
https://observer.ug/sports/can-man-united-catch-up-with-title-contenders/,2019-01-19
https://observer.ug/sports/kcca-vipers-must-evoke-the-sc-villa-spirit-of-1991/,2019-01-19
https://observer.ug/sports/congo-s-as-otoho-eliminates-kcca/,2019-01-21
https://observer.ug/business/alobo-wants-all-ugandans-on-solar-power-in-10-years/,2019-01-21
https://observer.ug/education/seninde-lifts-up-busoga-s-poor-performing-schools/,2019-01-21
https://observer.ug/news/egypt-tv-host-gets-year-in-prison-for-interviewing-gay-man/,2019-01-22
https://observer.ug/news/energy-drinks-what-you-don-t-know/,2019-01-23
https://observer.ug/viewpoint/budget-is-failing-on-gender-based-equality/,2019-01-23
https://observer.ug/news/ple-how-top-kampala-schools-crashed/,2019-01-23
https://observer.ug/news/prof-ogenda-latigo-survives-4th-road-accident/,2019-01-24
https://observer.ug/lifestyle-entertainment/power-fm-treats-listeners-to-party/,2019-01-24
https://observer.ug/lifestyle-entertainment/sex-talk-careful-you-could-be-marketing-an-ex/,2019-01-24
https://observer.ug/news/minister-tells-kampala-s-top-schools-to-accept-ple-results/,2019-01-24
https://observer.ug/business/tanzanian-delegation-in-uganda-for-oil-pipeline-negotiations/,2019-01-25
https://observer.ug/news/japan-gives-shs-2bn-to-kamwokya-for-roads-maintenance/,2019-01-25
https://observer.ug/sports/observer-locker-junkies-bemoan-kcca-vipers-exit-from-africa-event/,2019-01-28
https://observer.ug/news/uganda-heart-institute-threatened-with-eviction/,2019-01-29
https://observer.ug/news/masindi-hospital-also-hit-by-blood-shortage/,2019-01-29
https://observer.ug/news/ben-kiwanuka-took-mutesa-s-land-wasajja/,2019-01-30
https://observer.ug/viewpoint/travel-alert-uganda-is-not-a-cheap-gold-supermarket/,2019-01-30
https://observer.ug/news/mugagga-survives-sex-probe-retires/,2019-01-30
https://observer.ug/news/how-nile-bridge-was-bungled-up/,2019-01-30
https://observer.ug/sports/kcca-kick-off-round-11/,2019-01-30
https://observer.ug/news/police-probes-kasirye-gwanga-for-shooting-at-kusasira-car/,2019-01-30
https://observer.ug/news/schools-deploying-wrong-teaching-methods-uneb/,2019-01-31
https://observer.ug/news/bidco-in-shs-74-billion-fraud-scandal/,2019-01-31
https://observer.ug/lifestyle-entertainment/sex-talk-a-libido-killer-you-may-have-ignored/,2019-02-01
https://observer.ug/news/bobi-in-talks-with-meritocracy-party-over-people-power-slogan/,2019-02-03
https://observer.ug/news/jms-decries-low-quality-medicines-on-ugandan-market/,2019-02-04
https://observer.ug/news/tour-operator-remanded-for-defrauding-american/,2019-02-05
https://observer.ug/news/scores-injured-in-two-separate-road-accidents-in-mpigi/,2019-02-05
https://observer.ug/news/student-wants-miss-uganda-s-fake-degree-probed/,2019-02-05
https://observer.ug/news/whistle-blowers-to-igg-patriotism-officials-are-corrupt/,2019-02-06
https://observer.ug/viewpoint/kcca-refused-to-tame-boda-boda-madness-so-we-got-kibooko/,2019-02-06
https://observer.ug/news/jailed-kunsa-wants-otafiire-probed-over-pension-scam/,2019-02-06
https://observer.ug/news/ishaka-nursing-school-explains-caning-of-nurses/,2019-02-07
https://observer.ug/news/incoming-cosase-chairman-wanted-for-corruption/,2019-02-07
https://observer.ug/news/nawangwe-has-no-powers-to-suspend-staff-law-school/,2019-02-10
https://observer.ug/viewpoint/understanding-mailo-land-and-dual-ownership/,2019-02-10
https://observer.ug/business/kadaga-launches-shs-40bn-satellite-project/,2019-02-10
https://observer.ug/education/ishaka-nursing-school-under-probe-over-caning-students/,2019-02-11
https://observer.ug/news/opposition-leaders-denied-access-to-parliament/,2019-02-12
https://observer.ug/news/kadaga-s-karamoja-tree-project-dries-up/,2019-02-12
https://observer.ug/viewpoint/it-is-the-market-stupid/,2019-02-13
https://observer.ug/news/now-nawangwe-wants-school-of-law-closed-indefinitely/,2019-02-13
https://observer.ug/business/knight-frank-calls-for-better-land-registry/,2019-02-13
https://observer.ug/news/bou-tasked-to-explain-dollar-payments-to-local-lawyers/,2019-02-14
https://observer.ug/business/govt-turns-to-mobile-money-to-boost-securities-market/,2019-02-14
https://observer.ug/education/uneb-cancels-results-of-two-arua-schools-after-hearing/,2019-02-16
https://observer.ug/news/police-to-watermark-bond-papers/,2019-02-18
https://observer.ug/news/mps-question-379m-govt-support-to-hospital-investor/,2019-02-19
https://observer.ug/news/powerless-high-court-rejects-former-mp-kipoi-s-bail-application/,2019-02-19
https://observer.ug/news/mp-zaake-re-arrested-in-arua-remanded-to-gulu-prison/,2019-02-22
https://observer.ug/news/mbarara-cao-arrested-by-state-house-anti-corruption-unit/,2019-02-24
https://observer.ug/news/uber-taxify-drivers-petition-parliament-over-unfair-fares/,2019-02-26
https://observer.ug/news/life-in-prison-better-than-partial-freedom-stella-nyanzi/,2019-02-26
https://observer.ug/news/cosase-bribery-igg-orders-iso-to-investigate-katuntu/,2019-02-27
https://observer.ug/news/eight-perish-in-hoima-road-accident/,2019-02-28
https://observer.ug/business/landlord-tenants-bill-2018-will-it-make-or-wreck-real-estate-industry/,2019-02-28
https://observer.ug/viewpoint/tourism-marketing-a-curvy-approach/,2019-03-01
https://observer.ug/news/parliament-withdraws-application-to-cross-examine-ag-in-shs-6bn-handshake/,2019-03-01
https://observer.ug/news/you-cannot-intimidate-parliament-kadaga-tells-igg/,2019-03-01
https://observer.ug/news/laywer-sues-state-house-anti-corruption-unit/,2019-03-05
https://observer.ug/news/water-ministry-prepares-to-mark-environment-days/,2019-03-06
https://observer.ug/lifestyle-entertainment/captain-marvel-introduces-powerful-hero/,2019-03-07
https://observer.ug/news/parliament-secures-ubc-radio-frequency/,2019-03-07
https://observer.ug/news/rwanda-destroys-bridges-leading-into-uganda/,2019-03-08
https://observer.ug/lifestyle-entertainment/health-voucher-project-saves-pregnant-women-in-rural-areas/,2019-03-12
https://observer.ug/news/royals-appeal-to-kadaga-over-specialised-hospital-land/,2019-03-13
https://observer.ug/news/hope-fades-for-mubende-land-eviction-victims/,2019-03-13
https://observer.ug/news/chinese-supermarkets-shun-local-goods-traders/,2019-03-13
https://observer.ug/viewpoint/museveni-reaping-from-fdc-people-power-clashes/,2019-03-13
https://observer.ug/news/anti-corruption-court-denies-sk-mbuga-s-wife-chebet-bail/,2019-03-13
https://observer.ug/business/mubs-students-tipped-to-invest-in-capital-markets/,2019-03-13
https://observer.ug/news/make-museveni-regret-holding-unto-power-mao-to-opposition/,2019-03-14
https://observer.ug/news/several-hospitalized-after-eating-wfp-flour-in-amudat/,2019-03-14
https://observer.ug/news/new-zealand-mosque-shootings-leave-40-dead-4-in-custody/,2019-03-15
https://observer.ug/news/munyagwa-seeks-to-block-trial-in-anti-corruption-court/,2019-03-16
https://observer.ug/education/mak-don-beaten-by-military-police-hospitalized/,2019-03-17
https://observer.ug/news/doctors-scold-government-over-lubowa-project/,2019-03-19
https://observer.ug/news/mao-rejects-museveni-links-declares-2021-state-house-bid/,2019-03-20
https://observer.ug/viewpoint/lubowa-hospital-a-chicken-and-egg-myth/,2019-03-20
https://observer.ug/education/centenary-bank-empowers-girl-child-savings-with-shs-50m/,2019-03-20
https://observer.ug/business/water-week-gets-bigger-and-better/,2019-03-20
https://observer.ug/business/eu-fines-google-1-7-billion-for-abusing-online-ads-market/,2019-03-20
https://observer.ug/news/powerful-algerian-party-abandons-beleaguered-bouteflika/,2019-03-20
https://observer.ug/news/fire-guts-amber-court-market-in-jinja/,2019-03-21
https://observer.ug/news/kcca-closes-boys-hostel-at-mk-international-school/,2019-03-21
https://observer.ug/news/italy-driver-abducts-schoolchildren-sets-bus-ablaze/,2019-03-21
https://observer.ug/news/museveni-hails-china-for-isimba-dam/,2019-03-22
https://observer.ug/news/speaker-kadaga-hospitalised/,2019-03-22
https://observer.ug/news/six-dead-eight-injured-in-gulu-highway-accident/,2019-03-23
https://observer.ug/news/civil-servants-abandon-office-after-anti-corruption-unit-raid/,2019-03-24
https://observer.ug/viewpoint/the-key-to-wealth-is-right-under-your-feet-land/,2019-03-25
https://observer.ug/business/roko-wins-bid-to-construct-multi-billion-data-centre-in-namanve/,2019-03-25
https://observer.ug/news/masaka-road-scouring-from-underneath-engineers/,2019-03-25
https://observer.ug/news/winds-blow-off-school-home-roofs-in-ntungamo/,2019-03-26
https://observer.ug/news/kyaligonza-assault-ubc-journo-seeks-shs-340m-compensation/,2019-03-26
https://observer.ug/news/kitatta-transferred-to-makindye-barracks-to-luzira-prison/,2019-03-26
https://observer.ug/news/how-thieving-gangs-rule-kisekka-market/,2019-03-27
https://observer.ug/viewpoint/we-need-to-fight-inequality-crisis-now/,2019-03-27
https://observer.ug/business/cassava-breeding-project-gets-more-boost/,2019-03-27
https://observer.ug/news/bahati-denies-benefitting-from-south-sudan-compensation/,2019-03-29
https://observer.ug/news/parliament-approves-shs-280bn-expenditure-for-new-planes/,2019-03-29
https://observer.ug/news/algerians-march-against-president-corrupt-political-system/,2019-03-30
https://observer.ug/news/ssebulime-s-family-demands-10bn-compensation-in-five-days/,2019-03-30
https://observer.ug/business/umeme-rebounds-with-huge-jump-in-its-profit/,2019-03-31
https://observer.ug/business/of-isimba-dam-and-our-vacant-servant-quarters/,2019-03-31
https://observer.ug/news/internal-audit-reveals-shs-5-3-billion-fraud-in-bidco/,2019-03-31
https://observer.ug/business/buganda-roots-for-women-land-rights-at-world-bank-conference/,2019-03-31
https://observer.ug/news/ucc-backtracks-on-parliament-radio/,2019-04-01
https://observer.ug/news/justice-bamugemereire-land-probe-sued-over-illegal-arrests/,2019-04-02
https://observer.ug/education/12-ngabo-academy-students-arrested-for-attacking-another-school/,2019-04-02
https://observer.ug/news/nile-bridge-fails-again-what-next/,2019-04-03
https://observer.ug/news/unra-admits-failures-moves-to-close-nile-bridge-for-3-months/,2019-04-03
https://observer.ug/viewpoint/kisanja-hakuna-mchezo-here-is-the-works-and-transport-success-so-far/,2019-04-04
https://observer.ug/viewpoint/consumers-have-reason-to-smile-for-isimba-dam/,2019-04-04
https://observer.ug/viewpoint/vatican-should-say-something-about-lubowa-hospital/,2019-04-04
https://observer.ug/business/s-korea-to-launch-world-s-first-national-5g-networks/,2019-04-04
https://observer.ug/business/local-dealers-to-buy-mbale-based-busumbu-phosphate-project/,2019-04-04
https://observer.ug/business/lubowa-hospital-we-need-national-health-insurance-scheme/,2019-04-04
https://observer.ug/news/obore-fired-from-parliament-after-igg-investigation/,2019-04-04
https://observer.ug/news/parliament-in-catch-22-over-obore-s-irregular-appointment/,2019-04-05
https://observer.ug/sports/nakivubo-stadium-is-no-longer-a-viable-venture/,2019-04-05
https://observer.ug/news/hima-cement-accepts-to-return-illegally-acquired-land-in-tororo/,2019-04-06
https://observer.ug/sports/kcca-fans-to-buy-match-tickets-using-mtn-momopay/,2019-04-08
https://observer.ug/news/closed-old-jinja-bridge-safe-for-traffic-diversions-gen-katumba/,2019-04-08
https://observer.ug/news/katosi-road-scam-convicts-granted-bail/,2019-04-09
https://observer.ug/news/wetlands-are-fast-disappearing-study/,2019-04-10
https://observer.ug/business/demand-for-avocado-soars-as-overseas-market-opens/,2019-04-10
https://observer.ug/news/court-halts-chris-obore-s-sacking-from-parliament/,2019-04-11
https://observer.ug/news/icc-declines-to-investigate-us-troops-in-afghanistan/,2019-04-13
https://observer.ug/news/museveni-tells-teso-farmers-to-abandon-cotton-grow-fruits/,2019-04-15
https://observer.ug/news/kadaga-makes-quiet-return-from-kenya-s-aga-khan-hospital/,2019-04-15
https://observer.ug/news/10-year-old-taxis-banned-from-entebbe-airport/,2019-04-15
https://observer.ug/news/bamugemereire-warns-on-old-fashioned-land-law/,2019-04-17
https://observer.ug/sports/red-eagles-visit-kcca-in-uganda-premier-league-encounter/,2019-04-17
https://observer.ug/news/clerk-to-parliament-denies-terminating-obore-s-contract/,2019-04-18
https://observer.ug/education/janet-orders-closure-of-teacher-schools-with-less-than-100-students/,2019-04-18
https://observer.ug/lifestyle-entertainment/sex-talk-what-is-in-the-japanese-water/,2019-04-18
https://observer.ug/news/now-gov-t-turns-to-china-for-construction-of-akii-bua-stadium/,2019-04-20
https://observer.ug/business/power-tariffs-umeme-faces-long-road-ahead/,2019-04-23
https://observer.ug/sports/shift-of-fortunes-cloud-kcca-win-over-express/,2019-04-24
https://observer.ug/lifestyle-entertainment/katumwa-for-3-day-workshop-ahead-of-angelique-kidjo-concert/,2019-04-24
https://observer.ug/news/kidnapped-kanungu-teens-released-after-payment-of-shs-4m-ransom/,2019-04-24
https://observer.ug/news/scores-injured-in-city-road-accident/,2019-04-24
https://observer.ug/news/dr-agaba-murder-suspect-remanded-to-luzira-prison/,2019-04-25
https://observer.ug/news/police-arrests-bidco-employee-for-sharing-email-addresses/,2019-04-25
https://observer.ug/news/one-confirmed-dead-in-kira-road-accident/,2019-04-25
https://observer.ug/news/algeria-takes-action-against-corruption-questions-tycoons/,2019-04-25
https://observer.ug/news/zimbabwe-draws-criticism-for-assisting-burundi-s-sadc-bid/,2019-04-25
https://observer.ug/news/parliament-approves-additional-shs-31bn-for-judiciary/,2019-04-26
https://observer.ug/news/entebbe-expressway-loan-repayment-starts-next-month/,2019-04-27
https://observer.ug/news/rwandan-nationals-buying-land-in-kabale-to-resettle-in-uganda/,2019-04-30
https://observer.ug/news/contractors-threaten-to-halt-food-supply-to-police-over-arrears/,2019-05-01
https://observer.ug/news/man-arrested-for-burning-kira-road-accident-truck/,2019-05-01
https://observer.ug/news/people-power-activists-demonstrate-in-jinja/,2019-05-02
https://observer.ug/news/chinese-national-47-ugandans-arrested-for-drug-fraud/,2019-05-04
https://observer.ug/news/bryan-white-blocks-road-ahead-of-museveni-visit-to-kasangati/,2019-05-06
https://observer.ug/news/at-least-40-dead-as-plane-crashes-at-moscow-airport/,2019-05-06
https://observer.ug/news/corrupt-rich-few-can-never-be-happy-museveni/,2019-05-07
https://observer.ug/viewpoint/don-t-blame-landlords-for-rising-rent-but-the-mafia/,2019-05-08
https://observer.ug/news/makerere-wins-shs-5bn-from-google-to-monitor-urban-air-quality/,2019-05-09
https://observer.ug/news/oxygen-crisis-hits-mbarara-hospital/,2019-05-10
https://observer.ug/news/gov-t-orders-apaa-residents-to-vacate-disputed-land/,2019-05-11
https://observer.ug/news/stolen-katosi-road-money-transferred-to-usa-igg/,2019-05-12
https://observer.ug/news/prof-tandon-to-museveni-hand-over-power-to-younger-generation/,2019-05-12
https://observer.ug/news/myanmar-pilot-safely-lands-plane-on-its-nose-after-landing-gear-failed/,2019-05-13
https://observer.ug/news/police-probe-death-of-indian-national-at-speke-hotel/,2019-05-14
https://observer.ug/news/museveni-commissions-10-new-roads-in-hoima/,2019-05-14
https://observer.ug/news/people-power-we-want-a-weak-museveni-in-2021/,2019-05-15
https://observer.ug/business/saudi-arabia-pipeline-attacked-by-drones/,2019-05-15
https://observer.ug/sports/congs-kcca-but-is-there-anything-to-celebrate/,2019-05-15
https://observer.ug/sports/what-next-for-kcca/,2019-05-15
https://observer.ug/news/parliament-to-spend-shs-197m-annually-on-ott-data-for-mps/,2019-05-15
https://observer.ug/business/uber-drivers-are-contractors-not-employees/,2019-05-16
https://observer.ug/news/us-authorities-arrest-50-in-alleged-marriage-fraud-scheme/,2019-05-16
https://observer.ug/news/kadaga-opposed-to-parliament-paying-ott-for-mps/,2019-05-16
https://observer.ug/business/reelection-of-bitature-signals-big-gains-for-umeme/,2019-05-18
https://observer.ug/news/journalists-ask-parliament-for-monthly-allowances/,2019-05-20
https://observer.ug/news/corruption-nabweru-court-prosecutor-granted-bail/,2019-05-20
https://observer.ug/news/malawians-vote-for-president-parliament/,2019-05-21
https://observer.ug/news/church-seeks-out-nwsc-to-test-namugongo-holy-water/,2019-05-21
https://observer.ug/news/parliament-approves-shs-1-6-trillion-supplementary-budget/,2019-05-21
https://observer.ug/viewpoint/your-mail-parliament-is-now-a-liability/,2019-05-22
https://observer.ug/viewpoint/parliament-needs-some-image-polishing/,2019-05-22
https://observer.ug/news/democratic-party-buys-land-to-build-new-headquarters/,2019-05-22
https://observer.ug/business/roofings-eyes-east-african-expansion-as-it-marks-25-years/,2019-05-22
https://observer.ug/news/south-africa-s-ramaphosa-starts-crackdown-on-corruption/,2019-05-23
https://observer.ug/news/parliament-approves-shs-900bn-for-south-sudan-compensation/,2019-05-24
https://observer.ug/news/parliament-approves-shs-40-5tn-budget-without-debate/,2019-05-24
https://observer.ug/news/court-injunction-delays-malawi-presidential-results/,2019-05-26
https://observer.ug/sports/here-s-why-forgeries-persist-in-the-copa-schools-tournament/,2019-05-26
https://observer.ug/business/uganda-urged-to-consider-african-tourism-market/,2019-05-28
https://observer.ug/news/fire-guts-pupil-s-dormitory-at-lwengo-school/,2019-05-28
https://observer.ug/news/i-m-not-stupid-to-reject-idle-parliament-money-kato-lubwama/,2019-05-28
https://observer.ug/lifestyle-entertainment/miss-teen-returns-with-new-school-term/,2019-05-29
https://observer.ug/news/lubowa-hospital-funds-reported-missing/,2019-05-29
https://observer.ug/business/nwsc-assures-kira-municipality-of-stable-water-supply/,2019-05-30
https://observer.ug/news/namugongo-holy-water-to-be-treated-by-nwsc/,2019-05-30
https://observer.ug/news/ethiopian-pm-it-s-not-proper-to-stay-in-power-for-long/,2019-05-31
https://observer.ug/news/museveni-commissions-13-usmid-roads-in-gulu/,2019-06-01
https://observer.ug/news/22-pilgrims-hospitalized-after-suffocating-in-namugongo/,2019-06-03
https://observer.ug/news/nrm-boss-cited-in-mubende-land-row/,2019-06-05
https://observer.ug/news/mps-to-probe-nira-s-shs-612m-annual-rent/,2019-06-05
https://observer.ug/news/5-dead-over-50-missing-in-fresh-bududa-landslides/,2019-06-05
https://observer.ug/news/caf-president-ahmad-arrested-in-france-over-corruption/,2019-06-06
https://observer.ug/news/mps-order-makerere-university-to-pay-shs-1-2bn-water-bill/,2019-06-06
https://observer.ug/news/haiti-braces-for-anti-corruption-protests/,2019-06-08
https://observer.ug/news/haiti-rocked-by-mass-anti-corruption-rallies/,2019-06-09
https://observer.ug/news/nrm-boss-grabbed-500-acres-of-land-using-museveni-s-name/,2019-06-09
https://observer.ug/news/student-killed-in-rival-school-clashes-in-kabale/,2019-06-10
https://observer.ug/news/2-500-sign-petition-to-block-planned-power-dam-at-murchison-falls/,2019-06-10
https://observer.ug/lifestyle-entertainment/vinka-lands-sony-deal/,2019-06-10
https://observer.ug/viewpoint/umeme-remains-committed-to-powering-uganda-s-prosperity/,2019-06-10
https://observer.ug/news/malawi-broadcasters-slam-freeze-on-call-in-shows/,2019-06-10
https://observer.ug/news/pakistan-arrests-former-president-zardari-on-corruption-charge/,2019-06-10
https://observer.ug/news/kcca-marks-eight-years-with-new-apps/,2019-06-12
https://observer.ug/viewpoint/can-ipod-and-political-moles-lead-us-to-the-promised-land/,2019-06-12
https://observer.ug/business/tracking-technology-can-reduce-carnage-on-roads/,2019-06-13
https://observer.ug/news/buganda-land-board-dismisses-claimant-of-kasubi-market-land/,2019-06-19
https://observer.ug/viewpoint/i-have-been-eating-from-my-cookie-power-forget-those-losers/,2019-06-19
https://observer.ug/news/mubende-evictions-shatter-dreams/,2019-06-19
https://observer.ug/news/masaka-hospital-x-ray-machine-closed-over-radiation-leakage/,2019-06-19
https://observer.ug/news/bou-currency-scam-probe-extended-to-regional-currency-centres/,2019-06-19
https://observer.ug/news/collapsed-lohana-high-school-wall-kills-six-children/,2019-06-24
https://observer.ug/education/ssekabusolo-primary-school-in-toilet-crisis/,2019-06-24
https://observer.ug/news/railway-museveni-lashes-out-at-world-bank-praises-china/,2019-06-25
https://observer.ug/news/uganda-to-lose-shs-300m-per-day-for-kampala-flyover-delays/,2019-06-25
https://observer.ug/news/ubc-negotiating-to-broadcast-afcon-on-credit/,2019-06-25
https://observer.ug/news/whistleblower-accuses-kagina-of-employing-relatives-in-unra/,2019-06-27
https://observer.ug/news/ministers-clash-as-parliament-passes-landlord-and-tenants-bill/,2019-06-27
https://observer.ug/business/public-hearings-send-mixed-signal-for-kingfisher-project/,2019-06-27
https://observer.ug/news/kcca-offices-broken-into-twice-computers-stolen/,2019-06-27
https://observer.ug/lifestyle-entertainment/when-horrible-roads-intervened-to-show-me-the-magnificent-sipi-falls/,2019-07-01
https://observer.ug/news/ubc-fails-to-secure-afcon-broadcasting-rights/,2019-07-01
https://observer.ug/news/attorney-general-advises-against-auditing-utl/,2019-07-02
https://observer.ug/education/art-clinic-appeals-for-support/,2019-07-02
https://observer.ug/viewpoint/the-intellectual-power-of-bobi-wine-s-red-overalls/,2019-07-02
https://observer.ug/sports/cranes-players-call-off-strike-after-agreeing-on-6-000-cash-payment/,2019-07-04
https://observer.ug/news/sudan-military-opposition-agree-to-share-power/,2019-07-05
https://observer.ug/news/land-grabber-claims-ownership-of-rock-high-school-tororo-land/,2019-07-06
https://observer.ug/sports/nations-cup-offers-entertainment-despite-heat-empty-stadiums-and-chaos/,2019-07-08
https://observer.ug/news/bemanya-s-contract-renewed-nine-months-ahead/,2019-07-08
https://observer.ug/news/quality-supermarket-guard-shoots-dead-businessman/,2019-07-09
https://observer.ug/business/landlord-bill-should-have-considered-property-values/,2019-07-09
https://observer.ug/news/10-000-fight-over-land-in-kween-and-bukwo/,2019-07-10
https://observer.ug/viewpoint/museveni-has-no-powers-to-recruit-police-officers/,2019-07-10
https://observer.ug/viewpoint/stella-nyanzi-is-the-portrait-of-a-political-prisoner/,2019-07-10
https://observer.ug/news/police-clears-unra-night-repairs-on-jinja-highway/,2019-07-12
https://observer.ug/news/desh-kananura-ready-to-die-defending-his-land/,2019-07-13
https://observer.ug/news/uganda-defeats-scotland-in-tight-contest-at-netball-world-cup/,2019-07-14
https://observer.ug/business/annual-inflation-rises-to-3-4/,2019-07-15
https://observer.ug/news/people-demand-more-powers-for-bamugemereire/,2019-07-17
https://observer.ug/news/ex-president-zuma-testimony-at-corruption-probe-raises-more-questions/,2019-07-18
https://observer.ug/education/competition-pushes-schools-to-groom-future-job-creators/,2019-07-19
https://observer.ug/business/kcca-improves-property-tax-collection-with-97-per-cent-performance/,2019-07-21
https://observer.ug/special-editions/kcca-win-cecafa-kagame-cup-in-rwanda/,2019-07-21
https://observer.ug/news/gov-t-knowingly-buying-medicines-at-inflated-prices-wb/,2019-07-22
https://observer.ug/news/corruption-kenya-s-finance-minister-27-others-arrested/,2019-07-22
https://observer.ug/education/scabies-outbreak-in-lukodi-school-causes-panic-in-gulu/,2019-07-22
https://observer.ug/news/singer-winnie-nwagi-apologizes-for-erotic-show-at-boys-school/,2019-07-22
https://observer.ug/news/cnooc-halts-works-in-kikuube-over-ebola-scare/,2019-07-23
https://observer.ug/education/vendors-lynch-kihanga-secondary-school-student/,2019-07-23
https://observer.ug/news/travel-agents-defrauding-muslim-pilgrims-supreme-council/,2019-07-24
https://observer.ug/news/another-rwenzururu-kingdom-loyalist-dies-in-prison/,2019-07-24
https://observer.ug/news/bobi-wine-announces-presidential-bid/,2019-07-24
https://observer.ug/news/namirembe-hillside-school-fire-contained/,2019-07-25
https://observer.ug/news/aceng-asks-museveni-to-intervene-in-lubowa-hospital-saga/,2019-07-25
https://observer.ug/news/engineer-declines-to-handover-lubowa-hospital-office/,2019-07-26
https://observer.ug/news/kitgum-college-head-teacher-weeps-over-corruption-accusations/,2019-07-30
https://observer.ug/news/rains-cause-massive-cracks-on-bundibugyo-fort-portal-road/,2019-07-31
https://observer.ug/news/new-makerere-report-cites-land-grabbing-in-oil-palm-project/,2019-07-31
https://observer.ug/news/govt-sides-with-finasi-in-lubowa-hospital-saga/,2019-08-01
https://observer.ug/news/chaos-as-court-sentences-nyanzi-to-18-months-in-prison/,2019-08-02
https://observer.ug/news/auditor-general-apologizes-over-inflated-judiciary-toilet-costs/,2019-08-04
https://observer.ug/news/ura-apologizes-for-video-showing-staff-abandoning-clients/,2019-08-04
https://observer.ug/business/ugandan-flowers-finally-enter-chinese-market/,2019-08-05
https://observer.ug/news/people-power-activist-ziggy-wine-dies-from-torture-injuries/,2019-08-05
https://observer.ug/news/12-years-on-police-yet-to-pay-utl-2007-chogm-arrears/,2019-08-05
https://observer.ug/lifestyle-entertainment/one-woman-s-tearstained-broken-road-to-her-happily-ever-after/,2019-08-06
https://observer.ug/news/minister-mps-blocked-from-accessing-lubowa-hospital-site/,2019-08-06
https://observer.ug/news/former-mp-investors-evict-thousands-in-kiryandongo/,2019-08-07
https://observer.ug/news/pac-probe-kagole-ouster-anger-bart-katureebe/,2019-08-07
https://observer.ug/news/probe-moroto-hospital-col-nakalema-told/,2019-08-07
https://observer.ug/news/minister-mps-were-blocked-for-safety-reasons-lubowa-hospital-investor/,2019-08-07
https://observer.ug/education/first-a-level-classes-set-to-transform-mayuge-school/,2019-08-07
https://observer.ug/news/how-karamoja-s-first-woman-police-offcer-s-land-was-grabbed/,2019-08-08
https://observer.ug/news/tension-at-burial-of-another-people-power-activist/,2019-08-08
https://observer.ug/news/kadaga-says-mps-will-still-visit-lubowa-hospital-site/,2019-08-11
https://observer.ug/news/residents-force-lop-to-walk-3km-over-bad-road/,2019-08-12
https://observer.ug/news/kcca-suffers-3rd-office-break-in-in-three-months/,2019-08-13
https://observer.ug/news/nema-justifies-rice-growing-sand-mining-in-lwera-wetland/,2019-08-13
https://observer.ug/viewpoint/exercise-transparency-in-lubowa-hospital-dealings/,2019-08-13
https://observer.ug/news/how-state-house-pushed-kadaga-to-authorize-fresh-probe-on-bou/,2019-08-13
https://observer.ug/news/mengo-hospital-to-offer-free-cervical-screening-at-cancer-run/,2019-08-15
https://observer.ug/education/law-don-warns-of-low-quality-lawyers-as-ldc-scraps-pre-entry-exams/,2019-08-15
https://observer.ug/news/unra-suspends-17-workers-for-demanding-pay/,2019-08-15
https://observer.ug/news/former-makerere-university-ict-director-evicted-from-house/,2019-08-17
https://observer.ug/news/labor-officer-halts-eviction-of-former-mak-director/,2019-08-19
https://observer.ug/news/parent-seeks-shs-1bn-school-compensation-over-son-s-death/,2019-08-19
https://observer.ug/news/sudan-s-bashir-in-court-for-start-of-corruption-trial/,2019-08-20
https://observer.ug/news/makerere-disconnects-water-power-supply-to-kitumba-s-home/,2019-08-20
https://observer.ug/news/battered-reuters-journalist-seeks-shs-100m-compensation/,2019-08-21
https://observer.ug/viewpoint/your-mail-hospitals-are-cheating-us/,2019-08-21
https://observer.ug/viewpoint/prayers-not-a-solution-to-the-carnage-on-our-roads/,2019-08-22
https://observer.ug/viewpoint/we-shall-help-local-contractors-handle-big-projects/,2019-08-22
https://observer.ug/lifestyle-entertainment/us-embassy-empowers-filmmakers/,2019-08-22
https://observer.ug/sports/kcca-face-stars/,2019-08-22
https://observer.ug/news/nrm-mike-mukula-fail-to-pay-namboole-stadium-shs-1-1bn/,2019-08-25
https://observer.ug/business/umeme-era-seek-middle-ground-over-six-year-target/,2019-08-27
https://observer.ug/business/lessons-from-parliament-about-rotary-cancer-run/,2019-08-27
https://observer.ug/viewpoint/your-mail-wealth-creation-is-good-but-corruption-is-crumbling-nrm/,2019-08-27
https://observer.ug/news/land-evictions-tears-still-flow-in-mubende/,2019-08-28
https://observer.ug/viewpoint/do-not-crucify-mps-over-landlord-tenant-bill/,2019-08-28
https://observer.ug/viewpoint/where-is-the-original-bobi-wine-in-jeans-t-shirts-and-timberlands/,2019-08-28
https://observer.ug/news/lubowa-hospital-finasi-roko-to-settle-case-out-of-court/,2019-08-29
https://observer.ug/news/waragi-wavah-water-first-local-brands-uganda-airlines/,2019-08-29
https://observer.ug/education/gov-t-to-award-50-best-primary-teachers/,2019-09-02
https://observer.ug/news/sudan-s-ex-president-bashir-charged-with-corruption/,2019-09-02
https://observer.ug/news/land-commission-probes-patel-mp-balyeku-s-bank-accounts/,2019-09-02
https://observer.ug/news/kirumira-dfcu-bank-ordered-to-pay-shs-300-for-fraudulent-school-takeover/,2019-09-03
https://observer.ug/education/nwsc-s-mugisha-appointed-board-chair-of-ubteb/,2019-09-03
https://observer.ug/viewpoint/parliament-should-heed-president-s-advice-on-gmo-s/,2019-09-04
https://observer.ug/sports/upl-jogoos-seek-reprieve-kcca-vipers-win-express-held/,2019-09-04
https://observer.ug/news/woman-sues-international-hospital-kampala-for-shs-77m/,2019-09-04
https://observer.ug/education/govt-not-ready-to-fund-learners-in-nursery-schools/,2019-09-06
https://observer.ug/news/zimbabwe-s-mugabe-to-lie-in-state-at-two-different-stadiums/,2019-09-10
https://observer.ug/news/term-limits-are-back-in-parliament/,2019-09-11
https://observer.ug/news/sanlam-to-award-shs-50m-to-outstanding-rotary-club-initiatives/,2019-09-12
https://observer.ug/news/buganda-princess-drags-kabaka-to-court-over-land/,2019-09-12
https://observer.ug/news/patient-commits-suicide-at-kiruddu-hospital/,2019-09-13
https://observer.ug/news/8-perish-in-kamuli-road-accident/,2019-09-15
https://observer.ug/news/trailer-rams-into-centenary-bank-in-bugiri/,2019-09-16
https://observer.ug/news/kutesa-time-to-cede-power-to-younger-generation/,2019-09-17
https://observer.ug/lifestyle-entertainment/meet-musisi-master-who-transformed-beer-quality/,2019-09-17
https://observer.ug/news/donors-have-lost-trust-in-s-sudan-gov-t-over-corruption-ambassador/,2019-09-17
https://observer.ug/news/activists-want-details-on-kenya-oil-contract-with-chinese-firm/,2019-09-18
https://observer.ug/news/parliament-s-chris-obore-sent-on-forced-leave-ordered-not-to-return/,2019-09-21
https://observer.ug/business/bou-prohibits-extra-charges-imposed-on-e-payments/,2019-09-21
https://observer.ug/education/gov-t-cautions-schools-on-swimming-pools-safety/,2019-09-22
https://observer.ug/news/igp-ochola-orders-probe-into-extortion-by-police-surgeons/,2019-09-23
https://observer.ug/news/school-collapse-in-nairobi-kills-7-injures-over-60/,2019-09-24
https://observer.ug/news/people-power-youth-chairperson-arrested-in-gulu/,2019-09-24
https://observer.ug/news/high-court-blocks-kcca-job-interviews/,2019-09-25
https://observer.ug/business/isimba-flags-off-shs-20bn-employee-project/,2019-09-26
https://observer.ug/sports/kcca-dumped-out-of-caf-champions-league/,2019-09-27
https://observer.ug/lifestyle-entertainment/kony-movie-lands-cinema-success/,2019-09-30
https://observer.ug/news/ssekandi-orders-masaka-hospital-to-vacate-contested-building/,2019-10-01
https://observer.ug/viewpoint/how-legal-documents-safeguard-your-land/,2019-10-01
https://observer.ug/viewpoint/how-we-can-empower-our-children-against-sexual-abuse/,2019-10-01
https://observer.ug/viewpoint/more-is-needed-on-the-oil-pipeline-report/,2019-10-01
https://observer.ug/news/govt-to-usa-name-shame-the-corrupt/,2019-10-01
https://observer.ug/news/how-schools-cheat-uneb-examinations/,2019-10-03
https://observer.ug/news/woman-arrested-for-lending-her-baby-to-neighbour-to-defraud-boyfriend/,2019-10-03
https://observer.ug/news/moroto-hospital-auditor-earns-two-gov-t-salaries/,2019-10-03
https://observer.ug/business/power-distributor-implores-households-to-use-power-for-productive-purposes/,2019-10-03
https://observer.ug/lifestyle-entertainment/could-joker-be-dc-s-most-ambitious-project/,2019-10-03
https://observer.ug/sports/what-landed-fufa-boss-in-hot-soup/,2019-10-04
https://observer.ug/sports/will-fifa-s-probe-of-magogo-affect-fufa/,2019-10-04
https://observer.ug/news/kiconco-is-lawful-owner-of-lusanja-land-high-court-rules/,2019-10-05
https://observer.ug/business/tracing-uganda-s-crude-oil-pipeline/,2019-10-07
https://observer.ug/news/ldc-pre-entry-exam-ban-won-t-affect-quality/,2019-10-09
https://observer.ug/sports/bul-stun-champions-kcca/,2019-10-09
https://observer.ug/news/bolivians-arrested-at-entebbe-airport-with-200-cocaine-pellets/,2019-10-11
https://observer.ug/business/grasshopper-traders-applaud-fixed-umeme-charge/,2019-10-12
https://observer.ug/news/ethiopian-pm-abiy-ahmed-awarded-900-000-nobel-peace-prize/,2019-10-12
https://observer.ug/business/thailand-s-coffee-shops-told-to-track-save-public-wi-fi-traffic/,2019-10-13
https://observer.ug/news/two-p-7-candidates-killed-in-kasese-landslides/,2019-10-14
https://observer.ug/news/au-slashes-pan-african-parliament-budget-by-shs-14bn/,2019-10-14
https://observer.ug/news/tear-gas-as-guineans-protest-president-s-bid-to-extend-power/,2019-10-15
https://observer.ug/news/police-probes-drowning-of-makerere-university-student/,2019-10-15
https://observer.ug/viewpoint/why-corruption-is-endemic-today/,2019-10-16
https://observer.ug/news/police-probes-kitgum-student-over-using-sister-s-name-in-uce-exam/,2019-10-16
https://observer.ug/news/kenya-opens-second-phase-of-massive-railway-project/,2019-10-17
https://observer.ug/news/9-dead-70-wounded-as-guineans-protest-president-s-bid-to-extend-power/,2019-10-17
https://observer.ug/news/mosquito-nets-fuelling-school-fires-police/,2019-10-17
https://observer.ug/news/land-probe-cancels-police-spokesperson-enanga-s-land-title/,2019-10-18
https://observer.ug/sports/fufa-has-learnt-lessons-from-tickets-scandal/,2019-10-18
https://observer.ug/business/infrastructure-forum-set-for-late-october/,2019-10-18
https://observer.ug/news/people-power-musician-bosmic-banned-from-performing-in-uganda/,2019-10-18
https://observer.ug/news/tariffs-to-remain-high-until-ugandans-consume-all-generated-power-gov-t/,2019-10-18
https://observer.ug/news/netherlands-pumps-shs-96bn-into-fight-against-teenage-pregnancies/,2019-10-19
https://observer.ug/news/hong-kong-leaders-apologize-for-water-cannon-use-at-mosque/,2019-10-21
https://observer.ug/news/scores-feared-dead-in-jinja-road-night-accident/,2019-10-22
https://observer.ug/news/masese-landing-site-choking-on-garbage-sewage/,2019-10-22
https://observer.ug/education/wb-concerned-over-delayed-special-needs-education-policy/,2019-10-22
https://observer.ug/news/lack-of-witness-protection-law-hampering-fight-against-corruption/,2019-10-23
https://observer.ug/viewpoint/abdallah-kitatta-s-prison-notebook/,2019-10-23
https://observer.ug/lifestyle-entertainment/zombieland-delivers-long-awaited-encore/,2019-10-23
https://observer.ug/sports/kcca-proline-return-to-continental-duty/,2019-10-23
https://observer.ug/news/makerere-strike-leader-attacked-hospitalised/,2019-10-24
https://observer.ug/education/britam-foundation-kcca-boost-mbuya-church-of-uganda-primary-school/,2019-10-25
https://observer.ug/news/botswana-s-president-to-stay-in-office-after-parliament-win/,2019-10-25
https://observer.ug/news/makerere-students-are-corrupt-paid-to-strike-janet-museveni/,2019-10-29
https://observer.ug/lifestyle-entertainment/sex-talk-see-what-adam-made-eve-do/,2019-10-29
https://observer.ug/news/parliament-condemns-brutality-against-makerere-students/,2019-10-31
https://observer.ug/news/fighting-robberies-success-story-of-senegal-s-vigilance-committee/,2019-11-01
https://observer.ug/news/high-court-blocks-munyagwa-s-trial-at-anti-corruption-court/,2019-11-05
https://observer.ug/business/uetcl-bids-for-shs-5-trillion-budget-raise/,2019-11-05
https://observer.ug/business/here-s-why-uganda-needs-boda-boda-riding-schools/,2019-11-05
https://observer.ug/news/makerere-impasse-mps-accuse-janet-of-dodging-parliament/,2019-11-06
https://observer.ug/news/how-hospitals-rob-your-cash/,2019-11-06
https://observer.ug/viewpoint/army-police-need-to-be-schooled-in-human-rights/,2019-11-06
https://observer.ug/viewpoint/pass-the-national-school-health-policy/,2019-11-06
https://observer.ug/news/delays-in-signing-final-investment-decision-in-oil-explained/,2019-11-09
https://observer.ug/business/ministry-of-energy-gets-new-buyer-for-uganda-s-test-crude-oil/,2019-11-12
https://observer.ug/education/government-makes-u-turn-on-early-grade-reading-in-schools/,2019-11-12
https://observer.ug/viewpoint/your-mail-kcca-should-regulate-transport-sector/,2019-11-12
https://observer.ug/sports/kcca-pays-the-price-of-its-poor-transfer-policy/,2019-11-12
https://observer.ug/news/quality-chemicals-announces-losses/,2019-11-13
https://observer.ug/news/shs-24bn-isimba-dam-money-swindled-kadaga/,2019-11-13
https://observer.ug/business/transport-minister-should-not-be-signing-road-permits/,2019-11-14
https://observer.ug/news/malawi-clinic-sets-record-of-8-000-successful-births-without-single-death-of-baby-or-mother/,2019-11-14
https://observer.ug/lifestyle-entertainment/vinka-works-with-inna-on-love-song/,2019-11-15
https://observer.ug/news/child-dies-two-others-hospitalised-after-immunisation/,2019-11-16
https://observer.ug/news/bodies-of-3-people-killed-in-kisoro-landslide-recovered/,2019-11-16
https://observer.ug/viewpoint/parliament-should-be-safe-for-witnesses/,2019-11-20
https://observer.ug/news/farmers-sue-tobacco-company-over-non-payment/,2019-11-22
https://observer.ug/news/parliament-fails-to-sit-due-to-absence-of-speakers/,2019-11-22
https://observer.ug/sports/airtel-fufa-awards-kawempe-s-nalukenge-tops-female-title-race/,2019-11-22
https://observer.ug/sports/new-look-kcca-faces-an-uphill-task-to-reach-ashaba-s-heights/,2019-11-22
https://observer.ug/news/floods-cut-off-moroto-kotido-road/,2019-11-25
https://observer.ug/news/pressure-mounts-on-kcca-acting-ed-kitaka-to-vacate-office/,2019-11-25
https://observer.ug/news/museveni-anti-corruption-walk-a-mockery-muntu/,2019-11-25
https://observer.ug/viewpoint/your-mail-corruption-at-moroto-hospital/,2019-11-27
https://observer.ug/viewpoint/is-the-creation-of-new-central-forest-reserves-another-route-to-land-grabbing/,2019-11-27
https://observer.ug/viewpoint/tackling-inequality-in-education-still-a-challenge/,2019-11-27
https://observer.ug/news/uganda-embassy-land-in-addis-ababa-grabbed/,2019-11-27
https://observer.ug/news/gov-t-resurrects-plans-to-build-dam-on-murchison-falls/,2019-11-29
https://observer.ug/sports/high-stakes-as-kcca-entertain-sc-villa/,2019-11-29
https://observer.ug/business/ngo-to-reward-outstanding-civil-servants-in-anti-corruption-fight/,2019-11-30
https://observer.ug/news/bunyoro-vows-to-block-murchison-falls-power-project/,2019-12-02
https://observer.ug/business/well-maintained-roads-crucial-for-uganda-to-become-middle-income/,2019-12-02
https://observer.ug/news/bicycle-scandal-court-of-appeal-upholds-kashaka-s-10-year-sentence/,2019-12-02
https://observer.ug/viewpoint/editorial/president-should-walk-the-talk-on-corruption/,2019-12-04
https://observer.ug/news/four-killed-as-fresh-landslides-hit-bududa/,2019-12-04
https://observer.ug/business/oil-pipeline-eia-report-should-not-be-approved-acode/,2019-12-05
https://observer.ug/news/investor-coddling-fuelling-inequality-poverty-in-uganda-oxfam/,2019-12-06
https://observer.ug/sports/cecafa-to-serve-as-audition-for-cranes-players/,2019-12-06
https://observer.ug/news/casual-labourers-storm-unra-offices-in-kabale-over-unpaid-wages/,2019-12-06
https://observer.ug/news/bundibugyo-landslides-17-bodies-recovered-several-still-missing/,2019-12-08
https://observer.ug/news/gold-loving-nairobi-governor-arrested-on-corruption-charges/,2019-12-08
https://observer.ug/news/igp-orders-kiira-rpc-to-evict-madhvani/,2019-12-08
https://observer.ug/education/makerere-school-of-law-principal-resigns/,2019-12-09
https://observer.ug/business/why-local-businesses-are-not-warming-up-to-stock-market/,2019-12-10
https://observer.ug/business/biyinzika-ventures-into-dressed-chicken-market/,2019-12-11
https://observer.ug/sports/all-set-for-airtel-fufa-best-football-awards/,2019-12-12
https://observer.ug/news/former-sudan-president-al-bashir-gets-2-years-for-corruption/,2019-12-16
https://observer.ug/news/no-fly-list-stella-nyanzi-awarded-shs-50m-by-high-court/,2019-12-17
https://observer.ug/viewpoint/blanket-ban-on-voting-rights-of-prisoners-is-illegal/,2019-12-17
https://observer.ug/news/kadaga-petitioned-over-exim-bank-land/,2019-12-18
https://observer.ug/viewpoint/social-cohesion-recognizing-migration-is-a-benefit-that-works-for-all/,2019-12-18
https://observer.ug/news/police-boss-sues-wedding-decorator-for-breach-of-contract/,2019-12-18
https://observer.ug/education/migrant-children-accorded-diplomatic-status-st-peters-primary-school/,2019-12-19
https://observer.ug/sports/23-years-on-kcca-misses-authority-of-jack-ibale/,2019-12-19
https://observer.ug/news/ura-must-pay-for-goods-lost-or-damaged-in-custody-court-rules/,2019-12-20
https://observer.ug/news/makerere-to-award-germany-chancellor-with-honorary-degree/,2019-12-21
https://observer.ug/news/bududa-landslide-site-declared-mass-grave/,2019-12-26
https://observer.ug/news/bududa-landslide-mystery-dead-chairman-returns-in-a-dream-to-direct-family-to-where-his-body-is/,2019-12-28
https://observer.ug/news/kcca-seeks-shs-3bn-for-street-slighting/,2019-12-28
https://observer.ug/news/western-uganda-cut-off-as-masaka-road-caves-in-at-lwera/,2019-12-28
https://observer.ug/news/hansard-how-parliament-approved-new-illegal-municipalities/,2019-12-30
https://observer.ug/news/say-no-to-damming-the-murchison-falls/,2019-12-30
https://observer.ug/news/six-killed-in-mbarara-kabale-road-accident/,2019-12-31
https://observer.ug/news/basalirwa-vows-to-fight-parliament-eviction/,2020-01-01
https://observer.ug/news/museveni-promises-to-end-corruption-in-2020/,2020-01-01
https://observer.ug/business/increase-in-solar-energy-utilisation-spurs-rural-growth/,2020-01-02
https://observer.ug/business/uganda-airlines-utb-collaborate-to-market-uganda/,2020-01-02
https://observer.ug/viewpoint/national-drug-authority-has-duty-to-ensure-we-have-safe-quality-drugs/,2020-01-02
https://observer.ug/viewpoint/president-s-anti-corruption-walk-shouldn-t-be-in-vain/,2020-01-02
https://observer.ug/news/8-000-trained-to-teach-swahili-in-primary-schools/,2020-01-02
https://observer.ug/news/ugandans-working-abroad-offer-free-treatment-in-luweero/,2020-01-02
https://observer.ug/news/kalungu-teenagers-struggling-to-raise-children-sired-by-road-contractors/,2020-01-02
https://observer.ug/business/2020-the-year-of-damn-if-you-do-damn-if-you-don-t-for-businesses/,2020-01-02
https://observer.ug/news/kitaka-s-2020-master-plan-for-kampala-infrastructure/,2020-01-03
https://observer.ug/viewpoint/uganda-s-anti-corruption-policies-merely-institutionalizing-corruption/,2020-01-08
https://observer.ug/viewpoint/how-bureaucracies-make-corruption-attractive/,2020-01-08
https://observer.ug/sports/vipers-sc-kcca-vie-for-league/,2020-01-08
https://observer.ug/news/six-killed-as-building-caves-in-in-kasanga/,2020-01-08
https://observer.ug/news/akena-murder-hospital-guard-pins-kanyamunyu-brothers/,2020-01-09
https://observer.ug/news/makerere-distances-itself-from-imported-gowns-scandal/,2020-01-09
https://observer.ug/news/mental-health-patients-overwhelm-butabika-hospital/,2020-01-13
https://observer.ug/news/60-old-taxis-banned-from-entebbe-airport/,2020-01-13
https://observer.ug/business/carnavale-pulls-out-of-kikagati-tin-project/,2020-01-13
https://observer.ug/business/uk-investor-takes-over-orom-graphite-project/,2020-01-13
https://observer.ug/business/here-s-why-smes-need-to-carefully-consider-expansion/,2020-01-13
https://observer.ug/news/disbandment-of-aids-committee-stirs-up-tensions-within-judiciary/,2020-01-13
https://observer.ug/business/british-firm-to-decide-umeme-tariff-model/,2020-01-14
https://observer.ug/business/new-national-policy-targets-geothermal-energy-usage/,2020-01-14
https://observer.ug/news/war-over-departed-asian-assets-rocks-parliament/,2020-01-15
https://observer.ug/news/1-4m-procurement-scam-rocks-education-ministry/,2020-01-15
https://observer.ug/sports/uspa-launches-2019-awards/,2020-01-15
https://observer.ug/news/mukono-hospital-halts-treating-police-suspects/,2020-01-16
https://observer.ug/news/makerere-probed-over-importing-graduation-gowns-from-china/,2020-01-16
https://observer.ug/news/four-more-bodies-recovered-from-collapsed-jinja-building/,2020-01-16
https://observer.ug/news/huge-tree-blocks-kampala-jinja-road/,2020-01-22
https://observer.ug/news/people-power-task-acholi-mobiliser-to-explain-self-after-museveni-meeting/,2020-01-22
https://observer.ug/news/with-inequality-rising-does-the-world-really-need-billionaires/,2020-01-23
https://observer.ug/news/25-year-old-woman-defrauds-job-seekers-of-over-shs-300m/,2020-01-24
https://observer.ug/news/angolan-journalist-feels-vindicated-over-corrupt-first-family/,2020-01-24
https://observer.ug/education/malawi-high-court-orders-schools-to-allow-dreadlocks/,2020-01-26
https://observer.ug/news/corruption-greed-dwarf-nrm-achievements-arua-residents/,2020-01-26
https://observer.ug/news/zimbabwe-vp-scolded-for-using-soldiers-in-divorce-dispute/,2020-01-27
https://observer.ug/viewpoint/certified-electricians-fundamental-for-uganda-s-electrification/,2020-01-29
https://observer.ug/news/village-upe-schools-defy-odds-outperform-those-in-kampala/,2020-01-29
https://observer.ug/news/coronavirus-outbreak-impacts-africans-at-home-and-abroad/,2020-01-29
https://observer.ug/news/gov-t-extends-school-holiday-by-one-week-over-new-curriculum/,2020-01-29
https://observer.ug/news/museveni-direct-role-in-isimba-karuma-dam-deals-revealed/,2020-01-30
https://observer.ug/news/global-firms-find-themselves-ensnared-in-angolan-corruption-case/,2020-01-30
https://observer.ug/sports/ura-late-show-sinks-kcca/,2020-02-01
https://observer.ug/news/rwanda-uganda-agree-on-prisoner-swap/,2020-02-03
https://observer.ug/news/nigeria-closes-chinese-supermarket-over-coronavirus/,2020-02-03
https://observer.ug/news/parliament-halts-new-lower-secondary-school-curriculum/,2020-02-05
https://observer.ug/news/parliament-extends-chris-obore-s-forced-leave-indefinitely/,2020-02-07
https://observer.ug/lifestyle-entertainment/sex-talk-even-equality-has-its-limits/,2020-02-11
https://observer.ug/viewpoint/the-cyclical-nature-of-property-markets/,2020-02-12
https://observer.ug/news/gov-t-losing-billions-in-under-utilised-internet-auditor-general/,2020-02-13
https://observer.ug/education/kigezi-kampala-school-win-plascon-paint-and-win-drive/,2020-02-13
https://observer.ug/news/south-sudan-ignores-reports-on-oil-pollution-birth-defects/,2020-02-13
https://observer.ug/news/isimba-dam-contractor-runs-out-of-funds-pleads-with-mps/,2020-02-14
https://observer.ug/news/15-perish-in-mayuge-road-accident/,2020-02-14
https://observer.ug/education/minister-janet-to-embark-on-countrywide-tour-over-school-fees/,2020-02-17
https://observer.ug/news/isimba-dam-bridge-construction-altered-over-security-reasons/,2020-02-18
https://observer.ug/news/katuna-declared-no-man-s-land-ahead-of-museveni-kagame-meeting/,2020-02-19
https://observer.ug/news/amnesty-calls-for-thorough-probe-into-rwandan-singer-s-death/,2020-02-20
https://observer.ug/news/bullets-as-dr-stella-nyanzi-is-released-from-prison/,2020-02-20
https://observer.ug/business/psfu-awards-shs-7-billion-for-skills-development/,2020-02-21
https://observer.ug/news/two-charged-for-attacking-parliament-sent-to-luzira/,2020-02-21
https://observer.ug/news/uganda-s-newest-and-coolest-prison-ready-for-inmates/,2020-02-24
https://observer.ug/news/marie-stopes-dragged-to-court-over-defective-lifeguard-condoms/,2020-02-26
https://observer.ug/sports/upl-title-no-room-for-error-for-kcca-vipers/,2020-02-26
https://observer.ug/business/nakawa-to-get-new-shs-6bn-umeme-substation/,2020-02-26
https://observer.ug/news/cost-of-china-built-railway-haunts-kenya/,2020-02-27
https://observer.ug/news/ronald-mayinja-i-am-still-with-people-power-bobi-wine/,2020-02-27
https://observer.ug/news/nyanzi-collapses-as-she-receives-freedom-of-expression-award/,2020-02-27
https://observer.ug/business/uganda-seeks-to-host-world-water-gathering/,2020-02-28
https://observer.ug/lifestyle-entertainment/is-your-wife-s-libido-higher-than-yours/,2020-03-01
https://observer.ug/news/igad-moots-regional-infrastructure-master-plan/,2020-03-02
https://observer.ug/news/jinja-officials-resolve-to-sell-gov-t-assets-to-finance-hqtrs-construction/,2020-03-02
https://observer.ug/news/igp-withdraws-261-police-officers-attached-to-kcca/,2020-03-03
https://observer.ug/news/gov-t-officials-biggest-land-grabbers-land-commission/,2020-03-03
https://observer.ug/news/23-iranian-mps-vice-president-contract-coronavirus-as-77-die/,2020-03-03
https://observer.ug/viewpoint/equip-igg-police-to-fight-corruption/,2020-03-03
https://observer.ug/news/gov-t-sued-over-kireka-police-barracks-land/,2020-03-04
https://observer.ug/news/nssf-hash-run-to-raise-shs-700m-for-city-schools/,2020-03-04
https://observer.ug/news/minister-nrm-works-with-dp-top-leaders/,2020-03-04
https://observer.ug/news/s-korean-hospitals-lack-enough-space-for-coronavirus-patients/,2020-03-04
https://observer.ug/news/first-son-reignites-muhoozi-project-talk-calls-it-a-blessing/,2020-03-04
https://observer.ug/news/bicycle-scandal-convict-kashaka-denied-bail-by-supreme-court/,2020-03-05
https://observer.ug/news/kawalya-defeats-nyanjura-to-become-pioneer-kcca-speaker/,2020-03-05
https://observer.ug/business/museveni-intervenes-in-shumuk-katatumba-property-dispute/,2020-03-05
https://observer.ug/business/umeme-to-spend-shs-92bn-switching-postpaid-customers-to-prepaid/,2020-03-05
https://observer.ug/news/italy-closes-schools-universities-over-coronavirus/,2020-03-05
https://observer.ug/news/nrm-sweeps-kcca-division-speaker-seats/,2020-03-06
https://observer.ug/viewpoint/president-s-power-to-appoint-commentary-on-male-mabirizi-case/,2020-03-06
https://observer.ug/news/no-injuries-death-in-gayaza-high-school-fire/,2020-03-07
https://observer.ug/news/fdc-unapologetic-for-not-supporting-kawalya-for-kcca-speaker/,2020-03-09
https://observer.ug/news/gayaza-high-rejects-calls-to-close-school-after-2nd-fire-in-two-days/,2020-03-09
https://observer.ug/news/fdc-swallows-humble-pie-invites-kcca-speaker-for-dialogue/,2020-03-09
https://observer.ug/news/27-suspected-zombo-attackers-flown-to-gulu-barracks/,2020-03-09
https://observer.ug/news/kiruddu-hospital-rationing-drugs/,2020-03-11
https://observer.ug/viewpoint/why-kato-lubwama-should-return-to-parliament/,2020-03-11
https://observer.ug/news/tumukunde-bid-10-mps-on-iso-watch-list/,2020-03-11
https://observer.ug/business/kololo-kawanda-namulonge-to-get-bigger-power-cables/,2020-03-11
https://observer.ug/news/british-health-minister-contracts-coronavirus-germany-warns-of-58-million-infections/,2020-03-12
https://observer.ug/news/kcca-officers-suspended-for-shooting-student-in-the-mouth/,2020-03-12
https://observer.ug/news/mp-akol-ordered-out-of-parliament-over-coronavirus/,2020-03-12
https://observer.ug/news/kawempe-hospital-medical-interns-go-on-strike/,2020-03-13
https://observer.ug/news/schools-closed-as-kenya-ethiopia-confirm-more-coronavirus-cases/,2020-03-16
https://observer.ug/news/african-union-denies-allegations-of-cronyism-corruption/,2020-03-16
https://observer.ug/news/court-awards-family-shs-65m-for-loss-of-relative-at-women-s-hospital/,2020-03-16
https://observer.ug/viewpoint/your-mail-introduce-solar-energy-policy-quickly/,2020-03-18
https://observer.ug/viewpoint/empowering-smes-is-key-to-increasing-development/,2020-03-18
https://observer.ug/viewpoint/govt-should-stop-torture-detention-and-murder-of-people-power-supporters/,2020-03-18
https://observer.ug/news/coronavirus-museveni-closes-schools-bans-weddings/,2020-03-18
https://observer.ug/news/tumukunde-remanded-to-luzira-prison-till-march-30/,2020-03-18
https://observer.ug/business/hima-gives-out-shs-40m-in-school-fees-to-dealers-and-retailers/,2020-03-19
https://observer.ug/education/govt-closes-school-universities-over-coronavirus/,2020-03-19
https://observer.ug/business/umeme-moves-to-stabilise-power-supply-in-gulu/,2020-03-19
https://observer.ug/news/rwanda-shuts-down-airport-as-kenya-suspends-bus-services/,2020-03-20
https://observer.ug/news/museveni-shuts-down-entebbe-airport-closes-all-borders/,2020-03-21
https://observer.ug/lifestyle-entertainment/the-roll-needs-better-marketing/,2020-03-24
https://observer.ug/news/more-ugandans-to-get-connected-to-the-power-grid-for-free/,2020-03-24
https://observer.ug/news/schools-to-become-quarantine-centres/,2020-03-26
https://observer.ug/viewpoint/govt-can-play-part-in-bridging-housing-gap/,2020-03-26
https://observer.ug/viewpoint/anti-corruption-lessons-from-a-covid-19-quarantine-exercise/,2020-03-26
https://observer.ug/news/transport-ban-discharged-patients-stuck-at-masaka-hospital/,2020-03-27
https://observer.ug/news/imc-clinics-close-during-curfew-hours/,2020-03-31
https://observer.ug/news/haiti-doctors-flee-state-run-hospital-to-avoid-coronavirus-infection/,2020-04-01
https://observer.ug/viewpoint/what-vehicle-free-namirembe-road-teaches-us/,2020-04-01
https://observer.ug/business/coronavirus-how-e-africa-central-banks-are-trying-to-save-financial-markets/,2020-04-01
https://observer.ug/news/all-63-samples-test-negative-namboole-to-turn-into-hospital/,2020-04-01
https://observer.ug/news/kcca-partially-closes-kalerwe-market-over-social-distancing-violation/,2020-04-02
https://observer.ug/news/coronavirus-kills-2-more-in-kenya-as-cases-rise-to-110-prisoners-released/,2020-04-02
https://observer.ug/news/gov-t-ignores-parliament-on-covid-19-relief-food/,2020-04-03
https://observer.ug/news/kitgum-hospital-runs-out-protective-gear-for-health-workers/,2020-04-03
https://observer.ug/news/two-children-dead-as-parents-fail-to-secure-transport-to-hospital/,2020-04-04
https://observer.ug/news/kcca-sets-up-29-vehicle-stations-for-health-emergencies/,2020-04-04
https://observer.ug/education/schools-to-reopen-on-april-27-janet/,2020-04-05
https://observer.ug/business/to-buy-a-car-or-land-what-should-ideally-come-first/,2020-04-05
https://observer.ug/news/parliament-rejects-byabashaija-reappointment-as-prisons-boss/,2020-04-06
https://observer.ug/viewpoint/corruption-lack-of-rule-of-law-will-be-the-death-of-uganda/,2020-04-08
https://observer.ug/news/opm-officials-arrested-for-inflating-relief-food-prices/,2020-04-09
https://observer.ug/news/56-of-sanitiser-brands-in-uganda-s-market-fail-nda-test/,2020-04-10
https://observer.ug/news/kcca-speaker-why-fdc-lost/,2020-04-10
https://observer.ug/news/why-judges-quashed-police-powers-to-block-gatherings/,2020-04-10
https://observer.ug/business/era-cuts-electricity-prices-by-shs-0-8/,2020-04-11
https://observer.ug/news/entebbe-hospital-discharges-3-covid-19-patients/,2020-04-11
https://observer.ug/news/nurse-summoned-for-wheeling-patient-to-hospital/,2020-04-13
https://observer.ug/news/businessman-abid-alam-remanded-to-prison-until-may-8/,2020-04-16
https://observer.ug/news/500-displaced-as-lake-victoria-submerges-kisitu-island/,2020-04-16
https://observer.ug/news/ugandan-embassies-start-registering-ugandans-stuck-abroad/,2020-04-17
https://observer.ug/news/kawempe-hospital-imposes-mandatory-face-mask-wearing/,2020-04-17
https://observer.ug/news/covid-19-positive-tanzanian-driver-hospitalised-in-mulago/,2020-04-19
https://observer.ug/news/nas-lays-off-redundant-staff-following-entebbe-airport-closure/,2020-04-19
https://observer.ug/news/south-sudan-frees-1-400-prisoners-over-covid-19/,2020-04-20
https://observer.ug/news/3-acre-floating-island-moves-closer-to-nalubaale-dam/,2020-04-20
https://observer.ug/education/school-reopening-extended-until-after-covid-19-lockdown/,2020-04-20
https://observer.ug/news/court-blocks-shs-10bn-covid-19-payment-to-mps/,2020-04-21
https://observer.ug/news/makerere-university-hospital-to-start-testing-for-coronavirus/,2020-04-21
https://observer.ug/viewpoint/away-from-home-studying-abroad-during-covid-19-crisis/,2020-04-22
https://observer.ug/viewpoint/kcca-should-fix-public-service-infrastructure-now/,2020-04-22
https://observer.ug/news/abid-alam-begs-gen-saleh-to-rescue-him/,2020-04-23
https://observer.ug/business/adb-distances-itself-from-funding-crude-oil-pipeline/,2020-04-23
https://observer.ug/business/umeme-to-stop-shs-5bn-on-kakiri-substation/,2020-04-23
https://observer.ug/news/zaake-admitted-to-naguru-hospital-after-collapsing-in-detention/,2020-04-24
https://observer.ug/news/court-orders-are-binding-to-parliament-uganda-law-society/,2020-04-25
https://observer.ug/news/malawi-police-clash-with-prison-guards-over-ppes-promotions/,2020-04-27
https://observer.ug/news/covid-19-museveni-pardons-833-prisoners/,2020-04-27
https://observer.ug/viewpoint/earth-day-why-cultural-values-landscapes-and-ubuntu-matter/,2020-04-28
https://observer.ug/news/mulago-hospital-discharges-all-its-coronavirus-patients/,2020-04-29
https://observer.ug/news/with-schools-shut-learners-turn-to-tv-lessons-are-they-working/,2020-04-29
https://observer.ug/news/1-000-hiv-patients-in-kwania-abandon-treatment-over-lack-of-food/,2020-04-30
https://observer.ug/news/kadaga-warns-gov-t-parliament-will-fight-back/,2020-04-30
https://observer.ug/news/mbarara-officials-arrested-by-state-house-awarded-shs-10m-each/,2020-05-01
https://observer.ug/news/mulago-hospital-explains-covid-19-treatment-success/,2020-05-01
https://observer.ug/news/lesotho-pm-loses-bid-to-get-immunity-from-prosecution-in-ex-wife-s-killing/,2020-05-01
https://observer.ug/education/scrap-promotional-exams-waive-school-fees-exports/,2020-05-02
https://observer.ug/news/all-100-police-officers-in-masindi-barracks-quarantined/,2020-05-03
https://observer.ug/news/suspected-killer-of-updf-major-arrested-in-nakasongola-barracks/,2020-05-04
https://observer.ug/news/opm-officials-arrested-over-inflated-prices-of-covid-food-granted-bail/,2020-05-05
https://observer.ug/sports/how-kcca-won-title-in-unfinished-1991-league/,2020-05-05
https://observer.ug/business/floating-islands-negative-oil-prices-and-electric-cars/,2020-05-05
https://observer.ug/news/suspected-german-child-molester-dies-in-luzira-prison/,2020-05-07
https://observer.ug/lifestyle-entertainment/binge-on-2019-s-vinland-saga/,2020-05-07
https://observer.ug/news/mp-cecilia-ogwal-collapses-in-parliament/,2020-05-11
https://observer.ug/news/kcca-germany-embassy-okay-cremation-of-suspected-child-molester/,2020-05-11
https://observer.ug/news/gov-t-pleads-for-patience-on-ugandans-stuck-abroad/,2020-05-12
https://observer.ug/news/covid-19-sex-work-banned-in-netherlands-until-september/,2020-05-12
https://observer.ug/news/parliament-makes-u-turn-praises-museveni-in-covid-fight/,2020-05-12
https://observer.ug/viewpoint/covid-19-and-human-rights-we-need-to-decongest-prisons/,2020-05-13
https://observer.ug/viewpoint/kcca-should-partner-with-kiira-motors-to-supply-eco-buses/,2020-05-13
https://observer.ug/news/arua-hospital-discharges-five-covid-19-recovered-tanzanian-drivers/,2020-05-13
https://observer.ug/news/jinja-market-vendor-shot-for-flouting-curfew-dies/,2020-05-15
https://observer.ug/news/madagascar-s-coronavirus-herbal-medicine-put-to-clinical-trials/,2020-05-17
https://observer.ug/news/france-recloses-schools-a-week-after-reopening-over-covid-19-spike/,2020-05-19
https://observer.ug/news/entebbe-hospital-opens-mobile-clinics-for-hiv-diabetes-patients/,2020-05-19
https://observer.ug/news/7-000-evicted-from-slums-in-kenya-despite-coronavirus-pandemic/,2020-05-20
https://observer.ug/news/lockdown-private-school-teachers-turn-to-begging/,2020-05-20
https://observer.ug/education/report-why-govt-homeschooling-isn-t-working/,2020-05-20
https://observer.ug/news/botswana-probes-death-of-56-elephants/,2020-05-20
https://observer.ug/news/jinja-health-workers-abandon-covid-19-patient-over-allowances/,2020-05-21
https://observer.ug/news/company-awarded-shs-181bn-for-cancelled-sand-mining-licence/,2020-05-22
https://observer.ug/business/umeme-dedicates-683-000-for-power-supply-in-n-uganda/,2020-05-23
https://observer.ug/business/uganda-lays-out-2-5-billion-power-transmission-plan/,2020-05-23
https://observer.ug/news/kenya-admits-importing-substandard-ppes-for-doctors/,2020-05-23
https://observer.ug/news/too-costly-costly-to-evacuate-ugandans-stuck-abroad-gov-t/,2020-05-24
https://observer.ug/news/chinese-construction-projects-create-opportunity-to-spy-on-african-leaders/,2020-05-24
https://observer.ug/education/iuiu-awarded-20-000-to-scale-production-of-hands-free-hand-washing-dispenser/,2020-05-24
https://observer.ug/news/gulu-hospital-runs-out-of-hydroxychloroquine-after-rise-in-covid-patients/,2020-05-25
https://observer.ug/news/nakaseke-hospital-runs-out-of-food-for-covid-quarantinees/,2020-05-25
https://observer.ug/viewpoint/what-umeme-is-doing-to-keep-uganda-switched-on/,2020-05-26
https://observer.ug/viewpoint/how-covid-19-has-affected-economic-fundamentals/,2020-05-26
https://observer.ug/business/cnooc-questions-investment-in-oil-pipeline/,2020-05-26
https://observer.ug/news/covid-19-patients-suffered-organ-damage-makerere-reseach/,2020-05-27
https://observer.ug/news/investigation-pins-makerere-university-secretary-on-gowns-scandal/,2020-06-01
https://observer.ug/news/museveni-rescinds-on-schools-reopening-extends-airport-closure/,2020-06-02
https://observer.ug/news/jinja-rdc-sakwa-loses-bid-to-block-interdiction/,2020-06-02
https://observer.ug/sports/kcca-s-bittersweet-uganda-cup-memories-3/,2020-06-02
https://observer.ug/news/mbale-hospital-halts-admission-of-covid-19-patients-over-lack-of-beds/,2020-06-02
https://observer.ug/news/court-awards-shs-50m-in-damages-to-mosque/,2020-06-03
https://observer.ug/viewpoint/withhold-tax-on-payments-made-for-purchase-of-business-or-asset/,2020-06-03
https://observer.ug/viewpoint/ministry-directive-on-wages-in-private-schools-is-illegal/,2020-06-03
https://observer.ug/viewpoint/police-probe-should-stretch-beyond-junior-officers-swindled-allowances/,2020-06-03
https://observer.ug/news/covid-19-positive-kenyan-patient-escapes-from-moroto-hospital/,2020-06-04
https://observer.ug/news/four-kcca-staff-isolated-after-showing-coronavirus-symptoms/,2020-06-05
https://observer.ug/news/over-600-flee-cameroon-hospitals-as-covid-19-cases-increase/,2020-06-06
https://observer.ug/education/botswana-schools-reopen-amid-concerns-over-preparedness/,2020-06-06
https://observer.ug/news/gen-kasirye-gwanga-dies-at-nakasero-hospital/,2020-06-09
https://observer.ug/lifestyle-entertainment/hipipo-awards-leave-kenzo-tickled-women-scowling/,2020-06-09
https://observer.ug/news/masaka-landlord-gives-tenants-rent-waiver/,2020-06-09
https://observer.ug/news/entebbe-airport-needs-shs-150bn-to-reopen/,2020-06-10
https://observer.ug/news/govt-approves-shs-1-4-trillion-to-rehabilitate-railway/,2020-06-11
https://observer.ug/news/ugandan-manager-fined-shs-156m-for-donating-kenya-firm-equipment-to-naguru-hospital/,2020-06-11
https://observer.ug/news/i-sacked-ura-corrupt-crowd-museveni/,2020-06-11
https://observer.ug/news/woman-awarded-shs-282m-after-police-illegally-auctioned-her-car-for-shs-1m/,2020-06-12
https://observer.ug/news/museveni-clean-up-moves-to-kcca/,2020-06-12
https://observer.ug/news/lesotho-first-lady-made-shs-89m-downpayment-for-murder-of-co-wife/,2020-06-13
https://observer.ug/education/plascon-donates-4000-litres-of-anti-malaria-paint-to-schools/,2020-06-14
https://observer.ug/news/leader-of-opposition-survives-gulu-road-accident/,2020-06-15
https://observer.ug/news/parliament-to-spend-shs-568m-on-mps-medical-insurance/,2020-06-15
https://observer.ug/news/usaid-maternal-health-project-exposes-flaws-in-free-health-care/,2020-06-15
https://observer.ug/viewpoint/open-letter-to-museveni-on-not-reopening-schools/,2020-06-16
https://observer.ug/news/people-power-coordinator-arrested-over-noise-pollution/,2020-06-16
https://observer.ug/business/40days40fintechs-true-african-turning-around-payments-in-uganda/,2020-06-16
https://observer.ug/news/egypt-to-reopen-all-airports-on-july-1/,2020-06-16
https://observer.ug/news/police-to-resume-construction-of-officers-housing-units/,2020-06-16
https://observer.ug/news/companies-ask-landlords-to-reduce-rental-space/,2020-06-16
https://observer.ug/education/stanbic-develops-digital-option-for-schools-contest/,2020-06-17
https://observer.ug/news/entebbe-hospital-health-workers-decry-unpaid-covid-19-allowances/,2020-06-18
https://observer.ug/business/phone-tapping-could-dampen-internet-growth-report/,2020-06-19
https://observer.ug/business/new-kcca-leadership-should-prioritize-easing-traffic-jam/,2020-06-20
https://observer.ug/news/soroti-hospital-successfully-delivers-baby-implanted-in-liver/,2020-06-21
https://observer.ug/business/buladde-fintech-helping-ugandans-harness-land-for-development/,2020-06-21
https://observer.ug/news/s-sudan-banned-from-african-union-meetings-over-nonpayment/,2020-06-23
https://observer.ug/news/turkish-firm-loses-interest-in-300m-nakaseke-beef-project/,2020-06-23
https://observer.ug/viewpoint/stop-delaying-to-pay-covid-risk-allowances/,2020-06-24
https://observer.ug/news/entebbe-airport-finally-reopened-for-ugandan-returnees/,2020-06-24
https://observer.ug/news/why-a-school-dead-year-is-disastrous-alex-kakooza/,2020-06-24
https://observer.ug/news/ec-speaks-on-2021-poll-delay/,2020-06-24
https://observer.ug/viewpoint/in-the-new-covid-world-order-the-opposition-must-comply-and-power-will-act-as-it-pleases/,2020-06-24
https://observer.ug/education/5-000-schools-at-risk-of-collapse-due-to-lockdown-npa/,2020-06-24
https://observer.ug/news/officers-ordered-to-surrender-phones-as-igp-probes-leaking-of-police-info/,2020-06-25
https://observer.ug/news/widow-of-killed-lay-reader-disputes-army-s-version-of-events/,2020-06-25
https://observer.ug/business/30-of-pakistan-pilots-have-fake-licenses-probe/,2020-06-26
https://observer.ug/news/court-awards-shs-250m-to-tortured-iso-spy/,2020-06-28
https://observer.ug/news/malawi-opposition-leader-sworn-in-as-president-after-landslide-victory/,2020-06-28
https://observer.ug/lifestyle-entertainment/mervyn-dropped-civil-engineering-to-become-award-winning-artist/,2020-06-29
https://observer.ug/news/kyambogo-student-hospitalized-after-being-kicked-in-testicles/,2020-06-29
https://observer.ug/business/umeme-lays-out-shs-310bn-to-connect-300-000-consumers/,2020-06-29
https://observer.ug/lifestyle-entertainment/namirembe-choir-modifies-worship-to-bridge-gap-of-church-lockdown/,2020-06-30
https://observer.ug/news/delayed-compensation-slows-rukungiri-kanungu-ishasha-road/,2020-07-01
https://observer.ug/education/nigeria-reopens-secondary-schools-airports-for-domestic-flights/,2020-07-01
https://observer.ug/news/two-police-detectives-suspect-perish-in-jinja-road-accident/,2020-07-02
https://observer.ug/business/covid-19-has-pushed-land-sector-into-digital-era/,2020-07-03
https://observer.ug/news/govt-halts-return-of-ugandans-stranded-abroad/,2020-07-03
https://observer.ug/news/botswana-investigates-mystery-deaths-of-275-elephants-in-2-months/,2020-07-04
https://observer.ug/education/school-closures-good-for-early-childhood-development-experts/,2020-07-07
https://observer.ug/business/siti-ii-power-line-takes-shape/,2020-07-07
https://observer.ug/news/anti-corruption-court-summons-chameleone-over-tax-evasion/,2020-07-07
https://observer.ug/viewpoint/whoever-is-pushing-for-opposition-unity-actually-works-for-incumbent/,2020-07-07
https://observer.ug/business/oil-production-delay-has-been-beneficial/,2020-07-10
https://observer.ug/education/covid-19-case-spike-delays-plans-to-reopen-schools-in-malawi/,2020-07-12
https://observer.ug/news/70-of-ambulances-in-uganda-substandard-lack-trained-personnel-survey/,2020-07-13
https://observer.ug/viewpoint/suspension-of-government-funding-to-schools-is-unwise/,2020-07-14
https://observer.ug/business/how-ura-is-closing-in-on-value-added-tax-fraudsters-in-uganda/,2020-07-15
https://observer.ug/news/all-mps-parliament-staff-to-be-screened-for-covid-19-kadaga/,2020-07-15
https://observer.ug/news/entebbe-hospital-admits-11-expectant-returnees-with-covid-19-symptoms/,2020-07-16
https://observer.ug/news/s-african-hospitals-forced-to-turn-away-covid-19-patients/,2020-07-16
https://observer.ug/news/mulago-hospital-boss-disowns-mild-covid-remarks/,2020-07-17
https://observer.ug/business/umeme-to-replace-182-transformers/,2020-07-17
https://observer.ug/news/catholic-church-suspends-salaries-for-all-staff-in-all-its-6-000-schools/,2020-07-17
https://observer.ug/news/two-hawkers-arrested-for-stabbing-kcca-enforcers/,2020-07-18
https://observer.ug/business/covid-mtn-red-cross-call-for-continued-vigilance-in-markets/,2020-07-18
https://observer.ug/news/us-hospitals-run-out-of-icu-beds-as-covid-19-cases-spike-again/,2020-07-20
https://observer.ug/news/people-power-supporters-clash-with-kamuli-elders-at-burial/,2020-07-20
https://observer.ug/viewpoint/while-social-media-mobilises-it-also-terribly-delays-revolutions/,2020-07-21
https://observer.ug/news/will-buganda-kingdom-deliver-low-cost-housing/,2020-07-21
https://observer.ug/news/covid-19-buries-najjera-progressive-school-after-32-years-of-existence/,2020-07-22
https://observer.ug/business/oil-project-affected-persons-will-be-adequately-compensated/,2020-07-22
https://observer.ug/business/time-to-turn-our-septic-tanks-into-power-plants/,2020-07-22
https://observer.ug/news/bobi-s-people-power-movement-morphs-into-a-political-party/,2020-07-22
https://observer.ug/lifestyle-entertainment/ghost-of-tsushima-tailored-for-anime-lovers/,2020-07-23
https://observer.ug/news/museveni-appoints-dorothy-kisaka-new-kcca-executive-director/,2020-07-24
https://observer.ug/education/south-africa-recloses-schools-as-coronavirus-cases-surge/,2020-07-25
https://observer.ug/news/ethiopia-fuels-regional-tensions-with-nile-river-mega-dam/,2020-07-27
https://observer.ug/news/nrm-has-no-manifesto-to-be-corrupt-kadaga/,2020-07-27
https://observer.ug/education/schools-reject-gov-t-request-to-return-second-term-funds/,2020-07-27
https://observer.ug/news/1bn-stolen-through-corruption-under-former-malawi-president/,2020-07-28
https://observer.ug/news/how-new-kcca-leadershhip-can-deliver-kampala-to-promised-land/,2020-07-29
https://observer.ug/business/court-decision-on-salary-loans-could-rattle-financial-market/,2020-07-29
https://observer.ug/business/we-re-going-to-surprise-everybody-on-stock-market-mtn-ceo/,2020-07-29
https://observer.ug/news/minister-aceng-warns-private-hospitals-to-keep-off-coronavirus-testing/,2020-07-31
https://observer.ug/lifestyle-entertainment/this-slay-farmer-abandoned-the-chalkboard-for-the-hoe/,2020-07-31
https://observer.ug/sports/here-s-why-i-endorse-magogo-s-move-to-go-to-parliament/,2020-08-02
https://observer.ug/business/rent-haruna-towers-landlord-leads-drive-to-exempt-tenants/,2020-08-02
https://observer.ug/news/malawi-president-introduces-covid-19-award-for-health-workers/,2020-08-02
https://observer.ug/education/former-african-gold-refinery-boss-pledges-more-support-to-entebbe-school/,2020-08-04
https://observer.ug/viewpoint/we-welcome-new-kcca-team-we-need-change/,2020-08-04
https://observer.ug/viewpoint/a-people-power-without-bobi-wine-must-be-exciting/,2020-08-04
https://observer.ug/news/police-silent-as-pastor-beats-people-grabs-land/,2020-08-04
https://observer.ug/news/man-who-contracted-hiv-after-using-life-guard-condoms-sues-gov-t/,2020-08-06
https://observer.ug/education/is-it-safe-to-reopen-schools-during-pandemic/,2020-08-06
https://observer.ug/business/project-affected-persons-to-be-compensated-for-oil-projects/,2020-08-06
https://observer.ug/business/tourism-players-decry-airport-closure/,2020-08-06
https://observer.ug/news/constitutional-court-stays-corruption-proceedings-against-kazinda/,2020-08-07
https://observer.ug/news/78-year-old-man-rescued-from-committing-suicide-at-new-jinja-bridge/,2020-08-07
https://observer.ug/news/boda-boda-2010-s-kitatta-bodyguards-released-from-prison/,2020-08-08
https://observer.ug/news/police-blocks-opening-of-people-power-office-in-kitgum/,2020-08-10
https://observer.ug/news/malawi-president-working-to-trim-presidential-powers/,2020-08-10
https://observer.ug/business/evolution-of-mtn-mobile-money-into-one-stop-payment-point/,2020-08-10
https://observer.ug/business/umeme-invests-shs-56bn-in-mbale-city-electricity-network/,2020-08-12
https://observer.ug/education/germany-struggles-to-set-covid-19-rules-as-schools-eeopen/,2020-08-12
https://observer.ug/news/new-zealand-back-into-lockdown-after-detection-of-new-covid-19-cases/,2020-08-12
https://observer.ug/business/energy-minister-put-to-task-over-free-electricity-connections/,2020-08-12
https://observer.ug/business/entebbe-airport-cab-driver-wins-shs-4-2m-in-momonyabo-promo/,2020-08-13
https://observer.ug/business/kcca-leadership-outlines-key-areas-to-transform-city/,2020-08-13
https://observer.ug/business/money-for-22-land-cruisers-can-set-up-cancer-hospital/,2020-08-13
https://observer.ug/education/mukalele-provides-free-reading-materials-for-all-schools-for-free/,2020-08-13
https://observer.ug/news/uganda-suffers-5th-nationwide-power-blackout-in-5-months/,2020-08-14
https://observer.ug/news/gov-t-to-reconstruct-demolished-ndeeba-church-museveni/,2020-08-14
https://observer.ug/education/fire-guts-namugongo-school-dormitory/,2020-08-16
https://observer.ug/education/malawi-president-announces-plans-to-reopen-schools-in-september/,2020-08-16
https://observer.ug/news/court-awards-former-wbs-tv-journalist-shs-268m-in-damages/,2020-08-17
https://observer.ug/business/umeme-profits-fall-from-shs-61bn-to-shs-22bn-in-2020/,2020-08-17
https://observer.ug/news/umeme-ordered-to-pay-shs-350m-to-kasese-company-over-loose-wires/,2020-08-17
https://observer.ug/news/high-court-halts-ghost-russian-pilot-trial-in-army-court/,2020-08-17
https://observer.ug/business/govt-issues-new-timelines-for-oil-refinery-project/,2020-08-17
https://observer.ug/news/mbarara-weighbridge-police-shoot-one-dead-injure-parliamentary-aspirant/,2020-08-18
https://observer.ug/news/nambooze-people-power-won-t-survive-after-2021/,2020-08-19
https://observer.ug/business/top-shareholders-buy-more-umeme-stake/,2020-08-19
https://observer.ug/news/will-buganda-kingdom-s-new-legal-body-stop-land-grabbers/,2020-08-19
https://observer.ug/business/make-agriculture-sexy-instead-of-taxing-idle-land/,2020-08-19
https://observer.ug/business/how-use-of-renewable-energy-is-transforming-farming-in-nwoya/,2020-08-19
https://observer.ug/news/school-reopening-only-15-students-to-be-allowed-per-classroom/,2020-08-19
https://observer.ug/sports/kcca-expects-to-earn-shs-1-billion-from-player-sales/,2020-08-20
https://observer.ug/education/who-unicef-call-for-african-children-to-return-to-school/,2020-08-21
https://observer.ug/news/kenya-police-fire-tear-gas-at-covid-19-corruption-protesters/,2020-08-23
https://observer.ug/news/designer-demands-shs-3bn-compensation-for-nrm-logo/,2020-08-24
https://observer.ug/business/umeme-feels-impact-of-covid-19/,2020-08-26
https://observer.ug/education/eu-flags-off-erasmus-scholarship-award-winners/,2020-08-26
https://observer.ug/sports/let-s-plan-sports-beyond-namboole-stadium-complex/,2020-08-26
https://observer.ug/sports/govt-acquires-namboole-stadium-land-title-to-ward-off-encroachers/,2020-08-26
https://observer.ug/news/gems-international-school-succumbs-to-covid-19-lockdown/,2020-08-26
https://observer.ug/news/parliament-approves-owiny-dollo-buteera-appointment/,2020-08-26
https://observer.ug/news/landlord-closes-lancet-labs-over-covid-testing/,2020-09-01
https://observer.ug/news/jamil-mukulu-trial-moved-to-inside-luzira-prison/,2020-09-01
https://observer.ug/news/unra-office-in-luweero-closed-after-4-staff-test-positive-for-covid-19/,2020-09-01
https://observer.ug/viewpoint/probe-all-embassies-culprits-must-refund-stolen-money/,2020-09-01
https://observer.ug/viewpoint/entebbe-airport-please-style-up/,2020-09-01
https://observer.ug/news/auditor-general-pins-11-ministries/,2020-09-01
https://observer.ug/business/airtel-wins-top-global-award/,2020-09-02
https://observer.ug/news/schools-allowed-to-reopen-for-final-year-health-students/,2020-09-02
https://observer.ug/news/terrorism-sheikh-kamoga-s-life-imprisonment-quashed/,2020-09-02
https://observer.ug/news/ministry-of-works-closed-after-9-staff-test-positive-for-covid-19/,2020-09-03
https://observer.ug/business/airtel-in-nationwide-drive-to-extend-broadband-internet/,2020-09-04
https://observer.ug/news/five-test-positive-for-covid-19-at-parliament/,2020-09-04
https://observer.ug/news/six-hospitalised-in-rakai-following-clashes-in-nrm-primaries/,2020-09-04
https://observer.ug/news/lira-hospital-doctor-succumbs-to-coronavirus/,2020-09-06
https://observer.ug/news/cameroonian-christians-abandon-covid-19-doubting-churches/,2020-09-08
https://observer.ug/education/parents-students-skeptical-about-schools-reopening/,2020-09-08
https://observer.ug/news/airtel-donates-ultra-sound-scan-to-bukwo-hospital/,2020-09-08
https://observer.ug/education/alain-goetz-urges-businesses-to-support-schools/,2020-09-10
https://observer.ug/business/rea-failing-free-electricity-connections-says-era/,2020-09-10
https://observer.ug/viewpoint/power-theft-will-hit-you-in-the-pocket-fight-it/,2020-09-11
https://observer.ug/education/makerere-university-funds-120-research-projects-on-covid-19/,2020-09-11
https://observer.ug/news/uganda-total-sign-crude-oil-pipeline-deal/,2020-09-12
https://observer.ug/news/masaka-hospital-registers-first-covid-19-death/,2020-09-15
https://observer.ug/business/politicians-could-consider-joint-projects-campaigns/,2020-09-15
https://observer.ug/news/bregma-clinic-in-kitgum-closed-after-death-of-covid-19-patient/,2020-09-15
https://observer.ug/viewpoint/anti-corruption-fight-is-possible-only-if-we-fight-voter-bribery/,2020-09-15
https://observer.ug/news/isimba-dam-chinese-contractor-govt-in-42m-payment-dispute/,2020-09-16
https://observer.ug/business/denmark-boosts-entebbe-airport-s-reopening-efforts/,2020-09-16
https://observer.ug/sports/rajiv-cash-splits-cmc-founders-want-fmu-to-investigate-sale-deal/,2020-09-16
https://observer.ug/news/moroto-prison-break-soldier-shot-dead-as-50-inmates-escape-with-30-guns/,2020-09-16
https://observer.ug/lifestyle-entertainment/uganda-s-own-cake-boss-is-changing-the-baking-landscape/,2020-09-17
https://observer.ug/news/moroto-prison-break-3-escapees-shot-dead-7-recaptured/,2020-09-17
https://observer.ug/news/parliament-bus-catches-fire-with-covid-19-patients-on-board/,2020-09-17
https://observer.ug/news/compensation-disparity-riles-kenyan-victims-of-1998-us-embassy-bombings/,2020-09-17
https://observer.ug/news/hope-to-recapture-moroto-prison-escapees-fades/,2020-09-18
https://observer.ug/news/fire-guts-makerere-university-main-building-student-records-at-risk/,2020-09-20
https://observer.ug/news/full-speech-museveni-reopens-airport-schools-for-candidates/,2020-09-20
https://observer.ug/news/billions-of-kenya-s-covid-cash-go-missing-president-orders-probe/,2020-09-20
https://observer.ug/news/entebbe-road-fuel-station-catches-fire/,2020-09-22
https://observer.ug/education/soroti-school-owners-opposed-to-school-reopening/,2020-09-22
https://observer.ug/news/how-moroto-prison-break-was-executed/,2020-09-22
https://observer.ug/news/prisons-offers-shs-500-000-bounty-for-every-moroto-escapee/,2020-09-22
https://observer.ug/business/dhl-launches-saloodo-to-bridge-gap-of-covid-19-pandemic/,2020-09-22
https://observer.ug/business/how-kitaka-built-mtk-drug-empire-from-scratch/,2020-09-22
https://observer.ug/viewpoint/norway-s-ski-train-station-vs-kampala-northern-bypass-project/,2020-09-22
https://observer.ug/viewpoint/govt-valuer-should-prioritise-compensation-for-oil-projects/,2020-09-22
https://observer.ug/news/why-covid-hasn-t-battered-africa-as-projected/,2020-09-23
https://observer.ug/education/covid-zimbabwe-teachers-union-rejects-schools-reopening/,2020-09-23
https://observer.ug/business/era-s-strong-licensing-regime-brings-credibility-in-the-market/,2020-09-23
https://observer.ug/sports/why-our-players-fail-abroad/,2020-09-23
https://observer.ug/lifestyle-entertainment/a-new-one-for-your-pre-schoolers/,2020-09-23
https://observer.ug/news/kapchorwa-hospital-closed-after-50-staff-test-for-covid-19/,2020-09-23
https://observer.ug/news/5-die-of-covid-19-as-uganda-runs-out-of-hospital-beds/,2020-09-23
https://observer.ug/news/ugandan-parents-advised-to-enroll-children-in-schools-within-home-areas/,2020-09-24
https://observer.ug/news/gov-t-to-pay-shs-85m-for-canceled-vehicle-advertising-contract/,2020-09-25
https://observer.ug/news/schools-reopening-students-barred-from-using-taxis-boda-bodas/,2020-09-25
https://observer.ug/news/cctv-footage-lands-bobi-wine-bodyguards-in-deeper-trouble/,2020-09-28
https://observer.ug/news/abim-hospital-after-17-health-workers-test-positive-for-covid-19/,2020-09-29
https://observer.ug/viewpoint/when-corruption-becomes-a-way-of-life/,2020-09-29
https://observer.ug/news/government-speaks-on-school-fees-dead-year/,2020-09-29
https://observer.ug/news/schools-govt-at-war-over-sops/,2020-09-29
https://observer.ug/news/court-dismisses-land-case-against-kabaka/,2020-09-30
https://observer.ug/sports/villa-series-when-kcca-fc-stole-sc-villa-s-thunder/,2020-09-30
https://observer.ug/lifestyle-entertainment/adong-judith-wins-prestigious-film-award/,2020-10-01
https://observer.ug/news/entebbe-airport-reopens-air-travelers-exempted-from-curfew/,2020-10-01
https://observer.ug/news/kadaga-convoy-accident-victims-seek-shs-400m-compensation/,2020-10-04
https://observer.ug/news/prison-break-moroto-prisons-boss-suspended/,2020-10-06
https://observer.ug/viewpoint/your-mail-schools-and-sops/,2020-10-06
https://observer.ug/viewpoint/enact-separate-election-financing-law-to-avert-political-corruption/,2020-10-06
https://observer.ug/viewpoint/addressing-violence-against-children-as-schools-reopen/,2020-10-06
https://observer.ug/viewpoint/my-salute-to-the-heroes-at-nasser-road/,2020-10-06
https://observer.ug/education/makerere-main-building-restoration-takes-shape/,2020-10-07
https://observer.ug/news/mps-reject-plan-to-spend-shs-200bn-on-drc-roads/,2020-10-07
https://observer.ug/business/new-era-board-to-focus-on-reducing-power-tariffs/,2020-10-07
https://observer.ug/business/operators-decry-surcharge-on-electronic-payment-cards/,2020-10-07
https://observer.ug/news/landlord-refunds-nup-office-rent-money-after-security-intimidation/,2020-10-07
https://observer.ug/lifestyle-entertainment/sex-talk-when-her-libido-is-higher-than-yours/,2020-10-07
https://observer.ug/education/zimbabwe-teachers-refuse-to-return-to-schools/,2020-10-08
https://observer.ug/sports/pepsi-donates-400-water-cartons-to-u17-she-cranes/,2020-10-09
https://observer.ug/news/museveni-justifies-uganda-funding-roads-in-drc-ethiopia/,2020-10-09
https://observer.ug/viewpoint/museveni-nrm-has-built-a-firm-foundation-for-uganda/,2020-10-10
https://observer.ug/news/justice-mugambe-sues-contractor-over-shoddy-works-on-her-apartments/,2020-10-13
https://observer.ug/news/53-drivers-spend-night-at-jinja-road-police-for-violating-curfew/,2020-10-13
https://observer.ug/business/uganda-waits-for-karuma-to-lower-power-tariffs/,2020-10-13
https://observer.ug/business/mtn-partners-bbs-tv-to-promote-market-vendors/,2020-10-15
https://observer.ug/news/6-unopposed-candidates-give-nrm-6-0-head-start-in-parliament/,2020-10-18
https://observer.ug/sports/uganda-s-kiplimo-wins-world-half-marathon-in-poland/,2020-10-18
https://observer.ug/education/makerere-ordered-to-pay-staff-association-boss-all-salary-arrears/,2020-10-18
https://observer.ug/news/30-moroto-prison-escapees-re-arrested/,2020-10-19
https://observer.ug/news/23-arrested-at-entebbe-airport-with-forged-covid-19-test-results/,2020-10-19
https://observer.ug/news/l-albert-floods-displace-tonya-primary-school-students/,2020-10-20
https://observer.ug/education/eskom-supports-njeru-primary-school/,2020-10-20
https://observer.ug/viewpoint/my-salute-to-the-heroes-at-nasser-road-part-ii/,2020-10-20
https://observer.ug/news/mps-approve-shs-200bn-for-drc-roads/,2020-10-21
https://observer.ug/business/parliament-passes-shs-3-7-trillion-supplementary-budget/,2020-10-22
https://observer.ug/news/stray-dog-sneaks-into-gulu-hospital-flees-with-patient-s-amputated-limb/,2020-10-22
https://observer.ug/viewpoint/the-historical-role-of-young-people-in-peacebuilding-part-1/,2020-10-28
https://observer.ug/news/ntaganda-kanaabi-pinned-in-kcca-hospital-grabbing-deal/,2020-10-28
https://observer.ug/news/nrm-infiltrated-by-people-power/,2020-10-28
https://observer.ug/business/electricity-many-count-losses-as-govt-free-connections-hang-in-balance/,2020-10-28
https://observer.ug/sports/isabirye-kcca-s-unsung-hero-24-years-after-his-demise/,2020-10-28
https://observer.ug/news/woman-injured-by-teargas-demands-shs-500m-compensation-from-police/,2020-10-29
https://observer.ug/news/patients-stranded-as-mukono-hospital-medics-strike-over-ppes/,2020-10-29
https://observer.ug/business/acca-calls-for-nominations-for-2020-cfo-awards/,2020-10-30
https://observer.ug/news/engineer-kitaka-resigns-from-kcca/,2020-10-31
https://observer.ug/education/kenyan-teachers-express-worry-over-rising-covid-19-cases-deaths-in-schools/,2020-11-03
https://observer.ug/news/makerere-university-hospital-doubles-covid-test-to-shs-200-000/,2020-11-03
https://observer.ug/news/kabuleta-mwesigye-to-ride-on-god-power-to-unseat-museveni/,2020-11-03
https://observer.ug/news/74-of-ugandans-believe-covid-funds-have-been-stolen-by-powerful-people/,2020-11-04
https://observer.ug/news/how-multi-billion-markets-deal-led-to-kitaka-s-fall/,2020-11-04
https://observer.ug/viewpoint/use-petitions-to-quickly-get-parliament-s-attention/,2020-11-04
https://observer.ug/viewpoint/the-contribution-of-young-people-in-peace-building-part-2/,2020-11-04
https://observer.ug/news/corruption-equal-opportunities-commission-boss-granted-bail/,2020-11-04
https://observer.ug/news/court-orders-katosi-road-scam-convicts-to-refund-shs-20bn/,2020-11-06
https://observer.ug/lifestyle-entertainment/bamba-babwisi-want-ancestral-land-in-semuliki-national-park-back/,2020-11-08
https://observer.ug/news/two-clinics-closed-in-kabale-after-unintentionally-admitting-covid-19-patients/,2020-11-08
https://observer.ug/news/every-consumer-tap-to-have-water-by-february-2021-badru-kiggundu/,2020-11-10
https://observer.ug/viewpoint/why-peaceful-power-transition-has-been-elusive-for-uganda/,2020-11-10
https://observer.ug/viewpoint/the-contribution-of-young-people-in-peace-building-part-3/,2020-11-10
https://observer.ug/news/kcca-takes-over-all-city-markets-vendors-set-to-elect-new-leaders/,2020-11-10
https://observer.ug/business/public-private-projects-continue-to-boost-electricity-growth/,2020-11-11
https://observer.ug/lifestyle-entertainment/wavah-equator-facility-set-to-transform-highway-travel-to-western-uganda/,2020-11-12
https://observer.ug/education/3-students-of-apac-model-school-test-positive-for-covid-19/,2020-11-13
https://observer.ug/news/bobi-wine-motorists-stranded-as-police-mount-7-roadblocks-in-moroto/,2020-11-14
https://observer.ug/news/kcca-speakers-executive-secretaries-not-paid-salary-for-9-months/,2020-11-17
https://observer.ug/sports/inside-the-new-mtn-kcca-fc-stadium-deal/,2020-11-18
https://observer.ug/news/covid-19-gets-into-ugandan-schools/,2020-11-18
https://observer.ug/business/how-get-fit-sparked-interest-in-electricity-plants/,2020-11-19
https://observer.ug/business/stanbic-bank-adjusts-loan-repayment-plans/,2020-11-21
https://observer.ug/news/bobi-wine-protests-victims-seek-gov-t-compensation/,2020-11-22
https://observer.ug/news/corruption-fifa-bans-caf-president-ahmad-for-5-years-2/,2020-11-23
https://observer.ug/news/we-want-schools-reopened-not-radios-parents-tell-gov-t/,2020-11-24
https://observer.ug/education/kitgum-primary-teacher-arrested-over-theft-of-18-school-text-books/,2020-11-28
https://observer.ug/news/bullets-teargas-rock-kalerwe-market-as-vendors-protest-shooting-dead-of-colleague/,2020-11-28
https://observer.ug/news/land-wrangle-mukono-residents-celebrate-death-of-landlord/,2020-11-30
https://observer.ug/news/17-students-admitted-in-hospital-as-police-battles-bobi-wine-supporters/,2020-12-01
https://observer.ug/sports/iaaf-awards-another-moment-of-history-looms-for-cheptegei/,2020-12-03
https://observer.ug/sports/using-powerbrokers-will-speed-up-villa-s-trusteeship-roadmap/,2020-12-04
https://observer.ug/lifestyle-entertainment/it-can-t-always-be-your-way-or-the-highway/,2020-12-04
https://observer.ug/news/sweden-closes-schools-to-stem-covid-19-infections/,2020-12-04
https://observer.ug/business/mtn-introduces-smartphone-installment-payment-plan/,2020-12-05
https://observer.ug/lifestyle-entertainment/uganda-to-host-2021-mtv-awards/,2020-12-07
https://observer.ug/lifestyle-entertainment/with-social-spaces-still-closed-ugandan-youth-take-the-party-to-the-road/,2020-12-07
https://observer.ug/business/africa-digital-impact-awards-return-at-mestil-hotel/,2020-12-08
https://observer.ug/viewpoint/why-we-are-having-a-fundamental-shift/,2020-12-08
https://observer.ug/viewpoint/govt-hospitals-have-become-death-traps/,2020-12-08
https://observer.ug/news/two-tourists-driver-perish-in-mpigi-road-accident/,2020-12-12
https://observer.ug/news/no-need-for-plan-b-to-oust-museveni-out-of-power-muntu/,2020-12-14
https://observer.ug/news/entebbe-hospital-welcomes-installation-of-oxygen-plant-as-covid-cases-surge/,2020-12-14
https://observer.ug/news/swaziland-pm-dies-after-being-diagnosed-with-covid-19/,2020-12-14
https://observer.ug/business/uganda-s-first-road-construction-training-college-set-up-in-luweero/,2020-12-15
https://observer.ug/news/nigerians-march-against-govt-over-kidnapping-of-300-schoolboys/,2020-12-15
https://observer.ug/education/gov-t-readjusts-third-term-school-reopening-to-jan-18/,2020-12-16
https://observer.ug/sports/kiplimo-revels-in-real-stars-award/,2020-12-16
https://observer.ug/business/uganda-gets-milk-markets-in-zambia-and-algeria/,2020-12-16
https://observer.ug/business/new-law-in-offing-to-empower-agricultural-scientists-and-breeders/,2020-12-16
https://observer.ug/lifestyle-entertainment/buzz-teenz-awards-crystal-panda-undisputed-teen-favourite/,2020-12-17
https://observer.ug/news/ura-ripplenami-kickoff-the-rental-tax-compliance-system-rtcs-project/,2020-12-17
https://observer.ug/education/govt-no-passing-out-of-student-teachers-without-school-practice/,2020-12-17
https://observer.ug/news/museveni-justifies-uganda-s-construction-of-drc-roads/,2020-12-18
https://observer.ug/business/mtn-amplifies-youth-voices-through-buzz-teenz-awards/,2020-12-20
https://observer.ug/news/6-covid-19-patients-escape-from-mulago-hospital/,2020-12-22
https://observer.ug/sports/kcca-take-on-as-kigali-in-caf-confederation-cup/,2020-12-22
https://observer.ug/news/museveni-pleads-with-corrupt-officials-to-stay-away-from-uganda-airlines/,2020-12-23
https://observer.ug/news/teen-mom-stuck-at-gulu-hospital-with-sick-baby-seeks-shs-2-million/,2020-12-23
https://observer.ug/business/consumer-investment-to-turn-around-uganda-s-electricity-distribution/,2020-12-25
https://observer.ug/news/fraud-court-blocks-shs-32bn-govt-payout-to-businessman-kasasa/,2020-12-26
https://observer.ug/news/mp-nsereko-dragged-to-court-over-shs-3bn-fake-land-deal/,2020-12-27
https://observer.ug/news/caught-off-guard-defectors-fail-to-prove-opposition-membership/,2020-12-28
https://observer.ug/news/amuriat-collapses-after-being-pepper-sprayed-rushed-to-hospital/,2020-12-28
https://observer.ug/news/16-days-of-activism-empower-west-nile-on-gender-based-violence/,2020-12-28
https://observer.ug/business/buvuma-oil-palm-project-takes-shape/,2020-12-28
https://observer.ug/business/agro-fresh-to-help-farmers-find-market/,2020-12-28
https://observer.ug/viewpoint/your-mail-scrutinise-candidates-land-oil-plans/,2020-12-29
https://observer.ug/news/covid-delays-expansion-of-electromaxx-project/,2020-12-30
https://observer.ug/business/farmers-urged-to-join-dev-t-projects/,2020-12-30
https://observer.ug/business/julian-omalla-wins-un-award-for-inclusive-business-model/,2020-12-30
https://observer.ug/business/uganda-oil-project-should-move-ahead-with-careful-planning/,2020-12-30
https://observer.ug/business/fraud-banks-telecoms-run-to-nira-for-customer-digital-identities/,2020-12-30
https://observer.ug/news/perils-of-being-a-journalist-on-violent-campaign-trail/,2021-01-01
https://observer.ug/news/abducted-boxer-sojaman-admitted-in-hospital-narrates-torture-ordeal/,2021-01-04
https://observer.ug/news/150-nrm-supporters-defect-to-fdc-over-poor-service-delivery/,2021-01-05
https://observer.ug/sports/kcca-rues-stadium-delays-hosts-caf-tie-at-kitende/,2021-01-06
https://observer.ug/sports/coach-kisala-kcca-s-aheebwa-scoop-pilsner-upl-awards/,2021-01-06
https://observer.ug/news/5-family-members-perish-in-iganga-tirinyi-road-accident/,2021-01-08
https://observer.ug/lifestyle-entertainment/when-bobi-wine-upstages-kyagulanyi-on-the-campaign-trail/,2021-01-10
https://observer.ug/news/how-museveni-stayed-in-power-for-35-years/,2021-01-13
https://observer.ug/news/bobi-wine-projects-80-poll-win/,2021-01-13
https://observer.ug/sports/chan-sadam-reflects-on-cranes-past-failures/,2021-01-19
https://observer.ug/news/40-years-in-power-museveni-joins-exclusive-club-of-presidents/,2021-01-21
https://observer.ug/sports/has-mike-mutebi-run-his-race-at-kcca-fc/,2021-01-21
https://observer.ug/business/umeme-completes-2020-investment-on-a-high/,2021-01-21
https://observer.ug/business/new-katosi-plant-to-boost-water-supply/,2021-01-21
https://observer.ug/lifestyle-entertainment/three-is-a-crowd-things-that-sex-networks-are-made-of/,2021-01-21
https://observer.ug/news/imprisoned-nup-candidate-overwhelmingly-wins-nansana-polls/,2021-01-22
https://observer.ug/sports/sports-voices-in-new-parliament/,2021-01-23
https://observer.ug/viewpoint/who-is-fighting-blood-and-tears-to-keep-museveni-in-power/,2021-01-26
https://observer.ug/business/namanve-expansion-to-add-200-000-jobs/,2021-01-28
https://observer.ug/news/covid-19-kills-2-ministers-prisons-boss-in-zimbabwe/,2021-01-28
https://observer.ug/news/parliament-to-spend-shs-5bn-on-new-cars-for-speakers-directors/,2021-01-28
https://observer.ug/lifestyle-entertainment/you-will-love-no-man-s-land/,2021-01-28
https://observer.ug/news/museveni-declines-to-assent-to-landlord-tenant-bill-2-years-later/,2021-01-29
https://observer.ug/news/mourners-overpower-police-to-storm-burial-of-bamasaba-cultural-leader/,2021-01-30
https://observer.ug/education/teachers-to-govt-don-t-rush-to-reopen-schools/,2021-01-30
https://observer.ug/news/cabinet-gives-all-clear-to-staggered-reopening-of-schools/,2021-02-02
https://observer.ug/news/32-perish-in-kasese-road-accident/,2021-02-02
https://observer.ug/business/prioritising-local-labour-empowers-communities/,2021-02-03
https://observer.ug/lifestyle-entertainment/sex-talk-hey-it-is-not-an-audition/,2021-02-03
https://observer.ug/news/cash-controversies-emerge-over-rehabilitated-namboole-covid-facility/,2021-02-05
https://observer.ug/news/ag-blames-covid-19-for-delayed-audit-report/,2021-02-07
https://observer.ug/education/schools-cleared-to-reopen-in-staggered-manner-on-march-1/,2021-02-07
https://observer.ug/education/schools-urged-to-focus-on-required-content-not-lost-calendar/,2021-02-07
https://observer.ug/viewpoint/closing-nursery-pre-primary-schools-more-harmful/,2021-02-10
https://observer.ug/news/ugandan-wins-international-award-in-hiv-research-advocacy/,2021-02-10
https://observer.ug/news/how-new-vision-power-struggle-triggered-kabushenga-sacking/,2021-02-10
https://observer.ug/business/govt-seeks-to-train-locals-along-oil-pipeline-route/,2021-02-10
https://observer.ug/news/ppda-raises-red-flags-over-parliament-s-shs-39bn-security-system-procurement/,2021-02-11
https://observer.ug/business/mtn-donates-190-solar-panels-to-56-ugandan-schools/,2021-02-11
https://observer.ug/news/ghana-parliament-suspended-over-covid-19-outbreak/,2021-02-11
https://observer.ug/news/eu-parliament-condemns-human-rights-abuses-in-uganda-demands-sanctions/,2021-02-11
https://observer.ug/news/mps-approve-shs-292bn-supplementary-for-covid-vaccines-land-evictions/,2021-02-12
https://observer.ug/news/3-killed-14-injured-in-mityana-highway-accident/,2021-02-13
https://observer.ug/news/newly-commissioned-shs-119bn-kyenjojo-road-develops-cracks-in-2-months/,2021-02-13
https://observer.ug/news/security-guard-shoots-student-at-bugisu-high-school/,2021-02-15
https://observer.ug/sports/mutebi-confident-as-kcca-visit-express/,2021-02-16
https://observer.ug/viewpoint/free-quality-education-is-not-achieved-with-promise/,2021-02-16
https://observer.ug/lifestyle-entertainment/island-bites-offers-caribbean-dining-experience/,2021-02-18
https://observer.ug/news/gold-prices-rise-from-shs-70-000-to-shs-200-000-due-to-water-shortage/,2021-02-18
https://observer.ug/education/govt-clears-school-practice-for-student-teachers/,2021-02-18
https://observer.ug/business/experts-to-probe-antimicrobial-resistance-in-animals/,2021-02-21
https://observer.ug/business/who-will-consume-electricity-that-uganda-is-generating/,2021-02-22
https://observer.ug/business/mtn-announces-100-winners-of-youth-empowerment-program/,2021-02-23
https://observer.ug/news/floating-island-blocks-mv-kalangala-docking-pier-in-kalangala/,2021-02-23
https://observer.ug/sports/namboole-closure-delays-athletes-qualification/,2021-02-23
https://observer.ug/business/oil-contracts-jobs-bonanza-as-uganda-nears-3-5bn-final-investment-decision/,2021-02-23
https://observer.ug/viewpoint/buganda-land-board-is-far-more-than-a-land-vending-agency/,2021-02-23
https://observer.ug/news/nms-to-hospitals-submit-medicines-request-on-time/,2021-02-23
https://observer.ug/education/covid-19-aftershocks-schools-open-with-over-100-000-pregnant-learners/,2021-02-24
https://observer.ug/business/uganda-baati-seeks-to-cut-down-construction-costs/,2021-02-24
https://observer.ug/business/unra-wants-operation-fika-salama-for-expressways/,2021-02-25
https://observer.ug/news/uncertainty-as-contracts-two-deputy-iggs-come-to-an-end/,2021-02-25
https://observer.ug/business/covid-19-nwsc-plots-revenue-collection-recovery/,2021-02-26
https://observer.ug/business/meet-ms-yolanda-cuba-mtn-s-new-southern-and-e-africa-vice-president/,2021-02-26
https://observer.ug/news/kidnappers-release-nigerian-27-schoolboys-317-girls-still-missing/,2021-02-27
https://observer.ug/news/convicted-lawyer-bob-kasango-dies-in-prison/,2021-03-01
https://observer.ug/sports/cheptegei-battles-lebron-james-lewandowski-rafael-nadal-for-laureus-award/,2021-03-01
https://observer.ug/sports/kcca-coaches-in-training-bust-up/,2021-03-01
https://observer.ug/news/gayaza-school-orders-students-to-trim-hair-before-uce-exams/,2021-03-01
https://observer.ug/education/46-inmates-sit-for-uce-exams-at-luzira-prison/,2021-03-02
https://observer.ug/news/zimbabwe-vp-kembo-mohadi-resigns-over-sex-scandal/,2021-03-02
https://observer.ug/sports/motocross-champions-van-pee-and-stav-orland-ride-for-breakaway-mau/,2021-03-02
https://observer.ug/viewpoint/nabakooba-blame-govt-for-bad-press-abroad/,2021-03-02
https://observer.ug/news/approved-ndeeba-church-land-compensation-inflated-by-billions/,2021-03-02
https://observer.ug/viewpoint/northern-uganda-will-get-reliable-power-supply-soon/,2021-03-02
https://observer.ug/news/covid-19-triggers-schools-sale-spree/,2021-03-02
https://observer.ug/business/consumers-hope-for-more-as-umeme-ramps-up-investments/,2021-03-04
https://observer.ug/business/new-seed-stores-to-improve-quality-of-production/,2021-03-04
https://observer.ug/business/uganda-airlines-secures-landing-slots-at-heathrow-dubai-airports/,2021-03-04
https://observer.ug/news/will-kcca-s-new-infrastructure-campaign-solve-mess-in-the-city/,2021-03-04
https://observer.ug/sports/losing-finalists-uganda-awarded-fair-play-award-at-u-20-afcon-tournament/,2021-03-07
https://observer.ug/business/plastic-waste-balls-project-maiden-beneficiary-of-mtn-empowerment-program/,2021-03-07
https://observer.ug/news/schools-sneak-in-non-semi-candidate-learners/,2021-03-08
https://observer.ug/news/bobi-wine-mechanic-narrates-torture-ordeal-in-army-barracks/,2021-03-08
https://observer.ug/business/mtn-group-s-yolanda-cuba-guides-women-on-career-growth/,2021-03-09
https://observer.ug/lifestyle-entertainment/sheba-kassami-abandoned-law-to-follow-fashion-passion/,2021-03-09
https://observer.ug/viewpoint/perhaps-uganda-cancer-institute-contracted-cancer/,2021-03-09
https://observer.ug/viewpoint/ordinary-folks-are-searching-for-people-power-only-to-find-nup/,2021-03-09
https://observer.ug/news/mps-question-makerere-university-over-handing-inflated-staff-payroll-to-wb/,2021-03-10
https://observer.ug/news/70-year-old-woman-arrested-over-land-dies-inside-jinja-police-cells/,2021-03-10
https://observer.ug/viewpoint/are-the-elderly-part-of-women-empowerment-programmes/,2021-03-10
https://observer.ug/news/another-3-people-perish-in-another-kampala-gulu-highway-accident/,2021-03-12
https://observer.ug/news/naiga-to-kitalya-prison-who-s-been-eating-my-husband-s-food/,2021-03-12
https://observer.ug/news/ag-pins-unra-on-valueless-expenditure-project-delays/,2021-03-13
https://observer.ug/news/parliament-clears-71-year-old-frail-mutebile-ochola-for-new-terms/,2021-03-15
https://observer.ug/news/shs-89bn-gulu-nimule-road-develops-89-potholes/,2021-03-16
https://observer.ug/viewpoint/what-can-we-learn-from-mismanagement-of-covid-19-funds/,2021-03-17
https://observer.ug/news/gunmen-kill-at-least-58-in-attack-on-niger-market/,2021-03-17
https://observer.ug/viewpoint/federation-shouldn-t-be-reduced-to-historical-events-or-power-contestation/,2021-03-17
https://observer.ug/news/covid-19-security-abandons-bomb-terrorist-checks/,2021-03-17
https://observer.ug/business/electricity-illegal-connections-are-dangerous/,2021-03-18
https://observer.ug/news/museveni-sues-daily-monitor-newspaper-demands-damages/,2021-03-18
https://observer.ug/news/soroti-hospital-nurse-writes-guidebook-on-pregnancy-care/,2021-03-19
https://observer.ug/business/will-naro-s-new-fish-smoking-kiln-solve-quality-issues/,2021-03-19
https://observer.ug/business/supermarket-chain-carrefour-spreads-wings-to-naalya/,2021-03-19
https://observer.ug/sports/wavamunno-kcca-is-a-perfect-match/,2021-03-19
https://observer.ug/sports/observer-locker-will-vipers-vs-kcca-live-up-to-the-billing/,2021-03-19
https://observer.ug/news/prophet-lucy-cons-millions-out-of-kalangala-islanders/,2021-03-21
https://observer.ug/news/atwine-admits-to-diverting-health-funds-flouting-procurement-rules/,2021-03-21
https://observer.ug/viewpoint/debate-on-11th-parliament-leadership-not-timely/,2021-03-24
https://observer.ug/viewpoint/total-not-upfront-about-tilenga-oil-pipeline-projects/,2021-03-24
https://observer.ug/education/how-modern-toilets-keep-kyoga-learners-in-school/,2021-03-24
https://observer.ug/sports/most-sports-admins-are-schooled-but-not-educated/,2021-03-24
https://observer.ug/news/defeated-nrm-mp-donates-health-centre-building-as-farewell-gift/,2021-03-28
https://observer.ug/news/minister-cheptoris-blames-parliament-for-failing-ban-on-kaveera/,2021-03-29
https://observer.ug/news/solar-powered-clean-hot-water-installed-at-all-92-swaziland-clinics/,2021-03-29
https://observer.ug/news/obama-family-matriarch-99-dies-in-kenyan-hospital/,2021-03-30
https://observer.ug/viewpoint/capital-markets-an-engine-for-economic-growth/,2021-03-30
https://observer.ug/viewpoint/preventing-violence-against-children-should-be-priority-for-all-schools/,2021-03-30
https://observer.ug/news/high-court-okays-kidandala-to-serve-ssegirinya-in-prison/,2021-03-30
https://observer.ug/news/uganda-ex-minister-bagiire-mentioned-in-sgs-corruption-case-in-switzerland/,2021-03-31
https://observer.ug/business/suspected-power-thieves-cough-up-shs-94-million-in-one-week/,2021-04-01
https://observer.ug/business/women-empowerment-should-remain-in-ministry-of-gender/,2021-04-01
https://observer.ug/viewpoint/mayanja-misleading-public-about-buganda-s-demand-for-rent-arrears/,2021-04-02
https://observer.ug/business/vp-ssekandi-commissions-xsabo-solar-power-plant-in-mubende/,2021-04-03
https://observer.ug/sports/new-manager-byekwaso-ready-to-create-own-kcca-legacy/,2021-04-05
https://observer.ug/news/rukungiri-police-investigate-mysterious-death-of-s-4-student/,2021-04-05
https://observer.ug/news/more-than-1-800-prisoners-escape-after-nigeria-prison-attack/,2021-04-05
https://observer.ug/news/nwsc-calls-for-vigilance-after-shs-85m-heist-at-kyambogo-residence/,2021-04-06
https://observer.ug/news/housing-tops-the-plight-of-refugees-this-rainy-season/,2021-04-06
https://observer.ug/news/biden-shines-harsh-spotlight-on-uganda/,2021-04-06
https://observer.ug/business/mini-grids-the-frontier-to-have-power-for-all/,2021-04-07
https://observer.ug/lifestyle-entertainment/ghost-of-tsushima-could-quench-samurai-movies-thirst/,2021-04-07
https://observer.ug/sports/cranes-elimination-a-damning-indictment/,2021-04-07
https://observer.ug/sports/mike-mutebi-the-prodigal-son-kcca-cannot-get-rid-of/,2021-04-07
https://observer.ug/news/car-owners-to-pay-annual-shs-200-000-for-road-licence/,2021-04-07
https://observer.ug/news/two-killed-in-nakasangola-road-accident/,2021-04-08
https://observer.ug/news/mps-pay-tribute-to-soroti-hospital-medics-who-separated-living-twin-from-her-dead-sister/,2021-04-08
https://observer.ug/business/bmk-how-p7-dropout-built-a-successful-business-chain/,2021-04-08
https://observer.ug/education/exam-cheats-risk-10-years-in-prison-shs-40m-fine/,2021-04-10
https://observer.ug/news/uganda-tanzania-sign-agreement-to-start-construction-of-oil-pipeline/,2021-04-11
https://observer.ug/news/4-killed-35-injured-in-zombo-road-accident/,2021-04-12
https://observer.ug/news/laid-off-constables-confiscate-police-uniforms-over-salary-arrears/,2021-04-12
https://observer.ug/news/mabirizi-demands-uganda-makes-public-oil-pipeline-agreements/,2021-04-13
https://observer.ug/lifestyle-entertainment/nana-kagga-samuel-kizito-win-in-film-awards/,2021-04-13
https://observer.ug/news/contractors-on-spot-as-road-fund-prepares-to-release-users-survey/,2021-04-13
https://observer.ug/news/villagers-not-compensated-for-east-africa-oil-pipeline-activists/,2021-04-13
https://observer.ug/news/mother-stages-lone-protest-over-killed-son-demands-shs-2bn-compensation/,2021-04-14
https://observer.ug/news/deputy-igp-probes-police-officers-leaking-internal-communication/,2021-04-14
https://observer.ug/news/mother-sues-nsambya-hospital-over-negligence-seeks-shs-400m/,2021-04-15
https://observer.ug/news/20-niger-pre-school-children-die-in-school-fire/,2021-04-15
https://observer.ug/business/how-the-new-cities-can-open-uganda-s-aviation-landscape/,2021-04-15
https://observer.ug/news/sydney-man-finds-venomous-snake-in-lettuce-bought-at-supermarket/,2021-04-18
https://observer.ug/news/chad-s-president-poised-to-extend-his-30-years-in-power/,2021-04-19
https://observer.ug/business/masaka-households-acquire-loans-to-improve-sanitation/,2021-04-20
https://observer.ug/viewpoint/the-journey-to-the-final-investment-decision-unra-s-account-on-critical-oil-roads/,2021-04-20
https://observer.ug/news/former-sironko-parliamentary-candidate-commits-suicide/,2021-04-20
https://observer.ug/news/kabale-school-detains-two-p-7-candidates-over-unpaid-fees/,2021-04-21
https://observer.ug/news/minister-uganda-to-play-world-cup-home-games-from-abroad/,2021-04-21
https://observer.ug/business/electricity-uganda-s-hydropower-remains-key-to-charging-low-prices/,2021-04-21
https://observer.ug/news/free-children-s-surgical-hospital-begins-operations-in-entebbe/,2021-04-22
https://observer.ug/news/govt-abandons-shs-200-000-vehicle-tax-slaps-shs-100-on-fuel/,2021-04-23
https://observer.ug/business/naming-and-shaming-pushes-community-to-construct-latrines/,2021-04-23
https://observer.ug/news/karuma-bridge-accident-victims-identified/,2021-04-25
https://observer.ug/news/oil-pipeline-compensation-claims-outnumber-affected-persons/,2021-04-26
https://observer.ug/news/police-gives-up-rescue-efforts-for-karuma-bridge-accident-victims/,2021-04-26
https://observer.ug/news/kcca-earmarks-shs-9bn-to-fix-potholes-in-kampala/,2021-04-28
https://observer.ug/news/masaka-internal-auditor-arrested-over-shs-1m-bribe/,2021-04-29
https://observer.ug/news/budo-school-fire-started-deliberately-police/,2021-04-30
https://observer.ug/news/lubowa-hospital-developer-blames-rain-covid-19-for-construction-delays/,2021-05-02
https://observer.ug/news/entebbe-hospital-runs-out-covid-19-vaccines/,2021-05-03
https://observer.ug/news/malawi-citizen-funded-covid-initiative-gets-commonwealth-award-for-transparency/,2021-05-04
https://observer.ug/news/conjoined-twins-soroti-hospital-medics-recognized-by-govt/,2021-05-04
https://observer.ug/news/parliament-quietly-passes-law-against-homosexuality/,2021-05-04
https://observer.ug/sports/ura-vipers-express-and-kcca-neck-to-neck-in-upl-fight/,2021-05-04
https://observer.ug/sports/upl-vipers-out-to-break-kcca-s-title-ambitions/,2021-05-04
https://observer.ug/business/buvuma-islands-are-the-next-frontier-for-long-term-investors/,2021-05-04
https://observer.ug/education/s-sudan-students-back-in-school-after-14-month-lockdown/,2021-05-04
https://observer.ug/news/kenya-tanzania-presidents-sign-pipeline-deal/,2021-05-04
https://observer.ug/viewpoint/investment-clubs-need-to-look-beyond-land-when-investing/,2021-05-04
https://observer.ug/viewpoint/uganda-s-debt-burden-is-abuse-of-power/,2021-05-04
https://observer.ug/business/mbale-reversing-energy-losses/,2021-05-05
https://observer.ug/news/masaka-road-accident-death-toll-rises-to-14/,2021-05-06
https://observer.ug/news/why-biden-won-t-engage-with-pakistan/,2021-05-07
https://observer.ug/business/a-factory-in-every-town-will-complement-new-markets/,2021-05-07
https://observer.ug/news/umeme-shares-plummet-after-museveni-remarks/,2021-05-09
https://observer.ug/news/parliament-spends-shs-1bn-on-hiring-tents-for-11-months/,2021-05-09
https://observer.ug/education/covid-19-schools-now-paying-teachers-shs-2-000-per-lesson/,2021-05-10
https://observer.ug/business/govt-set-to-fully-repossess-capitalize-national-housing/,2021-05-11
https://observer.ug/news/10th-parliament-closes-with-approval-of-5-loans-worth-shs-5-trillion/,2021-05-11
https://observer.ug/viewpoint/businesses-must-strive-to-comply-despite-ever-changing-regulatory-landscape/,2021-05-11
https://observer.ug/viewpoint/ssemujju-nganda-is-fitting-speaker-but-kadaga-works-well-in-that-mess/,2021-05-11
https://observer.ug/sports/bright-stars-ssemakatte-wins-award/,2021-05-12
https://observer.ug/lifestyle-entertainment/new-katosi-road-is-lacking-in-food/,2021-05-13
https://observer.ug/education/kasese-school-closed-over-student-protest/,2021-05-14
https://observer.ug/news/malawi-opposition-mps-take-bribes-to-reject-anti-corruption-iron-lady/,2021-05-14
https://observer.ug/news/israel-bombs-down-media-building-housing-al-jazeera-ap/,2021-05-15
https://observer.ug/news/11th-parliament-mps-elect-take-oath/,2021-05-17
https://observer.ug/news/gulu-district-sells-off-30-plots-of-land-to-compensate-dismissed-staff/,2021-05-17
https://observer.ug/news/nurses-condemn-cdc-calls-to-abandon-face-masks-for-vaccinated/,2021-05-18
https://observer.ug/news/entebbe-airport-jet-fuel-tanks-catch-fire/,2021-05-18
https://observer.ug/viewpoint/who-will-bring-sanity-on-our-roads/,2021-05-18
https://observer.ug/business/will-alternative-dispute-resolution-regarding-taxes-prove-cheaper/,2021-05-19
https://observer.ug/sports/uganda-cup-express-three-historic-meetings-with-kcca/,2021-05-19
https://observer.ug/news/33-media-houses-sue-gov-t-kcca-over-double-taxation/,2021-05-20
https://observer.ug/news/oulanyah-hands-over-office-kadaga-retains-privileges-after-dissolving-parliament/,2021-05-20
https://observer.ug/news/rwenzori-in-court-after-paying-shs-96m-rent-to-wrong-landlord/,2021-05-21
https://observer.ug/news/corrupt-uganda-airlines-officials-must-face-consequences-museveni/,2021-05-21
https://observer.ug/business/era-plans-power-tariff-benefits-for-smes/,2021-05-24
https://observer.ug/news/bishop-zziwa-decries-continued-detention-of-political-prisoners/,2021-05-25
https://observer.ug/viewpoint/tribute-to-my-secondary-school-hm-sr-mary-louis-wahler/,2021-05-25
https://observer.ug/news/chris-obore-back-at-parliament-after-kadaga-s-defeat/,2021-05-25
https://observer.ug/news/santa-okot-embodies-ppp-s-long-walk-to-parliament/,2021-05-25
https://observer.ug/news/bidandi-to-museveni-leave-peacefully/,2021-05-25
https://observer.ug/lifestyle-entertainment/eleventh-parliament-new-mps-new-tastes/,2021-05-25
https://observer.ug/education/parliament-graduation-and-the-statistics-of-entrepreneurship/,2021-05-25
https://observer.ug/sports/kcca-express-fc-battle-in-uganda-cup-quarters/,2021-05-26
https://observer.ug/education/how-your-children-are-struggling-at-covid-school/,2021-05-26
https://observer.ug/news/kira-road-police-boss-turyasingura-succumbs-to-covid-19/,2021-05-27
https://observer.ug/news/fmr-s-africa-president-zuma-pleads-not-guilty-to-corruption-charges/,2021-05-27
https://observer.ug/news/covid-19-entebbe-hospital-runs-out-of-beds/,2021-05-27
https://observer.ug/news/museveni-signs-agreement-to-start-road-construction-in-drc/,2021-05-28
https://observer.ug/lifestyle-entertainment/bujagali-dam-communities-count-losses-from-tourism-fishing/,2021-05-28
https://observer.ug/news/six-pupils-of-real-infant-school-pin-headteacher-on-sodomy/,2021-05-28
https://observer.ug/news/nup-lead-lawyer-hospitalized-with-stomach-complications/,2021-05-30
https://observer.ug/news/20-ghost-emyooga-groups-unearthed-in-fort-portal/,2021-05-31
https://observer.ug/news/fdc-ready-to-work-with-nup-in-parliament/,2021-06-01
https://observer.ug/news/gunmen-trailed-katumba-for-4km-gen-lokech/,2021-06-01
https://observer.ug/viewpoint/would-you-recommend-your-former-school-to-anyone/,2021-06-01
https://observer.ug/news/speaker-among-s-rise-and-depth-of-her-power/,2021-06-02
https://observer.ug/sports/power-basketball-club-in-relegation-dogfight/,2021-06-02
https://observer.ug/news/africa-s-political-dynasties-how-presidents-groom-their-sons-to-take-power/,2021-06-02
https://observer.ug/business/companies-should-make-internal-auditing-departments-independent/,2021-06-02
https://observer.ug/business/pakistani-inflation-clocks-in-at-10-9-in-may-2021/,2021-06-02
https://observer.ug/viewpoint/oulanyah-will-carry-forward-role-of-leading-yes-men-in-parliament/,2021-06-03
https://observer.ug/news/don-t-take-children-back-to-school-yet-presidential-advisor/,2021-06-03
https://observer.ug/news/i-hate-corruption-defiance-museveni/,2021-06-03
https://observer.ug/business/govt-instructs-the-three-electricity-companies-to-merge/,2021-06-04
https://observer.ug/news/covid-19-museveni-closes-schools-ban-inter-district-travel/,2021-06-06
https://observer.ug/education/malawi-moves-to-allow-hijabs-in-all-schools/,2021-06-07
https://observer.ug/news/nrm-mps-endorse-expansion-of-cabinet-to-80-people/,2021-06-07
https://observer.ug/news/hoima-hospital-probed-over-charging-shs-700-000-for-covid-19-bodies/,2021-06-08
https://observer.ug/viewpoint/ldc-must-resist-pressure-from-powerful-politicians/,2021-06-08
https://observer.ug/viewpoint/museveni-is-enjoying-corruption-reason-he-won-t-leave/,2021-06-08
https://observer.ug/business/what-bou-s-new-payment-rules-mean-for-telecoms/,2021-06-09
https://observer.ug/business/rubis-energy-launches-in-uganda/,2021-06-09
https://observer.ug/news/covid-19-arua-hospital-runs-out-of-oxygen/,2021-06-09
https://observer.ug/education/gov-t-adjusts-school-calendar-academic-year-extended-to-sept/,2021-06-09
https://observer.ug/news/64-children-die-in-68-days-at-mbale-hospital/,2021-06-10
https://observer.ug/news/s-africa-expels-12-lesotho-diplomats-over-alcohol-scandal/,2021-06-11
https://observer.ug/sports/fmu-join-forces-on-road-safety-campaign/,2021-06-12
https://observer.ug/news/s-africa-expels-more-african-diplomats-over-alcohol-scandal/,2021-06-12
https://observer.ug/news/taiwan-in-panic-as-first-covid-19-wave-hits-island-nation/,2021-06-13
https://observer.ug/news/600-doses-of-stolen-covid-19-vaccines-recovered-at-2-private-clinics/,2021-06-14
https://observer.ug/news/21-000-doses-of-covid-19-vaccine-given-to-kcca-unaccounted-for/,2021-06-14
https://observer.ug/education/study-paints-grim-picture-of-private-schools-as-country-locks-up-again/,2021-06-15
https://observer.ug/viewpoint/museveni-s-complacent-attitude-to-corruption/,2021-06-16
https://observer.ug/business/construction-of-she-1-2bn-warehouse-in-busia-nears-completion/,2021-06-16
https://observer.ug/business/total-formally-signs-2bn-deal-for-tilenga-projects/,2021-06-16
https://observer.ug/news/covid-19-mbale-hospital-oxygen-plant-breaks-down/,2021-06-16
https://observer.ug/news/kcca-starts-investigation-into-missing-covid-19-vaccines/,2021-06-16
https://observer.ug/news/museveni-tshisekedi-commission-construction-of-drc-roads/,2021-06-16
https://observer.ug/news/parliament-clarifies-on-100-positive-covid-19-cases/,2021-06-20
https://observer.ug/lifestyle-entertainment/sarah-babirye-to-use-netball-to-empower-girl-child-in-society/,2021-06-20
https://observer.ug/sports/express-duo-scoops-upl-monthly-award/,2021-06-20
https://observer.ug/news/mukono-gang-leader-arrested-for-staging-illegal-roadblocks/,2021-06-21
https://observer.ug/news/mps-reject-kaboyo-ministerial-appointment-over-corruption-conviction/,2021-06-21
https://observer.ug/education/uganda-radio-lessons-short-on-quality-experts/,2021-06-21
https://observer.ug/news/museveni-tasks-new-cabinet-on-corruption-service-delivery/,2021-06-22
https://observer.ug/news/mukono-church-of-uganda-hospital-selling-free-gov-t-covid-19-test-kits/,2021-06-22
https://observer.ug/news/parliament-to-close-for-two-weeks-over-covid-cases-upsurge/,2021-06-22
https://observer.ug/viewpoint/corruption-is-government-s-pet-gone-wild/,2021-06-22
https://observer.ug/news/kcca-dispatches-18-ambulances-for-emergency-health-response/,2021-06-22
https://observer.ug/business/donating-jobs-abroad-is-gone/,2021-06-23
https://observer.ug/news/education-officials-charged-over-soliciting-shs-228-bribe-from-contractor/,2021-06-23
https://observer.ug/news/museveni-appoints-mbadi-new-cdf-first-son-commander-of-land-forces/,2021-06-24
https://observer.ug/business/equity-bank-donates-mosquito-nets-worth-shs-40m-to-market-vendors/,2021-06-25
https://observer.ug/news/lockdown-arua-vendors-equate-sleeping-in-market-to-being-in-prison/,2021-06-25
https://observer.ug/education/how-improved-latrines-are-helping-keep-girls-in-schools/,2021-06-28
https://observer.ug/news/funeral-services-boss-succumbs-to-covid-19-at-entebbe-airport/,2021-06-30
https://observer.ug/news/parliament-institutes-covid-19-task-force-to-monitor-govt-response/,2021-06-30
https://observer.ug/business/prof-sejjaaka-deconstructs-the-myth-of-power-tariffs/,2021-07-01
https://observer.ug/news/army-court-has-no-powers-to-try-civilians-constitutional-court/,2021-07-01
https://observer.ug/news/nup-to-amend-constitution-which-gives-kyagulanyi-absolute-powers/,2021-07-02
https://observer.ug/viewpoint/high-time-musevenists-went-to-fully-equipped-gov-t-hospitals/,2021-07-03
https://observer.ug/news/two-chinese-contractors-arrested-in-kanungu-over-aiding-fuel-theft/,2021-07-03
https://observer.ug/news/indonesia-hospital-loses-63-covid-patients-in-oxygen-shortage/,2021-07-05
https://observer.ug/news/works-warns-motorists-against-defying-travel-ban/,2021-07-05
https://observer.ug/news/ugandans-face-two-month-imprisonment-for-violating-covid-sops/,2021-07-06
https://observer.ug/news/ethiopia-govt-denies-blowing-away-bridge-to-suffocate-tigray-region/,2021-07-06
https://observer.ug/viewpoint/your-mail-turn-schools-into-health-centres/,2021-07-06
https://observer.ug/viewpoint/there-s-more-that-can-make-eacop-a-better-infrastructure/,2021-07-07
https://observer.ug/news/it-s-criminal-for-hospitals-to-detain-patients-over-unpaid-medical-bills/,2021-07-07
https://observer.ug/news/former-s-africa-president-zuma-hands-self-in-to-begin-15-month-prison-term/,2021-07-08
https://observer.ug/news/outgoing-ireland-ambassador-to-miss-uganda-s-climate-friendly-people/,2021-07-08
https://observer.ug/news/museveni-directs-army-to-take-over-govt-construction-projects/,2021-07-08
https://observer.ug/news/police-opens-fresh-inquiries-into-death-of-student-at-butabika-hospital/,2021-07-08
https://observer.ug/business/electricity-the-story-behind-power-tariffs/,2021-07-09
https://observer.ug/education/school-owners-in-bukomansimbi-cry-out-for-govt-relief-cash/,2021-07-12
https://observer.ug/viewpoint/updf-in-construction-facts-logic-and-solutions/,2021-07-12
https://observer.ug/business/yassako-helping-ugandans-access-electricity-on-credit/,2021-07-12
https://observer.ug/business/xente-facilitating-digital-payments-manage-business-expenses/,2021-07-13
https://observer.ug/news/foot-dragging-contractors-in-trouble-over-city-roads/,2021-07-14
https://observer.ug/news/nakawa-market-vendor-found-dead-inside-her-shop/,2021-07-14
https://observer.ug/viewpoint/updf-take-over-of-govt-development-projects-illegal-misguided/,2021-07-15
https://observer.ug/business/instant-settlements-put-beyonic-mfs-africa-fintech-a-notch-higher-in-market/,2021-07-15
https://observer.ug/news/owc-denies-covid-relief-food-procurement-irregularities/,2021-07-15
https://observer.ug/news/kings-school-teacher-remanded-over-beating-to-death-13-year-old-pupil/,2021-07-15
https://observer.ug/news/kampala-wakiso-schools-registered-p-6-girls-for-ple-uneb/,2021-07-16
https://observer.ug/news/gunmen-shoot-dead-nigerian-army-general-on-highway/,2021-07-17
https://observer.ug/news/jinja-hospital-runs-out-of-gloves-jik/,2021-07-17
https://observer.ug/news/mps-question-hiring-of-private-labs-to-test-travellers-at-entebbe-airport/,2021-07-19
https://observer.ug/news/fake-covid-19-test-kits-flood-ugandan-market/,2021-07-19
https://observer.ug/news/why-kcca-sweepers-dump-waste-soil-in-drainage-channels/,2021-07-19
https://observer.ug/news/nakaseke-hospital-principal-medical-officer-succumbs-to-covid-19/,2021-07-19
https://observer.ug/news/lecturers-lose-court-bid-to-block-new-appointments-at-iuiu/,2021-07-19
https://observer.ug/news/kabaka-urges-muslims-to-pray-for-protection-of-buganda-land/,2021-07-20
https://observer.ug/business/here-s-an-easy-way-to-regulate-private-hospital-s-medical-bills/,2021-07-20
https://observer.ug/business/flutterwave-eases-digital-payments-for-women-led-businesses/,2021-07-20
https://observer.ug/news/teen-forced-out-women-s-ward-spends-3-weeks-sleeping-on-mukono-hospital-verandah/,2021-07-20
https://observer.ug/education/janet-non-committal-on-schools-reopening/,2021-07-20
https://observer.ug/news/among-now-appoints-waiswa-interim-clerk-to-parliament/,2021-07-21
https://observer.ug/news/mukono-priest-survives-being-lynched-by-angry-mob-over-land/,2021-07-22
https://observer.ug/news/uganda-railways-sues-chinese-firm-over-theft-vandalism-of-railway-materials/,2021-07-22
https://observer.ug/news/nche-investigates-ldc-over-student-marks/,2021-07-24
https://observer.ug/news/company-awarded-10-year-digital-tracking-contract-facing-bankruptcy-in-russia/,2021-07-25
https://observer.ug/news/nakasero-market-vendors-lose-kcca-take-over-case/,2021-07-26
https://observer.ug/news/tunisia-s-president-suspends-parliament/,2021-07-26
https://observer.ug/news/works-succumbs-to-pressure-starts-construction-of-nabbanja-road/,2021-07-27
https://observer.ug/news/norway-summons-chinese-ambassador-over-it-attack-against-parliament/,2021-07-27
https://observer.ug/business/paytota-seeks-to-bridge-payments-on-boarding-market-gaps/,2021-07-28
https://observer.ug/news/american-pleads-guilty-to-attempting-to-sell-50-million-ghost-masks-to-australian-state-for-317m/,2021-07-29
https://observer.ug/news/parliament-procures-ipads-for-mps/,2021-07-30
https://observer.ug/business/buladde-helping-people-secure-their-land/,2021-07-30
https://observer.ug/business/merchandise-uganda-connecting-businesses-to-global-markets/,2021-07-31
https://observer.ug/business/ugandans-should-exploit-unfolding-opportunities-in-the-energy-sector/,2021-08-02
https://observer.ug/sports/sekitoleko-just-the-latest-in-a-long-list-of-scandals/,2021-08-02
https://observer.ug/business/kuzimba-offers-platform-to-buy-construction-materials-online/,2021-08-02
https://observer.ug/news/fdc-demands-reopening-of-schools-accountability-of-covid-funds/,2021-08-02
https://observer.ug/news/fraud-high-court-halts-suspension-of-kapchorwa-ngo/,2021-08-03
https://observer.ug/business/kanzu-code-facilitating-bulk-payments-for-businesses/,2021-08-03
https://observer.ug/viewpoint/they-ve-no-children-in-ugandan-schools-therefore-our-pain-isn-t-their-pain/,2021-08-04
https://observer.ug/news/mailo-land-buganda-warns-minister-mayanja/,2021-08-04
https://observer.ug/news/mps-after-lockdown-hospitals-still-messy/,2021-08-04
https://observer.ug/news/museveni-kabaka-meet-amidst-rising-mailo-land-tension/,2021-08-04
https://observer.ug/news/museveni-probes-oulanyah-poisoning/,2021-08-04
https://observer.ug/lifestyle-entertainment/here-s-how-power-solutions-can-reduce-household-poverty/,2021-08-04
https://observer.ug/business/why-ugandans-prefer-expensive-charcoal-to-electricity/,2021-08-05
https://observer.ug/news/former-s-africa-president-zuma-hospitalized-ahead-of-graft-trial/,2021-08-07
https://observer.ug/news/lunch-allowance-1-039-ghost-health-workers-unearthed/,2021-08-09
https://observer.ug/news/mp-zaake-awarded-shs-75m-for-torture/,2021-08-09
https://observer.ug/news/court-halts-shs-4bn-compensation-to-dodoviko-over-ndeeba-church-land/,2021-08-09
https://observer.ug/viewpoint/is-it-land-reform-or-a-score-settling-ploy/,2021-08-10
https://observer.ug/viewpoint/minister-mayanja-can-t-succeed-with-his-lies-on-mailo-land/,2021-08-10
https://observer.ug/viewpoint/easing-public-transport-while-leaving-schools-closed-defeats-logic/,2021-08-10
https://observer.ug/news/kcca-halts-kamwokya-project-after-3-neighbouring-houses-collapse/,2021-08-10
https://observer.ug/news/kasole-on-how-he-earned-shs-1-5m-from-kampala-parents-school-sale/,2021-08-11
https://observer.ug/business/simbamanyo-cites-fraud-in-fresh-suit-to-reclaim-multibillion-properties/,2021-08-11
https://observer.ug/news/malawi-energy-minister-arrested-fired-from-cabinet-over-oil-contract/,2021-08-11
https://observer.ug/business/pegasus-facilitating-shift-from-cash-to-digital-payments/,2021-08-12
https://observer.ug/news/covid-19-only-vaccinated-mps-will-attend-parliament-obore/,2021-08-13
https://observer.ug/business/quality-chemicals-replaces-shs-1-6m-cash-lost-to-termites-by-amuru-couple/,2021-08-13
https://observer.ug/business/yo-uganda-enabling-farmers-integrate-digital-payments-in-their-operations/,2021-08-16
https://observer.ug/education/will-govt-heed-calls-by-private-owners-to-re-open-schools/,2021-08-16
https://observer.ug/news/haiti-earthquake-death-toll-nears-1500-hospitals-overwhelmed/,2021-08-16
https://observer.ug/viewpoint/if-schools-are-covid-19-super-spreaders-where-are-the-figures/,2021-08-18
https://observer.ug/business/customer-centricity-giving-mtn-mobile-money-edge-in-the-market/,2021-08-18
https://observer.ug/news/museveni-issues-fresh-orders-on-construction-of-john-kale-institute/,2021-08-19
https://observer.ug/news/6-women-jailed-for-one-year-for-stealing-unra-s-murram/,2021-08-22
https://observer.ug/sports/villa-polls-mbidde-drags-in-nrm-nup-politics/,2021-08-23
https://observer.ug/business/demand-investment-spur-power-poles-sector-on/,2021-08-24
https://observer.ug/business/can-tumwebaze-s-energy-reignite-uganda-s-backbone-of-agriculture/,2021-08-24
https://observer.ug/news/new-home-to-stabilize-road-fund-says-dr-naimanye/,2021-08-24
https://observer.ug/news/afghanistan-s-only-girls-boarding-school-relocated-to-rwanda/,2021-08-26
https://observer.ug/education/ex-nigeria-president-jonathan-in-uganda-installed-as-cavendish-university-chancellor/,2021-08-26
https://observer.ug/sports/villa-polls-from-kawooya-to-sseggona-or-mbidde/,2021-08-27
https://observer.ug/sports/power-has-absolutely-corrupted-magogo/,2021-08-27
https://observer.ug/news/mukono-court-fines-ec-shs-17m-for-delaying-hearing-of-election-petition/,2021-08-27
https://observer.ug/education/wakiso-school-for-the-deaf-uace-2020-marks-still-missing-after-teacher-error/,2021-08-29
https://observer.ug/business/eskom-invests-shs-888m-in-nalubaale-powerhouse/,2021-08-30
https://observer.ug/news/unra-directors-accused-of-collusion-to-stall-shs-400bn-muyembe-nakapiripirit-project/,2021-08-30
https://observer.ug/news/don-t-disclose-oil-pipeline-agreements-solicitor-general-tells-gov-t/,2021-08-31
https://observer.ug/viewpoint/online-learning-govt-must-invest-in-rural-schools-to-reduce-inequity/,2021-08-31
https://observer.ug/business/oil-palm-expansion-would-ensure-predictable-incomes-for-farmers/,2021-08-31
https://observer.ug/news/govt-considers-banning-boarding-section-in-primary-schools/,2021-09-01
https://observer.ug/news/iso-probes-nira-over-fraud/,2021-09-01
https://observer.ug/news/mitala-hailed-as-incorruptible-as-he-quits-public-service-after-48-years/,2021-09-02
https://observer.ug/business/finance-unveils-solutions-for-persistent-domestic-arrears/,2021-09-02
https://observer.ug/news/machete-attacks-elderly-persons-in-lwengo-abandon-homes/,2021-09-02
https://observer.ug/news/kidandala-asks-court-to-force-kitalya-prison-to-provide-visitors-book/,2021-09-02
https://observer.ug/business/here-s-why-local-supermarkets-flourish-while-foreign-ones-fail/,2021-09-03
https://observer.ug/lifestyle-entertainment/katosi-road-found-its-food-groove/,2021-09-03
https://observer.ug/news/ssegirinya-wins-round-one-as-court-dismisses-kidandala-s-prison-book-demands/,2021-09-03
https://observer.ug/news/mali-police-storm-prison-free-detained-commander/,2021-09-05
https://observer.ug/news/5-killed-several-injured-in-kisenyi-building-collapse/,2021-09-05
https://observer.ug/news/former-s-africa-president-zuma-released-from-prison-on-medical-parole/,2021-09-06
https://observer.ug/news/lands-minister-evicts-squatters/,2021-09-08
https://observer.ug/news/kcca-to-resume-collection-of-passenger-road-user-tax-next-month/,2021-09-12
https://observer.ug/lifestyle-entertainment/rotary-roses-to-empower-women/,2021-09-12
https://observer.ug/news/cattle-rustling-dents-farming-in-karamoja-as-dam-lies-idle/,2021-09-12
https://observer.ug/business/new-pipeline-law-may-plug-double-taxation-loopholes/,2021-09-12
https://observer.ug/news/shs-25bn-moroto-market-develops-cracks-before-handover-from-contractor/,2021-09-13
https://observer.ug/news/nakatunya-prison-in-soroti-closed-over-surge-in-covid-19-cases/,2021-09-14
https://observer.ug/news/uganda-s-historical-artifacts-to-be-repatriated-from-england/,2021-09-15
https://observer.ug/education/why-home-is-not-formal-school/,2021-09-16
https://observer.ug/education/young-refugees-battle-anguish-isolation-at-school/,2021-09-16
https://observer.ug/news/somali-president-suspends-prime-minister-s-powers/,2021-09-16
https://observer.ug/education/unicef-world-bank-shut-down-for-18-hours-to-protest-continued-school-closure/,2021-09-17
https://observer.ug/education/wabwire-empowering-youth-with-barrier-breaking-skills/,2021-09-18
https://observer.ug/news/parliament-passes-motion-to-rename-wampewo-avenue-after-bmk/,2021-09-18
https://observer.ug/news/angry-pm-nabbanja-cancels-shs-1-8bn-kyegegwa-road-contract/,2021-09-20
https://observer.ug/news/kiteezi-parish-priest-sekikiziyivu-suspended-over-sale-of-church-land/,2021-09-20
https://observer.ug/news/mps-clear-govt-to-borrow-shs-529bn-to-construct-116-schools/,2021-09-21
https://observer.ug/news/banks-are-stressing-us-female-market-vendors-cry-out/,2021-09-21
https://observer.ug/news/court-summons-kyagulanyi-over-fraudulent-admission-at-makerere-university/,2021-09-21
https://observer.ug/viewpoint/sam-mayanja-is-trying-to-defraud-the-people-of-buganda/,2021-09-21
https://observer.ug/news/patient-attendants-steal-in-hospitals-mp/,2021-09-21
https://observer.ug/news/museveni-orders-probe-into-equity-bank-sale-of-simbamanyo-house/,2021-09-22
https://observer.ug/news/museveni-opens-up-places-of-worship-weekly-markets/,2021-09-22
https://observer.ug/news/govt-urged-to-intervene-as-butabika-hospital-medics-go-on-strike/,2021-09-23
https://observer.ug/news/ssewanyana-rearrested-at-kigo-prison-after-being-released-on-bail/,2021-09-23
https://observer.ug/lifestyle-entertainment/levixone-dropped-out-of-school-for-another-pupil/,2021-09-24
https://observer.ug/news/kampala-school-guard-denied-covid-vaccination-stamp-over-failure-to-pay-shs-20-000/,2021-09-24
https://observer.ug/news/minister-nabakooba-summons-dott-services-over-delayed-works-in-mbale-city/,2021-09-25
https://observer.ug/news/kenya-probes-suspicious-death-of-89-kenyans-in-saudi-arabia/,2021-09-26
https://observer.ug/news/collapsed-makindye-building-that-killed-13-was-constructed-by-bricklaying-engineer/,2021-09-26
https://observer.ug/news/1-000-teens-impregnated-by-road-workers-in-soroti/,2021-09-28
https://observer.ug/business/disentangling-landlord-from-tenant-in-mailo-land-reforms/,2021-09-28
https://observer.ug/news/museveni-building-donation-sparks-war-in-late-karambuzi-family/,2021-09-29
https://observer.ug/news/government-school-shifts-office-to-pit-latrine/,2021-09-29
https://observer.ug/news/entebbe-airport-mandatory-covid-testing-to-cost-shs-78bn/,2021-09-29
https://observer.ug/news/opposition-threatens-to-boycott-parliament/,2021-09-29
https://observer.ug/news/gen-muhoozi-apologises-to-parliament-over-ssewanyana-ssegirinya/,2021-09-30
https://observer.ug/news/speaker-among-tells-opposition-to-end-protest-and-return-to-parliament/,2021-09-30
https://observer.ug/education/how-student-mercenaries-mint-money-through-ghost-research/,2021-09-30
https://observer.ug/news/parliament-moves-to-reverse-autonomy-of-kadaga-institute/,2021-10-01
https://observer.ug/news/uganda-receives-335-000-doses-of-covid-19-vaccines-from-ireland/,2021-10-01
https://observer.ug/education/janet-rejects-calls-to-reopen-international-schools-during-lockdown/,2021-10-02
https://observer.ug/news/pader-sub-county-chief-diverts-shs-6-7m-road-funds-offers-a-refund/,2021-10-05
https://observer.ug/news/traffic-diverted-as-police-struggles-to-remove-overturned-fuel-truck-at-nile-bridge/,2021-10-05
https://observer.ug/lifestyle-entertainment/road-trip-to-zambia-not-for-the-fainthearted-2/,2021-10-05
https://observer.ug/sports/magogo-s-clandestine-plot-to-take-over-villa/,2021-10-05
https://observer.ug/news/opposition-ends-boycott-of-parliamentary-sittings/,2021-10-05
https://observer.ug/viewpoint/where-are-you-teachers-school-owners-as-janet-gambles-with-our-children-s-futures/,2021-10-05
https://observer.ug/news/airport-expansion-civil-aviation-authority-ordered-to-recover-shs-2-1bn-overpayment/,2021-10-08
https://observer.ug/news/former-minister-kabafunzaki-found-guilty-of-corruption-fined-shs-10m/,2021-10-08
https://observer.ug/news/controversy-as-kcca-disburses-shs-99m-to-volunteer-city-cleaners/,2021-10-11
https://observer.ug/news/study-pfizer-s-covid-19-vaccine-90-effective-against-hospitalization-for-up-to-6-months/,2021-10-11
https://observer.ug/news/army-court-remands-3-to-kitalya-prison-over-murder-of-ntoroko-nrm-chairperson/,2021-10-12
https://observer.ug/news/govt-lauds-civil-society-shs-96bn-investment-in-water-sector/,2021-10-12
https://observer.ug/business/gold-could-make-uganda-a-powerhouse-in-technology/,2021-10-12
https://observer.ug/business/will-mtn-change-fortunes-of-uganda-s-stock-market/,2021-10-12
https://observer.ug/news/civil-aviation-dismisses-fraud-allegations-levelled-against-bamwesigye-by-former-top-official/,2021-10-12
https://observer.ug/lifestyle-entertainment/new-resident-evil-trailer-hasn-t-hooked-me/,2021-10-13
https://observer.ug/news/auditor-general-exposes-financial-indiscipline-at-uganda-s-embassy-in-denmark/,2021-10-13
https://observer.ug/news/3-killed-in-mbarara-road-accident/,2021-10-14
https://observer.ug/news/bukwo-district-officials-embezzle-shs-700m-through-ghost-projects/,2021-10-14
https://observer.ug/news/mbale-city-suspends-traffic-on-potholed-municipal-roads/,2021-10-15
https://observer.ug/news/digital-fraud-former-mtn-manager-loses-appeal-against-shs-5bn-fine/,2021-10-16
https://observer.ug/news/pm-nabbanja-vows-probe-corruption-in-buyende-ice-plant-construction/,2021-10-18
https://observer.ug/news/new-traffic-lights-umeme-worsen-acacia-avenue-traffic-gridlock/,2021-10-18
https://observer.ug/education/eswatini-shuts-schools-amid-new-wave-of-protests/,2021-10-18
https://observer.ug/viewpoint/fdc-struggling-to-market-already-flopped-red-card-campaign/,2021-10-19
https://observer.ug/viewpoint/the-begging-women-are-a-threat-to-women-empowerment/,2021-10-19
https://observer.ug/viewpoint/if-people-power-was-not-dead-maybe-our-girls-wouldn-t-be-impregnated-for-sport/,2021-10-19
https://observer.ug/news/controversy-blights-masindi-buliisa-oil-road/,2021-10-19
https://observer.ug/news/female-parliamentarians-decry-constituency-burden-on-their-purse/,2021-10-20
https://observer.ug/business/udb-projects-33-000-more-jobs-created-from-51-new-projects/,2021-10-21
https://observer.ug/news/canada-sees-benefits-from-delaying-second-covid-19-vaccine-dose/,2021-10-22
https://observer.ug/sports/can-kcca-captain-ochan-emulate-musenze-masiko/,2021-10-22
https://observer.ug/news/mulago-hospital-records-high-record-of-pregnant-women-with-rare-heart-disease/,2021-10-22
https://observer.ug/business/online-supermarket-wins-women-in-fintech-hackthon/,2021-10-22
https://observer.ug/news/czech-police-investigate-aide-for-concealing-president-s-illness/,2021-10-22
https://observer.ug/news/clerk-to-parliament-director-of-clerks-in-standoff-over-breach-of-protocol/,2021-10-24
https://observer.ug/business/uganda-secures-new-milk-market-in-zambia/,2021-10-25
https://observer.ug/sports/arua-hill-fc-onduparaka-game-abandoned-after-fans-storm-pitch/,2021-10-26
https://observer.ug/viewpoint/mr-president-it-s-high-time-you-walked-the-corruption-talk/,2021-10-26
https://observer.ug/news/bombing-police-probe-islamic-state-claims/,2021-10-26
https://observer.ug/news/how-boda-road-rage-killed-father-of-8-kids/,2021-10-26
https://observer.ug/lifestyle-entertainment/uncharted-has-a-tom-holland-movie-adaptation/,2021-10-27
https://observer.ug/lifestyle-entertainment/for-food-tourism-try-the-market-food-court/,2021-10-27
https://observer.ug/news/unra-road-workers-lay-down-tools-over-unpaid-salaries-working-conditions/,2021-10-28
https://observer.ug/viewpoint/why-should-you-choose-mediation-over-court-to-resolve-disputes/,2021-10-28
https://observer.ug/business/uk-firm-to-undertake-largest-solar-irrigation-project-in-uganda/,2021-10-30
https://observer.ug/news/police-probes-corruption-in-construction-of-jinja-district-headquarters/,2021-10-31
https://observer.ug/news/ethiopia-orders-local-media-to-stop-broadcasting-foreign-news/,2021-10-31
https://observer.ug/news/no-man-s-island-3-dpcs-disown-komamboga-after-terror-blast/,2021-10-31
https://observer.ug/education/schools-reopening-govt-to-prioritise-lower-primary-semi-candidates/,2021-11-01
https://observer.ug/news/drainage-govt-kcca-infringing-on-right-to-life-court-rules/,2021-11-02
https://observer.ug/news/backdoor-school-admissions-stop/,2021-11-03
https://observer.ug/news/nankabirwa-oil-pipeline-law-will-unlock-oil-gas-sector/,2021-11-03
https://observer.ug/news/museveni-sucked-into-unra-kuwait-firm-row/,2021-11-03
https://observer.ug/education/schools-at-risk-as-teachers-find-new-work-during-the-lockdown/,2021-11-03
https://observer.ug/news/death-toll-from-nigeria-building-collapse-rises-to-22/,2021-11-04
https://observer.ug/news/kcca-councillors-insist-on-old-taxi-park-reopening/,2021-11-04
https://observer.ug/news/bukwo-hospital-administrator-arrested-over-embezzling-mortuary-funds/,2021-11-04
https://observer.ug/news/11-deportees-stuck-at-entebbe-airport-after-failing-to-pay-for-covid-tests/,2021-11-04
https://observer.ug/news/urc-on-the-spot-over-buying-4-locomotives-incompatible-with-uganda-s-rail/,2021-11-04
https://observer.ug/news/councillors-pin-kcca-executive-director-deputy-ed-on-illegal-market-fees/,2021-11-05
https://observer.ug/viewpoint/can-rent-to-own-be-a-solution-to-the-housing-crisis-in-uganda/,2021-11-08
https://observer.ug/news/govt-ends-shs-11bn-contract-with-roko-to-construct-hotel-training-institute/,2021-11-08
https://observer.ug/business/entebbe-airport-registers-spike-in-passenger-traffic-in-october/,2021-11-08
https://observer.ug/education/school-fire-kills-at-least-25-children-in-niger/,2021-11-09
https://observer.ug/news/dozens-of-kenyan-schools-closed-due-to-student-arson/,2021-11-10
https://observer.ug/viewpoint/count-losses-but-lay-strategies-to-have-learners-return-to-schools/,2021-11-10
https://observer.ug/viewpoint/procurement-of-arua-airfield-trolleys-chairs-chain-link-fence-was-competitive/,2021-11-10
https://observer.ug/business/skilling-project-empowers-slum-women-in-designing/,2021-11-10
https://observer.ug/news/immigration-probes-giz-over-foreign-workers/,2021-11-10
https://observer.ug/news/road-crashes-kill-more-than-covid-19/,2021-11-10
https://observer.ug/news/minister-sued-over-land-deal/,2021-11-10
https://observer.ug/news/uganda-railways-junk-locomotives-cost-much-more-than-new-ones/,2021-11-10
https://observer.ug/education/clean-water-new-toilets-turnaround-luuka-school/,2021-11-11
https://observer.ug/news/uganda-offers-india-15-acres-of-land-to-construct-mahatma-gandhi-centre-in-entebbe/,2021-11-11
https://observer.ug/news/kenya-disbands-national-football-federation-over-corruption/,2021-11-12
https://observer.ug/news/uganda-railways-lost-57-acres-of-nsambya-land-on-museveni-s-orders/,2021-11-12
https://observer.ug/news/data-protection-telecoms-hospitals-lagging-behind/,2021-11-13
https://observer.ug/sports/kcca-unveil-new-shirt-sponsors/,2021-11-13
https://observer.ug/news/outrage-in-kabale-as-rwandans-grab-ugandan-land-plant-trees/,2021-11-15
https://observer.ug/news/state-house-blocks-former-minister-from-developing-disputed-lubowa-land/,2021-11-15
https://observer.ug/news/fdc-asks-nrm-to-ignore-museveni-on-mailo-land/,2021-11-15
https://observer.ug/news/kcca-road-sweepers-protest-after-hungry-colleague-collapses-dies/,2021-11-15
https://observer.ug/news/three-convicted-terrorists-escape-from-kenya-maximum-security-prison/,2021-11-16
https://observer.ug/news/water-ngos-boost-schools-preparation-for-reopening/,2021-11-17
https://observer.ug/news/mayanja-land-bill-is-back/,2021-11-17
https://observer.ug/news/offices-along-parliamentary-avenue-remains-closed/,2021-11-17
https://observer.ug/news/parliament-approves-shs-4-trillion-supplementary-budget/,2021-11-19
https://observer.ug/news/family-disputes-police-narrative-on-killed-sheikh-kirevu/,2021-11-19
https://observer.ug/news/loud-car-bang-causes-bomb-scare-at-parliament/,2021-11-19
https://observer.ug/news/ministries-ordered-to-hand-over-projects-to-army-in-one-week/,2021-11-21
https://observer.ug/education/makerere-launches-project-to-decolonize-archives/,2021-11-22
https://observer.ug/viewpoint/city-disorder-the-cause-of-road-rage-and-not-boda-bodas/,2021-11-23
https://observer.ug/business/kirungi-school-dropout-to-top-fintech-entrepreneur/,2021-11-24
https://observer.ug/news/land-commission-not-sure-how-they-gave-away-uganda-railways-land/,2021-11-25
https://observer.ug/business/uganda-offers-free-land-to-italian-investors/,2021-11-26
https://observer.ug/business/parliament-finally-passes-nssf-bill-allowing-midterm-access/,2021-11-26
https://observer.ug/news/5-perish-in-kyegegwa-road-accident/,2021-11-29
https://observer.ug/news/uganda-airlines-nsenene-vendor-arrested-upon-arrival-at-entebbe-airport/,2021-11-29
https://observer.ug/news/ppda-tips-local-governments-on-open-contracting/,2021-11-29
https://observer.ug/lifestyle-entertainment/the-true-meaning-of-star-power/,2021-11-29
https://observer.ug/news/govt-dismisses-reports-that-uganda-could-lose-entebbe-airport-to-china/,2021-11-29
https://observer.ug/news/mp-rukaari-fails-to-provide-evidence-for-purchase-of-railways-land/,2021-11-30
https://observer.ug/news/crashed-in-road-accident-will-hussein-walk-again/,2021-12-01
https://observer.ug/news/museveni-builds-shs-5bn-school-in-tanzania/,2021-12-01
https://observer.ug/news/corrupt-officials-face-igg-kamya-s-crackdown/,2021-12-01
https://observer.ug/lifestyle-entertainment/the-lwakatakas-met-as-teenagers-and-built-their-empire-together/,2021-12-01
https://observer.ug/news/uganda-unveils-equipment-for-constructing-roads-in-drc/,2021-12-02
https://observer.ug/education/refugee-schools-gear-up-for-safe-reopening-amid-huge-challenges/,2021-12-03
https://observer.ug/education/schools-reopening-will-digital-elbow-out-old-school-tricks/,2021-12-03
https://observer.ug/news/updf-pursuit-of-adf-rebels-hampered-by-bad-roads-in-drc/,2021-12-04
https://observer.ug/news/igg-probes-mp-rukaari-over-uganda-railways-land/,2021-12-04
https://observer.ug/news/botswana-awarded-for-zero-hiv-positive-newborns-in-2021/,2021-12-04
https://observer.ug/news/mp-rukaari-accused-of-swindling-shs-10b-in-another-dubious-land-deal/,2021-12-05
https://observer.ug/news/5-arrested-over-theft-of-arua-hospital-ambulance/,2021-12-06
https://observer.ug/news/south-africa-hospitals-jammed-with-omicron-patients/,2021-12-07
https://observer.ug/news/vaccination-remains-key-to-school-reopening-education-ministry/,2021-12-07
https://observer.ug/news/uganda-abandons-covid-blood-transfusion-trials-after-incoclusive-results/,2021-12-07
https://observer.ug/news/katosi-road-scam-convict-rejects-justice-bamugemereire-in-appeals-case/,2021-12-07
https://observer.ug/business/uweal-awards-women-entrepreneurs/,2021-12-07
https://observer.ug/viewpoint/high-internet-data-tax-a-roadblock-to-economic-freedom-in-uganda/,2021-12-07
https://observer.ug/viewpoint/community-structures-solving-northern-uganda-land-conflicts/,2021-12-07
https://observer.ug/news/uganda-s-nuclear-power-plant-plans-given-nod-of-approval/,2021-12-08
https://observer.ug/news/covid-children-that-may-never-return-to-school/,2021-12-08
https://observer.ug/news/lockdown-more-boys-than-girls-dropped-out-of-ugandan-schools/,2021-12-08
https://observer.ug/business/national-housing-stanbic-holdings-sign-pact-to-build-affordable-houses/,2021-12-08
https://observer.ug/business/mtn-records-early-growth-on-stock-market/,2021-12-08
https://observer.ug/news/civil-aviation-staff-barred-from-using-mobile-phones-at-entebbe-airport/,2021-12-08
https://observer.ug/business/tech-services-nms-nominated-for-nita-u-excellence-awards/,2021-12-09
https://observer.ug/business/women-empowerment-is-linked-to-land-ownership/,2021-12-09
https://observer.ug/news/pastor-ssenyonga-summoned-over-unpaid-salary-arrears/,2021-12-09
https://observer.ug/news/corruption-museveni-warns-kamya-to-be-careful-on-lifestyle-audit/,2021-12-10
https://observer.ug/viewpoint/why-continued-poverty-in-kenya-arid-lands-is-a-human-rights-issue/,2021-12-10
https://observer.ug/sports/kcca-team-of-1976-where-are-they-now/,2021-12-11
https://observer.ug/news/benin-opposition-leader-sentenced-to-20-years-in-prison-over-terrorism/,2021-12-12
https://observer.ug/news/updf-starts-road-works-in-drc-to-ease-offensive-against-adf/,2021-12-13
https://observer.ug/business/parliament-approves-oil-pipeline-bill-which-reserves-certain-jobs-for-ugandans/,2021-12-14
https://observer.ug/news/unicef-to-govt-invest-more-in-kids-as-schools-re-open/,2021-12-14
https://observer.ug/education/termites-vandals-destroy-1-970-school-desks-in-amuru/,2021-12-16
https://observer.ug/sports/beleaguered-villa-host-kcca-in-njeru/,2021-12-16
https://observer.ug/news/two-former-arua-hospital-staff-arrested-over-shs-28m-embezzlement/,2021-12-17
https://observer.ug/news/iuiu-students-protest-delayed-hearing-of-november-riots-case/,2021-12-17
https://observer.ug/business/dutch-fund-for-climate-funds-energy-animal-conservation/,2021-12-17
https://observer.ug/news/dpp-orders-immediate-trail-of-basajabalaba-brothers-over-shs-20bn-tax-evasion/,2021-12-20
https://observer.ug/news/fraudster-cons-millions-out-of-police-officers-in-bogus-trips-to-europe/,2021-12-20
https://observer.ug/news/dott-fails-to-beat-2-month-deadline-to-rehabilitate-mbale-city-roads/,2021-12-20
https://observer.ug/sports/workers-say-afcon-2022-main-stadium-not-ready/,2021-12-21
https://observer.ug/viewpoint/are-schools-ready-for-pregnant-and-breastfeeding-learners-needs/,2021-12-21
https://observer.ug/viewpoint/here-s-a-quick-guide-to-understanding-mailo-land/,2021-12-21
https://observer.ug/news/new-tracking-system-to-catch-ghosts-in-schools/,2021-12-22
https://observer.ug/sports/can-red-eagles-fly-over-kcca/,2021-12-22
https://observer.ug/news/teacher-petitions-igg-over-alleged-fraud-in-walimu-sacco/,2021-12-22
https://observer.ug/news/govt-withdraws-shs-386-billion-loan-request-for-oil-roads/,2021-12-22
https://observer.ug/news/ghana-mps-exchange-blows-over-proposed-electronic-payment-tax/,2021-12-22
https://observer.ug/news/bees-sting-one-to-death-injure-7-others-at-market-day-in-lamwo/,2021-12-23
https://observer.ug/lifestyle-entertainment/three-is-a-crowd-if-david-expected-smooth-landing-with-diane/,2021-12-24
https://observer.ug/news/bus-driver-killed-in-mbarara-highway-accident/,2021-12-24
https://observer.ug/news/oil-pipeline-masaka-residents-cry-foul-demand-better-compensation/,2021-12-26
https://observer.ug/news/police-bans-fireworks-crossover-prayers-on-new-year-s-eve/,2021-12-27
https://observer.ug/news/vaccination-broadcasters-decline-to-offer-govt-free-airtime/,2021-12-27
https://observer.ug/sports/onduparaka-kcca-match-abandoned-after-fans-invade-pitch/,2021-12-27
https://observer.ug/news/abandoned-tear-gas-canister-injures-5-in-makerere/,2021-12-28
https://observer.ug/education/skills-development-projects-work-in-progress-or-false-dawn/,2021-12-28
https://observer.ug/viewpoint/your-mail-parliament-should-support-updf-against-adf/,2021-12-29
https://observer.ug/viewpoint/local-govts-should-have-power-to-collect-manage-revenue/,2021-12-29
https://observer.ug/news/mpuuga-to-editors-lies-fraud-happen-after-5-pm-in-parliament/,2021-12-29
https://observer.ug/news/embassy-spying-scandal-soils-us-uganda-relations/,2021-12-29
https://observer.ug/news/omicron-patients-less-likely-to-need-hospital/,2021-12-29
https://observer.ug/business/waters-submerge-cnooc-oil-well-pads/,2021-12-29
https://observer.ug/education/kasese-leaders-recommend-relocation-mubuku-irrigation-primary-school/,2022-01-02
https://observer.ug/sports/kcca-fc-onduparaka-clash-on-fufa-s-ruling-on-abandoned-game/,2022-01-03
https://observer.ug/news/hospital-sues-lancet-laboratories-over-missing-patient-sample-results/,2022-01-03
https://observer.ug/news/private-school-teachers-to-receive-shs-100-000-each-in-covid-relief-cash/,2022-01-04
https://observer.ug/lifestyle-entertainment/rallying-in-south-africa-a-blast-until-omicron-landed/,2022-01-04
https://observer.ug/viewpoint/preparing-children-for-the-reopening-of-schools/,2022-01-04
https://observer.ug/viewpoint/when-bebe-cool-almost-became-leader-of-people-power/,2022-01-04
https://observer.ug/news/schools-to-use-main-halls-dining-rooms-as-classrooms/,2022-01-04
https://observer.ug/news/banks-entice-parents-with-discounted-unsecured-school-fees-loans/,2022-01-05
https://observer.ug/education/stanbic-unveils-shs-600bn-loan-package-to-support-schools-re-opening/,2022-01-06
https://observer.ug/news/police-blames-judiciary-for-delaying-cases-despite-overwhelming-evidence/,2022-01-07
https://observer.ug/news/senegal-mps-rejects-law-increasing-prison-time-for-homosexuals/,2022-01-09
https://observer.ug/news/ministry-of-health-under-probe-over-misuse-of-covid-19-trucks/,2022-01-09
https://observer.ug/education/abridged-curriculum-content-covered-in-primary-scrapped-in-secondary/,2022-01-10
https://observer.ug/news/covid-china-locks-down-third-city-as-hong-kong-closes-schools/,2022-01-11
https://observer.ug/viewpoint/your-mail-parliamentary-voting-system-won-t-work/,2022-01-11
https://observer.ug/viewpoint/we-all-have-a-role-to-play-to-ensure-children-go-back-to-school/,2022-01-11
https://observer.ug/news/1-400-people-sue-govt-for-eviction/,2022-01-11
https://observer.ug/sports/mbarara-city-fc-coach-resigns-over-salary-arrears/,2022-01-13
https://observer.ug/news/court-quashes-shs-9bn-award-to-karuma-power-project-land-claimants/,2022-01-14
https://observer.ug/news/tears-anguish-as-east-high-school-ntinda-abruptly-closes/,2022-01-14
https://observer.ug/news/dokolo-mp-ogong-involved-in-road-accident/,2022-01-14
https://observer.ug/news/kenya-cabinet-suggests-banning-gay-students-from-boarding-schools/,2022-01-15
https://observer.ug/news/five-pupils-killed-in-two-separate-school-fires-in-kawempe-kyotera/,2022-01-15
https://observer.ug/business/stanchart-unveils-annual-repayment-holiday-campaign/,2022-01-16
https://observer.ug/news/afcon-covid-mandate-is-pushing-fans-away-from-stadiums/,2022-01-17
https://observer.ug/education/govt-releases-shs-500m-for-renovation-of-maziba-primary-school/,2022-01-17
https://observer.ug/education/are-schools-ready-to-welcome-back-the-pregnant-learners/,2022-01-17
https://observer.ug/news/museveni-pardons-79-prisoners/,2022-01-17
https://observer.ug/news/mps-reject-govt-request-for-shs-256bn-to-buy-out-umeme/,2022-01-18
https://observer.ug/viewpoint/sam-mayanja-needs-to-understand-the-history-of-buganda-land/,2022-01-18
https://observer.ug/news/public-service-commission-fills-kcca-vacant-positions/,2022-01-18
https://observer.ug/news/covid-19-affects-men-s-sperm-quality-study/,2022-01-23
https://observer.ug/news/20-students-of-hoima-nursing-school-injured-in-accident/,2022-01-24
https://observer.ug/news/police-officer-shoots-self-dead-in-nsambya-barracks/,2022-01-24
https://observer.ug/news/kakwenza-rearrested-from-kitalya-prison/,2022-01-25
https://observer.ug/news/how-sembuya-built-sembule-from-a-small-hardware-shop/,2022-01-26
https://observer.ug/viewpoint/rethink-the-tax-on-foreign-transportation-payments/,2022-01-26
https://observer.ug/business/prof-mutebile-defended-markets-at-all-costs/,2022-01-26
https://observer.ug/news/two-lose-bid-to-block-expulsion-from-kampala-club-over-theft-of-alcohol/,2022-01-26
https://observer.ug/lifestyle-entertainment/horizon-forbidden-west-has-me-intrigued/,2022-01-27
https://observer.ug/lifestyle-entertainment/the-rings-of-power-is-no-cash-grab/,2022-01-27
https://observer.ug/business/cold-chain-equipment-optimization-project/,2022-01-28
https://observer.ug/news/former-minister-lokodo-dies-in-switzerland/,2022-01-29
https://observer.ug/business/parliament-approves-shs-43-trillion-budget-for-fy-2022-23/,2022-01-30
https://observer.ug/business/getting-pregnant-girls-back-to-school-is-the-right-call/,2022-01-31
https://observer.ug/news/cryptocurrency-director-arrested-over-defrauding-ugandans-of-shs-3bn/,2022-01-31
https://observer.ug/business/underground-water-can-resolve-pastoral-conflicts-in-igad-region-experts/,2022-02-01
https://observer.ug/news/mabirizi-sues-govt-over-reappointment-of-byabashaija-as-prisons-boss/,2022-02-01
https://observer.ug/viewpoint/what-s-the-point-in-going-back-to-school/,2022-02-01
https://observer.ug/viewpoint/stealing-electricity-is-not-a-good-way-to-save-money/,2022-02-01
https://observer.ug/news/skilled-teachers-flee-from-schools/,2022-02-01
https://observer.ug/news/ministry-of-justice-flouted-procurement-laws-in-awarding-shs-256bn-contract-report/,2022-02-01
https://observer.ug/news/11-injured-in-vivo-energy-fuel-depot-fire-incident/,2022-02-02
https://observer.ug/news/gunfire-rocks-akalo-technical-school-as-students-hold-captive-police-officer/,2022-02-03
https://observer.ug/news/kcca-speaker-luyirika-13-councillors-arrested-over-street-vendors/,2022-02-04
https://observer.ug/news/adf-rebels-overrun-drc-army-detach-in-nobili-free-prisoners/,2022-02-04
https://observer.ug/news/minister-mayanja-blames-own-ministry-for-uganda-s-land-problems/,2022-02-04
https://observer.ug/news/kcca-speaker-13-other-councillors-remanded-over-street-vendors-protest/,2022-02-05
https://observer.ug/news/govt-proposes-shs-4m-fine-prison-for-anti-vaxxers/,2022-02-07
https://observer.ug/news/parliament-paid-shs-1-7bn-for-speaker-oulanyah-charter-flight-to-us/,2022-02-07
https://observer.ug/business/mutebile-death-calls-for-housing-reforms-kampala-decongestion/,2022-02-07
https://observer.ug/news/govt-starts-probe-into-internal-organ-harvesting/,2022-02-07
https://observer.ug/news/botswana-govt-waters-down-phone-tapping-bill-after-public-outcry/,2022-02-08
https://observer.ug/news/karuma-dam-june-2022-completion-unlikely-ugandans-to-lose-more-money-ag/,2022-02-08
https://observer.ug/news/new-more-transmissible-hiv-variant-discovered-in-netherlands/,2022-02-08
https://observer.ug/sports/kcca-fc-have-an-axe-to-grind-as-ura-fc-visit-lugogo-today/,2022-02-09
https://observer.ug/news/i-m-free-at-last-uganda-s-rudest-poet-on-prison-protest-and-finding-a-new-voice-in-germany/,2022-02-10
https://observer.ug/news/39-year-old-man-jumps-to-death-off-jinja-r-nile-bridge/,2022-02-12
https://observer.ug/business/no-african-country-should-be-landlocked/,2022-02-13
https://observer.ug/news/mp-on-the-spot-over-grabbing-mubende-ntc-land/,2022-02-14
https://observer.ug/news/auditor-general-pins-ministry-of-education-on-study-materials-funds/,2022-02-14
https://observer.ug/news/gulu-archdiocese-offers-16-acres-of-land-for-construction-gen-lokech-stadium/,2022-02-15
https://observer.ug/viewpoint/the-electricity-amendment-bill-2022-is-timely/,2022-02-15
https://observer.ug/news/accident-saudi-court-awards-shs-270m-to-ugandan-domestic-worker-nakintu/,2022-02-16
https://observer.ug/news/nrm-secretly-collecting-signatures-to-remove-mp-zaake-from-parliamentary-commission/,2022-02-18
https://observer.ug/news/minister-mayanja-ag-kiryowa-collide-over-shs-28bn-compensation/,2022-02-19
https://observer.ug/news/govt-terminates-contract-of-uganda-airlines-ceo/,2022-02-21
https://observer.ug/news/works-minister-admits-blunders-in-entebbe-airport-expansion-contract-award/,2022-02-21
https://observer.ug/business/ministry-of-energy-calls-for-total-ban-on-metal-scrap-business/,2022-02-22
https://observer.ug/viewpoint/mr-president-handle-land-mafia-with-an-iron-fist/,2022-02-22
https://observer.ug/viewpoint/law-is-a-walking-stick-of-the-powerful-in-uganda/,2022-02-22
https://observer.ug/news/govt-on-hunt-for-ghosts-in-schools/,2022-02-23
https://observer.ug/news/museveni-orders-probe-into-top-businessmen/,2022-02-23
https://observer.ug/business/plascon-paints-donates-to-entebbe-hospital/,2022-02-23
https://observer.ug/news/parents-conned-out-of-shs-1bn-in-school-fees-scam/,2022-02-23
https://observer.ug/news/rains-flood-kampala-cut-off-city-roads/,2022-02-25
https://observer.ug/news/apac-headteacher-arrested-over-theft-of-35-school-desks/,2022-02-25
https://observer.ug/lifestyle-entertainment/lubaga-south-loss-was-one-i-learnt-from-mbidde/,2022-02-26
https://observer.ug/news/kcca-loses-over-shs-1bn-in-overpayments/,2022-02-28
https://observer.ug/education/bilal-school-bwaise-releases-s-1-s-2-students-after-sunday-fire-outbreak/,2022-02-28
https://observer.ug/education/govt-okays-sports-in-schools-maintains-ban-on-visitation-days/,2022-02-28
https://observer.ug/news/mulago-hospital-executive-director-arrested-over-mismanagement/,2022-03-01
https://observer.ug/news/mulago-hospital-boss-fingered-in-shs-21bn-fraudulent-deals/,2022-03-01
https://observer.ug/business/pre-drilling-works-commence-in-kingfisher-oil-development-area/,2022-03-01
https://observer.ug/sports/red-eagles-host-kcca-in-enticing-league-game-2/,2022-03-01
https://observer.ug/news/15-oxygen-cylinders-belonging-to-jinja-hospital-recovered-at-factory/,2022-03-02
https://observer.ug/news/4-killed-18-injured-in-mubende-road-accident/,2022-03-03
https://observer.ug/news/atwine-orders-mulago-boss-byarugaba-to-keep-off-hospital-premises/,2022-03-04
https://observer.ug/news/busoga-heritage-adds-luba-thurston-fort-to-its-trail/,2022-03-04
https://observer.ug/news/parliament-closed-over-water-shortage/,2022-03-04
https://observer.ug/news/two-feared-dead-as-gulu-high-school-students-riot-over-man-city-man-u-match/,2022-03-07
https://observer.ug/lifestyle-entertainment/zzina-awards-nominees-list-released/,2022-03-07
https://observer.ug/news/s-3-student-confirmed-dead-in-violent-gulu-central-school-riot/,2022-03-07
https://observer.ug/news/museveni-bans-land-evictions-without-rdc-s-consent/,2022-03-07
https://observer.ug/education/africa-s-oldest-gender-school-marks-30-years/,2022-03-07
https://observer.ug/business/kcca-s-golden-opportunity-to-create-a-taxi-park-free-city/,2022-03-07
https://observer.ug/education/p6-pupil-suspended-for-undermining-anglican-religion-at-bishop-east-school/,2022-03-08
https://observer.ug/news/malawi-catholic-church-writes-rare-letter-to-president-over-corruption/,2022-03-08
https://observer.ug/news/spanish-photojournalist-ugandan-driver-killed-in-gulu-highway-accident/,2022-03-08
https://observer.ug/viewpoint/nakawa-naguru-land-bonanza-must-end/,2022-03-08
https://observer.ug/viewpoint/celebrate-women-s-day-with-avenues-of-women-economic-empowerment/,2022-03-08
https://observer.ug/viewpoint/ugandan-officials-are-corrupt-but-are-like-simple-chicken-thieves/,2022-03-08
https://observer.ug/news/financial-constraints-frustrating-uganda-s-housing-sector-growth/,2022-03-08
https://observer.ug/news/mp-zaake-guilty-of-indiscipline-rules-committee/,2022-03-10
https://observer.ug/sports/no-relegation-thoughts-as-villa-visits-kcca/,2022-03-11
https://observer.ug/education/seed-secondary-schools-illegally-operating-boarding-sections-education-ministry/,2022-03-13
https://observer.ug/education/finn-church-aid-supports-teenage-refugee-mothers-return-to-school/,2022-03-13
https://observer.ug/news/naguru-land-power-struggle-in-state-house-lands-renders-kcca-helpless/,2022-03-13
https://observer.ug/education/allow-learners-to-use-phones-at-schools-ncdc/,2022-03-14
https://observer.ug/news/ham-kiggundu-clashes-with-kabaka-over-kigo-land/,2022-03-14
https://observer.ug/sports/mujabi-latest-sports-personality-to-perish-in-road-accident/,2022-03-15
https://observer.ug/news/10-students-of-st-mary-s-school-injured-in-tororo-accident/,2022-03-15
https://observer.ug/business/australian-looks-to-offer-relief-over-uganda-s-housing-deficit/,2022-03-15
https://observer.ug/news/minister-muyingo-orders-mukono-school-to-close-boarding-section/,2022-03-15
https://observer.ug/news/govt-asks-diplomats-to-market-kiira-cars/,2022-03-15
https://observer.ug/news/nabakooba-to-rdcs-stop-rich-land-grabbers/,2022-03-15
https://observer.ug/news/here-s-the-problem-with-shs-100bn-naguru-land/,2022-03-15
https://observer.ug/sports/tight-race-for-league-crown-as-kcca-vipers-prepare-for-top-of-table-clash/,2022-03-16
https://observer.ug/news/over-30-students-of-fort-portal-secondary-school-injured-in-road-accident/,2022-03-17
https://observer.ug/news/halt-use-of-smartphones-in-schools-minister-muyingo/,2022-03-17
https://observer.ug/education/rowdy-students-set-gulu-high-school-girls-dormitory-on-fire/,2022-03-17
https://observer.ug/news/zaake-still-our-parliamentary-commissioner-kyagulanyi/,2022-03-17
https://observer.ug/news/govt-confirms-outbreak-of-influenza-in-schools/,2022-03-18
https://observer.ug/news/3-newly-commissioned-schools-in-masaka-develop-cracks/,2022-03-18
https://observer.ug/viewpoint/tips-for-effective-online-marketing/,2022-03-21
https://observer.ug/lifestyle-entertainment/it-is-either-the-contractor-or-the-adam-project/,2022-03-21
https://observer.ug/education/10-arrested-over-koboko-town-college-school-strike/,2022-03-21
https://observer.ug/news/market-gives-ntungamo-new-lease-on-life/,2022-03-22
https://observer.ug/news/70-of-ugandan-patients-not-satisfied-with-services-at-hospitals-govt-survey/,2022-03-23
https://observer.ug/viewpoint/this-is-francis-zaake-s-parliament/,2022-03-23
https://observer.ug/lifestyle-entertainment/x-rated-deep-water-will-stream-on-hulu/,2022-03-24
https://observer.ug/news/mps-probe-uetcl-over-shs-28bn-fraud/,2022-03-24
https://observer.ug/news/nrm-endorses-fdc-defectors-among-tayebwa-for-speaker-deputy-speaker/,2022-03-24
https://observer.ug/business/carrefour-supermarket-phases-out-caged-eggs-under-new-animal-rights-policy/,2022-03-25
https://observer.ug/business/cnooc-awarded-final-investment-decision-appreciation-award/,2022-03-26
https://observer.ug/news/updf-starts-works-on-oulanyah-s-unfinished-village-mansion/,2022-03-28
https://observer.ug/news/16-years-later-ikwera-girls-school-yet-to-receive-museveni-s-bus-pledge/,2022-03-28
https://observer.ug/news/bunagana-primary-school-closed-to-host-fleeing-congolese-refugees/,2022-03-29
https://observer.ug/lifestyle-entertainment/the-ugandan-city-built-on-solar-shea-butter-and-people-power/,2022-03-29
https://observer.ug/education/youth-learn-how-to-pitch-for-ideas-project-support/,2022-03-29
https://observer.ug/business/fines-imprisonment-just-two-in-the-anti-power-theft-vandalism-arsenal/,2022-03-29
https://observer.ug/business/mandela-group-unveil-partnership-with-bridgestone/,2022-03-30
https://observer.ug/news/looming-crisis-for-new-seed-schools-due-to-understaffing/,2022-03-30
https://observer.ug/news/departed-asians-board-has-no-powers-to-repossess-property-ag/,2022-03-30
https://observer.ug/news/no-man-s-land-at-bunagana-border-declared-no-go-zone-for-locals-refugees/,2022-03-30
https://observer.ug/news/kabaka-secures-injunction-against-minister-kawooya-over-sembabule-land/,2022-03-31
https://observer.ug/news/kenya-s-supreme-court-rejects-president-s-bid-to-change-constitution/,2022-04-02
https://observer.ug/news/bukwo-district-officials-on-the-spot-over-shs-200m-inflated-payment/,2022-04-03
https://observer.ug/news/court-summons-former-pm-amama-mbabazi-over-shs-27m-rent-arrears/,2022-04-04
https://observer.ug/news/3-schools-indefinitely-closed-in-koboko-over-student-clashes/,2022-04-04
https://observer.ug/news/bukwo-district-engineer-road-inspector-arrested-over-theft-of-shs-200m/,2022-04-04
https://observer.ug/education/landlord-loses-land-hosting-gov-t-school-to-moneylender/,2022-04-05
https://observer.ug/business/potential-investment-areas-during-period-of-inflation/,2022-04-05
https://observer.ug/news/land-prices-rental-fees-double-in-mbarara/,2022-04-05
https://observer.ug/news/bukwo-district-officials-start-refunding-part-of-stolen-shs-200m-road-cash/,2022-04-05
https://observer.ug/viewpoint/tips-for-effective-online-marketing-part-ii/,2022-04-05
https://observer.ug/news/umeme-employees-lose-shs-38bn-case-accuse-their-union-for-failing-them/,2022-04-07
https://observer.ug/sports/upl-final-bend-vipers-kcca-express-and-sc-villa-all-in-crucial-league-games/,2022-04-07
https://observer.ug/news/court-orders-kitalya-prisons-oc-to-return-mabirizi-s-confiscated-documents/,2022-04-07
https://observer.ug/news/court-of-appeal-upholds-shs-1-5bn-fine-12-year-prison-sentence-imposed-on-ngo-finance-manager/,2022-04-11
https://observer.ug/news/magistrate-loses-bid-to-block-sexual-harassment-trial/,2022-04-11
https://observer.ug/news/high-court-declines-to-block-crude-oil-pipeline-project/,2022-04-12
https://observer.ug/news/govt-asks-gulu-university-to-award-oulanyah-posthumous-honorary-phd/,2022-04-12
https://observer.ug/viewpoint/fufa-has-abandoned-core-mandate-for-populism/,2022-04-12
https://observer.ug/education/stanbic-bank-introduces-school-insurance/,2022-04-13
https://observer.ug/business/cnooc-applies-for-electricity-license/,2022-04-13
https://observer.ug/news/mps-query-exclusive-coffee-deal-between-gov-t-and-lubowa-hospital-investor/,2022-04-13
https://observer.ug/news/east-african-oil-pipeline-project-hits-the-headwinds-as-another-insurer-pulls-out/,2022-04-14
https://observer.ug/sports/kcca-v-vipers-coach-morley-byekwaso-s-big-test/,2022-04-14
https://observer.ug/news/stanbic-bank-found-guilty-of-negligence-in-shs-180m-fraud-case/,2022-04-18
https://observer.ug/news/security-investigate-suspected-bomb-blast-in-lwengo/,2022-04-19
https://observer.ug/news/primary-school-teacher-drowns-in-kalangala-swimming-pool/,2022-04-19
https://observer.ug/news/101-killed-in-easter-week-road-accidents/,2022-04-19
https://observer.ug/news/no-works-contractor-at-lubowa-hospital-site-ministry-of-health/,2022-04-20
https://observer.ug/news/report-how-urc-land-was-grabbed/,2022-04-20
https://observer.ug/news/study-how-nrm-outsources-violence-to-stay-in-power/,2022-04-20
https://observer.ug/news/incoming-flights-resume-at-entebbe-airport/,2022-04-20
https://observer.ug/news/court-summons-luzira-prison-oc-over-mabirizi-s-internet-services-demands/,2022-04-21
https://observer.ug/news/shs-400bn-spent-on-luboowa-hospital/,2022-04-21
https://observer.ug/news/uganda-virus-research-institute-investigates-low-covid-19-cases/,2022-04-21
https://observer.ug/news/era-targets-50-000-homes-to-shift-from-charcoal-to-power/,2022-04-22
https://observer.ug/news/property-tax-kcca-approves-valuation-court/,2022-04-22
https://observer.ug/news/principal-judge-zeija-survives-gun-attack-on-masaka-road/,2022-04-24
https://observer.ug/news/secondary-school-science-teachers-to-strike/,2022-04-25
https://observer.ug/news/mps-ask-gov-t-to-release-shs-440bn-for-entebbe-airport-expansion/,2022-04-26
https://observer.ug/education/makerere-university-tuition-payment-system-breaks-down/,2022-04-26
https://observer.ug/education/gunmen-shoot-dead-pader-school-deputy-head-teacher/,2022-04-26
https://observer.ug/news/museveni-we-know-joan-kagezi-killers-they-re-living-abroad/,2022-04-26
https://observer.ug/business/electricity-tariffs-drop/,2022-04-26
https://observer.ug/business/kadaga-challenges-ugandans-to-prepare-for-the-dr-congo-market/,2022-04-26
https://observer.ug/news/mps-find-fake-engineers-at-lubowa-hospital/,2022-04-26
https://observer.ug/news/corruption-igg-kamya-insists-on-lifestyle-audit/,2022-04-29
https://observer.ug/news/kenyans-bid-farewell-to-former-president-kibaki/,2022-05-01
https://observer.ug/news/eight-dead-23-rescued-in-nigeria-building-collapse/,2022-05-02
https://observer.ug/business/meet-damali-ssali-the-new-psfu-strategist/,2022-05-03
https://observer.ug/news/govt-proposes-tax-exemption-on-medical-oxygen-hospital-construction/,2022-05-03
https://observer.ug/news/speaker-orders-probe-as-fort-portal-budaka-road-accidents-claim-26-lives/,2022-05-04
https://observer.ug/news/uganda-land-commission-blames-covid-19-for-lack-of-land-database/,2022-05-05
https://observer.ug/education/is-terrazzo-feasible-for-govt-schools/,2022-05-06
https://observer.ug/business/uganda-s-multibillion-coffee-agreement-is-fraudulent/,2022-05-06
https://observer.ug/news/analysis-china-s-ambitious-bri-project-runs-into-rough-weather/,2022-05-06
https://observer.ug/news/mps-task-govt-to-procure-road-equipment-for-new-districts/,2022-05-07
https://observer.ug/news/anti-corruption-court-remands-businesswoman-nakalanzi-over-theft-of-shs-270m/,2022-05-07
https://observer.ug/business/consumer-choice-awards-slated-for-august-19/,2022-05-07
https://observer.ug/lifestyle-entertainment/club-pilsener-powers-purple-party-tour-in-mbale/,2022-05-08
https://observer.ug/education/non-fees-requirements-parents-appeal-to-govt-to-reign-in-on-schools/,2022-05-09
https://observer.ug/news/kayunga-hospital-receives-500-000-oxygen-plant/,2022-05-09
https://observer.ug/news/schools-record-low-student-turn-up-for-term-ii/,2022-05-09
https://observer.ug/news/s-1-student-commits-suicide-over-school-fees/,2022-05-10
https://observer.ug/news/ambrosoli-international-school-teacher-arrested-over-defiling-3-year-old-pupil/,2022-05-10
https://observer.ug/news/lawyer-mabirizi-can-t-have-internet-services-while-in-custody-luzira-prison/,2022-05-10
https://observer.ug/viewpoint/how-we-arrived-at-the-muhoozi-project/,2022-05-10
https://observer.ug/viewpoint/why-muhoozi-s-bid-for-presidency-is-good-for-country-and-opposition/,2022-05-10
https://observer.ug/news/bwera-hospital-ambulance-catches-fire-kills-two-occupants/,2022-05-11
https://observer.ug/business/diesel-prices-flare-up-inflation/,2022-05-13
https://observer.ug/news/ex-guantanamo-bay-inmate-remanded-to-luzira-prison-over-adf-terror-links/,2022-05-14
https://observer.ug/sports/vipers-oliveira-primed-for-third-coaches-award/,2022-05-16
https://observer.ug/education/ldc-postpones-graduation-over-absence-of-management-committee/,2022-05-16
https://observer.ug/business/hipipo-wins-east-africa-best-financial-inclusion-award/,2022-05-17
https://observer.ug/sports/basketball-ochera-leads-power-rebound-wave-in-league/,2022-05-17
https://observer.ug/news/vintage-car-owners-lobby-parliament-to-preserve-original-number-plates/,2022-05-17
https://observer.ug/business/how-to-stay-ahead-of-online-fraud/,2022-05-18
https://observer.ug/news/my-land-is-in-l-victoria-hamis-kiggundu/,2022-05-20
https://observer.ug/news/mps-recommends-retirement-of-uganda-land-commission-commissioners-in-public-interest/,2022-05-22
https://observer.ug/news/museveni-rules-out-tax-cuts-to-counter-inflation/,2022-05-22
https://observer.ug/news/kidnappers-abandon-5-year-old-child-in-jinja-after-holding-her-for-5-months/,2022-05-23
https://observer.ug/news/insecurity-slowing-down-uganda-dr-congo-road-works-dott-services/,2022-05-23
https://observer.ug/business/kcb-empowers-namuwongo-women-youth-with-hands-on-skills/,2022-05-23
https://observer.ug/news/mps-seek-interpol-to-hunt-down-ulc-s-imaryo-over-shs-10bn-dubious-payment/,2022-05-23
https://observer.ug/news/inflation-besigye-arrested-says-museveni-said-nothing-in-so-many-words/,2022-05-23
https://observer.ug/news/govt-right-to-appeal-against-shs-170m-compensation-to-ingrid-turinawe-ag/,2022-05-23
https://observer.ug/viewpoint/utilize-the-school-environment-to-simplify-science-concepts/,2022-05-24
https://observer.ug/sports/st-andrew-kaggwa-a-new-powerhouse-in-schools-football/,2022-05-25
https://observer.ug/education/makerere-university-dental-school-gets-a-facelift/,2022-05-26
https://observer.ug/news/5-perish-in-kyenjojo-kyegegwa-road-accident/,2022-05-26
https://observer.ug/business/afriland-first-bank-exits-uganda-over-lack-of-customers/,2022-05-26
https://observer.ug/news/fire-kills-11-newborn-babies-at-senegal-hospital/,2022-05-26
https://observer.ug/news/five-inmates-killed-scores-injured-in-gulu-highway-accident/,2022-05-30
https://observer.ug/news/kampala-deputy-mayor-nyanjura-soroti-woman-mp-remanded-over-inflation-protest/,2022-05-30
https://observer.ug/news/2-year-old-dies-at-arua-hospital-as-nurse-demands-shs-210-000-bribe/,2022-05-31
https://observer.ug/business/dollo-launches-production-of-commercial-macadamia/,2022-05-31
https://observer.ug/viewpoint/uganda-s-oil-pipeline-and-the-78-day-trade-off/,2022-05-31
https://observer.ug/viewpoint/are-sound-saving-practices-fundamental-for-financial-sustainability/,2022-05-31
https://observer.ug/news/foreigner-intercepted-with-15kgs-of-rhino-horns-at-entebbe-airport/,2022-05-31
https://observer.ug/news/trailblazing-dr-adoch-provides-legal-ray-of-hope-for-rape-victims/,2022-06-01
https://observer.ug/business/umeme-s-765m-boosts-energy-sector/,2022-06-01
https://observer.ug/lifestyle-entertainment/mcu-at-crossroads/,2022-06-01
https://observer.ug/business/mtn-to-pay-dividends-despite-poor-show-of-stock-market-and-global-inflation/,2022-06-01
https://observer.ug/business/mtn-unveils-winners-of-mtn-ug-hip-hop-awards-2022/,2022-06-02
https://observer.ug/news/luwero-magistrate-shifts-court-sessions-to-butuntumula-prison/,2022-06-03
https://observer.ug/news/stampede-at-namugongo-as-pilgrims-scramble-for-holy-water/,2022-06-03
https://observer.ug/news/11-updf-soldiers-injured-in-moroto-road-accident-airlifted-to-bombo-hospital/,2022-06-04
https://observer.ug/news/kcca-veterinary-doctor-found-dead-inside-his-car/,2022-06-06
https://observer.ug/education/kasese-rolls-out-covid-19-vaccination-in-schools-as-cases-reemerge/,2022-06-06
https://observer.ug/news/court-throws-two-nrm-mps-out-of-parliament-orders-fresh-elections/,2022-06-06
https://observer.ug/news/encroachers-take-over-koboko-airfield-after-years-of-neglect/,2022-06-06
https://observer.ug/education/mtn-injects-shs-60m-into-rukungiri-community-school/,2022-06-07
https://observer.ug/business/extend-value-added-tax-payment-across-all-sectors/,2022-06-07
https://observer.ug/news/17-year-old-female-student-commits-suicide-at-wanyange-girls-school/,2022-06-07
https://observer.ug/business/new-ura-software-easily-identifies-landlords-dodging-taxes/,2022-06-07
https://observer.ug/news/ham-s-title-not-on-kabaka-s-land-says-new-survey-report/,2022-06-07
https://observer.ug/news/state-house-clears-mubende-hospital-of-kidney-harvesting-allegations/,2022-06-08
https://observer.ug/news/seeta-school-driver-under-fire-for-knocking-dead-one-year-old-child-offering-shs-500-000-compensation/,2022-06-09
https://observer.ug/business/2-million-businesses-to-benefit-from-interoperable-merchant-payment-switch/,2022-06-09
https://observer.ug/news/gunfire-teargas-in-luwero-as-youths-block-gulu-highway-ahead-of-kabaka-visit/,2022-06-11
https://observer.ug/news/seasoned-academicians-pour-water-on-uganda-s-useless-impactless-phds/,2022-06-13
https://observer.ug/news/mbarara-prison-warder-shoots-dead-girlfriend-commits-suicide/,2022-06-14
https://observer.ug/viewpoint/minister-needs-to-modify-the-landlord-and-tenant-law/,2022-06-14
https://observer.ug/news/janet-halts-distribution-of-donated-funds-items-to-schools/,2022-06-15
https://observer.ug/news/kwagala-wins-european-union-human-rights-award-2022/,2022-06-17
https://observer.ug/business/peleyta-app-enabling-less-fortunate-ugandans-access-quality-healthcare/,2022-06-17
https://observer.ug/business/snv-pumps-shs-5bn-into-constructing-8-000-biodigesters-across-uganda/,2022-06-18
https://observer.ug/news/lawyer-sues-unra-over-lack-of-streetlights-along-entebbe-expressway-demands-shs-100m-compensation/,2022-06-18
https://observer.ug/business/how-silicon-pay-is-using-fintech-to-ease-payments/,2022-06-19
https://observer.ug/business/uganda-airlines-secures-landing-slot-at-china-s-guangzhou-baiyun-airport/,2022-06-20
https://observer.ug/news/four-arrested-over-supplying-drug-laced-cookies-pancakes-to-schools-in-wakiso-and-kampala/,2022-06-20
https://observer.ug/news/entebbe-airport-security-intercepts-suspected-narcotics-packaged-as-coffee-samples/,2022-06-20
https://observer.ug/education/fire-guts-haven-high-school-boys-dormitory/,2022-06-21
https://observer.ug/news/daily-monitor-s-appeal-against-bigirimana-s-shs-450m-compensation-adjourned-to-sept/,2022-06-21
https://observer.ug/viewpoint/the-power-of-youth-voice/,2022-06-21
https://observer.ug/viewpoint/prisoners-of-conscience-uganda-going-down-slippery-judicial-path/,2022-06-21
https://observer.ug/news/body-organ-testing-labour-exporters-reject-sudhir-s-hospital/,2022-06-21
https://observer.ug/news/malawi-president-strips-vp-s-power-fires-police-boss-after-corruption-allegations/,2022-06-23
https://observer.ug/news/mbarara-high-school-suspends-all-s-4-s-6-students-over-violent-clashes/,2022-06-23
https://observer.ug/business/merchandise-uganda-offering-online-market-with-free-stalls/,2022-06-24
https://observer.ug/news/law-firm-pinned-on-forgery-defrauding-govt-shs-2bn-in-land-compensation/,2022-06-24
https://observer.ug/news/s-africa-chief-justice-releases-damning-report-into-former-president-zuma-corruption/,2022-06-24
https://observer.ug/news/landlord-sues-bukomansimbi-rdc-lc-v-chairperson-over-inciting-his-tenants/,2022-06-25
https://observer.ug/news/mps-order-arua-officials-investigated-for-paying-salary-to-15-ghost-staff/,2022-06-25
https://observer.ug/news/assailants-storm-kyakasengura-prison-stab-warder/,2022-06-27
https://observer.ug/news/govt-asks-hospitals-to-reserve-10-beds-for-covid-19-patients-as-cases-remerge/,2022-06-27
https://observer.ug/news/fire-guts-another-school-in-mbarara/,2022-06-27
https://observer.ug/business/how-pivot-payments-is-saving-migrant-workers-from-fraudsters/,2022-06-27
https://observer.ug/education/16-students-of-rushanje-girls-record-statement-over-school-fire/,2022-06-28
https://observer.ug/news/witness-contradictions-shock-mps-in-namuli-s-shs-2bn-land-probe/,2022-06-29
https://observer.ug/news/high-fuel-prices-drive-cars-off-roads/,2022-06-29
https://observer.ug/business/umeme-earmarks-3-million-for-projects/,2022-06-30
https://observer.ug/news/mps-turn-away-lira-hospital-officials-over-lack-of-accountability-documents/,2022-06-30
https://observer.ug/business/women-save-empowering-rural-women-through-goal-based-digital-savings/,2022-06-30
https://observer.ug/business/kuzimba-takes-entire-building-value-chain-online/,2022-07-01
https://observer.ug/news/police-probes-gen-tumwine-over-confiscating-court-order-releasing-suspect/,2022-07-01
https://observer.ug/news/inflation-sierra-leone-knocks-off-zeros-of-shame-from-currency/,2022-07-01
https://observer.ug/news/shs-2bn-land-scam-mps-to-review-nssf-house-cctv-footage/,2022-07-02
https://observer.ug/news/kampala-northern-bypass-pedestrians-demand-for-light-at-footbridges/,2022-07-02
https://observer.ug/news/protestors-storm-libya-s-parliament-set-building-and-officials-cars-on-fire/,2022-07-02
https://observer.ug/education/smack-wins-national-ict-innovation-award/,2022-07-04
https://observer.ug/business/airtel-micro-merchant-powering-thousands-of-informal-businesses-women/,2022-07-04
https://observer.ug/news/4-killed-in-hoima-road-accident/,2022-07-04
https://observer.ug/news/kisoro-school-head-teacher-jailed-for-17-years-for-defiling-14-year-old-girl/,2022-07-05
https://observer.ug/business/flutterwave-creating-endless-possibilities-for-businesses-through-seamless-payments/,2022-07-05
https://observer.ug/business/decent-housing-necessary-for-better-health-outcomes/,2022-07-05
https://observer.ug/lifestyle-entertainment/nothing-a-good-dose-of-water-won-t-fix/,2022-07-05
https://observer.ug/business/ura-relaxes-warehousing-restrictions-on-old-motor-vehicles/,2022-07-05
https://observer.ug/news/is-ea-ready-for-a-world-where-water-is-a-commodity-like-oil/,2022-07-05
https://observer.ug/news/cows-projects-offered-as-sweeteners-to-r-rwizi-encroachers/,2022-07-05
https://observer.ug/business/jumia-brings-e-commerce-logistics-payments-under-one-roof/,2022-07-07
https://observer.ug/news/4-students-of-lyantonde-ss-arrested-over-attempts-to-burn-school/,2022-07-07
https://observer.ug/news/nambooze-on-why-she-would-die-if-voted-out-of-parliament/,2022-07-08
https://observer.ug/business/linmart-connecting-businesses-to-free-online-market/,2022-07-10
https://observer.ug/news/updf-guns-down-80-year-old-blind-man-in-moroto-k-jongs-threaten-to-evict-army-detach/,2022-07-11
https://observer.ug/news/logistics-company-sues-national-forestry-authority-over-canceled-land-title/,2022-07-11
https://observer.ug/news/police-orders-lubiri-high-school-to-suspend-dirty-dancing-students/,2022-07-11
https://observer.ug/business/ezyagric-enables-300-000-farmers-get-access-to-agricultural-markets/,2022-07-12
https://observer.ug/viewpoint/bankroll-national-housing-not-roko/,2022-07-12
https://observer.ug/business/eu-launches-energy-skills-programme/,2022-07-12
https://observer.ug/news/court-orders-prisons-to-physically-produce-ssegirinya-for-trial/,2022-07-12
https://observer.ug/business/sgr-development-in-uganda-why-the-delay/,2022-07-12
https://observer.ug/education/mandela-secondary-school-closed-over-violent-students-strike/,2022-07-15
https://observer.ug/education/arsonists-beat-heavy-security-to-set-lyantonde-school-ablaze/,2022-07-15
https://observer.ug/business/paytota-champions-voice-response-technology-for-digital-payments/,2022-07-15
https://observer.ug/news/police-officer-dies-together-with-wife-all-3-children-in-masaka-road-accident/,2022-07-16
https://observer.ug/sports/kcca-fc-woes-who-is-fooling-who/,2022-07-16
https://observer.ug/news/senior-officials-pinned-in-shs-1-billion-tropical-bank-cash-out-fraud/,2022-07-18
https://observer.ug/business/how-xente-is-using-fintech-to-empower-businesses-payments/,2022-07-18
https://observer.ug/business/ura-slaps-shs-110m-fine-on-lying-landlords/,2022-07-19
https://observer.ug/news/tororo-cement-workers-strike-over-inflation-demand-salary-increment/,2022-07-19
https://observer.ug/news/museveni-returns-mining-and-minerals-bill-to-parliament/,2022-07-19
https://observer.ug/viewpoint/what-i-fear-most-is-power-with-impunity/,2022-07-19
https://observer.ug/news/is-govt-ready-to-enforce-teaching-kiswahili-in-schools/,2022-07-19
https://observer.ug/news/trailer-knocks-five-dead-in-bulambuli/,2022-07-20
https://observer.ug/news/inflation-solution-to-high-fuel-prices-is-in-opting-for-eletric-cars-museveni/,2022-07-21
https://observer.ug/business/how-cellulant-captured-80-market-share-to-provide-payment-solutions-for-airlines-in-africa/,2022-07-21
https://observer.ug/lifestyle-entertainment/rings-of-power-is-the-show-you-watch-to-hate/,2022-07-21
https://observer.ug/news/parliament-controversially-approves-shs-207bn-govt-proposal-to-buy-shares-in-roko/,2022-07-22
https://observer.ug/education/maracha-ss-closed-indefinitely-over-inter-school/,2022-07-22
https://observer.ug/news/kampala-flyover-court-awards-sc-villa-shs-200m-over-delayed-compensation/,2022-07-22
https://observer.ug/education/makerere-university-students-protest-delayed-payment-of-living-out-allowances/,2022-07-25
https://observer.ug/news/ucu-student-murder-suspects-reconstruct-murder-scene-at-makerere/,2022-07-26
https://observer.ug/news/police-now-remove-kiwumpa-roadblock-following-attack-on-officers/,2022-07-26
https://observer.ug/news/updf-chopper-makes-emergency-landing-in-gomba/,2022-07-26
https://observer.ug/viewpoint/mao-can-break-the-defectors-jinx/,2022-07-26
https://observer.ug/business/uganda-s-sudan-boost-trade-relations-in-wake-of-landmark-summit/,2022-07-27
https://observer.ug/news/zimbabwe-introduces-gold-coins-in-bid-to-reducing-demand-for-us-dollars/,2022-07-27
https://observer.ug/news/museveni-gives-away-15-acres-of-ministry-of-agriculture-land-for-turkish-hospital/,2022-07-28
https://observer.ug/news/inflation-ex-mpigi-woman-mp-contestant-remanded-over-covid-19-regulations/,2022-07-28
https://observer.ug/lifestyle-entertainment/three-is-a-crowd-david-aims-for-damage-control/,2022-07-28
https://observer.ug/news/nema-finally-approves-construction-of-sudhir-s-100m-kitubulu-resort-hotel/,2022-07-29
https://observer.ug/business/how-tausi-simplifies-access-to-finance-for-the-informal-markets/,2022-07-29
https://observer.ug/news/court-blocks-cancellation-of-owino-market-99-year-lease/,2022-07-30
https://observer.ug/news/govt-red-flags-alliance-in-motion-company-over-fraud-human-trafficking/,2022-08-01
https://observer.ug/education/prof-openjuru-gets-5-year-contract-extension-as-gulu-varsity-vc/,2022-08-01
https://observer.ug/news/kampala-flyover-section-of-entebbe-road-closed/,2022-08-01
https://observer.ug/education/govt-bans-music-concerts-in-schools/,2022-08-02
https://observer.ug/news/landslides-hits-bududa-district-300-left-homeless/,2022-08-02
https://observer.ug/news/angry-locals-block-moroto-road-works-over-delayed-compensation/,2022-08-02
https://observer.ug/news/ura-targets-landlord-with-new-tax-tracking-system/,2022-08-03
https://observer.ug/news/museveni-barks-but-chinese-refuse-to-leave-wetlands/,2022-08-03
https://observer.ug/viewpoint/never-buy-land-just-to-make-your-friends-happy/,2022-08-03
https://observer.ug/viewpoint/yes-let-s-pray-corruption-out/,2022-08-03
https://observer.ug/education/erasmus-scholarship-awardees-flagged-off-to-europe/,2022-08-03
https://observer.ug/news/polls-show-raila-slightly-leading-in-kenya-presidential-race/,2022-08-03
https://observer.ug/business/uganda-power-tariffs-still-cheapest-in-east-africa/,2022-08-04
https://observer.ug/business/airtel-monet-to-attract-interest-payments/,2022-08-04
https://observer.ug/news/govt-moves-to-end-isingiro-s-water-crisis/,2022-08-05
https://observer.ug/news/mps-probe-how-bujagali-company-won-multi-billion-contract-before-it-was-even-registered/,2022-08-05
https://observer.ug/news/court-orders-contractor-to-compensate-justice-lydia-mugambe-with-shs-250m-over-shoddy-works/,2022-08-08
https://observer.ug/news/malawi-s-former-anti-corruption-chief-arrested-over-corruption/,2022-08-08
https://observer.ug/news/minister-otafiire-bothered-by-robberies-of-men-in-uniform-at-roadblocks/,2022-08-08
https://observer.ug/news/court-quashes-minister-nabakooba-s-decision-to-interdict-land-commission-s-imaryo/,2022-08-09
https://observer.ug/viewpoint/raila-odinga-a-legacy-of-sacrifice-and-statesmanship/,2022-08-09
https://observer.ug/news/muhoozi-project-runs-into-trouble/,2022-08-10
https://observer.ug/news/sierra-leone-imposes-nationwide-curfew-over-inflation-protests/,2022-08-11
https://observer.ug/news/kenya-raila-odinga-wins-at-11-of-12-diaspora-polling-stations/,2022-08-11
https://observer.ug/news/only-58-of-874-inmates-remain-in-drc-central-prison-following-massive-jailbreak/,2022-08-11
https://observer.ug/news/13-civilians-6-police-officers-killed-in-sierra-leone-inflation-protests/,2022-08-11
https://observer.ug/news/mukono-police-blocks-sfc-officer-sobi-from-evicting-94-year-old-man/,2022-08-11
https://observer.ug/news/makerere-university-extends-vc-nawangwe-s-contract-by-another-5-years/,2022-08-12
https://observer.ug/news/embezzlement-bukwo-district-officials-fail-to-locate-shs-2bn-roads/,2022-08-15
https://observer.ug/news/red-beret-3-nup-supporters-sentenced-to-23-months-in-prison-released-immediately/,2022-08-15
https://observer.ug/news/works-ministry-split-as-museveni-brothers-order-appointment-of-kabatsi-as-urc-board-chair/,2022-08-16
https://observer.ug/news/raila-odinga-rejects-kenya-s-presidential-election-results/,2022-08-16
https://observer.ug/sports/namuwongo-s-amisi-blazes-real-stars-award/,2022-08-16
https://observer.ug/lifestyle-entertainment/how-bakonzo-came-to-conquer-uganda-s-hospitality-industry/,2022-08-16
https://observer.ug/news/new-ablution-block-to-improve-luzira-sanitation/,2022-08-16
https://observer.ug/business/bic-east-africa-commits-to-expand-presence-in-ugandan-market/,2022-08-17
https://observer.ug/news/us-hospital-writes-to-speaker-over-nambooze-mp-requires-prolonged-treatment/,2022-08-18
https://observer.ug/news/mps-probing-into-uganda-airlines-corruption-receive-death-threats/,2022-08-19
https://observer.ug/news/govt-to-regulate-school-fees-minister-moriku/,2022-08-21
https://observer.ug/news/ethiopian-airlines-suspends-pilots-who-fell-asleep-inflight-and-missed-landing/,2022-08-21
https://observer.ug/news/gsk-contracted-to-produce-world-s-first-malaria-vaccine/,2022-08-22
https://observer.ug/news/14-killed-in-west-nile-after-taking-city-5-gin-several-hospitalised/,2022-08-22
https://observer.ug/news/13-market-traders-perish-in-amuria-accident/,2022-08-22
https://observer.ug/news/four-family-members-killed-in-kabale-road-accident/,2022-08-22
https://observer.ug/news/uganda-airlines-wants-media-locked-out-of-parliamentary-probe-as-ceo-fails-to-show-up/,2022-08-23
https://observer.ug/business/uganda-clays-ltd-to-invest-shs-17-8bn-in-buying-land/,2022-08-23
https://observer.ug/business/price-of-building-materials-creates-housing-headache/,2022-08-23
https://observer.ug/viewpoint/4th-industrial-revolution-future-of-deconcentration-of-power/,2022-08-23
https://observer.ug/news/13-000-residents-to-benefit-from-new-water-system/,2022-08-23
https://observer.ug/lifestyle-entertainment/kfc-rice-complaints-should-be-on-quality-not-quantity/,2022-08-24
https://observer.ug/news/newly-appointed-chief-magistrates-decry-poor-infrastructure/,2022-08-24
https://observer.ug/news/drought-china-s-biggest-lake-loses-75-of-its-water/,2022-08-24
https://observer.ug/news/unra-asks-court-to-dismiss-street-lights-case-on-entebbe-expressway/,2022-08-26
https://observer.ug/news/100-learners-stuck-as-nema-demolishes-masanafu-islamic-primary-school/,2022-08-26
https://observer.ug/lifestyle-entertainment/watching-that-man-united-brentford-match-at-gtech-stadium/,2022-08-26
https://observer.ug/news/anti-corruption-court-summons-former-kcca-directors-over-wandegeya-market-fraud/,2022-08-29
https://observer.ug/viewpoint/my-grandmother-wishes-to-die-at-aga-khan-hospital/,2022-08-30
https://observer.ug/news/mpigi-woman-seeks-shs-5bn-compensation-over-death-of-her-son-after-covid-vaccination/,2022-08-30
https://observer.ug/business/uganda-needs-shs-67-trillion-to-reduce-land-ownership-dilemma/,2022-08-31
https://observer.ug/news/court-orders-district-chair-out-of-ssenfuka-s-disputed-land/,2022-08-31
https://observer.ug/news/two-sentenced-to-8-years-in-prison-for-killing-lions-in-kanungu/,2022-09-01
https://observer.ug/news/nwoya-prisons-commander-collapses-dies-in-nwoya-lodge/,2022-09-02
https://observer.ug/news/parliament-passes-avalanche-of-bills-against-money-laundering-terror-financing/,2022-09-04
https://observer.ug/education/school-dropouts-unesco-calls-for-global-transformation-of-education-sector/,2022-09-04
https://observer.ug/business/rubis-energy-rebrands-retail-stores-countrywide/,2022-09-05
https://observer.ug/education/korea-hands-over-dairy-project-for-makerere-university/,2022-09-05
https://observer.ug/news/is-kcca-mission-to-rescue-street-children-sustainable/,2022-09-05
https://observer.ug/news/uwa-staff-giving-away-mt-elgon-parkland-for-shs-50-000-goats/,2022-09-06
https://observer.ug/viewpoint/kampala-should-learn-wetlands-conservation-from-kigali/,2022-09-06
https://observer.ug/viewpoint/shaming-children-at-school-is-a-violation-of-their-rights/,2022-09-06
https://observer.ug/viewpoint/which-dialect-of-kiswahili-for-uganda-s-schools/,2022-09-06
https://observer.ug/news/kabaale-airport-to-be-completed-in-february-2023/,2022-09-06
https://observer.ug/news/schools-defyjanet-on-fees/,2022-09-06
https://observer.ug/news/govt-cancels-ham-s-titles-on-kabaka-s-kigo-land/,2022-09-07
https://observer.ug/news/st-peters-school-director-dies-behind-steering-wheel/,2022-09-07
https://observer.ug/business/plascon-donates-paint-worth-shs-30m-to-rubaga-hospital/,2022-09-07
https://observer.ug/news/pm-nabbanja-okays-nyege-nyege-festival-despite-parliament-resistance/,2022-09-07
https://observer.ug/lifestyle-entertainment/where-rings-of-power-disappoints/,2022-09-08
https://observer.ug/news/govt-parliament-still-fail-to-agree-on-nyege-nyege/,2022-09-08
https://observer.ug/news/rivalry-over-a-woman-cited-in-acorns-international-school-security-guard-shooting/,2022-09-09
https://observer.ug/sports/jacob-kiplimo-wins-half-marathon-run-in-england/,2022-09-11
https://observer.ug/news/uganda-starts-clearing-drc-compensation-debt-40m-paid-in-sept/,2022-09-11
https://observer.ug/news/kasese-mudslide-victims-given-shs-5m-compensation/,2022-09-12
https://observer.ug/business/completion-of-entebbe-road-refurbishment-to-ease-traffic-flow/,2022-09-12
https://observer.ug/business/nssf-completes-first-phase-of-rent-to-own-lubowa-housing-project/,2022-09-12
https://observer.ug/lifestyle-entertainment/sex-talk-of-school-fees-and-short-tempered-spouses/,2022-09-12
https://observer.ug/viewpoint/isimba-dam-why-does-uganda-settle-for-less/,2022-09-13
https://observer.ug/viewpoint/european-union-is-africa-s-partner-for-building-our-joint-future/,2022-09-13
https://observer.ug/viewpoint/let-parliament-which-has-no-sin-cast-the-first-stone/,2022-09-13
https://observer.ug/business/drones-being-considered-for-surveillance-of-power-infrastructure/,2022-09-13
https://observer.ug/news/mps-call-for-arrest-of-officials-who-issue-wetland-land-titles/,2022-09-14
https://observer.ug/news/six-remanded-for-defrauding-tropical-bank-of-shs-2bn/,2022-09-14
https://observer.ug/news/army-probes-commanders-over-robberies/,2022-09-14
https://observer.ug/sports/para-swimmer-kukundakwe-revels-in-real-stars-award-glory/,2022-09-14
https://observer.ug/news/minister-namuganza-walks-out-on-rules-committee/,2022-09-15
https://observer.ug/news/mps-want-uganda-airlines-management-disbanded-over-fraud/,2022-09-16
https://observer.ug/news/eight-injured-in-rukungiri-road-accident/,2022-09-16
https://observer.ug/news/mother-two-children-crushed-to-death-in-gulu-by-collapsed-school-perimeter-wall/,2022-09-16
https://observer.ug/lifestyle-entertainment/the-game-of-football-is-a-billion-pound-lifestyle-in-england/,2022-09-17
https://observer.ug/news/35-year-old-mbabazi-remanded-over-defrauding-magistrate-of-shs-450m/,2022-09-18
https://observer.ug/news/kenya-s-china-built-railway-to-lose-business-as-ruto-implements-campaign-promise/,2022-09-19
https://observer.ug/news/three-perish-in-mayuge-road-accident/,2022-09-19
https://observer.ug/news/namibia-discovers-oil-while-pursuing-green-energy/,2022-09-19
https://observer.ug/news/oil-european-parliament-resolution-divides-ugandans/,2022-09-19
https://observer.ug/news/slow-railway-and-road-works-render-gulu-logistics-hub-idle/,2022-09-19
https://observer.ug/news/experts-oppose-govt-takeover-of-soroti-flying-school/,2022-09-19
https://observer.ug/business/fellow-ugandans-let-us-have-coffee-over-affordable-housing/,2022-09-20
https://observer.ug/business/dollar-demand-in-energy-manufacturing-sectors-outweighs-inflows/,2022-09-20
https://observer.ug/viewpoint/updf-police-need-a-lifestyle-audit-to-protect-their-image/,2022-09-20
https://observer.ug/viewpoint/eu-parliament-resolution-on-ugandan-oil-is-an-attack-on-our-sovereignty/,2022-09-20
https://observer.ug/viewpoint/how-to-film-good-quality-videos/,2022-09-20
https://observer.ug/business/let-s-talk-about-entebbe-airport/,2022-09-20
https://observer.ug/news/sugarcane-farmers-abandon-fields-due-to-lack-of-markets/,2022-09-20
https://observer.ug/news/airtel-s-vanishing-data-blame-the-victim-tactics-call-for-a-forensic-audit/,2022-09-21
https://observer.ug/news/mps-pin-former-mulago-hospital-boss-byarugaba-over-missing-shs-4bn/,2022-09-22
https://observer.ug/news/netherlands-institute-withdraws-from-ipod-until-nup-fdc-join/,2022-09-22
https://observer.ug/news/chinese-contractor-assures-public-to-end-entebbe-road-flooding/,2022-09-22
https://observer.ug/news/dpc-kirumira-was-trailed-for-3-days-before-his-killing-state-witness/,2022-09-22
https://observer.ug/news/uganda-takes-oil-pipeline-fight-to-un-general-assembly/,2022-09-23
https://observer.ug/news/church-of-england-prohibits-archbishop-tutu-s-daughter-from-officiating-funeral/,2022-09-26
https://observer.ug/education/ugandan-schools-must-continue-with-e-learning-post-covid-govt/,2022-09-26
https://observer.ug/news/purity-baby-powder-recalled-from-market-over-cancer-causing-asbestos/,2022-09-26
https://observer.ug/news/chinese-company-falters-in-major-cambodian-airport-project/,2022-09-27
https://observer.ug/viewpoint/hats-off-to-the-frontline-workers-in-the-electricity-supply-industry/,2022-09-27
https://observer.ug/viewpoint/amendments-to-capital-markets-authority-act-needed-urgently/,2022-09-28
https://observer.ug/news/ambitious-youth-team-up-to-win-contracts-in-real-estate-sector/,2022-09-28
https://observer.ug/news/how-billions-vanish-in-big-hospitals/,2022-09-28
https://observer.ug/news/eacop-bunyoro-kingdom-unhappy-with-eu-parliament-resolution/,2022-09-29
https://observer.ug/business/extra-works-for-prone-entebbe-road-sections/,2022-09-29
https://observer.ug/news/bukimbiri-mp-kwizera-collapses-in-parliament/,2022-09-29
https://observer.ug/news/oil-protests-schools-say-they-were-duped-into-releasing-students/,2022-10-04
https://observer.ug/news/frustrated-bukwo-youth-stop-corruption-fight-over-govt-inaction/,2022-10-04
https://observer.ug/news/somaliland-mps-vote-to-extend-president-s-term-by-two-years/,2022-10-04
https://observer.ug/viewpoint/in-support-of-corruption/,2022-10-04
https://observer.ug/news/electricity-regulatory-authority-in-tree-planting-drive/,2022-10-04
https://observer.ug/business/nssf-looks-to-develop-temangalo-low-cost-housing-project/,2022-10-04
https://observer.ug/news/fire-guts-boys-dormitories-at-kabale-brainstorm-high-school/,2022-10-04
https://observer.ug/news/2-year-old-dies-in-bweyogerere-after-locking-self-inside-abandoned-car/,2022-10-06
https://observer.ug/news/corruption-former-zambia-health-minister-arrested-over-18m/,2022-10-06
https://observer.ug/news/madi-landlords-demand-shs-15bn-compensation-over-illegal-govt-refugee-resettlement/,2022-10-07
https://observer.ug/news/former-s-africa-president-zuma-set-free-after-completing-prison-term/,2022-10-07
https://observer.ug/news/nigeria-discovers-huge-hidden-underwater-pipeline-used-for-stealing-oil/,2022-10-07
https://observer.ug/news/police-must-pay-entebbe-expressway-toll-fees-unra-insists/,2022-10-08
https://observer.ug/business/buganda-partners-centenary-bank-on-land-loans/,2022-10-08
https://observer.ug/news/immigrant-workers-kyagulanyi-arrested-at-dubai-airport-concert-cancelled/,2022-10-08
https://observer.ug/news/ochola-orders-removal-of-all-roadblocks-after-museveni-s-complaints/,2022-10-10
https://observer.ug/news/parliament-approves-national-local-content-bill/,2022-10-10
https://observer.ug/news/total-snubs-eu-parliament-invitation-to-explain-uganda-oil-pipeline/,2022-10-11
https://observer.ug/news/tanzania-kenya-agree-to-fast-track-600km-gas-pipeline-project/,2022-10-11
https://observer.ug/viewpoint/central-bank-tightens-nuts-to-tame-inflation/,2022-10-11
https://observer.ug/business/lift-ban-on-facebook-to-enable-small-businesses-access-markets/,2022-10-12
https://observer.ug/news/lubowa-hospital-loan-ag-petitioners-conclude-court-submissions/,2022-10-14
https://observer.ug/education/here-s-why-schools-need-to-treat-learners-as-business-partners/,2022-10-14
https://observer.ug/news/kitgum-hospital-admits-second-suspected-ebola-patient/,2022-10-14
https://observer.ug/news/another-law-firm-abandons-sipapa-in-shs-1-6bn-robbery-case/,2022-10-14
https://observer.ug/news/police-opens-investigations-into-alleged-organ-harvesting-at-old-kampala-hospital/,2022-10-15
https://observer.ug/news/court-stays-shs-450m-daily-monitor-defamation-compensation-to-bigirimana/,2022-10-15
https://observer.ug/news/uganda-s-buyende-nuclear-power-plant-to-cost-shs-34-trillion/,2022-10-15
https://observer.ug/news/man-accusing-kampala-hospital-of-illegal-kidney-harvest-was-born-with-one-kidney-ct-scan/,2022-10-16
https://observer.ug/news/minors-sex-video-school-identified-teachers-on-the-run/,2022-10-17
https://observer.ug/news/sfc-admits-it-acted-on-wrong-intel-in-spennah-beach-eviction-row/,2022-10-18
https://observer.ug/news/chinese-investment-projects-spark-ecological-concerns-in-africa/,2022-10-18
https://observer.ug/sports/can-kcca-fc-stop-vipers/,2022-10-18
https://observer.ug/news/yet-another-ugandan-woman-stuck-in-saudi-arabian-hospital-cries-out/,2022-10-18
https://observer.ug/news/police-terminate-mou-with-iran-uganda-hospital/,2022-10-19
https://observer.ug/news/uganda-land-commission-fails-to-locate-files-of-police-land-in-naguru/,2022-10-20
https://observer.ug/news/shs-5bn-rehabilitation-center-for-migrant-workers-in-offing/,2022-10-21
https://observer.ug/lifestyle-entertainment/sad-day-for-rings-of-power-fans/,2022-10-21
https://observer.ug/news/uganda-railways-corporation-defends-self-on-buying-old-locomotives-over-cheaper-new-ones/,2022-10-24
https://observer.ug/news/museveni-slags-african-leaders-over-laziness-spectating-in-global-markets/,2022-10-24
https://observer.ug/news/11-pupils-perish-at-salama-school-of-blind-fire-in-mukono/,2022-10-25
https://observer.ug/news/british-royal-guards-warned-burnt-mukono-school-of-terror-attacks-hm-reveals/,2022-10-25
https://observer.ug/viewpoint/probe-jakana-nadduli-s-death/,2022-10-25
https://observer.ug/viewpoint/dear-nup-stick-to-your-people-power-ethos/,2022-10-25
https://observer.ug/business/marketers-tipped-on-ever-changing-industry-trends/,2022-10-25
https://observer.ug/news/prison-is-bad-but-worse-for-a-woman/,2022-10-25
https://observer.ug/news/malawians-protest-high-cost-of-living-alleged-corruption/,2022-10-27
https://observer.ug/news/museveni-declines-to-sign-parliamentary-pensions-amendment-bill-2022/,2022-10-28
https://observer.ug/lifestyle-entertainment/go-and-watch-black-adam/,2022-10-28
https://observer.ug/business/even-with-inflation-govt-priority-should-be-paying-local-suppliers/,2022-10-28
https://observer.ug/education/wfp-donates-logistics-to-support-karamoja-school-feeding-programme/,2022-10-28
https://observer.ug/news/contract-killing-kisoro-police-officer-shoots-dead-indian-businessman-for-shs-20m/,2022-10-29
https://observer.ug/news/ebola-schools-parents-defy-govt-on-visitation-days/,2022-10-31
https://observer.ug/business/betpawa-s-to-help-boda-boda-riders-food-market-vendors/,2022-10-31
https://observer.ug/news/former-uganda-airlines-ceo-acquitted-by-buganda-road-court/,2022-10-31
https://observer.ug/news/thugs-raid-riwo-hill-barracks-steal-two-firearms/,2022-10-31
https://observer.ug/news/museveni-to-preside-over-nwsc-jubilee-festivities/,2022-11-01
https://observer.ug/news/uneb-probes-possible-ple-leakage/,2022-11-01
https://observer.ug/viewpoint/digital-payments-for-healthcare-workers-can-facilitate-polio-eradication/,2022-11-01
https://observer.ug/news/mps-given-14-day-ultimatum-to-clear-parliamentary-parking-lot-of-redundant-cars/,2022-11-02
https://observer.ug/news/relief-as-uganda-airlines-is-granted-permission-to-land-s-africa-amidst-protests/,2022-11-02
https://observer.ug/news/museveni-orders-nms-to-vacate-new-shs-70bn-warehouse-built-in-kajjansi-wetland/,2022-11-03
https://observer.ug/business/uganda-airlines-bamuturaki-wins-africa-travel-tourism-award-in-lagos/,2022-11-03
https://observer.ug/lifestyle-entertainment/zaragoza-where-virgin-mary-appeared-and-built-a-basilica/,2022-11-04
https://observer.ug/news/cameroon-president-celebrates-40-years-in-power/,2022-11-04
https://observer.ug/news/jinja-hospital-seeks-funds-for-treatment-of-3000-malnourished-children/,2022-11-07
https://observer.ug/viewpoint/makuutu-rare-earth-elements-project-ought-to-pay-attention-to-human-rights-concerns/,2022-11-07
https://observer.ug/news/igg-warns-minister-magyezi-against-interfering-with-corruption-investigation-against-fort-portal-town-clerk/,2022-11-07
https://observer.ug/news/court-orders-arrest-imprisonment-of-busiro-south-elections-loser/,2022-11-07
https://observer.ug/news/ebola-govt-considering-closing-schools-early/,2022-11-08
https://observer.ug/news/govt-orders-all-schools-to-close-on-nov-25-over-ebola/,2022-11-08
https://observer.ug/business/wabibi-reusable-pads-win-award/,2022-11-08
https://observer.ug/news/silkworm-farmers-complain-over-delayed-shs-43bn-fund/,2022-11-08
https://observer.ug/news/uneb-scout-evacuated-to-mubende-hospital-after-presenting-with-ebola-like-symptoms/,2022-11-08
https://observer.ug/news/businessman-ham-kiggundu-sues-kabaka-over-kigo-land/,2022-11-11
https://observer.ug/news/kenyan-court-drops-60m-fraud-case-against-deputy-president/,2022-11-11
https://observer.ug/news/chinese-accuse-updf-of-stealing-fuel-meant-for-kapchorwa-road-construction/,2022-11-11
https://observer.ug/news/ubc-secures-world-cup-broadcasting-rights-at-shs-1-6bn/,2022-11-11
https://observer.ug/sports/akon-views-real-stars-award-as-boost-to-big-basketball-dreams/,2022-11-15
https://observer.ug/news/court-stops-cancellation-of-ham-s-kigo-land-title/,2022-11-15
https://observer.ug/viewpoint/easing-the-economic-environment-for-market-vendors-in-uganda/,2022-11-15
https://observer.ug/news/uganda-airlines-probe-bad-deals-listed-in-33-pages/,2022-11-16
https://observer.ug/education/take-child-mothers-back-to-school-minister-muyingo/,2022-11-16
https://observer.ug/sports/uganda-premier-league-ura-fc-coach-time-has-kcca-fc-in-sight/,2022-11-17
https://observer.ug/news/two-arrested-over-attack-on-gaddafi-barracks/,2022-11-18
https://observer.ug/news/grumbles-as-police-names-new-housing-block-after-gen-kale-kayihura/,2022-11-21
https://observer.ug/news/uace-kawempe-school-offers-shs-15m-bribe-to-uneb-supervisor/,2022-11-21
https://observer.ug/news/s-african-court-orders-80-year-old-former-president-zuma-to-return-to-prison/,2022-11-22
https://observer.ug/news/old-kampala-hospital-demands-apology-from-mayor-lukwago-over-organ-harvesting-allegations/,2022-11-22
https://observer.ug/viewpoint/uganda-at-crossroads-as-revolution-replaces-constitutionalism/,2022-11-22
https://observer.ug/business/nssf-2022-integrated-report-wins-financial-awards/,2022-11-22
https://observer.ug/education/over-400-youths-child-mothers-to-benefit-from-shs-560m-project/,2022-11-22
https://observer.ug/education/makerere-unveils-building-named-after-yusuf-lule/,2022-11-22
https://observer.ug/news/minister-advises-totalenergies-to-go-for-geothermal-energy/,2022-11-22
https://observer.ug/news/2-soldiers-75-civilians-arrested-in-karamoja-after-warriors-overrun-military-detach/,2022-11-25
https://observer.ug/news/tanzania-starts-rationing-power-water-due-to-drought/,2022-11-27
https://observer.ug/news/landslides-kills-at-least-14-at-a-funeral-in-cameroon/,2022-11-28
https://observer.ug/news/be-foward-car-import-agents-speak-out-on-fraud-allegations/,2022-11-29
https://observer.ug/viewpoint/let-s-create-housing-solutions-a-common-man-can-be-proud-of/,2022-11-29
https://observer.ug/viewpoint/school-heads-are-critical-in-managing-mental-health-issues-among-teenagers/,2022-11-29
https://observer.ug/business/ict-ministry-innovation-village-partner-to-unlock-market-for-innovations/,2022-11-29
https://observer.ug/business/expert-tips-entrepreneurs-on-building-systems/,2022-11-29
https://observer.ug/news/singer-alimpa-to-champion-road-safety-after-near-death/,2022-11-29
https://observer.ug/news/monitor-loses-bid-to-halt-museveni-defamation-case/,2022-11-30
https://observer.ug/sports/upl-onduparaka-fc-take-on-kcca-fc-in-last-home-tie-in-bombo/,2022-11-30
https://observer.ug/viewpoint/world-aids-day-driving-on-the-road-to-an-aids-free-uganda/,2022-12-01
https://observer.ug/news/rules-committee-recommends-minister-namuganza-censure/,2022-12-02
https://observer.ug/lifestyle-entertainment/in-memory-of-our-favourite-power-ranger/,2022-12-02
https://observer.ug/news/woman-found-dead-in-river-after-selling-house-to-minister-babalanda/,2022-12-02
https://observer.ug/news/uganda-secures-shs-1-1-trillion-to-rehabilitate-kampala-malaba-railway/,2022-12-02
https://observer.ug/news/liberia-president-s-long-stay-abroad-criticized/,2022-12-05
https://observer.ug/news/museveni-explains-why-security-will-continue-closing-roads-when-he-s-moving/,2022-12-05
https://observer.ug/news/moroto-hospital-records-officer-arrested-over-leaking-info-to-media/,2022-12-05
https://observer.ug/news/burkina-faso-bans-french-state-broadcaster-for-giving-voice-to-islamic-militants/,2022-12-07
https://observer.ug/news/emis-ministry-issues-ultimatum-to-schools/,2022-12-07
https://observer.ug/viewpoint/who-ll-tell-zaake-that-parliament-isn-t-a-cinema-hall/,2022-12-07
https://observer.ug/news/malawi-anti-corruption-bureau-boss-arrested-over-leaked-audio/,2022-12-07
https://observer.ug/news/security-orders-former-ambassador-nyago-off-contested-kigo-land/,2022-12-07
https://observer.ug/news/supreme-court-judge-ruby-opio-aweri-dies-at-mulago-hospital/,2022-12-07
https://observer.ug/sports/all-set-for-real-stars-end-of-year-awards/,2022-12-08
https://observer.ug/news/opposition-fails-to-block-shs-1-9bn-expenditure-to-mark-anti-corruption-day/,2022-12-08
https://observer.ug/news/uganda-secures-au-funds-to-end-water-scarcity-in-s-sudan-kenya/,2022-12-08
https://observer.ug/news/umeme-concession-will-not-be-renewed-after-2025-govt/,2022-12-08
https://observer.ug/news/minister-otafiire-orders-police-to-probe-nup-over-fake-torture-victims/,2022-12-08
https://observer.ug/business/mobile-fraud-blamed-on-abuse-of-sim-cards/,2022-12-09
https://observer.ug/news/museveni-now-reverses-order-on-roadblocks-checkpoints/,2022-12-12
https://observer.ug/news/jinja-road-police-officer-arrested-over-murdering-girlfriend/,2022-12-13
https://observer.ug/viewpoint/what-makes-a-good-school/,2022-12-13
https://observer.ug/viewpoint/africa-should-be-energy-reliant/,2022-12-13
https://observer.ug/viewpoint/wild-man-zaake-and-the-parliament-of-contradictions/,2022-12-13
https://observer.ug/news/parliament-pays-tribute-to-justice-rubby-opio-aweri/,2022-12-13
https://observer.ug/news/will-11th-parliament-heed-supreme-court-plea-for-law-on-marital-property/,2022-12-14
https://observer.ug/news/ec-relocates-from-jinja-road-to-industrial-area/,2022-12-15
https://observer.ug/news/govt-struggling-to-recover-stolen-funds-from-corrupt-officials/,2022-12-16
https://observer.ug/news/two-killed-10-injured-in-gulu-highway-accident/,2022-12-16
https://observer.ug/business/ubl-to-train-2000-in-hospitality-skills/,2022-12-17
https://observer.ug/news/mps-query-energy-officials-over-shs-23bn-undeclared-donor-funds/,2022-12-19
https://observer.ug/news/serere-mp-killed-in-road-accident-police-blames-speeding-truck-driver/,2022-12-19
https://observer.ug/news/road-accidents-claim-163-lives-injured-573-others-in-12-days/,2022-12-19
https://observer.ug/business/it-s-a-national-security-issue-to-protect-electricity-infrastructure/,2022-12-19
https://observer.ug/education/new-first-aid-school-to-train-rapid-emergency-responders/,2022-12-19
https://observer.ug/news/two-arrested-in-mukono-with-stolen-electricity-transmission-items/,2022-12-19
https://observer.ug/news/kenya-ban-of-boarding-schools-reignites-debate-in-uganda/,2022-12-19
https://observer.ug/news/agule-county-mp-kicked-out-of-parliament-as-court-orders-fresh-elections/,2022-12-20
https://observer.ug/news/igg-to-publish-shame-list-of-corrupt-officials-in-feb-2023/,2022-12-20
https://observer.ug/news/police-rescue-35-children-from-an-illegal-school/,2022-12-20
https://observer.ug/news/lower-fees-catholic-church-orders-its-schools/,2022-12-20
https://observer.ug/business/blencowe-sees-bright-future-at-kitgum-graphite-project/,2022-12-22
https://observer.ug/education/makerere-launches-master-s-degree-in-land-management/,2022-12-23
https://observer.ug/news/six-killed-one-injured-in-kapchorwa-road-accident/,2022-12-23
https://observer.ug/business/new-ai-powered-weather-forecasting-system-coming-to-uganda/,2022-12-24
https://observer.ug/news/speaker-tayebwa-presents-fallen-okabe-s-son-as-replacement-in-parliament/,2022-12-24
https://observer.ug/news/5-perish-in-masaka-highway-accident/,2022-12-27
https://observer.ug/news/suspected-food-poisoning-kills-one-leaves-several-hospitalised-at-citizen-tv/,2022-12-27
https://observer.ug/news/museveni-unveils-2023-plan-for-fuel-prices-land-fights/,2022-12-28
https://observer.ug/news/re-built-bridge-collapses-a-week-after-opening/,2022-12-28
https://observer.ug/news/museveni-stop-lamenting-bad-roads-not-the-cause-of-your-poverty/,2022-12-29
https://observer.ug/business/ministry-of-energy-gets-shs-136bn-grant-for-solar-mini-grids/,2022-12-30
https://observer.ug/news/is-new-pokhara-airport-on-china-s-bri-radar/,2023-01-01
https://observer.ug/news/27-newborns-abandoned-in-mbarara-city-since-october-2022/,2023-01-01
https://observer.ug/news/soroti-diso-remanded-over-shooting-to-death-solar-engineer-in-road-rage/,2023-01-02
https://observer.ug/news/36-south-sudanese-nationals-injured-in-amuru-road-accident/,2023-01-03
https://observer.ug/viewpoint/road-toll-technology-can-halve-accidents-on-our-roads/,2023-01-03
https://observer.ug/viewpoint/bou-s-digital-currency-project-should-pay-attention-to-users-privacy/,2023-01-03
https://observer.ug/news/experts-criticize-malawi-for-closing-schools-over-cholera-outbreak/,2023-01-03
https://observer.ug/news/rights-watchdog-sues-dpp-over-basajjabalaba-corruption-case/,2023-01-03
https://observer.ug/news/probe-into-former-nssf-boss-byarugaba-commences-thursday/,2023-01-04
https://observer.ug/news/freedom-city-abtex-remanded-till-jan-10-as-police-summons-building-owner/,2023-01-04
https://observer.ug/lifestyle-entertainment/the-organ-academy-positions-itself-as-the-ideal-classical-music-dream-school/,2023-01-05
https://observer.ug/news/16-killed-in-kamdini-bus-trailer-accident/,2023-01-06
https://observer.ug/news/army-identifies-soldiers-who-staged-illegal-makindye-roadblock/,2023-01-06
https://observer.ug/news/spain-investigates-equatorial-guinea-president-s-son-for-kidnapping/,2023-01-07
https://observer.ug/news/govt-loses-appeal-against-shs-50bn-fine-over-cancelled-mukono-land-title/,2023-01-10
https://observer.ug/news/rwanda-president-threatens-to-evict-congolese-refugees/,2023-01-10
https://observer.ug/sports/how-dr-takuba-navigated-kcca-fc-in-tough-times/,2023-01-10
https://observer.ug/news/if-market-tenderers-are-overcharging-vendors-we-ll-remove-them-obiga-kania/,2023-01-11
https://observer.ug/news/4-inmates-escape-from-rangem-govt-prison/,2023-01-11
https://observer.ug/news/pastor-sirajje-semanda-jailed-for-2-years-ordered-to-pay-shs-400m-fine-over-fraud/,2023-01-11
https://observer.ug/business/2023-projects-bright-future-for-uganda-airlines-after-shaky-start/,2023-01-12
https://observer.ug/sports/rugby-2023-15s-season-promises-fireworks/,2023-01-12
https://observer.ug/news/minister-namuganza-snubs-parliament-s-select-committee-again/,2023-01-13
https://observer.ug/news/54-trafficked-ugandans-died-abroad-in-2022-police/,2023-01-15
https://observer.ug/news/luwero-family-abandons-home-after-murder-of-son/,2023-01-16
https://observer.ug/news/analysts-question-viability-of-proposed-ugandan-railway-link-to-kenya/,2023-01-16
https://observer.ug/news/3-jinja-road-detectives-arrested-for-mishandling-rape-case-involving-pastor-twahirwa/,2023-01-16
https://observer.ug/news/speke-courts-hotel-building-collapse-injures-one-two-still-missing/,2023-01-17
https://observer.ug/business/bunyoro-gears-up-for-trade-as-more-roads-markets-are-completed/,2023-01-17
https://observer.ug/viewpoint/promoting-quality-improvement-of-healthcare-services/,2023-01-17
https://observer.ug/business/lessons-for-uganda-as-ghana-nears-building-nuclear-plant/,2023-01-17
https://observer.ug/news/maama-kits-in-public-hospitals-are-free-of-charge/,2023-01-18
https://observer.ug/news/lawyers-judges-berate-parliament-over-vague-laws/,2023-01-18
https://observer.ug/sports/nakivubo-stadium-shapes-up/,2023-01-19
https://observer.ug/news/entebbe-airport-ucaa-apologises-for-extortion-allegations-pledges-enhanced-supervision/,2023-01-20
https://observer.ug/news/extortion-aviation-official-arrested-others-suspended-at-entebbe-airport/,2023-01-22
https://observer.ug/news/speke-courts-hotel-cordoned-off-as-crime-scene-after-building-collapse/,2023-01-23
https://observer.ug/news/church-probes-homosexuality-claims-at-king-s-college-budo/,2023-01-23
https://observer.ug/news/police-to-probe-real-motive-being-arsenal-fans-procession-in-jinja/,2023-01-24
https://observer.ug/viewpoint/why-should-corruption-shock-us-anymore/,2023-01-24
https://observer.ug/sports/express-32-years-at-wankulukuku-stadium/,2023-01-24
https://observer.ug/viewpoint/success-of-tubonga-nawe-artists-suggests-working-with-nrm-isn-t-damaging/,2023-01-24
https://observer.ug/news/hospital-and-a-home-uganda-shelters-offer-a-lifeline-to-cancer-patients/,2023-01-24
https://observer.ug/news/auditor-general-launches-citizens-feedback-platform/,2023-01-24
https://observer.ug/news/suspects-tortured-in-police-prison-cells-new-report/,2023-01-24
https://observer.ug/news/speaker-names-select-committee-to-investigate-nssf/,2023-01-26
https://observer.ug/education/chatgpt-bot-passes-us-law-school-exam/,2023-01-26
https://observer.ug/news/igg-investigates-mismanagement-at-entebbe-airport/,2023-01-26
https://observer.ug/news/no-school-fees-increment-this-term-janet-museveni/,2023-01-27
https://observer.ug/news/grief-as-ssegirinya-s-hospital-closes-completely/,2023-01-28
https://observer.ug/news/journalist-serwanjja-investigative-reporting-has-power-to-transform-lives/,2023-01-29
https://observer.ug/news/power-theft-umeme-disconnects-home-katikamu-mp-s-home-school/,2023-01-30
https://observer.ug/news/court-of-appeal-okays-trial-of-kabarole-lands-officers-for-forgery/,2023-01-31
https://observer.ug/lifestyle-entertainment/cheers-celebration-as-usa-embassy-awards-13-ugandans/,2023-01-31
https://observer.ug/news/us-court-awards-esther-nakajiggo-s-family-shs-40bn-over-her-death/,2023-01-31
https://observer.ug/news/report-corruption-acts-and-get-handsome-commission-igg/,2023-02-01
https://observer.ug/viewpoint/govt-has-legal-mandate-to-regulate-school-fees/,2023-02-01
https://observer.ug/viewpoint/tayebwa-mustn-t-distract-ugandans-from-a-wanting-parliament/,2023-02-01
https://observer.ug/news/parliament-approves-shs-50-trillion-budget-framework/,2023-02-01
https://observer.ug/news/uganda-railways-corporation-finance-fight-over-301m-loan-cash/,2023-02-02
https://observer.ug/news/kisaka-summoned-to-explain-shs-1-1-trillion-kampala-road-works/,2023-02-03
https://observer.ug/news/speeding-subaru-driver-kills-two-toddlers-along-jinja-kamulu-highway/,2023-02-05
https://observer.ug/news/24-year-old-man-chops-off-father-s-head-over-land-in-namisindwa/,2023-02-06
https://observer.ug/news/investigate-nssf-while-i-m-in-office-byarugaba-pleads-to-mps/,2023-02-06
https://observer.ug/news/minister-s-driver-who-damaged-student-s-suitcase-ordered-to-report-to-police/,2023-02-06
https://observer.ug/news/powerful-earthquake-kills-more-than-3-700-in-turkey-syria/,2023-02-07
https://observer.ug/business/the-low-cost-prisons-high-end-morgues-and-link-to-ple-results/,2023-02-07
https://observer.ug/news/auditor-general-pins-nssf-over-shs-140bn-savers-cash-on-suspense-account/,2023-02-07
https://observer.ug/viewpoint/dismissing-public-interest-action-is-a-scandal-of-epic-proportions/,2023-02-08
https://observer.ug/news/china-s-belt-road-objectives-shifting/,2023-02-08
https://observer.ug/sports/wakiso-giants-versus-kcca-tops-bill-as-league-resumes/,2023-02-08
https://observer.ug/news/uce-first-lady-orders-probe-into-high-girls-school-dropouts/,2023-02-09
https://observer.ug/news/kabale-hospital-stuck-with-5-decomposing-unclaimed-bodies/,2023-02-10
https://observer.ug/business/plascon-donates-paint-worth-shs-50m-to-corsu-hospital/,2023-02-11
https://observer.ug/news/s-africa-declares-state-of-disaster-over-electricity-crisis/,2023-02-11
https://observer.ug/business/uganda-s-money-markets-face-tight-liquidity-conditions/,2023-02-11
https://observer.ug/news/south-sudan-accuses-kenya-of-border-encroachment/,2023-02-11
https://observer.ug/news/two-nms-staff-killed-in-road-accident-in-oyam/,2023-02-12
https://observer.ug/news/illegal-for-nssf-to-issue-loans-to-uganda-clays-housing-finance-bank-urbra/,2023-02-13
https://observer.ug/news/restructured-nema-set-to-triple-its-manpower/,2023-02-13
https://observer.ug/news/how-stanbic-unearthed-shs-7bn-bank-fraud/,2023-02-15
https://observer.ug/news/kasese-father-attempts-to-hack-daughter-over-school-fees-demands/,2023-02-15
https://observer.ug/news/kcca-boss-kisaka-fingered-over-shs-1tn-city-road-works/,2023-02-17
https://observer.ug/lifestyle-entertainment/abridged-novel-versions-not-that-bad/,2023-02-17
https://observer.ug/sports/boxer-bwogi-sweeps-january-awards/,2023-02-17
https://observer.ug/news/not-gone-17-year-old-girl-found-alive-inside-apac-hospital-mortuary/,2023-02-19
https://observer.ug/news/uganda-human-rights-commission-awards-shs-67m-to-7-torture-victims/,2023-02-19
https://observer.ug/news/medical-intern-arrested-over-raping-entebbe-hospital-patient/,2023-02-20
https://observer.ug/news/construction-works-at-kabaale-airport-halted-over-funds/,2023-02-21
https://observer.ug/education/uneb-invites-schools-schools-to-defend-withheld-results/,2023-02-23
https://observer.ug/news/mbarara-physical-planner-approving-constructions-without-site-visits/,2023-02-23
https://observer.ug/lifestyle-entertainment/making-sense-of-hollywood-s-latest-trailers/,2023-02-24
https://observer.ug/business/digitization-aids-nms-efforts-to-counter-theft-of-medicines-in-hospitals/,2023-02-25
https://observer.ug/business/how-nssf-clamped-down-on-suspense-account-fraud-and-won-shs-152m-case/,2023-02-25
https://observer.ug/news/mabirizi-released-from-prison-after-serving-one-year-of-18-month-jail-term/,2023-02-25
https://observer.ug/education/keeping-in-school-reignites-hope-for-refugee-children/,2023-02-26
https://observer.ug/news/police-officer-killed-in-ntungamo-highway-accident/,2023-02-27
https://observer.ug/news/kcca-speakers-remanded-over-protest-at-parliament/,2023-02-28
https://observer.ug/news/partial-results-of-disputed-nigeria-election-show-tinubu-in-lead/,2023-02-28
https://observer.ug/viewpoint/iron-sheets-saga-a-set-back-on-war-against-corruption/,2023-02-28
https://observer.ug/sports/remembering-26-years-of-the-mandela-stadium-completion/,2023-02-28
https://observer.ug/business/stanbic-bank-s-juuko-speaks-out-on-fraud-in-financial-sector/,2023-02-28
https://observer.ug/news/drc-suspends-traffic-again-on-roads-connecting-to-goma-over-new-rebel-threat/,2023-03-03
https://observer.ug/news/parents-storm-pmm-girls-school-jinja-over-homosexuality-allegations/,2023-03-03
https://observer.ug/news/85-year-old-john-nagenda-dies-at-medipal-hospital/,2023-03-04
https://observer.ug/news/parliament-drops-ex-speaker-kadaga-s-radio-project-donates-equipment-to-ubc/,2023-03-05
https://observer.ug/news/lesbian-pmm-girls-school-sports-teacher-arrested/,2023-03-06
https://observer.ug/education/speaker-among-orders-minister-to-combat-bullying-in-schools/,2023-03-06
https://observer.ug/news/un-summit-poor-nations-lash-out-at-richer-western-powers-looting/,2023-03-06
https://observer.ug/sports/pepsi-schools-champions-league-kicks-off-tuesday-at-legends/,2023-03-06
https://observer.ug/news/schools-s-3-students-still-confused-on-elective-subjects/,2023-03-06
https://observer.ug/news/how-nagirinya-2019-murder-was-planned-from-luzira-prison-in-2013/,2023-03-07
https://observer.ug/news/stolen-school-computers-police-dog-tracks-down-cre-teacher/,2023-03-07
https://observer.ug/viewpoint/kcca-must-up-its-game/,2023-03-08
https://observer.ug/news/world-bank-pledges-to-accelerate-women-equality-and-empowerment/,2023-03-08
https://observer.ug/viewpoint/gender-lens-investments-catalyst-for-economic-equality/,2023-03-08
https://observer.ug/viewpoint/no-loss-of-taxpayers-money-in-entebbe-airport-expansion-works/,2023-03-08
https://observer.ug/viewpoint/corruption-derives-authority-from-political-command-structure-the-cabinet/,2023-03-08
https://observer.ug/news/pmm-girls-school-lesbian-deputy-headteacher-lover-charged/,2023-03-09
https://observer.ug/news/chaos-as-road-contractors-present-questionable-ids-to-kcca-council-meeting/,2023-03-10
https://observer.ug/business/davis-shirtliff-calls-for-smart-water-monitoring/,2023-03-10
https://observer.ug/news/storm-freddy-pounds-mozambique-again-after-making-2nd-landfall/,2023-03-12
https://observer.ug/news/nuclear-power-plant-buyende-residents-warned-against-selling-land-to-speculators/,2023-03-12
https://observer.ug/news/iran-over-100-arrested-over-mystrey-school-poisonings/,2023-03-12
https://observer.ug/news/malawi-suspends-schools-as-cyclone-freddy-kills-40/,2023-03-14
https://observer.ug/business/no-factory-shall-be-allowed-in-wetlands-bahati/,2023-03-14
https://observer.ug/viewpoint/let-s-count-our-losses-lubowa-hospital-needs-to-be-buried/,2023-03-14
https://observer.ug/sports/express-kcca-in-cup-action/,2023-03-14
https://observer.ug/news/corruption-probe-clears-s-african-president-of-theft/,2023-03-16
https://observer.ug/education/missing-uce-uace-results-irk-mbale-school-parents/,2023-03-16
https://observer.ug/news/over-1-350-youths-to-benefit-from-shs-1-4bn-empowerment-program/,2023-03-17
https://observer.ug/business/uganda-to-scrap-take-or-pay-contracts-in-electricity-industry/,2023-03-19
https://observer.ug/business/electricity-regulator-gets-new-technical-director/,2023-03-19
https://observer.ug/news/zambia-auditor-general-17-others-arrested-on-corruption-charges/,2023-03-20
https://observer.ug/news/ghost-projects-discovered-in-hoima/,2023-03-20
https://observer.ug/news/tear-gas-as-kenya-opposition-protests-over-inflation/,2023-03-20
https://observer.ug/viewpoint/unending-corruption-scandals-give-govt-bad-image/,2023-03-22
https://observer.ug/viewpoint/three-horror-stories-three-schools-three-dead-children/,2023-03-22
https://observer.ug/news/not-even-prison-could-stop-mabirizi-from-doing-what-he-does-best-file-court-cases/,2023-03-22
https://observer.ug/news/igg-orders-investigation-into-extortion-at-mukono-hospital/,2023-03-23
https://observer.ug/news/court-of-appeal-orders-businessman-lubega-to-pay-shs-300m-for-illegally-evicting-tenants/,2023-03-23
https://observer.ug/news/7-year-old-boy-collapses-to-death-during-school-athletics-competition/,2023-03-23
https://observer.ug/news/ministers-in-karamoja-iron-sheets-scandal-not-immune-to-prosecution-igg/,2023-03-24
https://observer.ug/news/kawanda-school-shooting-updf-sergeant-remanded-till-may-8/,2023-03-24
https://observer.ug/news/gulu-hospital-ct-scan-machine-lying-idle-over-lack-of-operator/,2023-03-25
https://observer.ug/viewpoint/rebuilding-the-cranes-team-needs-radical-steps/,2023-03-28
https://observer.ug/news/red-cross-trains-district-leaders-in-emergency-sanitation/,2023-03-29
https://observer.ug/news/isaac-mulindwa-accuses-mafia-clique-of-assault-land-grabbing/,2023-03-29
https://observer.ug/news/land-businessman-petitions-museveni-over-maj-wanyama/,2023-03-29
https://observer.ug/news/one-killed-two-injured-as-centenary-high-school-perimeter-wall-collapses/,2023-03-31
https://observer.ug/news/iron-sheets-scandal-8-protestors-remanded/,2023-03-31
https://observer.ug/sports/league-resumes-with-kcca-sc-villa-locked-in-title-race/,2023-04-01
https://observer.ug/news/trailer-driver-remanded-for-knocking-dead-minister-s-daughter/,2023-04-03
https://observer.ug/news/khartoum-based-airlines-badr-starts-flights-to-entebbe-airport/,2023-04-03
https://observer.ug/news/former-mp-mabikke-again-loses-bid-to-force-ldc-to-reinstate-revoked-diploma/,2023-04-04
https://observer.ug/lifestyle-entertainment/ikon-awards-reward-tv-film-talent/,2023-04-04
https://observer.ug/education/tesi-fashion-school-awards-best-students/,2023-04-04
https://observer.ug/news/air-tanzania-1st-boeing-767-cargo-aircraft-inflated-by-49-million/,2023-04-05
https://observer.ug/business/first-lady-calls-for-more-women-empowerment/,2023-04-06
https://observer.ug/sports/vipers-resume-upl-bid/,2023-04-07
https://observer.ug/lifestyle-entertainment/tough-road-ahead-for-comic-book-film-genre/,2023-04-07
https://observer.ug/news/3-corrupt-border-security-officers-exposed-after-failing-to-share-10-000-bribe/,2023-04-10
https://observer.ug/news/reconstructed-christ-the-king-church-reopens-doors-to-catholics-after-6-years/,2023-04-10
https://observer.ug/news/russia-ukraine-swap-200-prisoners-of-war/,2023-04-10
https://observer.ug/news/govt-watoto-disagree-over-demolition-kpc-building/,2023-04-10
https://observer.ug/viewpoint/here-s-how-the-road-fund-is-governed/,2023-04-11
https://observer.ug/business/shs-4-billion-electricity-project-goes-live/,2023-04-12
https://observer.ug/business/era-lowers-electricity-end-user-tariffs/,2023-04-12
https://observer.ug/news/cosase-grills-kcca-officials-over-misuse-of-public-funds/,2023-04-12
https://observer.ug/news/ministry-of-works-takes-over-motor-vehicle-registration/,2023-04-12
https://observer.ug/news/museveni-orders-probe-into-arua-market-stalls-allocation/,2023-04-13
https://observer.ug/news/kcca-boss-kisaka-minister-kyofatogabye-face-arrest-over-open-open-sewers/,2023-04-14
https://observer.ug/news/minister-lugolobi-arrested-over-karamoja-iron-sheets-scandal/,2023-04-15
https://observer.ug/news/retired-judge-musene-dies-at-mbale-hospital/,2023-04-17
https://observer.ug/news/nms-harnesses-technology-to-counter-medicine-theft-in-public-hospitals/,2023-04-18
https://observer.ug/viewpoint/trust-president-museveni-on-fight-against-corruption/,2023-04-19
https://observer.ug/viewpoint/kcca-decline-where-did-it-all-go-wrong/,2023-04-19
https://observer.ug/sports/byekwaso-exit-when-kcca-can-t-stand-their-own-heroes/,2023-04-19
https://observer.ug/viewpoint/the-impact-of-workers-compensation-insurance-on-employee-morale/,2023-04-19
https://observer.ug/news/gov-t-to-pay-shs-802-billion-in-umeme-buyout/,2023-04-19
https://observer.ug/news/fruits-give-nwoya-youths-hope-but-govt-delaying-to-establish-factory/,2023-04-19
https://observer.ug/viewpoint/three-things-muhoozi-bid-is-telling-the-country/,2023-04-19
https://observer.ug/news/bwebajja-residents-petition-state-house-over-land-grabbing-by-sfc/,2023-04-19
https://observer.ug/news/we-spend-shs-400bn-a-year-on-medical-bills-abroad-nambooze/,2023-04-19
https://observer.ug/business/the-different-types-of-trading-orders-their-market-application/,2023-04-19
https://observer.ug/sports/power-seek-to-end-losing-streak-against-canons/,2023-04-20
https://observer.ug/sports/vipers-mount-more-pressure-on-villa-kcca/,2023-04-20
https://observer.ug/business/is-it-the-end-of-the-road-for-pay-tv-in-uganda/,2023-04-20
https://observer.ug/news/museveni-declines-to-sign-anti-homosexuality-bill-returns-it-to-parliament/,2023-04-21
https://observer.ug/education/mps-allocate-shs-15-billions-towards-renovation-of-govt-schools/,2023-04-24
https://observer.ug/news/ugandan-officials-chased-out-of-international-meetings-over-non-payment/,2023-04-25
https://observer.ug/business/iron-sheets-ministers-should-not-be-members-of-parliament/,2023-04-25
https://observer.ug/education/character-positive-energy-are-decisive-in-career-development/,2023-04-25
https://observer.ug/news/museveni-returns-to-parliament-anti-homosexuality-bill-for-reconsideration/,2023-04-26
https://observer.ug/business/protecting-investments-through-project-agreements-key-contractual-provisions-to-consider/,2023-04-27
https://observer.ug/news/princess-diana-health-centre-under-probe-over-extortion/,2023-04-27
https://observer.ug/news/future-of-kilembe-mines-hospital-hangs-in-balance/,2023-04-27
https://observer.ug/news/busoga-police-rescues-9-umeme-employees-from-angry-mob/,2023-04-28
https://observer.ug/news/two-nakasongola-army-school-teachers-arrested-over-assaulting-s-1-student/,2023-04-28
https://observer.ug/news/museveni-praises-dpp-for-going-tough-against-corrupt-ministers/,2023-04-28
https://observer.ug/sports/can-mayanja-win-league-for-kcca/,2023-04-29
https://observer.ug/news/delayed-salaries-luwero-district-pleads-to-banks-to-be-lenient-to-civil-servants/,2023-04-30
https://observer.ug/news/apaa-land-grabbing-updf-commander-demands-shs-600m-from-online-blog/,2023-05-02
https://observer.ug/news/nwsc-to-disconnect-police-prisons-over-shs-19bn-arrears/,2023-05-02
https://observer.ug/news/museveni-to-set-up-another-anti-corruption-unit/,2023-05-03
https://observer.ug/news/will-aga-khan-university-hospital-transform-our-healthcare-training/,2023-05-03
https://observer.ug/news/5-family-members-perish-in-kisoro-landslides/,2023-05-03
https://observer.ug/news/corruption-zambia-police-surround-former-president-lungu-s-house/,2023-05-03
https://observer.ug/news/high-court-confirms-3-terror-charges-against-ex-guantanamo-bay-prisoner/,2023-05-03
https://observer.ug/sports/kcca-press-jogoos/,2023-05-04
https://observer.ug/sports/john-mutenda-a-calming-presence-kcca-will-miss/,2023-05-05
https://observer.ug/news/journalist-atuhaire-wins-eu-human-rights-defenders-award/,2023-05-07
https://observer.ug/business/2-500-rotarians-cause-inflation-in-mbarara/,2023-05-07
https://observer.ug/news/corruption-luwero-district-service-commission-tasked-to-restore-lost-image/,2023-05-08
https://observer.ug/business/uganda-moves-to-tap-into-nigerian-market/,2023-05-08
https://observer.ug/news/denied-info-court-award-lawyer-mabirizi-shs-5m/,2023-05-08
https://observer.ug/news/govt-moves-to-borrow-shs-852bn-loan-to-rehabilitate-kampala-malaba-railway/,2023-05-09
https://observer.ug/viewpoint/even-at-crossroads-there-s-a-glimmer-of-hope-in-our-game/,2023-05-09
https://observer.ug/sports/making-sense-of-uganda-s-joint-bid-for-the-2027-afcon/,2023-05-09
https://observer.ug/viewpoint/time-to-embrace-digital-payments-for-immunization-health-workers/,2023-05-09
https://observer.ug/viewpoint/8-activists-vs-3-ministers-to-fight-or-not-fight-corruption/,2023-05-09
https://observer.ug/news/fearless-atuhaire-wins-2023-eu-human-rights-defenders-award/,2023-05-09
https://observer.ug/news/creativity-saves-conjoined-twins-at-soroti-hospital/,2023-05-10
https://observer.ug/news/kcca-on-the-spot-over-improper-staff-recruitments/,2023-05-10
https://observer.ug/sports/mayanja-drowns-kcca-fc-with-needless-petulance/,2023-05-10
https://observer.ug/news/jinja-school-deputy-headteacher-accused-of-lesbianism-granted-bail/,2023-05-11
https://observer.ug/business/era-s-ziria-waako-awarded-national-medal/,2023-05-11
https://observer.ug/news/court-dismisses-drowned-man-case-against-kcca/,2023-05-12
https://observer.ug/news/policeman-shoots-dead-indian-money-at-parliamentary-avenue/,2023-05-12
https://observer.ug/news/buganda-partners-fida-to-help-women-acquire-land-titles/,2023-05-13
https://observer.ug/business/teslon-helps-homeowners-save-electricity-using-smartphones/,2023-05-13
https://observer.ug/education/what-next-after-the-revocation-of-fairland-university-license/,2023-05-13
https://observer.ug/business/traders-rave-in-market-access-through-merchandise-uganda/,2023-05-14
https://observer.ug/news/museveni-promotes-187-prison-officers/,2023-05-15
https://observer.ug/news/gen-muhoozi-dragged-to-east-african-court-over-presidential-bid/,2023-05-15
https://observer.ug/news/contractor-refuses-to-hand-over-kabale-hospital-staff-hostel-over-shs-790m/,2023-05-15
https://observer.ug/business/parents-teachers-laud-pesajet-for-school-fees-advance-solution/,2023-05-16
https://observer.ug/news/food-prices-increase-by-50-due-to-masaka-road-closure/,2023-05-16
https://observer.ug/news/nssf-donates-shs-1bn-to-renovate-public-primary-schools/,2023-05-17
https://observer.ug/viewpoint/how-to-get-away-with-corruption-in-uganda/,2023-05-17
https://observer.ug/news/environmentalists-want-mandela-millers-prosecuted-over-busega-wetland-encroachment/,2023-05-17
https://observer.ug/news/lira-cao-ogwete-remanded-by-anti-corruption-court-over-abuse-of-office/,2023-05-17
https://observer.ug/news/police-officer-who-killed-moneylender-remanded-to-luzira-prison/,2023-05-17
https://observer.ug/news/nebbi-hospital-to-be-disconnected-over-shs-800m-water-bill-arrears/,2023-05-17
https://observer.ug/business/kcca-absa-partner-to-support-environmental-sustainability/,2023-05-18
https://observer.ug/news/ura-gold-scandal-dubai-ruler-rules-in-favour-of-american-businessman/,2023-05-18
https://observer.ug/news/mulago-hospital-urges-men-to-take-up-tetanus-vaccination/,2023-05-19
https://observer.ug/news/opposition-protests-museveni-luxurious-lifestyle-as-parliament-passes-shs-53tn-budget/,2023-05-19
https://observer.ug/business/cyanase-makes-investment-accessible-to-underserved-markets/,2023-05-21
https://observer.ug/news/zimbabwe-president-releases-over-4-000-prisoners-ahead-of-elections/,2023-05-22
https://observer.ug/news/gen-katumba-daughter-driver-shooting-trial-delayed-over-lack-of-interpreters/,2023-05-22
https://observer.ug/news/nebbi-hospital-pharmacist-arrested-over-stolen-govt-drugs/,2023-05-23
https://observer.ug/news/businessman-remanded-over-defrauding-cairo-bank-out-of-shs-200m/,2023-05-23
https://observer.ug/business/delay-to-pass-law-hurts-fight-against-tax-evasion-avoidance/,2023-05-24
https://observer.ug/news/is-kampala-s-housing-sector-an-avenue-for-money-laundering/,2023-05-24
https://observer.ug/news/safety-concerns-pupils-at-risk-on-kitante-road/,2023-05-24
https://observer.ug/education/stressed-students-meeting-stressed-teachers-at-schools/,2023-05-24
https://observer.ug/news/govt-tables-shs-2-3-trillion-loan-request-for-kampala-roads/,2023-05-25
https://observer.ug/business/ezeemoney-eases-e-payments-for-end-users/,2023-05-25
https://observer.ug/news/seven-family-members-buried-alive-by-bulambuli-landslides/,2023-05-26
https://observer.ug/business/paylater-changing-uganda-s-hire-purchase-landscape/,2023-05-27
https://observer.ug/lifestyle-entertainment/how-bobi-wine-s-carolina-kept-this-girl-in-school/,2023-05-28
https://observer.ug/news/six-awarded-for-preserving-uganda-s-cultural-heritage/,2023-05-29
https://observer.ug/news/minister-nandutu-loses-bid-to-halt-karamoja-iron-sheets-trial/,2023-05-29
https://observer.ug/news/nche-to-abandon-expired-tag-on-university-courses/,2023-05-29
https://observer.ug/business/has-efris-been-able-to-combat-vat-fraud/,2023-05-30
https://observer.ug/business/women-traders-unveil-platform-to-ease-market-access/,2023-05-30
https://observer.ug/viewpoint/uganda-s-mission-in-somalia-reassessing-priorities-combating-corruption/,2023-05-30
https://observer.ug/viewpoint/president-biden-should-stop-spitting-on-uganda-s-national-flag/,2023-05-30
https://observer.ug/news/4-hoima-service-commission-officials-arrested-over-corruption-abuse-of-office/,2023-06-01
https://observer.ug/business/safeboda-s-digital-payments-excite-riders-and-their-customers/,2023-06-01
https://observer.ug/news/zimbabwe-parliament-passes-law-banning-govt-criticism/,2023-06-01
https://observer.ug/news/chaos-as-army-closes-namugongo-roads-before-traffic-plans/,2023-06-02
https://observer.ug/news/30-pilgrims-hospitalized-70-arrested-over-theft/,2023-06-04
https://observer.ug/news/anti-corruption-court-issues-criminal-summons-against-minister-lugoloobi/,2023-06-05
https://observer.ug/education/unatu-donates-scholastic-materials-to-moroto-schools/,2023-06-05
https://observer.ug/news/former-kawempe-south-mp-munyagwa-arrested-over-land-wrangles/,2023-06-06
https://observer.ug/lifestyle-entertainment/nana-kagga-s-mukisa-wins-big-at-uganda-film-awards/,2023-06-06
https://observer.ug/news/former-mp-munyagwa-4-others-remanded-to-luzira-prison/,2023-06-06
https://observer.ug/viewpoint/will-rare-earth-minerals-increase-africa-s-geopolitical-bargaining-power-in-the-world/,2023-06-06
https://observer.ug/news/construction-delay-for-g77-summit-roads-leaves-unra-in-a-spot-of-bother/,2023-06-06
https://observer.ug/news/structural-legal-issues-cast-doubt-on-digital-number-plate-project/,2023-06-06
https://observer.ug/news/makerere-university-grapples-with-delayed-staff-salaries/,2023-06-09
https://observer.ug/news/dr-mugisha-wins-international-freedom-award/,2023-06-09
https://observer.ug/news/arua-hospital-patients-denied-x-ray-ct-scan-services-over-lack-of-smartphones/,2023-06-11
https://observer.ug/business/clinicpesa-saves-expectant-mothers-from-financial-pressures/,2023-06-13
https://observer.ug/viewpoint/hospital-water-cuts-were-unethical-decisions/,2023-06-14
https://observer.ug/viewpoint/hybrid-electricity-customer-connection-credit-framework-what-you-need-to-know/,2023-06-14
https://observer.ug/sports/kcca-fc-appoint-traguil-to-kick-start-renaissance/,2023-06-14
https://observer.ug/news/water-weed-threatens-fish-tourism-in-kazinga-channel/,2023-06-14
https://observer.ug/news/six-arrested-over-embezzling-over-shs-11bn-in-fresh-opm-scandal/,2023-06-15
https://observer.ug/business/airtel-money-pay-powering-uganda-s-cashless-economy-drive/,2023-06-15
https://observer.ug/news/eritrean-national-arrested-at-entebbe-airport-with-80-passports/,2023-06-15
https://observer.ug/news/supreme-court-judge-stella-arach-amoko-dies-at-nakasero-hospital/,2023-06-17
https://observer.ug/news/museveni-sends-mbadi-muhanga-to-kasese-after-rebels-attack-on-school/,2023-06-17
https://observer.ug/education/unicef-condemns-attack-on-kasese-school/,2023-06-17
https://observer.ug/news/muslim-lawyers-task-uhrc-to-investigate-raid-on-sheikh-kamoga-s-home/,2023-06-18
https://observer.ug/news/cameroon-govt-to-close-tvs-that-broadcast-programs-with-homosexuality-scenes/,2023-06-19
https://observer.ug/news/igg-kamya-declines-to-resign-over-corruption-talk/,2023-06-19
https://observer.ug/education/chinese-firms-donate-shs-1-7bn-to-entebbe-special-needs-school/,2023-06-19
https://observer.ug/viewpoint/financial-resilience-how-to-safeguard-against-scams-fraud/,2023-06-21
https://observer.ug/news/mpuuga-tours-expose-the-rot-in-government-hospitals-and-schools/,2023-06-21
https://observer.ug/education/students-in-kasese-abandon-schools-after-attack-on-lhubiriha-ss/,2023-06-23
https://observer.ug/business/malticard-digitizes-business-cards-school-pick-ups/,2023-06-24
https://observer.ug/news/completion-of-kabalega-airport-pushed-to-october/,2023-06-24
https://observer.ug/news/police-stuck-with-6-unclaimed-unidentified-bodies-of-kasese-school-attack/,2023-06-26
https://observer.ug/news/soroti-engineer-charged-over-shs-24-4m-fraud/,2023-06-27
https://observer.ug/business/africans-must-solve-maize-disputes-before-meddling-in-ukraine-conflict/,2023-06-27
https://observer.ug/viewpoint/your-mail-uganda-should-tap-kinshasa-market/,2023-06-28
https://observer.ug/viewpoint/dpp-s-decision-on-mabaati-casts-doubt-on-nrm-anti-corruption-fight/,2023-06-28
https://observer.ug/news/new-virtual-health-insurance-cards-to-restrict-fraudsters/,2023-06-28
https://observer.ug/news/how-disconnection-of-water-disrupted-hospital-operations/,2023-06-28
https://observer.ug/business/karuma-power-dam-set-for-september-launch/,2023-06-28
https://observer.ug/news/usa-pushes-for-control-of-islamic-schools-in-uganda/,2023-06-28
https://observer.ug/news/zimbabwe-inflation-hits-175/,2023-06-28
https://observer.ug/news/uganda-south-sudan-sign-power-export-agreement/,2023-06-28
https://observer.ug/news/48-killed-in-kenya-road-accident/,2023-07-01
https://observer.ug/sports/who-will-reign-at-upl-awards/,2023-07-02
https://observer.ug/lifestyle-entertainment/the-polish-church-built-entirely-by-women-in-masindi/,2023-07-02
https://observer.ug/news/uganda-oil-refinery-project-hits-another-snag-as-framework-agreement-expires/,2023-07-03
https://observer.ug/news/unidentified-woman-found-dead-in-lumbuye-wetland/,2023-07-03
https://observer.ug/viewpoint/human-dying-like-roadkill/,2023-07-05
https://observer.ug/lifestyle-entertainment/hip-hop-awards-reward-the-best/,2023-07-05
https://observer.ug/sports/sergio-traguil-the-gigantic-task-he-faces-at-kcca-fc/,2023-07-05
https://observer.ug/news/police-probe-rampant-break-ins-into-govt-hospitals-in-nwoya/,2023-07-05
https://observer.ug/news/lawyer-kwesiga-bateyo-two-others-convicted-over-land-fraud/,2023-07-05
https://observer.ug/business/ugandan-s-hipipo-awarded-best-financial-inclusion-organisation-in-e-africa/,2023-07-06
https://observer.ug/news/kwesiga-bateyo-ordered-to-pay-shs-86m-over-fraudulent-land-transaction/,2023-07-06
https://observer.ug/news/kcca-loses-land-worth-shs-35bn-to-encouragers/,2023-07-07
https://observer.ug/news/malawi-president-orders-swahili-to-be-taught-in-schools/,2023-07-07
https://observer.ug/business/shs-1-7bn-french-project-to-increase-youth-employability/,2023-07-09
https://observer.ug/sports/villa-kcca-appointments-highlight-dearth-of-local-coaches/,2023-07-09
https://observer.ug/news/high-court-orders-kcca-to-approve-watoto-church-redevelopment-plans/,2023-07-09
https://observer.ug/news/igg-kamya-vows-to-incite-public-against-corrupt-officials/,2023-07-11
https://observer.ug/lifestyle-entertainment/africa-by-road-one-couple-s-trip-through-ubuntu-racism-and-suspicion-on-the-continent/,2023-07-11
https://observer.ug/sports/fufa-impressed-by-nakivubo-progress-in-afcon-2027-bid/,2023-07-11
https://observer.ug/viewpoint/livelihoods-improvement-for-empowerment-of-rural-communities/,2023-07-11
https://observer.ug/viewpoint/the-kitalo-nnyo-on-our-roads/,2023-07-11
https://observer.ug/viewpoint/when-ugandans-travel-abroad/,2023-07-11
https://observer.ug/news/jica-uses-football-to-empower-refugees-in-kamwenge/,2023-07-11
https://observer.ug/news/mps-order-probe-into-kcca-officials-over-shs-3-7bn-payout/,2023-07-11
https://observer.ug/news/passenger-plane-crash-lands-at-mogadishu-airport/,2023-07-11
https://observer.ug/news/aponye-buried-in-rukiga-as-museveni-calls-for-amendment-of-road-act/,2023-07-12
https://observer.ug/news/aponye-s-driver-charged-remanded-to-ntungamo-prison/,2023-07-13
https://observer.ug/news/ngamba-island-will-be-free-on-world-chimpanzee-day/,2023-07-13
https://observer.ug/education/femnet-launches-girl-empowerment-skills-dev-t-project-for-uganda-kenya/,2023-07-14
https://observer.ug/news/s-africa-former-president-zuma-s-prison-release-unlawful-court-rules/,2023-07-16
https://observer.ug/news/commissioner-general-musinguzi-tells-mps-to-probe-reasons-not-nepotism-at-ura/,2023-07-16
https://observer.ug/education/row-erupts-in-education-ministry-over-bid-evaluation/,2023-07-17
https://observer.ug/news/56-students-injured-in-kihihi-high-school-strike/,2023-07-17
https://observer.ug/viewpoint/privatize-road-rescue-services-to-reduce-accidents-on-our-highways/,2023-07-17
https://observer.ug/news/15-perish-in-kagadi-road-accident/,2023-07-17
https://observer.ug/viewpoint/govt-must-abandon-unlawful-ubc-nv-advertising-directive/,2023-07-18
https://observer.ug/viewpoint/community-access-roads-could-unlock-rural-women-s-economic-potential/,2023-07-19
https://observer.ug/sports/are-vipers-kcca-new-recruits-a-football-strategy-or-gamble/,2023-07-19
https://observer.ug/news/lc-elections-delay-may-hurt-bail-applications/,2023-07-19
https://observer.ug/news/nrm-s-3-decade-old-market-oriented-reform-policies/,2023-07-19
https://observer.ug/news/over-300-students-of-nakanyonyi-ss-hospitalised-after-suspected-poisoning/,2023-07-20
https://observer.ug/sports/after-rwanda-crested-cranes-land-into-lionesses-den/,2023-07-21
https://observer.ug/news/s-4-student-found-dead-in-st-michael-high-school-store/,2023-07-22
https://observer.ug/news/former-makindye-mp-kyanjo-dies-at-kibuli-hospital/,2023-07-22
https://observer.ug/business/tablet-delays-set-to-push-forward-national-census-date/,2023-07-24
https://observer.ug/education/uganda-s-st-noa-thump-chilean-school-8-0-as-kibuli-ss-bow-out-of-imf-world-championship/,2023-07-25
https://observer.ug/news/taking-charge-the-surging-trend-of-parents-embracing-homeschooling/,2023-07-26
https://observer.ug/business/declined-treasury-bond-bids-could-spur-private-sector-growth/,2023-07-26
https://observer.ug/viewpoint/vipers-kcca-raising-bar-in-local-football/,2023-07-26
https://observer.ug/viewpoint/student-loan-scheme-was-built-on-weak-base-we-need-to-rethink-our-education/,2023-07-26
https://observer.ug/news/auditor-general-to-introduce-a-tool-to-track-recommendations/,2023-07-26
https://observer.ug/business/hipipo-calls-for-2023-digital-impact-awards-africa-nominations/,2023-07-26
https://observer.ug/news/anti-corruption-court-issues-criminal-summons-against-unbs-boss/,2023-07-26
https://observer.ug/sports/she-cranes-tame-scotland-ahead-of-netball-world-cup-opener/,2023-07-26
https://observer.ug/news/wasswa-takes-fight-to-polluters-of-water-bodies/,2023-07-28
https://observer.ug/sports/she-cranes-play-new-zealand-in-tricky-world-cup-fixture/,2023-07-29
https://observer.ug/news/busoga-diocese-to-set-up-church-inside-kirinya-prison-bishop-naimanhe/,2023-07-30
https://observer.ug/news/gulu-hospital-flooded-following-heavy-rainfall/,2023-08-01
https://observer.ug/news/small-farmers-raise-alarm-as-land-grabbing-intensifies/,2023-08-02
https://observer.ug/news/money-scandal-fdc-leadership-crisis-deepens/,2023-08-02
https://observer.ug/sports/ncs-boss-wants-good-results-from-world-schools-chess-event/,2023-08-02
https://observer.ug/news/anger-as-igg-grants-multiplex-two-month-extension-after-expiry-of-contract/,2023-08-04
https://observer.ug/education/solar-smart-bag-jamila-mayanja-wins-us-leadership-impact-award/,2023-08-06
https://observer.ug/news/pader-district-hr-arrested-over-shs-2bn-pension-payment-bribes/,2023-08-07
https://observer.ug/news/school-director-killed-by-angry-mob-in-buyende-during-failed-robbery/,2023-08-07
https://observer.ug/news/kampala-condominiums-too-expensive-for-market-report/,2023-08-08
https://observer.ug/news/anti-corruption-court-issues-arrest-warrant-for-unbs-boss-ebiru/,2023-08-08
https://observer.ug/sports/high-flying-she-cranes-coach-mugerwa-threatens-to-quit-over-non-payment/,2023-08-08
https://observer.ug/sports/tayebwa-makes-case-for-e-africa-s-pamoja-afcon-bid/,2023-08-08
https://observer.ug/viewpoint/how-amendment-of-electricity-act-will-support-pdm/,2023-08-09
https://observer.ug/education/kabale-university-establishes-tourism-hospitality-institute/,2023-08-09
https://observer.ug/sports/sports-journalists-reiterate-need-for-road-safety/,2023-08-09
https://observer.ug/news/botswana-seeks-to-recruit-1-000-pharmacists-from-abroad/,2023-08-09
https://observer.ug/sports/she-cranes-coach-has-no-running-contract-minister-ogwang/,2023-08-09
https://observer.ug/news/museveni-s-new-bujagali-dam-tax-waiver-rattles-civil-society/,2023-08-10
https://observer.ug/news/mps-order-law-firm-to-account-for-shs-39bn-tea-farmers-compensation-cash-in-five-days/,2023-08-13
https://observer.ug/news/former-nssf-md-byarugaba-petitions-court-over-contract-extension/,2023-08-14
https://observer.ug/news/uganda-to-unveil-first-digital-transformation-roadmap/,2023-08-16
https://observer.ug/business/programmers-tipped-on-funding-partnership-marketing-skills/,2023-08-16
https://observer.ug/news/lands-ministry-rolls-out-second-housing-symposium-edition/,2023-08-16
https://observer.ug/news/protracted-land-dispute-in-mukono-leaves-security-in-a-spot-of-bother/,2023-08-16
https://observer.ug/news/what-awaits-katureebe-s-inquiry-into-apaa-land-conflict/,2023-08-16
https://observer.ug/news/parliament-calls-for-urgent-reforms-in-plagued-silkworm-project/,2023-08-19
https://observer.ug/news/more-women-living-with-hiv-aids-in-ugandan-prisons/,2023-08-21
https://observer.ug/news/nssf-court-to-hear-byarugaba-s-contract-extension-case-next-month/,2023-08-22
https://observer.ug/lifestyle-entertainment/navio-s-amazing-walk-through-klear-kut-44-mtv-songs-and-60-awards/,2023-08-22
https://observer.ug/news/mulago-hospital-embraces-advanced-medi-care-radiology/,2023-08-23
https://observer.ug/news/proline-academy-land-gifted-by-museveni-now-hits-big-snag/,2023-08-23
https://observer.ug/business/bou-switches-up-bonds-as-payments-fall-due/,2023-08-23
https://observer.ug/news/owc-s-sylvia-owori-embroiled-in-land-grabbing-dispute-in-tororo/,2023-08-24
https://observer.ug/lifestyle-entertainment/reintroducing-broadcast-guru-christine-mawadri/,2023-08-24
https://observer.ug/news/rosewell-hospital-sued-for-detaining-newly-born-baby-over-medical-bills/,2023-08-25
https://observer.ug/news/24-ugandans-congolese-injured-in-kisoro-road-accident/,2023-08-25
https://observer.ug/education/70-students-of-pallisa-girls-school-lose-property-after-bus-catches-fire/,2023-08-28
https://observer.ug/news/jinja-police-launch-new-investigations-into-killing-of-man-during-umeme-operation/,2023-08-29
https://observer.ug/education/victoria-university-s-dr-muganga-wins-pan-african-education-award/,2023-08-29
https://observer.ug/business/why-parliament-needs-to-revise-the-penalty-on-digital-tax-stamps/,2023-08-29
https://observer.ug/viewpoint/kampala-parents-school-check-on-your-privileged-friends-they-re-paining/,2023-08-29
https://observer.ug/news/besigye-rules-out-gun-violence-to-oust-museveni-from-power/,2023-08-29
https://observer.ug/business/vivo-energy-uganda-in-expansion-drive-with-10-new-fuel-stations/,2023-08-30
https://observer.ug/news/5-private-security-guards-arrested-for-shooting-at-lands-minister-mayanja-in-hoima/,2023-08-31
https://observer.ug/news/high-court-orders-dna-test-on-baby-retained-by-hospital-over-medical-bills/,2023-08-31
https://observer.ug/news/elections-not-enough-to-oust-museveni-from-power-bobi-wine/,2023-09-01
https://observer.ug/news/30-year-old-man-attempts-to-burn-70-year-old-mother-over-land/,2023-09-02
https://observer.ug/business/kasubi-tombs-reopen-to-the-public-this-december-after-13-years-of-reconstruction/,2023-09-03
https://observer.ug/news/anti-corruption-court-extends-arrest-warrant-against-unbs-boss-ebiru/,2023-09-04
https://observer.ug/news/roswell-hospital-case-adjourned-for-3-weeks-as-dna-tests-delay/,2023-09-05
https://observer.ug/lifestyle-entertainment/napoleone-talks-comedy-empowering-young-people/,2023-09-05
https://observer.ug/news/state-house-budget-the-cost-of-keeping-museveni-in-power/,2023-09-06
https://observer.ug/sports/serunjogi-has-his-work-cut-out-in-bid-to-revive-kcca-fc/,2023-09-06
https://observer.ug/news/judiciary-has-no-space-for-corruption-deputy-cj-buteera/,2023-09-07
https://observer.ug/education/health-trainers-call-for-localized-curricula-better-learning-infrastructure/,2023-09-08
https://observer.ug/news/entebbe-leaders-want-nakiwogo-landing-site-developed-into-a-port/,2023-09-10
https://observer.ug/news/italy-to-leave-china-s-belt-and-road-initiative/,2023-09-10
https://observer.ug/news/koboko-hospital-ambulance-seized-in-pakwach-with-smuggled-cigarettes/,2023-09-11
https://observer.ug/news/150-killed-as-floods-hit-libya-following-powerful-storm/,2023-09-11
https://observer.ug/education/atima-s-20-year-journey-at-helm-of-school-inspections/,2023-09-12
https://observer.ug/news/kcca-scrambles-for-new-funding-sources-amid-world-bank-exit/,2023-09-12
https://observer.ug/viewpoint/ahead-of-the-highly-anticipated-budget-cuts-govt-should-increase-schools-capitation-grants/,2023-09-13
https://observer.ug/news/germany-opposed-to-uganda-s-nuclear-power-plans/,2023-09-14
https://observer.ug/news/5-arua-district-officials-arrested-over-shs-99m-double-gratuity-payments/,2023-09-15
https://observer.ug/sports/upl-kicks-off-villa-kcca-top-challengers-to-vipers-for-league-title/,2023-09-15
https://observer.ug/news/singapore-s-1-3bn-money-laundering-probe-exposes-chinese-criminals-paid-for-passports/,2023-09-15
https://observer.ug/news/iphone-12-emits-too-much-radiation-must-be-taken-off-market-french-watchdog/,2023-09-16
https://observer.ug/news/two-sentenced-to-7-years-in-prison-over-attempts-to-traffick-13-children-to-drc/,2023-09-16
https://observer.ug/news/kampala-central-deputy-mayor-remanded-over-shs-450m-fraud/,2023-09-18
https://observer.ug/news/gov-t-releases-shs-109bn-to-schools-as-3rd-term-begins/,2023-09-18
https://observer.ug/news/govt-arrears-drop-in-advertising-revenues-send-new-vision-into-losses/,2023-09-18
https://observer.ug/news/embattled-unbs-boss-ebiru-moves-to-block-trial-in-anti-corruption-court/,2023-09-18
https://observer.ug/news/ugandan-microscopic-diagnosis-project-wins-google-s-shs-5-58bn-grant/,2023-09-20
https://observer.ug/news/atiak-sugar-factory-faces-double-trouble-fire-hazards-and-infrastructure-delays/,2023-09-20
https://observer.ug/viewpoint/nepotism-thieves-victims-why-there-are-no-willing-sellers-in-land/,2023-09-20
https://observer.ug/news/former-unbs-boss-ebiru-loses-bid-to-block-shs-100m-bribe-trial/,2023-09-20
https://observer.ug/news/capitation-cash-fraud-rocks-mbale-school-for-the-deaf/,2023-09-21
https://observer.ug/news/shs-450m-fraud-kampala-central-deputy-mayor-seeks-bail-further-remanded/,2023-09-21
https://observer.ug/news/businessman-appeals-to-lands-minister-over-deadly-land-fight/,2023-09-22
https://observer.ug/news/roswell-hospital-case-parents-reunited-with-their-4-month-old-baby/,2023-09-22
https://observer.ug/lifestyle-entertainment/sunday-school-is-beyond-babysitting/,2023-09-24
https://observer.ug/news/high-court-awards-shs-50m-to-woman-who-lost-son-during-2020-riots/,2023-09-25
https://observer.ug/sports/crunch-basketball-league-playoff-quarterfinal-as-power-takes-on-ucu/,2023-09-26
https://observer.ug/education/smack-students-donate-to-butabika-hospital/,2023-09-27
https://observer.ug/news/digital-payments-to-boost-worker-motivation-in-healthcare/,2023-09-27
https://observer.ug/news/excellence-awards-to-celebrate-ideas-that-work-in-marketing/,2023-09-27
https://observer.ug/news/official-secrecy-fuels-corruption-report/,2023-09-27
https://observer.ug/sports/stadium-shy-e-africa-wins-bid-to-host-2027-africa-cup-of-nations/,2023-09-27
https://observer.ug/news/two-students-of-midland-high-school-24-others-injured-in-road-accident/,2023-09-28
https://observer.ug/news/constitutional-court-quashes-parliament-s-decision-to-dismiss-commissioner-zaake/,2023-09-28
https://observer.ug/news/state-opposed-to-minister-kitutu-s-court-request-to-travel-abroad/,2023-09-29
https://observer.ug/sports/kcca-aim-to-overturn-two-goal-deficit-confederation-cup-tie/,2023-09-29
https://observer.ug/news/prof-latigo-survives-5th-accident-on-same-kampala-gulu-highway/,2023-10-01
https://observer.ug/news/former-sga-security-supervisor-sentenced-to-45-years-in-prison-over-murdering-sheikh-mutumba/,2023-10-02
https://observer.ug/news/71-killed-287-seriously-injured-in-road-accidents-in-one-week/,2023-10-03
https://observer.ug/news/museveni-hesitant-to-renew-mugisha-s-contract-as-nwsc-md/,2023-10-03
https://observer.ug/viewpoint/negativity-around-pamoja-afcon-2027-bid-uncalled-for/,2023-10-03
https://observer.ug/viewpoint/alternative-dispute-resolution-the-ugandan-court-experience/,2023-10-04
https://observer.ug/viewpoint/cost-per-kilometer-as-a-unit-cost-of-a-road-is-misleading/,2023-10-04
https://observer.ug/news/buganda-land-board-dedicates-october-to-sensitization-program/,2023-10-04
https://observer.ug/education/ntare-school-suspends-205-senior-six-students-over-phone-strike/,2023-10-04
https://observer.ug/news/kaliro-district-loses-shs-10-billion-in-7-year-fraud/,2023-10-04
https://observer.ug/news/tour-operators-fear-losses-amid-shs-11bn-gorilla-permit-scandal/,2023-10-06
https://observer.ug/sports/kcca-paid-shs-100m-to-play-at-kitende/,2023-10-07
https://observer.ug/sports/pamela-bid-uganda-ran-cost-effective-campaign/,2023-10-08
https://observer.ug/news/mugisha-reassures-bushenyi-clergy-on-nwsc-contract/,2023-10-10
https://observer.ug/sports/kcca-should-expedite-the-completion-of-its-stadium/,2023-10-10
https://observer.ug/news/will-ura-go-for-the-partners-in-capital-chicken-scandal/,2023-10-10
https://observer.ug/viewpoint/capital-markets-not-chicken-the-better-option-for-investors/,2023-10-10
https://observer.ug/news/ireland-donates-ambulances-to-nabituluk-abim-districts/,2023-10-11
https://observer.ug/news/court-okays-minister-kitutu-s-travel-abroad/,2023-10-12
https://observer.ug/business/huawei-launches-ict-competitions-awards-global-champs/,2023-10-13
https://observer.ug/business/symposium-emphasises-low-cost-housing/,2023-10-13
https://observer.ug/education/kamuli-girls-primary-school-closed-after-friday-fire/,2023-10-16
https://observer.ug/news/stopeacop-activists-switch-anti-pipeline-campaign-to-chinese-banks/,2023-10-16
https://observer.ug/lifestyle-entertainment/even-abroad-it-takes-god/,2023-10-16
https://observer.ug/news/state-lines-up-7-witnesses-to-implicate-minister-lugoloobi-in-karamoja-iron-sheets-scandal/,2023-10-17
https://observer.ug/sports/kcca-face-kitara-in-tricky-match/,2023-10-17
https://observer.ug/business/mtn-launches-initiative-to-empower-women-in-technology/,2023-10-18
https://observer.ug/news/gabon-govt-threatens-arrests-over-abandoned-social-projects/,2023-10-19
https://observer.ug/news/malawi-relocates-female-inmates-to-female-only-prisons/,2023-10-19
https://observer.ug/news/nagirinya-murders-sentenced-to-life-in-prison/,2023-10-19
https://observer.ug/business/hipipo-unveils-2023-digital-impact-awards-africa-nominees/,2023-10-20
https://observer.ug/news/kampala-land-board-chairperson-balondemu-remanded-over-shs-2-2bn-gold-scam/,2023-10-21
https://observer.ug/news/ugandan-court-okays-land-fraud-case-against-wife-of-ex-kenyan-vp/,2023-10-23
https://observer.ug/lifestyle-entertainment/hipipo-music-awards-nominees-out/,2023-10-23
https://observer.ug/news/midland-high-school-s-2-student-raped-killed-by-step-father/,2023-10-23
https://observer.ug/business/totalenergies-awards-top-clean-energy-proposals/,2023-10-24
https://observer.ug/viewpoint/dear-female-mps-play-the-long-game-in-parliament/,2023-10-24
https://observer.ug/viewpoint/a-plea-to-return-kcca-s-old-guard/,2023-10-24
https://observer.ug/sports/misfiring-kcca-fc-needs-a-serious-soul-searching/,2023-10-24
https://observer.ug/news/minister-kyakulaga-cautions-farmers-on-land-usage/,2023-10-24
https://observer.ug/news/court-drops-charges-against-businessman-in-mukono-land-saga/,2023-10-24
https://observer.ug/education/fire-guts-kisubi-girls-primary-school-dormitory/,2023-10-27
https://observer.ug/news/entebbe-airport-further-expansion-to-displace-kigungu-residents/,2023-10-27
https://observer.ug/education/education-to-construct-own-headquarters-to-save-shs-5bn-year-in-rent/,2023-10-30
https://observer.ug/news/two-pupils-killed-11-injured-in-masaka-school-fire/,2023-10-30
https://observer.ug/news/masaka-primary-school-fire-death-toll-rises-to-4/,2023-10-31
https://observer.ug/business/we-are-open-for-business-uganda-team-lobbies-energy-investors/,2023-10-31
https://observer.ug/news/50m-fraud-court-summons-ministry-of-energy-s-spero-bokunda/,2023-10-31
https://observer.ug/education/mulago-nursing-and-midwifery-school-roots-for-degree-status/,2023-10-31
https://observer.ug/viewpoint/fathers-visit-your-children-at-school/,2023-11-01
https://observer.ug/sports/why-traguil-s-reign-at-kcca-fc-was-shortlived/,2023-11-04
https://observer.ug/education/parents-schools-and-uneb-in-a-fix-over-fees-defaulters/,2023-11-05
https://observer.ug/news/kings-palace-school-director-arrested-over-defiling-6-girls/,2023-11-06
https://observer.ug/news/chinese-national-loses-shs-200m-to-thieves-on-martin-road/,2023-11-06
https://observer.ug/news/3-teachers-of-midland-high-school-detained-over-exam-malpractice/,2023-11-06
https://observer.ug/news/hoima-kampala-highway-closed-as-r-kafu-bursts-banks/,2023-11-07
https://observer.ug/news/police-prisons-team-up-to-spread-dog-handling-services-countrywide/,2023-11-08
https://observer.ug/sports/wounded-kcca-fc-in-vipers-striking-range/,2023-11-08
https://observer.ug/news/midland-high-school-teachers-remanded-over-exam-malpractice/,2023-11-08
https://observer.ug/news/land-commission-ordered-to-compensate-sir-apollo-kaggwa-s-family-over-fraudulent-land-lease/,2023-11-09
https://observer.ug/news/lands-cancels-48-titles-acquired-by-dfcu-from-crane-bank/,2023-11-09
https://observer.ug/news/zaake-vs-kyinamatama-parliament-asks-court-to-dismiss-mabirizi-s-petition/,2023-11-09
https://observer.ug/news/rebel-fighting-cuts-power-lines-water-supply-in-goma/,2023-11-10
https://observer.ug/business/president-biden-backs-agoa-trade-scheme/,2023-11-10
https://observer.ug/news/igg-kamya-orders-audit-into-emyooga-funds-in-soroti/,2023-11-11
https://observer.ug/education/uce-exams-kisugu-high-school-director-remanded-over-detaining-fees-defaulters/,2023-11-11
https://observer.ug/lifestyle-entertainment/stop-trolling-sadamoto/,2023-11-11
https://observer.ug/lifestyle-entertainment/damn-you-beautiful-esabelle-gourment/,2023-11-11
https://observer.ug/education/makerere-university-evicts-over-300-small-businesses-from-premises/,2023-11-13
https://observer.ug/news/nms-kamabare-scoops-top-health-award/,2023-11-14
https://observer.ug/viewpoint/children-burnt-to-death-in-school-because-accidents-happen/,2023-11-14
https://observer.ug/viewpoint/francis-zaake-takes-naming-rights-of-11th-parliament/,2023-11-15
https://observer.ug/news/stanbic-rolls-out-free-financial-literacy-program-benefiting-prison-officers/,2023-11-15
https://observer.ug/news/how-katumba-evaded-scam-on-kabaka-land/,2023-11-15
https://observer.ug/business/uap-old-mutual-shines-brightest-at-13th-fire-awards/,2023-11-15
https://observer.ug/news/electric-vehicles-germany-s-bmw-probes-morocco-labour-environmental-exploitation/,2023-11-16
https://observer.ug/education/59-kyambogo-retired-staff-set-for-gratuity-payment/,2023-11-17
https://observer.ug/news/kampala-land-board-boss-balondemu-remanded-again-over-fraud/,2023-11-20
https://observer.ug/viewpoint/why-does-it-take-president-museveni-to-personally-oversee-road-repairs/,2023-11-22
https://observer.ug/news/kampala-has-priciest-housing-in-the-world/,2023-11-22
https://observer.ug/sports/obua-leads-ura-to-st-mary-s-stadium/,2023-11-23
https://observer.ug/business/uia-wins-global-award-for-boosting-investments-in-uganda/,2023-11-24
https://observer.ug/news/arua-engineer-released-after-refunding-shs-28m-embezzled-roads-money/,2023-11-26
https://observer.ug/news/academic-forgery-remanded-ex-uganda-railway-corporation-boss-hopes-to-secure-bail/,2023-11-27
https://observer.ug/lifestyle-entertainment/jowy-landa-finally-in-the-big-league/,2023-11-27
https://observer.ug/news/could-parliament-be-wrong-on-the-national-tribunal-bill/,2023-11-27
https://observer.ug/news/updf-soldier-sentenced-to-65-years-in-prison-for-killing-3-in-kotido/,2023-11-28
https://observer.ug/news/minister-kitutu-loses-bid-to-block-iron-sheets-trial/,2023-11-28
https://observer.ug/viewpoint/oil-pipeline-balance-technology-environmental-concerns/,2023-11-28
https://observer.ug/viewpoint/road-to-2026-guaranteeing-stable-transition/,2023-11-28
https://observer.ug/news/access-to-clean-water-in-uganda-a-tale-of-stark-disparities/,2023-11-29
https://observer.ug/news/oil-pipeline-ai-to-detect-leakages-in-real-time/,2023-11-29
https://observer.ug/news/opposition-in-disarray-as-fdc-dp-call-off-parliament-boycott/,2023-11-29
https://observer.ug/business/orom-graphite-project-gets-5-million-grant/,2023-11-29
https://observer.ug/lifestyle-entertainment/quality-food-planet-is-indeed-quality-food/,2023-12-01
https://observer.ug/news/manpower-audit-reveals-2000-ghost-police-officers/,2023-12-02
https://observer.ug/news/museveni-now-cancels-nakasongola-land-offer-to-makerere-university/,2023-12-02
https://observer.ug/news/pardoned-rwenzururu-kingdom-royal-guards-awarded-amnesty-certificates/,2023-12-02
https://observer.ug/news/6-killed-11-injured-in-apaa-land-conflicts/,2023-12-04
https://observer.ug/news/tanzania-floods-landslide-death-toll-jumps-to-47/,2023-12-04
https://observer.ug/news/museveni-responds-to-biden-over-agoa-deal/,2023-12-05
https://observer.ug/sports/here-are-fufa-s-ongoing-projects-to-bring-change/,2023-12-05
https://observer.ug/viewpoint/cop-28-uganda-and-africa-s-quest-for-a-just-energy-transition/,2023-12-05
https://observer.ug/viewpoint/channel-mobile-money-interest-payments-to-pension-savings/,2023-12-06
https://observer.ug/news/uganda-among-top-10-countries-with-cheapest-cost-of-electricity-in-2023/,2023-12-06
https://observer.ug/news/river-nyamwamba-finds-hope-amidst-rising-rain-waters/,2023-12-06
https://observer.ug/news/landslides-kill-two-children-injure-woman-in-kisoro/,2023-12-07
https://observer.ug/news/church-promoting-corruption-through-fundraising-events-museveni/,2023-12-09
https://observer.ug/news/totalenergies-forcing-communities-into-accepting-low-oil-pipeline-compensation/,2023-12-11
https://observer.ug/news/fire-guts-city-house-building/,2023-12-11
https://observer.ug/news/psfu-kcca-partner-on-one-million-trees-initiative/,2023-12-11
https://observer.ug/news/northern-bypass-roundabouts-most-deadly-for-kampala-s-road-users-report/,2023-12-12
https://observer.ug/news/prison-boss-byabashaija-warns-officers-against-social-media-misconduct/,2023-12-12
https://observer.ug/news/muslim-lawyers-drag-mufti-mubaje-to-court-over-corruption/,2023-12-12
https://observer.ug/viewpoint/let-us-all-become-corrupt-and-be-happy-together/,2023-12-12
https://observer.ug/news/afdb-approves-252-million-for-uganda-s-rural-infrastructure/,2023-12-13
https://observer.ug/news/hungary-bestows-order-of-merit-award-on-prof-wavamunno/,2023-12-13
https://observer.ug/news/former-street-kid-sentenced-to-134-years-in-prison-for-murdering-5-women/,2023-12-13
https://observer.ug/news/museveni-promises-to-reconstruct-mumbere-s-palace/,2023-12-14
https://observer.ug/news/corrupt-namisindwa-district-officials-forced-to-return-extorted-pdm-funds/,2023-12-14
https://observer.ug/news/parliament-okays-govt-to-borrow-another-shs-1-2tn-for-roads/,2023-12-16
https://observer.ug/news/apaa-land-conflict-updf-soldier-beaten-to-death-by-angry-mob/,2023-12-18
https://observer.ug/education/over-500-fresh-graduates-trained-for-the-job-market/,2023-12-18
https://observer.ug/news/cocreate-tops-the-social-media-and-influencer-of-the-year-awards/,2023-12-19
https://observer.ug/news/kcca-scorecard-shows-gains-but-lack-of-funds-holding-it-back/,2023-12-20
https://observer.ug/news/marketer-susan-nsibirwa-is-new-nmg-uganda-md/,2023-12-20
https://observer.ug/business/2024-africa-investment-leaders-forum-awards-launched/,2023-12-20
https://observer.ug/sports/kcca-fc-seeks-to-dent-villa-hopes/,2023-12-21
https://observer.ug/news/robbery-sipapa-wife-nakiyemba-to-spend-another-xmas-in-prison/,2023-12-21
https://observer.ug/news/kotido-hospital-health-workers-lay-down-tools-over-unpaid-salaries/,2023-12-21
https://observer.ug/news/mpuuga-accuses-parliament-of-shielding-incompetent-nabbanja/,2023-12-22
https://observer.ug/business/regional-electricity-regulators-body-gets-20bn-boost/,2023-12-22
https://observer.ug/business/new-committee-to-gather-trade-statistics-launched/,2023-12-22
https://observer.ug/news/ssenyonyi-replaces-mpuuga-as-leader-of-opposition-in-parliament/,2023-12-22
https://observer.ug/news/whistleblower-petitions-igg-to-investigate-principal-judge-over-kyambogo-university-land-fraud/,2023-12-22
https://observer.ug/news/museveni-meets-mulago-hospital-surgeons-after-first-successful-kidney-transplant/,2023-12-26
https://observer.ug/news/police-clear-970-venues-for-new-year-s-fireworks-display/,2023-12-28
https://observer.ug/lifestyle-entertainment/i-dropped-out-of-medical-school-for-my-music/,2023-12-30
https://observer.ug/news/drc-tshisekedi-wins-second-term-with-landslide-victory/,2024-01-01
https://observer.ug/education/parents-warned-against-abandoning-parenting-to-phones/,2024-01-02
https://observer.ug/viewpoint/reflections-on-kampala-city-s-annual-road-safety-report/,2024-01-02
https://observer.ug/news/investigation-begins-into-deadly-plane-collision-at-tokyo-airport/,2024-01-03
https://observer.ug/business/umeme-to-increase-electricity-connections/,2024-01-06
https://observer.ug/news/luwero-district-officials-create-ghost-beneficiaries-to-teal-shs-41m-pdm-funds/,2024-01-06
https://observer.ug/news/german-tourist-dr-wendsche-dies-in-mbarara-highway-accident/,2024-01-06
https://observer.ug/news/jinja-couple-fakes-kidnap-to-get-shs-1-4m-school-fees/,2024-01-08
https://observer.ug/news/minister-kitutu-pleads-to-museveni-for-forgiveness-as-another-iron-sheets-scandal-hits-opm/,2024-01-08
https://observer.ug/news/govt-paying-shs-53-billion-to-ghost-employees-annually/,2024-01-10
https://observer.ug/news/cabinet-offers-umeme-comeback-window-after-2025/,2024-01-11
https://observer.ug/news/speaker-among-opens-teaching-hospital-to-offer-free-treatment-to-voters/,2024-01-15
https://observer.ug/news/drc-govt-trashes-defection-of-senior-army-officer-to-m23-rebels-claims/,2024-01-15
https://observer.ug/lifestyle-entertainment/submissions-for-africa-magic-viewers-choice-awards-now-open/,2024-01-16
https://observer.ug/viewpoint/startups-should-adopt-a-go-to-market-strategy/,2024-01-16
https://observer.ug/news/public-debt-projected-to-reach-shs-109-1-trillion/,2024-01-17
https://observer.ug/news/mps-panic-over-akii-bua-stadium/,2024-01-17
https://observer.ug/news/quality-vs-quantity-ldc-demands-probe-into-high-grade-students/,2024-01-17
https://observer.ug/business/uganda-s-poultry-market-full-of-opportunities/,2024-01-20
https://observer.ug/news/fdc-parliament-clash-over-cecilia-ogwal-burial/,2024-01-20
https://observer.ug/news/govt-to-construct-more-high-tech-hospitals-in-districts-janet-tells-nam-delegates/,2024-01-21
https://observer.ug/news/25-killed-35-permanently-disabled-in-mt-elgon-national-park-boundary-dispute/,2024-01-22
https://observer.ug/lifestyle-entertainment/openheimer-barbie-own-critics-choice-awards/,2024-01-23
https://observer.ug/news/schools-to-face-closure-over-early-reporting-for-term-one/,2024-01-24
https://observer.ug/news/catherine-namugenyi-is-proof-not-all-kadama-stories-end-in-tears/,2024-01-24
https://observer.ug/sports/messi-s-third-best-fifa-award-is-in-all-probability-his-last/,2024-01-24
https://observer.ug/education/kcca-protests-as-govt-allocates-shs-3-000-to-learners-in-upe-schools/,2024-01-24
https://observer.ug/sports/kcca-cecafa-cup-winners-of-1978-where-are-they/,2024-01-26
https://observer.ug/news/activist-seguya-wins-2024-david-kato-vision-and-voice-award/,2024-01-26
https://observer.ug/news/kcca-partners-american-tower-to-deploy-87-smart-pole-streetlights/,2024-01-26
https://observer.ug/news/museveni-trashes-parliament-s-inquiries-wants-police-to-take-on-ag-s-reports/,2024-01-27
https://observer.ug/news/finance-cautions-parliament-on-reckless-spending/,2024-01-30
https://observer.ug/education/ugandan-schools-fail-to-implement-fire-safety-measures/,2024-01-30
https://observer.ug/news/high-court-quashes-shs-680m-award-in-entebbe-airport-case/,2024-01-30
https://observer.ug/viewpoint/afcon-empty-stadiums-expose-economic-reality-but-africa-can-do-better/,2024-01-31
https://observer.ug/viewpoint/judge-sebutinde-and-the-south-africa-israel-disputes/,2024-01-31
https://observer.ug/viewpoint/mabaati-land-home-of-idiots/,2024-01-31
https://observer.ug/news/african-first-ladies-root-for-gender-equality/,2024-01-31
https://observer.ug/viewpoint/time-for-ugandan-schools-to-adopt-continuous-assessments/,2024-01-31
https://observer.ug/news/njeru-stock-farm-probe-hits-snag-as-encroachers-warn-pm-nabbanjaa/,2024-01-31
https://observer.ug/news/exam-fraud-uneb-demands-special-court-for-cheats/,2024-01-31
https://observer.ug/topics/how-schools-performed-from-aggregate-4-to-12/,2024-01-31
https://observer.ug/news/church-wedding-fees-behind-uganda-s-rising-inflation-rate-ubos/,2024-02-01
https://observer.ug/sports/kcca-bul-headline-uganda-premier-league-second-round/,2024-02-01
https://observer.ug/business/ugandan-assembled-smartphones-hit-the-market/,2024-02-01
https://observer.ug/news/mulago-hospital-fined-shs-50-million-over-missing-newborn/,2024-02-01
https://observer.ug/news/pictorial-upgraded-entebbe-airport-arrival-and-departure-terminal/,2024-02-02
https://observer.ug/news/whatsapp-messages-can-constitute-a-binding-contract-high-court-rules/,2024-02-03
https://observer.ug/news/unbs-to-force-fuel-stations-constructed-next-to-each-other-to-merge/,2024-02-05
https://observer.ug/news/malawi-journalist-in-hiding-after-exposing-govt-corruption/,2024-02-05
https://observer.ug/news/ubos-un-entities-move-to-implement-shs-156bn-joint-project/,2024-02-06
https://observer.ug/viewpoint/urgent-call-government-must-tame-the-chaos-in-school-fees/,2024-02-07
https://observer.ug/viewpoint/only-trouble-with-uganda-is-leaders-who-overstay-in-power/,2024-02-07
https://observer.ug/viewpoint/for-the-bible-tells-me-so-judge-sebutinde-the-s-africa-israel-dispute-part-ii/,2024-02-07
https://observer.ug/news/tororo-gulu-railway-line-incurs-financial-losses/,2024-02-07
https://observer.ug/news/the-fight-to-save-njeru-stock-farm-from-encroachers/,2024-02-07
https://observer.ug/news/gold-tax-evasion-mps-release-damning-report/,2024-02-07
https://observer.ug/business/uganda-maintains-4th-position-2023-absa-africa-financial-market-ranking/,2024-02-08
https://observer.ug/news/amuria-high-school-student-paralysed-after-teacher-s-beating/,2024-02-10
https://observer.ug/business/uganda-s-economy-grows-amid-inflation-world-bank/,2024-02-12
https://observer.ug/news/swiss-businessman-summoned-by-hoima-court-over-shs-19bn-land-fraud/,2024-02-12
https://observer.ug/news/fdc-katonga-pays-tribute-to-fallen-artist-adam-mulwana/,2024-02-14
https://observer.ug/news/3-dead-100-hospitalised-after-eating-poisoned-food-at-a-funeral-in-jinja/,2024-02-15
https://observer.ug/news/malawi-parliament-allows-labour-export-to-israel/,2024-02-17
https://observer.ug/news/drc-accuses-rwanda-as-bombs-hit-goma-airport/,2024-02-19
https://observer.ug/news/newly-born-baby-girl-found-abandoned-in-mbale-sugarcane-plantation/,2024-02-19
https://observer.ug/news/65-die-in-382-road-accidents-in-one-week/,2024-02-19
https://observer.ug/news/eu-tourists-construct-shs-900m-orthopaedic-ward-at-jinja-hospital/,2024-02-19
https://observer.ug/news/gulu-high-school-headteacher-remanded-over-shs-600m-theft/,2024-02-20
https://observer.ug/viewpoint/part-i-road-to-uganda-s-2026-elections-is-a-securitized-one/,2024-02-20
https://observer.ug/education/good-public-schools-only-solution-to-high-tuition-fees/,2024-02-22
https://observer.ug/lifestyle-entertainment/madame-web-now-in-cinema/,2024-02-22
https://observer.ug/news/east-african-court-of-justice-fixes-date-for-eacop-project-appeal/,2024-02-23
https://observer.ug/news/70-year-old-woman-stranded-at-luwero-hospital-finally-reunited-with-family-after-2-months/,2024-02-26
https://observer.ug/news/bubaale-primary-school-headteacher-arrested-for-issuing-false-ple-results/,2024-02-27
https://observer.ug/education/six-arrested-over-theft-of-27-computers-at-kagwara-seed-school/,2024-02-27
https://observer.ug/education/closure-of-oil-side-school-leaves-over-130-learners-stranded/,2024-02-27
https://observer.ug/viewpoint/how-corrupt-was-uganda-in-2023/,2024-02-28
https://observer.ug/news/rotary-peace-fellows-showcase-impactful-initiative-in-peacebuilding/,2024-02-28
https://observer.ug/news/nigeria-govt-and-union-workers-launch-strike-over-soaring-inflation/,2024-02-29
https://observer.ug/news/ghana-parliament-pass-stringent-anti-gay-law/,2024-02-29
https://observer.ug/news/international-criminal-court-orders-shs-200bn-compensation-to-lra-victims/,2024-02-29
https://observer.ug/news/nup-forces-mpuuga-to-resign-over-shs-500m-parliament-cash-bonanza/,2024-02-29
https://observer.ug/news/bobi-wine-to-mpuuga-heavy-words-can-t-wash-away-your-corruption/,2024-03-02
https://observer.ug/business/inaugural-national-events-service-providers-awards-launched/,2024-03-03
https://observer.ug/news/nakaseke-houseboy-kidnaps-two-schoolgirls-demands-shs-35m-ransom/,2024-03-04
https://observer.ug/news/reopening-of-schools-spikes-inflation-rate-to-3-4/,2024-03-06
https://observer.ug/news/man-arrested-for-stealing-kinyara-sugar-works-tractor/,2024-03-06
https://observer.ug/education/lira-university-teaching-hospital-staff-strike-over-salary-disparities/,2024-03-07
https://observer.ug/news/26-pupils-of-kalas-girls-school-admitted-in-hospital-over-suspected-food-poisoning/,2024-03-07
https://observer.ug/news/gunmen-kidnap-dozens-of-schoolchildren-in-nigeria/,2024-03-07
https://observer.ug/special-editions/uce-2023-how-schools-performed-from-aggregate-8-20/,2024-03-08
https://observer.ug/special-editions/uce-2023-schools-with-the-highest-number-of-division-one/,2024-03-08
https://observer.ug/special-editions/percentage-ranking-of-schools-with-the-highest-number-of-candidates-in-division-one/,2024-03-08
https://observer.ug/news/p-5-pupil-commits-suicide-after-being-forced-to-go-to-school-in-soroti/,2024-03-09
https://observer.ug/news/bbosa-murder-boda-boda-rider-awarded-nalubaale-medal-for-capturing-assassins/,2024-03-10
https://observer.ug/news/gunmen-kidnap-another-15-schoolchildren-in-nigeria/,2024-03-10
https://observer.ug/news/equity-bank-staff-customers-in-shs-65-billion-fraud/,2024-03-11
https://observer.ug/business/agency-awards-uap-old-mutual-rewards-at-sales-agents-cars-trips/,2024-03-12
https://observer.ug/news/shumuk-forex-broker-hacks-email-of-kabale-tour-firm-defrauds-austrian-tourist-of-shs-59m/,2024-03-13
https://observer.ug/news/ugandan-lawyer-mabirizi-now-sues-kenya-over-recalling-corrupt-eac-s-mathuki/,2024-03-13
https://observer.ug/viewpoint/what-is-the-problem-with-museveni-s-parliaments/,2024-03-13
https://observer.ug/viewpoint/addressing-how-politicians-get-elected-key-to-fight-corruption/,2024-03-13
https://observer.ug/viewpoint/parliamentary-corruption-the-stronger-case-for-ethnic-based-federalism-in-uganda/,2024-03-13
https://observer.ug/news/two-years-of-fights-and-corruption/,2024-03-13
https://observer.ug/news/bugiri-district-officials-swindle-shs-1-2bn-via-non-existent-salary-arrears/,2024-03-13
https://observer.ug/business/mtn-wins-fastest-mobile-network-in-uganda-award/,2024-03-14
https://observer.ug/news/school-director-arrested-over-locking-up-cook-in-store-for-4-months/,2024-03-15
https://observer.ug/news/corruption-nup-resolves-to-replace-mpuuga-with-zaake-as-commissioner/,2024-03-16
https://observer.ug/news/speaker-among-blocks-debate-on-parliament-corruption/,2024-03-16
https://observer.ug/news/two-bishop-stuart-university-students-perish-in-mbarara-road-accident/,2024-03-18
https://observer.ug/news/south-sudan-closes-all-schools-over-heatwave/,2024-03-18
https://observer.ug/education/9-ugandan-students-win-school-fees-in-toyota-dream-car-art-contest/,2024-03-18
https://observer.ug/news/court-of-appeal-ejects-agule-mp-ogwari-from-parliament/,2024-03-19
https://observer.ug/viewpoint/if-parliament-is-the-bribe-itself-how-do-we-rise-out-of-this-mess/,2024-03-20
https://observer.ug/news/kcca-committee-recommends-radical-changes-in-accountability/,2024-03-20
https://observer.ug/news/how-five-senior-staff-defrauded-equity-bank-of-shs-62-billion/,2024-03-21
https://observer.ug/news/shs-1-1bn-consultancy-procurement-for-uwec-wall-shocks-mps/,2024-03-21
https://observer.ug/news/vietnam-president-vo-van-resigns-over-corruption/,2024-03-21
https://observer.ug/news/anti-corruption-court-remands-railways-staff-over-shs-146m-loss/,2024-03-21
https://observer.ug/news/how-lungujja-school-fell-victim-to-bank-of-africa-shs-2bn-loan-property-scandal/,2024-03-22
https://observer.ug/news/four-mbarara-district-land-titles-go-missing/,2024-03-23
https://observer.ug/lifestyle-entertainment/finally-awards-i-can-agree-with/,2024-03-23
https://observer.ug/news/rich-corporations-of-grabbing-water-from-global-south-oxfam/,2024-03-25
https://observer.ug/news/museveni-not-about-to-hand-over-power-to-muhoozi-analysts/,2024-03-25
https://observer.ug/sports/basketball-will-kcca-leopards-end-league-trophy-drought/,2024-03-28
https://observer.ug/news/kabale-school-head-teacher-collapses-to-death-during-holy-mass/,2024-03-29
https://observer.ug/news/uganda-starts-early-preps-for-continental-water-congress/,2024-03-31
https://observer.ug/education/mtac-empowers-youths-in-job-creation-as-800-graduate/,2024-03-31
https://observer.ug/news/court-of-appeal-blocks-corruption-trial-against-ex-minister-kitutu/,2024-04-01
https://observer.ug/news/91-killed-in-road-crash-crime-incidents-during-easter-period/,2024-04-02
https://observer.ug/news/karuma-power-project-tests-last-turbine/,2024-04-03
https://observer.ug/business/uganda-tanzania-agree-on-new-route-for-gas-pipeline/,2024-04-03
https://observer.ug/news/south-africa-parliament-speaker-resigns-charged-with-corruption/,2024-04-07
https://observer.ug/lifestyle-entertainment/g-s-restaurant-high-quality-dining-at-a-budget-price/,2024-04-08
https://observer.ug/business/ura-scoops-best-government-exhibitor-award/,2024-04-08
https://observer.ug/business/airtel-pays-out-shs-35bn-to-ucc-to-support-rural-infrastructure-dev-t/,2024-04-09
https://observer.ug/news/nrm-awaits-formal-proceedings-on-mpuuga-service-award/,2024-04-10
https://observer.ug/education/13-cases-of-red-eye-disease-reported-in-arua-schools/,2024-04-15
https://observer.ug/news/12-dead-50-missing-in-drc-landslide/,2024-04-15
https://observer.ug/news/nigeria-s-consumers-upset-at-electricity-rate-hike/,2024-04-15
https://observer.ug/education/nyairongo-school-computer-printer-go-missing-at-kikuube-district-hqtrs/,2024-04-15
https://observer.ug/sports/kcca-fc-wrong-to-reject-referee-mashood-ssali/,2024-04-16
https://observer.ug/education/mental-health-spike-triggers-butabika-hospital-to-train-psychiatric-nurses/,2024-04-17
https://observer.ug/news/2-million-visually-impaired-ugandans-to-navigate-budget-guide-in-braille/,2024-04-17
https://observer.ug/news/oil-landowners-storm-hoima-high-court-demand-better-compensation/,2024-04-17
https://observer.ug/news/sfc-soldier-sentenced-to-life-imprisonment-for-murder-aggravated-robbery/,2024-04-18
https://observer.ug/lifestyle-entertainment/ghostbusters-afterlife-showing-in-cinema-today/,2024-04-18
https://observer.ug/business/minister-anyakun-hails-chinese-contractor-for-talent-incubator-programme/,2024-04-18
https://observer.ug/news/zimbabwe-s-new-gold-backed-currency-sliding-on-black-market/,2024-04-18
https://observer.ug/news/vietnam-sentences-real-estate-tycoon-to-death-in-12bn-fraud-case/,2024-04-19
https://observer.ug/news/ex-nssf-boss-loses-contract-case-against-ag-minister-among/,2024-04-20
https://observer.ug/news/zimbabwe-grants-amnesty-to-4-000-inmates-to-ease-prison-congestion/,2024-04-20
https://observer.ug/news/world-cup-fufa-pleads-with-caf-over-namboole-stadium/,2024-04-20
https://observer.ug/business/totalenergies-commits-to-clean-energy-as-uganda-nears-oil-production/,2024-04-22
https://observer.ug/news/landslides-cut-off-four-sub-counties-in-sironko/,2024-04-22
https://observer.ug/news/museveni-commissions-shs-115bn-new-supreme-court-building/,2024-04-22
https://observer.ug/news/79-perished-288-injured-in-road-accidents-in-uganda-last-week/,2024-04-22
https://observer.ug/news/kampala-to-enforce-30km-hr-speed-limit-for-safer-roads/,2024-04-24
https://observer.ug/business/minister-anyakun-vouches-for-new-market-for-ugandans-in-oman/,2024-04-25
https://observer.ug/lifestyle-entertainment/thank-god-for-hugo-awards/,2024-04-25
https://observer.ug/news/transport-paralysed-as-five-trucks-get-stuck-in-jinja-road-potholes/,2024-04-25
https://observer.ug/news/118-inmates-escape-after-rain-damages-nigerian-prison/,2024-04-25
https://observer.ug/news/nrm-failing-to-implement-2021-2026-manifesto-internal-audit/,2024-04-27
https://observer.ug/news/mengo-hospital-opens-new-shs-20bn-eye-complex-appeals-for-govt-support/,2024-04-28
https://observer.ug/business/s-african-investor-sets-sights-on-vibrant-e-africa-betting-market/,2024-04-28
https://observer.ug/news/experts-sceptical-about-new-tough-govt-guidelines-for-boarding-schools/,2024-04-29
https://observer.ug/news/two-daughters-kill-their-mother-in-luwero-over-land-cash/,2024-04-29
https://observer.ug/news/kiruddu-hospital-biomedical-engineer-remanded-over-theft-of-mattresses/,2024-04-29
https://observer.ug/news/rwanda-s-housing-now-ready-for-migrants-from-uk/,2024-04-29
https://observer.ug/education/china-donates-shs-8bn-to-support-school-feeding-program-in-karamoja/,2024-04-30
https://observer.ug/education/wakiso-man-defrauds-arua-school-teachers-out-of-shs-35-million/,2024-04-30
https://observer.ug/education/education-ministry-ipa-uganda-probe-low-science-results-at-o-level/,2024-05-01
https://observer.ug/news/report-most-schools-can-t-control-fires/,2024-05-01
https://observer.ug/news/over-70-of-ugandan-workers-lack-legal-contracts-workers-mp/,2024-05-01
https://observer.ug/news/parliament-approves-shs-60m-monthly-salary-for-cultural-leaders/,2024-05-03
https://observer.ug/news/unra-closes-karuma-bridge-to-heavy-vehicles-for-3-months/,2024-05-06
https://observer.ug/news/bugiri-district-engineer-baliraine-arrested-over-shoddy-works/,2024-05-06
https://observer.ug/education/100-pupils-of-ewanga-primary-school-miss-exams-over-red-eyes/,2024-05-07
https://observer.ug/news/luwero-schools-stuck-with-donated-iron-sheets-over-lack-of-money/,2024-05-07
https://observer.ug/sports/kirunda-and-11-stars-who-played-for-sc-villa-express-and-kcca/,2024-05-07
https://observer.ug/news/malawi-drops-all-corruption-charges-against-vp-chilima/,2024-05-08
https://observer.ug/business/income-tax-amendments-will-derail-economic-progress/,2024-05-09
https://observer.ug/news/katanga-murder-wife-molly-secures-medical-report-from-prison-for-2nd-bail-attempt/,2024-05-09
https://observer.ug/news/transair-plane-skids-off-senegal-airport-runway-injures-10-people/,2024-05-09
https://observer.ug/news/luwero-hospital-terminates-internship-of-two-medical-students-over-extortion/,2024-05-10
https://observer.ug/news/updf-takes-over-construction-of-gulu-university-constituent-college-in-moroto/,2024-05-10
https://observer.ug/sports/should-delayed-re-opening-of-namboole-be-a-cause-for-worry/,2024-05-10
https://observer.ug/news/celebrating-legacies-of-media-sector-trailblazers/,2024-05-13
https://observer.ug/lifestyle-entertainment/doreen-mirembe-on-what-it-takes-to-bring-her-damalie-to-dstv-s-pearl-magic/,2024-05-13
https://observer.ug/education/museveni-turns-to-students-to-fight-corruption/,2024-05-14
https://observer.ug/news/dp-s-jude-mbabali-joins-nup-in-pre-election-power-play/,2024-05-15
https://observer.ug/news/court-quashes-petition-blocking-shs-1-4tn-lubowa-hospital-loan/,2024-05-16
https://observer.ug/news/nigeria-govt-probes-speaker-s-decision-to-marry-off-100-female-orphans/,2024-05-16
https://observer.ug/news/businessman-mukesh-shukla-remanded-over-shs-222m-fraud/,2024-05-17
https://observer.ug/news/bobi-wine-arrest-commander-bounces-back-in-powerful-police-position/,2024-05-18
https://observer.ug/news/masaka-journalists-file-assault-damage-claims-against-bobi-wine-bodyguards/,2024-05-20
https://observer.ug/news/women-leaders-under-fire-as-corruption-scandals-shake-uganda/,2024-05-22
https://observer.ug/news/technician-admits-damaging-31-acs-belonging-to-bank-of-uganda/,2024-05-22
https://observer.ug/news/why-biden-white-house-chose-kenya-for-first-state-visit-by-an-african-leader/,2024-05-23
https://observer.ug/news/nawangwe-left-out-in-the-cold-on-law-school-anita-among-exam-probe/,2024-05-23
https://observer.ug/lifestyle-entertainment/empowering-tomorrow-s-stars-role-of-education-in-cultivating-talent/,2024-05-25
https://observer.ug/news/wives-warned-against-signing-off-land-purchases-as-mere-witnesses/,2024-05-25
https://observer.ug/news/lira-city-clerk-tibihika-dies-in-road-accident/,2024-05-27
https://observer.ug/news/jinja-city-suspends-all-public-land-transactions-over-fraud/,2024-05-27
https://observer.ug/news/mbarara-traders-oppose-closure-of-city-roads-during-city-festival/,2024-05-27
https://observer.ug/news/poland-president-seeks-release-of-polish-traveller-sentenced-to-life-in-drc/,2024-05-28
https://observer.ug/business/invest-in-mtn-uganda-secondary-market-share-sale-opens/,2024-05-29
https://observer.ug/news/kikuube-locals-protest-against-environmental-destruction-by-chinese-contractor/,2024-05-30
https://observer.ug/news/namuganza-demands-probe-into-shs-90m-missing-namutumba-journalists-funds/,2024-05-30
https://observer.ug/news/bou-urges-banks-on-cyber-risks-and-fraud/,2024-05-30
https://observer.ug/news/mbarara-city-closes-damaged-katete-bridge/,2024-05-30
https://observer.ug/news/us-sanctions-speaker-among-hubby-magogo-over-corruption/,2024-05-30
https://observer.ug/news/govt-withdraws-seroma-high-school-uneb-centre-over-expelling-100-students/,2024-05-31
https://observer.ug/news/seroma-christian-school-exam-centre-not-withdrawn-says-uneb-boss/,2024-05-31
https://observer.ug/news/protesting-nigerian-workers-shut-down-schools-airports-over-wages/,2024-06-03
https://observer.ug/lifestyle-entertainment/experts-highlight-sexual-abuse-red-flags-in-m-net-documentary-school-ties/,2024-06-04
https://observer.ug/news/among-sanctions-parliament-faces-global-isolation/,2024-06-05
https://observer.ug/news/makerere-university-fined-shs-100m-over-prof-barya-contract/,2024-06-05
https://observer.ug/news/mbarara-hiv-girls-abandon-treatment-continue-spreading-virus/,2024-06-06
https://observer.ug/news/mtn-s-forest-cover-restoration-project-takes-shape/,2024-06-06
https://observer.ug/news/museveni-i-have-evidence-of-parliament-finance-corruption/,2024-06-06
https://observer.ug/news/22-chinese-nationals-sentenced-to-prison-in-zambia-for-cybercrimes/,2024-06-09
https://observer.ug/lifestyle-entertainment/watch-hit-man-bridgerton-now/,2024-06-09
https://observer.ug/sports/uganda-being-at-the-cricket-world-cup-is-a-watershed/,2024-06-09
https://observer.ug/news/masindi-road-accident-kills-2-injures-7-others/,2024-06-10
https://observer.ug/education/schools-shun-pakwach-district-sports-competitions/,2024-06-10
https://observer.ug/news/stanbic-rescues-mbale-referral-hospital/,2024-06-12
https://observer.ug/news/kcca-absa-restore-forest-cover-in-kyanja/,2024-06-12
https://observer.ug/education/kisubi-seminary-seeks-shs-2-5bn-to-construct-the-founder-s-memorial-building/,2024-06-12
https://observer.ug/news/3-kigezi-high-school-students-remanded-over-assaulting-colleague/,2024-06-12
https://observer.ug/news/corruption-3-mps-remanded-over-soliciting-bribes-from-uhrc/,2024-06-12
https://observer.ug/business/budget-ugandans-want-roads-hospitals-fixed/,2024-06-13
https://observer.ug/lifestyle-entertainment/floating-island-s-tilapia-is-excellent/,2024-06-13
https://observer.ug/news/activists-push-for-payment-to-women-for-domestic-work/,2024-06-14
https://observer.ug/news/corruption-busiki-mp-akamba-kidnapped-after-securing-bail/,2024-06-15
https://observer.ug/news/university-of-cambridge-loans-to-uganda-39-own-looted-traditional-artifacts/,2024-06-17
https://observer.ug/news/3-inmates-charged-over-kiburara-prison-food-heist/,2024-06-20
https://observer.ug/news/ex-mulago-hospital-boss-baterana-remanded-over-shs-6-3bn-loss/,2024-06-20
https://observer.ug/news/11-market-vendors-killed-in-mityana-road-accident/,2024-06-20
https://observer.ug/news/two-journalists-remanded-over-mps-corruption-story/,2024-06-21
https://observer.ug/news/student-injured-in-mbarara-school-fire/,2024-06-22
https://observer.ug/news/5-killed-on-spot-in-kanungu-head-on-road-accident/,2024-06-24
https://observer.ug/news/among-tayebwa-don-t-deserve-to-lead-parliament-latigo/,2024-06-24
https://observer.ug/news/ministry-of-trade-officer-kavundira-remanded-over-shs-3-4bn-fraud/,2024-06-24
https://observer.ug/news/nema-rules-out-compensating-wetland-evictees/,2024-06-25
https://observer.ug/news/extend-corruption-fight-to-local-governments-museveni-told/,2024-06-26
https://observer.ug/news/say-goodbye-to-passwords-mastercard-unveils-biometric-payment-solution/,2024-06-26
https://observer.ug/news/no-compensation-for-lubigi-evictees/,2024-06-26
https://observer.ug/news/most-kampala-roads-are-past-their-design-life-kcca/,2024-06-26
https://observer.ug/news/homeless-and-hopeless-families-ravaged-by-nema-s-harsh-evictions/,2024-06-26
https://observer.ug/news/corruption-now-gets-official-endorsement/,2024-06-26
https://observer.ug/news/police-probes-death-of-chinese-national-at-golden-hotel/,2024-06-26
https://observer.ug/sports/it-s-my-way-or-else-you-follow-the-highway-vipers-new-coach-tells-players/,2024-06-27
https://observer.ug/news/museveni-urges-civil-servants-to-join-corruption-fight/,2024-06-28
https://observer.ug/news/mps-probe-gulu-hospital-management-over-missing-icu-beds/,2024-06-30
https://observer.ug/business/flexipay-upesi-partner-to-enable-ugandans-transact-from-abroad/,2024-07-01
https://observer.ug/news/90-of-world-s-land-to-be-degraded-by-2050-unesco/,2024-07-01
https://observer.ug/news/how-past-budgeting-mistakes-have-come-back-to-haunt-parliament/,2024-07-02
https://observer.ug/news/how-kateeba-s-idle-floating-island-turned-into-shs-800m-project/,2024-07-02
https://observer.ug/news/lands-minister-70-of-uganda-s-land-remains-unregistered/,2024-07-03
https://observer.ug/news/corruption-burora-charged-with-hate-speech-against-speaker-among/,2024-07-03
https://observer.ug/news/kiboga-school-directors-arrested-over-female-teacher-s-murder/,2024-07-04
https://observer.ug/news/another-speaker-among-critic-remanded-to-prison/,2024-07-04
https://observer.ug/business/capital-markets-authority-witnesses-investment-growth/,2024-07-05
https://observer.ug/news/parliament-gives-nod-to-appoint-edward-akol-as-auditor-general/,2024-07-05
https://observer.ug/news/museveni-creates-another-anti-corruption-unit-to-monitor-ura/,2024-07-06
https://observer.ug/business/eprc-commences-study-on-labour-market-institution/,2024-07-07
https://observer.ug/news/refugee-hosting-community-restores-2-000-hectares-of-degraded-land/,2024-07-08
https://observer.ug/news/71-killed-333-injured-in-7-days-in-road-accidents/,2024-07-09
https://observer.ug/sports/how-will-busoga-benefit-from-successful-2027-afcon-pamoja-bid/,2024-07-10
https://observer.ug/news/burora-arrest-mps-question-overreach-of-parliamentary-police/,2024-07-10
https://observer.ug/news/oulanyah-otto-mps-implicated-in-cooperative-funds-scandal/,2024-07-10
https://observer.ug/news/luwero-roads-rot-away-as-district-fails-to-spend-works-funds/,2024-07-10
https://observer.ug/news/museveni-to-courts-no-bail-for-corruption-suspects/,2024-07-10
https://observer.ug/news/at-70-nnalongo-safina-namukwaya-brings-her-twin-babies-home-from-hospital/,2024-07-11
https://observer.ug/lifestyle-entertainment/trailblazer-suzan-kafumbe-was-a-peerless-figure-in-ugandan-sport/,2024-07-14
https://observer.ug/lifestyle-entertainment/neil-gaiman-scandal-rocks-nerdville/,2024-07-15
https://observer.ug/news/police-warns-against-next-week-s-anti-corruption-demonstrations/,2024-07-15
https://observer.ug/news/army-arrests-fake-lieutenant-evicting-people-residents-in-kakiri/,2024-07-16
https://observer.ug/news/investor-fined-shs-200m-ordered-to-restore-lwajjali-wetland-in-30-days/,2024-07-16
https://observer.ug/news/81-killed-in-road-crashes-in-7-days-in-uganda/,2024-07-16
https://observer.ug/education/fifa-s-football-for-school-programme-launched/,2024-07-16
https://observer.ug/news/lawyers-probed-over-billions-for-cooperative-compensation-2/,2024-07-17
https://observer.ug/news/seven-killed-as-kikuube-police-car-veers-off-road/,2024-07-19
https://observer.ug/news/corruption-geraldine-ssali-mps-committed-to-high-court/,2024-07-20
https://observer.ug/news/china-bridge-collapse-kills-12-over-30-missing/,2024-07-21
https://observer.ug/business/bank-of-uganda-to-buy-gold-from-local-market/,2024-07-21
https://observer.ug/news/museveni-anti-corruption-protesters-playing-with-fire/,2024-07-21
https://observer.ug/news/police-dares-anti-corruption-activists-on-july-23-demos/,2024-07-22
https://observer.ug/news/over-50-remanded-over-anti-corruption-protests/,2024-07-24
https://observer.ug/news/building-uganda-s-tech-talent-dr-zawedde-highlights-opportunities-and-challenges/,2024-07-24
https://observer.ug/news/security-thwarts-gen-z-s-efforts-to-march-to-parliament/,2024-07-24
https://observer.ug/news/anti-corruption-protests-95-imprisoned-as-45-more-are-remanded/,2024-07-25
https://observer.ug/business/after-completion-of-usmid-govt-targets-750m-cities-project/,2024-07-27
https://observer.ug/news/museveni-foreigners-funding-anti-corruption-protests-in-uganda/,2024-07-27
https://observer.ug/education/educators-express-concern-over-uganda-s-high-school-dropouts/,2024-07-27
https://observer.ug/news/104-arrested-in-five-days-over-anti-corruption-protests-in-uganda/,2024-07-28
https://observer.ug/news/speaker-among-vows-never-to-resign-over-anti-corruption-protests/,2024-07-29
https://observer.ug/news/anti-corruption-protest-former-kyambogo-vice-guild-president-granted-bail/,2024-07-29
https://observer.ug/news/chinese-investors-plead-guilty-to-disturbing-lwera-wetland/,2024-07-30
https://observer.ug/news/irony-of-poor-health-illiteracy-and-suffering-lying-between-mulago-hospital-and-makerere-university/,2024-07-30
https://observer.ug/lifestyle-entertainment/multichoice-talent-factory-unschooled-and-reschooled-me-in-sound/,2024-07-31
https://observer.ug/news/massive-forgery-scandal-rocks-police-training-school-kabalye/,2024-07-31
https://observer.ug/news/usa-how-corruption-is-destroying-uganda/,2024-07-31
https://observer.ug/news/7-chinese-nationals-fined-shs-217-million-for-disturbing-lwera-wetland/,2024-07-31
https://observer.ug/news/totalenergies-acquires-majority-stake-in-bujagali-power-dam/,2024-08-01
https://observer.ug/news/chinese-national-dai-jie-remanded-to-prison-over-murder/,2024-08-02
https://observer.ug/business/experts-children-s-insurance-cover-key-to-bridge-funding/,2024-08-02
https://observer.ug/education/experts-turn-to-school-leaders-in-fight-against-drug-abuse/,2024-08-05
https://observer.ug/news/kyagulanyi-rallies-youth-to-intensify-anti-corruption-protests/,2024-08-06
https://observer.ug/news/police-hunt-for-landlord-after-body-is-discovered-inside-septic-tank/,2024-08-06
https://observer.ug/news/police-denies-its-cid-boss-tortured-anti-corruption-protestors/,2024-08-07
https://observer.ug/news/8-killed-in-kiteezi-garbage-landfill-collapse/,2024-08-10
https://observer.ug/news/47-university-students-arrested-over-anti-oil-pipeline-project/,2024-08-11
https://observer.ug/news/archbishop-kaziimba-calls-on-church-to-join-fight-against-corruption/,2024-08-12
https://observer.ug/news/no-funds-to-relocate-kiteezi-garbage-landfill-kcca/,2024-08-13
https://observer.ug/news/csos-withdraw-bugoma-forest-appeal-case-over-litigation-delays/,2024-08-13
https://observer.ug/viewpoint/kiteezi-landfill-disaster-a-preventable-tragedy-caused-by-negligence-and-inaction/,2024-08-13
https://observer.ug/lifestyle-entertainment/prayers-for-kiteezi-and-kcca/,2024-08-14
https://observer.ug/viewpoint/turn-kiteezi-landfill-into-green-park-that-produces-methane/,2024-08-14
https://observer.ug/lifestyle-entertainment/borderlands-now-in-cinema/,2024-08-18
https://observer.ug/news/six-killed-37-injured-in-masaka-mbarara-highway-accident/,2024-08-19
https://observer.ug/news/bamasaaba-elders-opposed-to-marketing-imbalu-as-tourist-event/,2024-08-20
https://observer.ug/lifestyle-entertainment/fashion-designer-latif-madoi-recounts-harrowing-prison-experience/,2024-08-20
https://observer.ug/business/how-totalenergies-is-transiting-from-oil-major-to-energy-firm/,2024-08-20
https://observer.ug/viewpoint/parliament-s-upcountry-sittings-can-make-other-towns-self-contained/,2024-08-21
https://observer.ug/news/kyambogo-in-shs-5-6-billion-arrears-for-its-part-time-staff/,2024-08-21
https://observer.ug/news/katanga-murder-trial-delayed-over-poor-internet-connection/,2024-08-21
https://observer.ug/news/bugweri-account-is-arrested-for-inflating-district-salaries-by-shs-300m/,2024-08-22
https://observer.ug/education/upe-schools-grapple-with-underage-p1-learners-amid-high-absenteeism-levels/,2024-08-22
https://observer.ug/education/govt-schools-lag-behind-in-uneb-literacy-numeracy-assessment/,2024-08-23
https://observer.ug/news/china-pledges-shs-18-billion-to-expand-naguru-hospital/,2024-08-26
https://observer.ug/news/govt-to-expand-kisoro-airport-as-demand-for-domestic-flights-spikes/,2024-08-27
https://observer.ug/news/30-killed-20-villages-destroyed-in-sudan-dam-collapse/,2024-08-27
https://observer.ug/viewpoint/nation-in-moral-crisis-urgent-call-for-introspection-a-return-to-fundamental-values/,2024-08-27
https://observer.ug/viewpoint/school-digital-strategy-couldn-t-have-come-at-a-better-moment/,2024-08-27
https://observer.ug/news/updf-starts-construction-of-new-shs-94bn-headquarters-in-mbuya/,2024-08-28
https://observer.ug/news/fraud-court-advises-ps-ssali-mps-to-consider-plea-bargain/,2024-08-28
https://observer.ug/business/ruth-nankabirwa-says-oil-pipeline-financial-closure-due-soon/,2024-08-29
https://observer.ug/news/soroti-deputy-rdc-bakak-praised-for-fight-against-corruption/,2024-08-29
https://observer.ug/news/anti-corruption-court-issues-arrest-warrant-for-nandutu-s-brother/,2024-08-30
https://observer.ug/news/karuma-bridge-to-be-closed-to-all-traffic-for-repair-works/,2024-08-31
https://observer.ug/news/3-women-remanded-for-staging-anti-corruption-nude-protest/,2024-09-02
https://observer.ug/news/poll-corruption-pushing-60-of-africa-s-youth-to-emigrate/,2024-09-03
https://observer.ug/news/98-killed-336-injured-in-road-accidents-one-week/,2024-09-03
https://observer.ug/viewpoint/umeme-s-disregard-for-consumers-must-not-go-unchallenged/,2024-09-03
https://observer.ug/news/kyagulanyi-discharged-from-nsambya-hospital/,2024-09-04
https://observer.ug/news/china-to-rehabilitate-tanzania-zambia-railway/,2024-09-05
https://observer.ug/news/argentine-firm-to-build-uganda-s-first-nuclear-power-centre/,2024-09-05
https://observer.ug/news/namasagali-college-s-legendary-headteacher-fr-damian-grimes-dead/,2024-09-05
https://observer.ug/news/minister-sarah-mateke-dies-at-mengo-hospital/,2024-09-07
https://observer.ug/news/death-toll-in-kenya-school-fire-rises-to-21-children/,2024-09-08
https://observer.ug/news/two-feared-dead-roads-cut-off-as-r-nyamwamba-bursts-banks/,2024-09-10
https://observer.ug/news/homeowners-expose-deeper-scandals-involving-real-estate-developers/,2024-09-11
https://observer.ug/business/uedcl-applies-to-take-up-umeme-s-licenses/,2024-09-11
https://observer.ug/news/red-cross-prudential-pass-out-8-440-boda-boda-road-safety-trainees/,2024-09-11
https://observer.ug/news/kamuli-primary-school-teacher-arrested-for-defilement/,2024-09-12
https://observer.ug/sports/kcca-fc-host-ura-fc-in-uganda-premier-league-opener/,2024-09-12
https://observer.ug/news/govt-starts-camel-breeding-project-in-pader/,2024-09-12
https://observer.ug/news/govt-sues-80-landowners-over-rejecting-land-compensation-for-oil-project/,2024-09-12
https://observer.ug/news/court-dismisses-application-challenging-namboole-stadium-land-ownership/,2024-09-13
https://observer.ug/sports/peter-mazinga-kcca-fc-pacy-winger-with-a-rare-wow-factor/,2024-09-15
https://observer.ug/lifestyle-entertainment/sasha-ferguson-true-love-is-giving-the-other-person-power-to-destroy-you-but-trusting-that-they-will-not/,2024-09-17
https://observer.ug/news/why-fdc-katonga-refuses-to-back-down-on-party-name-and-colour-dispute/,2024-09-18
https://observer.ug/news/architects-unqualified-engineers-killing-uganda-s-construction-sector/,2024-09-18
https://observer.ug/news/museveni-duped-bishops-probed-over-shs-2-5bn-fraud/,2024-09-18
https://observer.ug/news/ministry-of-education-alerts-schools-on-mpox-outbreak/,2024-09-19
https://observer.ug/news/igg-launches-anti-corruption-campaign-with-posters-at-police-stations/,2024-09-19
https://observer.ug/business/will-stanbic-s-new-credit-lifeline-solve-nagging-school-fees-anxiety/,2024-09-21
https://observer.ug/news/own-goal-how-mps-lost-budgeting-power-by-repealing-budget-act-2001/,2024-09-22
https://observer.ug/news/12-pupils-hospitalised-as-hailstorm-devastates-hoima-school/,2024-09-22
https://observer.ug/news/museveni-fires-kcca-boss-kisaka-luyimbazi-over-kiteezi-disaster/,2024-09-24
https://observer.ug/business/unabcec-simba-cementto-educate-contractors-on-tax/,2024-09-26
https://observer.ug/news/frank-rusa-nyakaana-appointed-acting-executive-director-of-kcca/,2024-09-27
https://observer.ug/news/bus-conductor-recounts-deadly-rebel-attack-on-juba-highway/,2024-09-27
https://observer.ug/lifestyle-entertainment/another-3-bite-the-dust-as-handi-shaun-and-tjay-are-evicted-from-bb-naija/,2024-09-27
https://observer.ug/business/karuma-bridge-should-be-rebuilt-with-tourism-in-mind/,2024-09-27
https://observer.ug/education/exorbitant-fees-far-from-over-in-public-private-and-govt-aided-schools/,2024-09-27
https://observer.ug/news/tunisia-presidential-candidate-sentenced-to-six-months-in-prison/,2024-09-27
https://observer.ug/news/tension-in-police-as-mafia-push-for-lucrative-sniffer-dog-contracts/,2024-09-29
https://observer.ug/news/ex-namasagali-headteacher-fr-damian-grimes-buried-in-kamuli/,2024-09-29
https://observer.ug/news/policeman-adei-shoots-dead-wife-apia-in-naguru-barracks/,2024-09-30
https://observer.ug/lifestyle-entertainment/damalie-returns-in-season-ii/,2024-09-30
https://observer.ug/news/uganda-heart-institute-tribunal-upholds-45-4m-contract-award/,2024-10-01
https://observer.ug/news/petition-seeking-to-dismiss-corruption-charges-against-mp-akamba-referred-to-constitutional-court/,2024-10-01
https://observer.ug/news/city-cleaners-celebrate-sacking-of-kcca-officials/,2024-10-02
https://observer.ug/news/unicef-wfp-construct-modern-green-office-in-mbuya/,2024-10-02
https://observer.ug/news/wakiso-woman-remanded-over-defrauding-pastor-of-shs-700m/,2024-10-04
https://observer.ug/news/museveni-pardons-shs-4-2bn-fraud-convict-kashaka/,2024-10-04
https://observer.ug/news/tayebwa-pledges-parliamentary-support-for-medical-camps/,2024-10-05
https://observer.ug/education/upe-schools-grappling-with-lack-of-governance-accountability/,2024-10-07
https://observer.ug/news/state-house-unit-probes-ministers-kasaija-anite/,2024-10-09
https://observer.ug/education/yalelo-donates-furniture-to-four-schools-in-buikwe/,2024-10-09
https://observer.ug/business/synergistic-role-of-demo-trading-and-pip-calculation-in-uganda-s-financial-markets/,2024-10-09
https://observer.ug/news/kenya-deputy-president-impeached-for-abuse-of-office-corruption/,2024-10-10
https://observer.ug/news/igg-to-investigate-ubos-over-2024-census-data-inconsistencies/,2024-10-11
https://observer.ug/news/ugandans-rwandans-recruited-to-work-in-russia-duped-into-building-war-drones/,2024-10-11
https://observer.ug/education/ministry-of-education-fawe-flag-off-unprivileged-learners-back-to-schools/,2024-10-11
https://observer.ug/news/uk-based-ugandan-lawyer-loses-shs-422m-fraud-case-against-facebook-lover/,2024-10-14
https://observer.ug/news/guinea-junta-bans-ministers-from-travel-abroad/,2024-10-14
https://observer.ug/news/minister-lugoloobi-seeks-acquittal-in-iron-sheets-scandal/,2024-10-14
https://observer.ug/business/uganda-airlines-lusaka-harare-routes-open-new-markets/,2024-10-14
https://observer.ug/education/janet-orders-nursing-midwifery-schools-to-admit-fewer-students/,2024-10-14
https://observer.ug/sports/are-kcca-title-contenders/,2024-10-18
https://observer.ug/news/ex-kcca-boss-kisaka-luyimbazi-remanded-over-kiteezi-deaths/,2024-10-18
https://observer.ug/news/amuria-district-declines-to-commission-school-over-shoddy-works/,2024-10-19
https://observer.ug/news/rotary-seeks-shs-1-8bn-towards-peace-building/,2024-10-19
https://observer.ug/business/stanbic-training-to-empower-sacco-leaders-for-sustainability/,2024-10-19
https://observer.ug/news/equal-opportunities-commission-land-title-vanishes-office-relocated/,2024-10-19
https://observer.ug/education/private-schools-on-the-spot-for-delayed-digital-registration/,2024-10-19
https://observer.ug/business/tiny-caribbean-island-of-anguilla-turns-ai-boom-into-digital-gold-mine/,2024-10-20
https://observer.ug/news/scores-feared-dead-as-overturned-fuel-tanker-catches-fire-on-kampala-gulu-highway/,2024-10-22
https://observer.ug/news/11-killed-in-fuel-tanker-explosion-on-kampala-gulu-highway/,2024-10-22
https://observer.ug/news/what-guilty-plea-means-for-nup-prisoners/,2024-10-23
https://observer.ug/news/uganda-railways-rules-out-electric-trains-for-now/,2024-10-24
https://observer.ug/news/kampala-district-land-board-chairperson-balondemu-granted-bail/,2024-10-24
https://observer.ug/sports/museveni-lauds-international-olympic-committee-for-refugees-inclusion/,2024-10-26
https://observer.ug/business/certification-empowers-local-msmes-in-the-oil-and-gas-sector/,2024-10-26
https://observer.ug/news/protests-erupt-at-release-of-mozambique-s-disputed-election-results/,2024-10-26
https://observer.ug/news/uganda-airlines-pursues-new-landing-rights-in-botswana-latvia-sudan/,2024-10-28
https://observer.ug/news/ministry-of-works-officials-arrested-over-forging-psv-licences/,2024-10-28
https://observer.ug/news/former-minister-bitangaro-charged-over-shs-1-3bn-fraud/,2024-10-29
https://observer.ug/news/how-frank-rusa-is-planning-to-revamp-kcca-reputation/,2024-10-30
https://observer.ug/education/researchers-power-relations-determine-what-is-studied/,2024-10-31
https://observer.ug/news/makerere-university-students-protest-delayed-release-of-allowances/,2024-10-31
https://observer.ug/news/ugandan-lawyer-sues-drc-for-overcrowded-prisons/,2024-11-02
https://observer.ug/news/shs-1-4bn-loss-court-nullifies-parliaments-report-on-nssf-s-financial-officer/,2024-11-04
https://observer.ug/news/ugandans-repent-and-abandon-charcoal-minister-nankabirwa/,2024-11-04
https://observer.ug/news/boda-boda-riders-foil-armed-robbery-at-namuwongo-supermarket/,2024-11-05
https://observer.ug/sports/she-cranes-arrive-in-new-zealand-for-fast5-netball-world-series/,2024-11-05
https://observer.ug/news/new-president-says-botswana-s-smooth-transfer-of-power-sets-example-for-africa/,2024-11-05
https://observer.ug/lifestyle-entertainment/faith-muwanguzi-wins-awards-doing-what-she-loves-makeup/,2024-11-06
https://observer.ug/news/parliament-passes-national-coffee-bill/,2024-11-06
https://observer.ug/news/uneb-report-pins-top-schools-in-ple-malpractice/,2024-11-09
https://observer.ug/news/kcca-re-establishes-cid-at-city-hall-to-tackle-corruption/,2024-11-11
https://observer.ug/news/vendors-count-losses-as-fire-guts-kalerwe-market/,2024-11-11
https://observer.ug/news/arua-schools-launch-campaign-against-parents-indecent-dressing/,2024-11-11
https://observer.ug/news/patient-found-dead-inside-nebbi-hospital-s-water-tank/,2024-11-11
https://observer.ug/news/court-blocks-kcca-takeover-of-bat-valley-primary-school/,2024-11-12
https://observer.ug/news/minister-ssebugwawo-urges-data-driven-strategies-for-empowering-youth/,2024-11-13
https://observer.ug/news/igg-probes-education-ministry-s-mulindwa-over-age-falsification/,2024-11-13
https://observer.ug/news/world-bank-warns-anti-corruption-protests-will-spread/,2024-11-13
https://observer.ug/education/foundation-bodies-on-the-spot-over-illegal-fees-in-upe-schools/,2024-11-14
https://observer.ug/sports/upl-what-the-vipers-sc-and-kcca-fc-clash-told/,2024-11-14
https://observer.ug/news/experts-push-contract-farming-to-boost-africa-food-systems-farmers-income/,2024-11-15
https://observer.ug/education/report-raises-governance-issues-in-management-of-upe-schools/,2024-11-16
https://observer.ug/news/mbale-high-school-student-found-with-police-uniform-arrested/,2024-11-18
https://observer.ug/business/uedcl-prepares-to-take-umeme-s-space/,2024-11-18
https://observer.ug/news/plastic-waste-chokes-congo-dam-causing-widespread-power-cuts/,2024-11-18
https://observer.ug/news/police-investigate-deaths-of-mother-and-daughter-in-kamuli/,2024-11-18
https://observer.ug/news/land-in-busoga-rented-for-just-shs-40-000-a-year/,2024-11-20
https://observer.ug/news/wanted-south-sudanese-fugitive-in-7m-fraud-living-large-in-kampala/,2024-11-20
https://observer.ug/news/land-grabbers-evict-360-000-ugandans-in-2024/,2024-11-20
https://observer.ug/news/alien-skin-remanded-to-luzira-prison-over-iphone-theft/,2024-11-20
https://observer.ug/news/jinja-landlord-arrested-for-defiling-two-minors-aged-2-5-years/,2024-11-21
https://observer.ug/news/minister-mulimba-gen-gutti-survive-nakasongola-road-accident/,2024-11-22
https://observer.ug/news/kampala-parents-school-teachers-strike-over-salaries-racism/,2024-11-22
https://observer.ug/news/arua-health-officer-killed-by-mob-over-land/,2024-11-24
https://observer.ug/news/oil-vs-environment-wildlife-displaced-by-oil-projects-in-buliisa/,2024-11-27
https://observer.ug/news/will-gis-technology-assist-kcca-curb-illegal-structures/,2024-11-27
https://observer.ug/news/university-lecturer-remanded-for-scalding-maid-with-hot-water/,2024-11-27
https://observer.ug/news/12-bodies-recovered-in-bulambuli-landslides/,2024-11-28
https://observer.ug/news/court-quashes-pre-bargain-deal-orders-retrial-of-quality-supermarket-guard/,2024-11-30
https://observer.ug/news/8-congolese-refugees-die-29-injured-in-kisoro-road-accident/,2024-11-30
https://observer.ug/news/iceland-unicef-commit-1m-towards-adolescent-mothers-in-uganda/,2024-12-01
https://observer.ug/news/ex-vp-specioza-kazibwe-hospitalised-after-motor-accident/,2024-12-02
https://observer.ug/news/besigye-s-lawyers-protest-courtroom-access-delay/,2024-12-02
https://observer.ug/news/bulambuli-landslide-death-rises-to-28/,2024-12-03
https://observer.ug/viewpoint/your-mail-only-political-will-can-end-corruption/,2024-12-03
https://observer.ug/news/uganda-airlines-flight-path-project-to-mitigate-bird-strikes/,2024-12-04
https://observer.ug/news/stalled-world-bank-project-puts-contractor-on-the-spot/,2024-12-04
https://observer.ug/news/22-million-railways-locomotive-deal-sparks-controversy/,2024-12-04
https://observer.ug/news/broken-pencils-sexual-assault-crisis-plaguing-ugandan-schools/,2024-12-04
https://observer.ug/news/open-manhole-kcca-ordered-to-pay-shs-35m-to-injured-woman/,2024-12-09
https://observer.ug/lifestyle-entertainment/ikon-awards-return/,2024-12-10
https://observer.ug/news/public-servants-serving-with-integrity-awarded/,2024-12-11
https://observer.ug/sports/i-am-humbled-and-here-s-why-mulindwa-is-a-true-trailblazer/,2024-12-11
https://observer.ug/news/ura-boss-threatens-legal-action-against-corrupt-staff-taxpayers/,2024-12-11
https://observer.ug/news/prayers-can-t-work-in-stamping-out-corruption-ggoobi/,2024-12-12
https://observer.ug/education/excitement-in-kotido-as-rengen-seed-school-nears-completion/,2024-12-20
https://observer.ug/news/nigeria-investigates-nearly-800-suspects-arrested-in-massive-cybercrime-raid/,2024-12-20
https://observer.ug/business/govt-subsidizes-prices-of-renewable-energy-products/,2024-12-20
https://observer.ug/business/bou-lifts-suspension-of-pivot-payments-limited-license/,2024-12-20
https://observer.ug/news/karuma-bridge-reopened-after-3-months-of-repairs/,2024-12-21
https://observer.ug/viewpoint/we-need-to-deal-with-the-silent-pandemic-of-road-crashes/,2024-12-21
https://observer.ug/viewpoint/eacop-land-acquisition-nears-completion/,2024-12-21
https://observer.ug/news/au-agric-summit-entebbe-airport-ready-for-arrival-of-1000-dignitaries/,2024-12-22
https://observer.ug/news/teen-kills-father-over-land-in-kabale/,2024-12-22
https://observer.ug/viewpoint/bills-in-parliament-why-you-need-to-appear-before-committees/,2024-12-23
https://observer.ug/viewpoint/courts-and-churches-decolonizing-faith-and-fundamental-freedoms-in-uganda/,2024-12-23
https://observer.ug/news/janets-monitoring-unit-uncovers-over-43000-ghost-pupils-in-ntungamo/,2024-12-24
https://observer.ug/news/death-toll-in-nakasongola-road-accident-rises-to-6/,2024-12-24
https://observer.ug/sports/of-mega-sports-projects-the-death-of-senyange-and-odong/,2024-12-24
https://observer.ug/news/stopeacop-the-pointless-pipeline/,2024-12-26
https://observer.ug/news/museveni-appoints-hajjat-sharifah-buzeki-as-new-kcca-boss/,2024-12-27
https://observer.ug/news/namisindwa-finance-officer-kitongo-remanded-over-pdm-corruption-extortion/,2024-12-28
https://observer.ug/news/budaka-deputy-rdc-nabukalu-driver-killed-in-road-accident/,2024-12-30
https://observer.ug/business/era-seeks-public-views-on-annual-electricity-tariffs/,2024-12-30
https://observer.ug/business/capital-markets-can-power-ugandas-growth-minister/,2024-12-30
https://observer.ug/news/a-year-of-scandals-and-turning-points-in-judiciary/,2024-12-30
https://observer.ug/news/police-clears-2900-venues-for-new-year-fireworks-display/,2024-12-31
https://observer.ug/news/king-charles-honors-katikkiro-nsibirwas-granddaughter-with-mbe-award/,2024-12-31
https://observer.ug/news/infrastructure-projects-to-look-out-for-in-2025/,2025-01-01
https://observer.ug/news/ugandan-scientist-wins-molecular-biologist-award-for-groundbreaking-mrna-research/,2025-01-01
https://observer.ug/news/can-uganda-shake-off-2024-ghosts-in-2025/,2025-01-02
https://observer.ug/news/ten-killed-in-kyenjojo-road-accident/,2025-01-02
https://observer.ug/news/law-council-calls-for-special-meeting-over-karuas-second-bid-for-practicing-certificate/,2025-01-03
https://observer.ug/news/monster-maid-jailed-for-40-years-in-prison-over-torturing-4-year-old-girl/,2025-01-03
https://observer.ug/news/beautiful-bulambuli-has-more-to-it-than-landslides/,2025-01-03
https://observer.ug/news/train-children-to-be-champions-of-sanitation-communities-urged/,2025-01-04
https://observer.ug/business/hurdles-in-the-transition-from-umeme-to-uedcl/,2025-01-05
https://observer.ug/news/moroto-residents-donate-land-to-tororo-cement-for-construction-of-school/,2025-01-06
https://observer.ug/news/bullish-bond-market-signals-better-times-ahead-for-uganda-s-economy/,2025-01-06
https://observer.ug/news/do-we-need-standard-gauge-railway-now/,2025-01-06
https://observer.ug/news/govt-uses-inflation-to-tighten-grip-on-power/,2025-01-06
https://observer.ug/business/fintechs-create-path-for-telecoms-and-banks-to-ease-digital-payments/,2025-01-06
https://observer.ug/news/besigyes-lawyer-kiiza-sentenced-to-9-months-in-prison-by-army-court/,2025-01-07
https://observer.ug/viewpoint/time-for-uganda-to-tackle-gold-scandals-and-protect-investors/,2025-01-08
https://observer.ug/viewpoint/has-court-sanctioned-mismanagement-of-muslim-affairs-at-umsc/,2025-01-08
https://observer.ug/news/salaam-bank-ltds-green-financing-model-earns-prestigious-award/,2025-01-08
https://observer.ug/news/two-bodies-recovered-from-kampala-gulu-highway/,2025-01-08
https://observer.ug/news/lira-woman-mp-auma-forgives-election-petitioner-forfeits-shs-98m-court-award/,2025-01-09
https://observer.ug/news/new-kcca-boss-vows-to-solve-kampalas-traffic-jam-garbage-crisis/,2025-01-09
https://observer.ug/news/ura-to-appeal-shs-700bn-high-court-cash-award-to-heritage-oil/,2025-01-11
https://observer.ug/news/auditors-weigh-in-on-the-greylisting-of-uganda/,2025-01-11
https://observer.ug/lifestyle-entertainment/sex-talk-all-power-to-the-hormones/,2025-01-12
https://observer.ug/news/severe-water-crisis-hits-kasese-municipality/,2025-01-13
https://observer.ug/news/kasese-apple-farmers-struggle-with-market-challenges/,2025-01-13
https://observer.ug/business/totalenergies-seeks-approval-to-generate-solar-power-in-iganga-tororo/,2025-01-14
https://observer.ug/business/south-sudan-uganda-power-transmission-network-cost-shoots-up-to-260m/,2025-01-14
https://observer.ug/viewpoint/new-team-at-kcca-shouldnt-be-a-mere-change-of-guards/,2025-01-14
https://observer.ug/viewpoint/navigating-the-back-to-school-season/,2025-01-14
https://observer.ug/viewpoint/disruptions-in-global-maritime-shipping-will-cause-inflation-in-uganda/,2025-01-14
https://observer.ug/news/four-year-delay-in-shs-55bn-road-project-sparks-outrage/,2025-01-15
https://observer.ug/news/prisoners-escape-as-bees-disrupt-court-sessions-in-abim-moroto/,2025-01-15
https://observer.ug/news/license-scandal-wefunile-company-under-fire-for-driving-permit-fraud/,2025-01-18
https://observer.ug/news/police-tightens-security-around-parliament-amid-anti-corruption-protests/,2025-01-18
https://observer.ug/news/fenced-off-and-forgotten-84-year-old-woman-awaits-justice-amid-namboole-stadium-dispute/,2025-01-18
https://observer.ug/news/mbale-residents-to-benefit-from-shs-28-8bn-water-and-sanitation-project/,2025-01-18
https://observer.ug/viewpoint/time-to-re-introduce-study-abroad-program-for-kiswahili-teachers-in-uganda-s-teacher-training-institutions/,2025-01-18
https://observer.ug/news/mpigi-expressway-audit-reveals-mismanagement-overspending/,2025-01-19
https://observer.ug/education/alero-digital-hub-empowering-kwania-youth-with-digital-skills/,2025-01-20
https://observer.ug/business/forex-trading-is-booming-but-uganda-s-capital-markets-authority-is-not-protecting-investors/,2025-01-20
https://observer.ug/news/why-court-withheld-shs-21-billion-pay-to-eswatini-contractor/,2025-01-20
https://observer.ug/news/eutaw-seeks-30-million-recounts-intrigue-that-led-to-katosi-scandal/,2025-01-20
https://observer.ug/viewpoint/how-makerere-is-turning-into-a-glorified-secondary-school/,2025-01-20
https://observer.ug/viewpoint/time-to-empower-uganda-s-gen-z-for-burgeoning-tech-careers/,2025-01-20
https://observer.ug/news/kiu-guild-donates-relief-items-to-kiteezi-landfill-victims/,2025-01-20
https://observer.ug/news/police-probes-execution-6-suspected-robbers-in-kamwokya/,2025-01-21
https://observer.ug/viewpoint/how-broadcasting-is-revolutionizing-sports-experience/,2025-01-21
https://observer.ug/education/german-class-project-turns-into-dream-for-ugandan-students/,2025-01-21
https://observer.ug/news/katabi-landfill-overwhelmed-residents-flee-huge-stench/,2025-01-21
https://observer.ug/news/alcohol-control-bill-rejected-key-reasons-behind-parliament-s-decision/,2025-01-21
https://observer.ug/viewpoint/corruption-the-road-ahead-is-long-and-arduous/,2025-01-21
https://observer.ug/viewpoint/reliving-the-july-1985-coup-and-why-we-need-peaceful-transfer-of-power/,2025-01-21
https://observer.ug/news/attorney-general-takes-heat-over-shs-28bn-namanve-compensation/,2025-01-21
https://observer.ug/news/dei-biopharma-gets-best-pharma-company-title-at-african-awards/,2025-01-21
https://observer.ug/education/mtns-school-fees-promo-back-with-full-years-tuition-on-offer/,2025-01-21
https://observer.ug/news/kiteezi-landfill-tragedy-survivors-reject-govts-housing-proposal/,2025-01-21
https://observer.ug/viewpoint/procurement-as-a-strategic-function-unlocks-its-full-value/,2025-01-21
https://observer.ug/education/school-inspections-fall-short-with-only-35-of-schools-visited-in-2024/,2025-01-22
https://observer.ug/news/audit-billions-wasted-in-expired-drugs-gold/,2025-01-22
https://observer.ug/sports/why-col-kiggwe-holds-a-special-place-at-kcca-fc/,2025-01-23
https://observer.ug/news/police-investigate-murder-of-soroti-university-lecturer-dr-wilfred-olila/,2025-01-24
https://observer.ug/news/tayebwa-orders-investigation-into-besigyes-cage-treatment-in-luzira-prison/,2025-01-24
https://observer.ug/news/ministry-of-finance-accountant-kaliro-officials-charged-over-1-5bn-pension-fraud/,2025-01-25
https://observer.ug/news/ntv-journalist-kintu-detained-while-covering-jinja-hospital-lightning-crisis/,2025-01-27
https://observer.ug/news/lira-high-court-declines-to-put-aside-2013-land-dispute-ruling/,2025-01-27
https://observer.ug/business/cfao-unveils-new-land-cruiser-prado-250-series/,2025-01-27
https://observer.ug/education/how-stanbic-schools-championship-transforms-learners-critical-life-skills/,2025-01-27
https://observer.ug/business/oil-compensation-elicits-mixed-feelings/,2025-01-27
https://observer.ug/news/audit-report-exposes-holes-in-how-political-parties-spend-public-funds/,2025-01-27
https://observer.ug/news/aga-khan-s-new-hospital-plans-bone-marrow-transplants-and-pet-scans/,2025-01-27
https://observer.ug/viewpoint/there-s-an-irrefutable-role-of-spirituality-to-combat-evil-of-corruption-in-uganda/,2025-01-27
https://observer.ug/news/american-tourist-killed-3-injured-in-kanungu-road-accident/,2025-01-28
https://observer.ug/viewpoint/if-only-folks-in-the-opposition-understood-their-power/,2025-01-28
https://observer.ug/viewpoint/deconstructing-the-empire-of-greed/,2025-01-29
https://observer.ug/viewpoint/it-s-time-to-replace-parliament-with-a-marijuana-garden/,2025-01-29
https://observer.ug/viewpoint/cop29-exploring-africa-s-untapped-energy-potential-amid-global-energy-security-concerns/,2025-01-29
https://observer.ug/viewpoint/under-a-free-market-economy-peasants-crops-regulate-themselves/,2025-01-29
https://observer.ug/viewpoint/make-sure-those-baganda-ethnicity-and-project-uganda/,2025-01-29
https://observer.ug/viewpoint/demystifying-uganda-s-national-land-information-system/,2025-01-29
https://observer.ug/news/high-fees-why-parents-are-stuck-with-costly-schools/,2025-01-29
https://observer.ug/news/nawangwe-blocks-makerere-staff-from-discussing-his-corrupt-appointment/,2025-01-30
https://observer.ug/business/govt-to-construct-9-mini-hydro-power-plants-in-western-uganda/,2025-01-30
https://observer.ug/viewpoint/empowering-youth-key-to-sustainable-energy-and-economic-growth/,2025-01-30
https://observer.ug/viewpoint/troubling-reality-of-road-closures-for-presidential-movement-and-security/,2025-01-30
https://observer.ug/education/minister-muyingo-calls-for-probe-into-ple-failures-malpractice/,2025-02-03
https://observer.ug/news/masaka-registrar-cissy-kawuma-dismissed-over-4bn-fraud/,2025-02-03
https://observer.ug/news/prisons-waiting-for-attorney-general-instructions-to-release-besigye/,2025-02-03
https://observer.ug/viewpoint/group-savings-could-empower-young-poeple-own-decent-houses/,2025-02-03
https://observer.ug/viewpoint/the-unintended-success-of-march2parliament/,2025-02-03
https://observer.ug/viewpoint/school-trips-to-dubai-good-but-parents-should-manage-children-s-expectations/,2025-02-03
https://observer.ug/viewpoint/can-kamala-harris-win-the-us-presidency-after-biden-s-withdrawal/,2025-02-03
https://observer.ug/viewpoint/ugandans-negative-about-govt-can-simple-branding-fix-the-works/,2025-02-03
https://observer.ug/viewpoint/why-new-sh-anti-corruption-unit-may-offer-temporary-relief-to-revenue-leakages/,2025-02-03
https://observer.ug/sports/chan-delay-clouds-tournament-preps/,2025-02-04
https://observer.ug/viewpoint/for-ugandan-children-a-commute-to-school-has-become-a-death-sentence/,2025-02-04
https://observer.ug/news/land-disputes-and-politics-delay-bunyoro-university-launch/,2025-02-05
https://observer.ug/news/ugandas-stock-market-fails-to-grow-after-30-years-heres-whats-holding-it-back/,2025-02-05
https://observer.ug/news/cairo-bank-credit-official-nassuna-convicted-over-shs-200m-loan-fraud/,2025-02-05
https://observer.ug/business/uganda-named-most-promising-new-destination-at-outbound-travel-market/,2025-02-05
https://observer.ug/viewpoint/contract-farming-could-be-the-gamechanger-for-uganda-s-agriculture/,2025-02-06
https://observer.ug/viewpoint/anite-s-fight-against-corruption-and-the-mirrors-nrm-refuses-to-use/,2025-02-06
https://observer.ug/viewpoint/a-just-energy-transition-consensus-with-civil-society-on-oil-and-gas/,2025-02-06
https://observer.ug/viewpoint/the-monster-of-capitalism-and-the-idea-of-free-markets-in-uganda/,2025-02-06
https://observer.ug/viewpoint/nema-is-neoliberal-and-is-selective-on-land-evictions/,2025-02-06
https://observer.ug/viewpoint/set-a-thief-to-catch-a-thief-m7-s-curious-choice-for-anti-revenue-fraud-watchdog/,2025-02-06
https://observer.ug/viewpoint/hacks-to-kicking-out-the-school-fees-pressure/,2025-02-06
https://observer.ug/viewpoint/have-the-mafia-overtaken-the-ppda/,2025-02-06
https://observer.ug/viewpoint/rising-challenge-of-content-piracy-in-uganda-s-entertainment-landscape/,2025-02-06
https://observer.ug/viewpoint/mr-president-stop-wholesale-arbitrary-road-closures-and-citizen-abuse/,2025-02-06
https://observer.ug/viewpoint/your-mail-audits-lifestyle-of-government-staff/,2025-02-06
https://observer.ug/viewpoint/why-sanctions-against-the-corrupt-matter-for-the-oft-despised-citizens-of-uganda/,2025-02-06
https://observer.ug/viewpoint/uganda-needs-to-use-education-to-prevent-corruption/,2025-02-06
https://observer.ug/news/jozan-nursery-school-closed-after-murder-of-six-year-old-pupil/,2025-02-07
https://observer.ug/news/shs-2bn-fish-handing-facility-submerged-by-rising-l-albert-waters/,2025-02-07
https://observer.ug/viewpoint/striking-gold-bitcoin-mining-and-energy-exploration-in-uganda/,2025-02-09
https://observer.ug/viewpoint/nay-madam-speaker-it-is-not-right-to-steal-and-share/,2025-02-09
https://observer.ug/viewpoint/we-need-to-scout-for-more-players-of-capradossi-quality/,2025-02-09
https://observer.ug/viewpoint/nema-soiled-by-selective-and-unjust-evictions-in-lubigi/,2025-02-09
https://observer.ug/viewpoint/good-practices-for-managing-safety-and-traffic-flow-during-road-construction/,2025-02-09
https://observer.ug/viewpoint/restoring-our-land-a-call-to-action-for-climate-resilience/,2025-02-09
https://observer.ug/news/nwsc-fined-800m-over-damaging-namirembe-road-building/,2025-02-10
https://observer.ug/lifestyle-entertainment/road-to-the-academy-awards/,2025-02-10
https://observer.ug/education/mps-concerned-over-implementation-of-new-school-curriculum/,2025-02-10
https://observer.ug/education/toyota-dream-car-art-contestants-can-win-shs-2m-in-school-fees/,2025-02-10
https://observer.ug/viewpoint/part-2-uganda-s-dred-scott-v-sandford-unpacking-the-real-constitutional-damage-wrought-by-the-decision-in-fox-odoi-and-others-v-attorney-general/,2025-02-11
https://observer.ug/business/electricity-distribution-shifts-from-private-to-public-hands/,2025-02-12
https://observer.ug/lifestyle-entertainment/three-is-a-crowd-julie-makes-inroads-into-the-family/,2025-02-12
https://observer.ug/news/audit-shows-senegals-previous-govt-misreported-public-debt/,2025-02-14
https://observer.ug/news/besigye-appears-in-court-looking-frail-sickly/,2025-02-15
https://observer.ug/business/old-mutual-investment-group-awards-agents/,2025-02-15
https://observer.ug/news/appeals-court-upholds-singer-r-kellys-30-year-prison-term/,2025-02-15
https://observer.ug/news/torture-court-awards-shs-30m-to-kasese-nup-registrar/,2025-02-15
https://observer.ug/news/lira-hospital-defends-shs-100-toilet-fee/,2025-02-15
https://observer.ug/news/african-govts-urged-to-open-up-water-sector-amid-aid-withdrawal/,2025-02-17
https://observer.ug/business/ai-driven-biometric-fraud-surges-in-africa-fueling-financial-crimes/,2025-02-17
https://observer.ug/news/widow-awarded-shs-60m-compensation-over-husbands-death-in-prison/,2025-02-18
https://observer.ug/viewpoint/the-stolen-iron-sheets-that-shelter-uganda-s-anti-corruption-crusade/,2025-02-18
https://observer.ug/viewpoint/uganda-s-dred-scott-v-sandford-unpacking-the-real-constitutional-damage-wrought-by-the-decision-in-fox-odoi-and-others-v-attorney-general/,2025-02-18
https://observer.ug/viewpoint/plan-with-your-children-this-school-holiday/,2025-02-18
https://observer.ug/viewpoint/harnessing-the-tempting-power-of-the-pearl-of-africa-tourism-expo/,2025-02-18
https://observer.ug/news/besigyes-hunger-strike-a-bid-for-sympathy-museveni/,2025-02-18
https://observer.ug/viewpoint/uganda-s-oil-securing-land-rights-for-project-devt/,2025-02-18
https://observer.ug/viewpoint/engage-manufacturers-in-formulation-of-quality-control-policies/,2025-02-18
https://observer.ug/news/african-mayors-commit-to-provide-better-sanitation-facilities/,2025-02-18
https://observer.ug/viewpoint/alternative-financing-for-road-safety-interventions/,2025-02-18
https://observer.ug/viewpoint/building-an-independent-identity-separate-from-your-job/,2025-02-18
https://observer.ug/sports/heres-why-bidandi-ssali-is-a-peerless-football-brand/,2025-02-18
https://observer.ug/education/all-set-for-season-10-of-the-stanbic-national-schools-championship/,2025-02-18
https://observer.ug/news/parliament-bans-unchecked-debate-on-the-president/,2025-02-19
https://observer.ug/news/uganda-officials-sell-water-umbrellas-success-story-to-africa/,2025-02-19
https://observer.ug/news/govt-starts-construction-of-250-bed-cardiac-hospital/,2025-02-20
https://observer.ug/news/mukono-mother-rejects-shs-4m-compensation-after-son-dies-in-factory-accident/,2025-02-20
https://observer.ug/news/afwasa-congress-senegal-ivory-coast-burkina-faso-from-joint-sanitation-campaign/,2025-02-20
https://observer.ug/sports/end-of-kcca-fcs-title-run/,2025-02-20
https://observer.ug/news/nwscs-mugisha-hands-over-afwasa-presidency-to-cameroon/,2025-02-20
https://observer.ug/news/govt-denies-shs-2bn-arrears-for-2022-ebola-response-medics/,2025-02-20
https://observer.ug/news/seeta-high-school-student-found-dead-in-dormitory/,2025-02-23
https://observer.ug/news/uetcl-fined-shs-200m-200000-day-for-passing-electric-lines-over-private-land/,2025-02-24
https://observer.ug/news/two-more-suspects-remanded-over-shs-2-2bn-fraud-case/,2025-02-24
https://observer.ug/education/museveni-urges-schools-to-guide-students-towards-science-tech-careers/,2025-02-25
https://observer.ug/viewpoint/leveraging-ai-for-energy-optimisation-and-equitable-access-in-africa/,2025-02-25
https://observer.ug/business/tourism-ministry-pushes-to-match-hospitality-boom-with-skills/,2025-02-25
https://observer.ug/lifestyle-entertainment/joshua-baraka-is-ugandas-lone-trace-awards-nominee/,2025-02-25
https://observer.ug/viewpoint/government-ought-to-give-school-buses-same-rights-as-ambulances/,2025-02-25
https://observer.ug/news/a-fathers-endless-grief-remembering-the-2023-lhubiriha-school-attack/,2025-02-26
https://observer.ug/news/human-rights-tribunal-awards-shs-60m-to-widow-of-man-tortured-to-death-by-updf/,2025-02-26
https://observer.ug/news/experts-radio-here-to-stay-but-broadcasters-need-collaborations/,2025-02-27
https://observer.ug/news/rukungiri-prison-warder-shot-dead-for-stealing-generator/,2025-02-27
https://observer.ug/news/tayebwa-elected-president-of-acp-states-joint-parliamentary-assembly/,2025-02-28
https://observer.ug/business/power-tariffs-will-umemes-exit-usher-in-cheaper-power/,2025-02-28
https://observer.ug/news/pallisa-teacher-arrested-over-killing-student-in-false-accusation-scandal/,2025-03-01
https://observer.ug/news/mps-uppa-demand-probe-into-brutal-attack-on-top-tv-journalist/,2025-03-01
https://observer.ug/news/shs-600m-garnishee-fraud-wakiso-businessman-remanded/,2025-03-01
https://observer.ug/business/rising-food-prices-drive-inflation-as-harsh-weather-hits-uganda/,2025-03-03
https://observer.ug/sports/kcca-players-should-aspire-to-follow-in-their-idols-footsteps/,2025-03-03
https://observer.ug/news/shs-60bn-bou-fraud-six-suspects-granted-bail/,2025-03-03
https://observer.ug/news/bou-ordered-to-pay-shs-200m-over-rejected-carpet-bid/,2025-03-04
https://observer.ug/viewpoint/i-am-the-state-contextualizing-ugandas-struggle-with-power/,2025-03-04
https://observer.ug/viewpoint/vandalism-pushing-up-electricity-prices/,2025-03-05
https://observer.ug/news/21m-bou-fraud-report-reveal-shocking-details/,2025-03-05
https://observer.ug/education/did-some-schools-cheat-their-way-in-new-o-level-curriculum-exams/,2025-03-06
https://observer.ug/news/five-dead-21-injured-in-nine-vehicle-crash-on-kampala-bombo-road/,2025-03-06
https://observer.ug/business/airtel-launches-virtual-prepaid-card-for-international-payments/,2025-03-06
https://observer.ug/news/angry-residents-torch-soroti-school-over-delayed-trial-of-murder-suspects/,2025-03-06
https://observer.ug/news/uganda-teachers-sacco-leaders-remanded-over-shs-7bn-fraud/,2025-03-06
https://observer.ug/news/three-injured-in-kalongo-bus-accident-amid-rising-road-crashes/,2025-03-10
https://observer.ug/news/no-witnesses-investigations-stall-in-seeta-high-school-students-mysterious-death/,2025-03-10
https://observer.ug/education/entebbe-girls-school-equipped-on-sexual-and-reproductive-health/,2025-03-11
https://observer.ug/business/nwsc-updf-strike-deal-to-make-and-repair-pumps/,2025-03-11
https://observer.ug/news/how-trailblazing-kevin-masaba-is-reinventing-the-business-of-radio/,2025-03-11
https://observer.ug/lifestyle-entertainment/time-for-another-bridget-jones-movie/,2025-03-11
https://observer.ug/viewpoint/an-appeal-for-equity-and-diversity-in-church-projects/,2025-03-12
https://observer.ug/viewpoint/decentering-of-women-within-the-gender-equality-discourse/,2025-03-12
https://observer.ug/viewpoint/education-and-patient-capital-critical-for-women-empowerment/,2025-03-12
https://observer.ug/viewpoint/parliamentary-corruption-and-the-stronger-case-for-ethnic-based-federalism-in-uganda/,2025-03-12
https://observer.ug/news/women-bring-men-on-board-in-the-fight-for-gender-equality/,2025-03-12
https://observer.ug/news/bmk-built-it-with-his-money-colorado-nsubuga-rejects-buziga-property-claims/,2025-03-12
https://observer.ug/news/buyala-landfill-another-toxic-time-bomb-waiting-to-blow-up/,2025-03-12
https://observer.ug/news/kabaka-to-sue-minister-sam-mayanja-over-kaazi-land/,2025-03-12
https://observer.ug/news/activist-akullo-is-the-2025-david-kato-vision-and-voice-award-winner/,2025-03-12
https://observer.ug/business/no-more-paper-records-kampala-market-vendors-go-digital-in-business-revolution/,2025-03-14
https://observer.ug/news/minister-lugoloobi-says-hes-stressed-over-iron-sheets-scandal/,2025-03-14
https://observer.ug/news/besigye-lutale-further-remanded-as-prosecution-delays-bail-hearing/,2025-03-14
https://observer.ug/business/energy-access-investment-forum-to-focus-on-electrifying-underserved-communities/,2025-03-17
https://observer.ug/news/luwero-hospital-under-scrutiny-for-negligence-after-mothers-death/,2025-03-18
https://observer.ug/viewpoint/community-based-project-helps-iganga-mayuge-handled-silent-epidemic-in-infants/,2025-03-18
https://observer.ug/news/how-umeme-pinetti-will-share-govts-she-1-2-trillion/,2025-03-19
https://observer.ug/education/national-schools-championship-govt-calls-for-holistic-education/,2025-03-19
https://observer.ug/news/buganda-road-court-orders-interpol-to-arrest-ssemakadde/,2025-03-19
https://observer.ug/news/bebe-cool-ordered-to-settle-copyright-dispute-out-of-court/,2025-03-20
https://observer.ug/news/mps-question-delay-in-swearing-in-nalukoola/,2025-03-21
https://observer.ug/education/ple-2024-religious-based-schools-lead-in-exam-malpractice/,2025-03-21
https://observer.ug/news/five-arrested-over-seeta-high-school-teachers-death/,2025-03-23
https://observer.ug/news/over-700-bags-seized-at-tororo-cement-adulteration-workshop/,2025-03-24
https://observer.ug/news/karuma-bridge-closed-again-for-repairs/,2025-03-25
https://observer.ug/news/school-suicides-experts-call-for-mental-health-reforms-in-uganda/,2025-03-25
https://observer.ug/viewpoint/francis-kamulegeyas-school-for-the-deaf-model-needs-to-be-emulated/,2025-03-26
https://observer.ug/news/eac-closer-to-harmonised-cross-border-payments/,2025-03-26
https://observer.ug/news/experts-forge-ways-to-bridge-gaps-in-sexual-and-reproductive-health/,2025-03-26
https://observer.ug/education/two-years-later-private-schools-lag-in-information-system-compliance/,2025-03-26
https://observer.ug/news/mufti-mubajjes-re-election-dispute-stalls-as-court-demands-proper-legal-procedure/,2025-03-26
https://observer.ug/news/ugandan-worker-allegedly-abandoned-by-uk-company-in-somalia/,2025-03-26
https://observer.ug/news/police-investigate-sudden-death-of-intern-doctor-rodgers-abaho/,2025-03-26
https://observer.ug/news/govt-attributes-power-outages-to-high-demand/,2025-03-26
https://observer.ug/business/uganda-and-tanzania-secure-external-funding-for-oil-pipeline/,2025-03-27
https://observer.ug/sports/kcca-leopards-in-action-to-prove-a-point/,2025-03-27
https://observer.ug/business/brac-seeks-to-improve-kawempe-hospitals-maternal-centre/,2025-03-28
https://observer.ug/business/nssf-contractors-to-share-shs-827bn-procurement-budget-next-fy/,2025-03-28
https://observer.ug/news/anti-corruption-court-issues-criminal-summons-to-former-minister-nandutu/,2025-03-28
https://observer.ug/lifestyle-entertainment/showing-in-the-cinema-in-the-lost-lands/,2025-03-29
https://observer.ug/news/prison-break-10-escape-from-jinja-central-police-station/,2025-03-30
https://observer.ug/news/three-pupils-injured-as-truck-crashes-into-kasese-school/,2025-03-31
https://observer.ug/news/minister-asks-igg-to-investigate-corruption-allegations-at-makerere-university/,2025-03-31
https://observer.ug/education/unesco-calls-for-healthier-more-nutritious-school-meals/,2025-03-31
https://observer.ug/business/umeme-shares-trading-suspended-for-two-weeks-over-transition/,2025-03-31
https://observer.ug/news/fraud-anti-corruption-court-issues-criminal-summons-against-mp-akamba/,2025-04-01
https://observer.ug/news/umemes-2700-workers-absorbed-into-uedcl-as-concession-ends/,2025-04-01
https://observer.ug/news/kiruddu-hospital-seeks-skin-bank-amid-rising-burn-cases/,2025-04-01
https://observer.ug/viewpoint/ugandas-power-grid-holds-key-to-electric-vehicle-usage-transition/,2025-04-02
https://observer.ug/viewpoint/umeme-hands-over-shs-2-5-trillion-revenue-business-to-government-as-concession-ends/,2025-04-02
https://observer.ug/viewpoint/world-of-opportunity-awaits-uedcl-as-they-take-over-power-distribution/,2025-04-02
https://observer.ug/news/lightning-strike-kills-teacher-injures-15-students-at-masaka-school/,2025-04-02
https://observer.ug/news/surety-sent-to-luzira-prison-over-missing-maj-kiggundu-murder-suspect/,2025-04-03
https://observer.ug/lifestyle-entertainment/ikon-awards-reward-best-in-film-and-television/,2025-04-06
https://observer.ug/news/umeme-still-entangled-in-80-pending-court-cases/,2025-04-06
https://observer.ug/news/bugiri-highway-accident-claims-12-lives/,2025-04-07
https://observer.ug/lifestyle-entertainment/nabwiso-nabimanya-nominated-for-africa-magic-viewers-choice-awards/,2025-04-08
https://observer.ug/viewpoint/building-ugandas-prosperity-through-free-pre-primary-education/,2025-04-09
https://observer.ug/viewpoint/ofwono-wrong-on-maos-efforts-to-resolve-uls-judiciary-dispute/,2025-04-09
https://observer.ug/news/artiste-bruno-k-awarded-she-130m-for-copyright-infringement/,2025-04-09
https://observer.ug/sports/after-vek-struggles-contenders-nec-biul-ura-can-create-new-league-order/,2025-04-09
https://observer.ug/news/betty-aol-ocan-dismisses-nrm-defection-rumours/,2025-04-10
https://observer.ug/news/education-ministry-director-mulindwa-hands-over-office-amid-igg-probe/,2025-04-10
https://observer.ug/news/pader-moneylender-remanded-over-fraud-allegations/,2025-04-11
https://observer.ug/news/lugazi-nursing-graduate-goes-missing-after-lesbian-scandal/,2025-04-12
https://observer.ug/news/karuma-bridge-reopens-after-3-week-closure/,2025-04-14
https://observer.ug/news/three-killed-19-injured-in-rukungiri-ntungamo-road-accident/,2025-04-14
https://observer.ug/sports/ugandas-chepkwurui-finishes-at-netherlands-marathon/,2025-04-15
https://observer.ug/news/boda-boda-rider-declares-2026-presidential-bid-vows-to-end-4-decades-of-nrm-suffering/,2025-04-15
https://observer.ug/education/no-one-owes-you-yes-in-the-job-market-pilot-faridah-to-gulu-students/,2025-04-15
https://observer.ug/news/shs-33bn-hoima-hospital-maternity-complex-stalls-as-govt-cites-financial-constraints/,2025-04-15
https://observer.ug/education/buliisa-residents-demand-govt-secondary-school-amid-rising-dropouts/,2025-04-15
https://observer.ug/news/court-orders-mulago-hospital-to-examine-nandutu-amid-illness-claims/,2025-04-15
https://observer.ug/viewpoint/court-martial-jury-still-out-on-the-crucial-choice-before-parliament/,2025-04-15
https://observer.ug/news/cash-for-votes-scandal-rocks-ugandas-parliament/,2025-04-15
https://observer.ug/news/midnight-money-the-secret-pact-between-museveni-and-parliament/,2025-04-16
https://observer.ug/education/will-education-ministrys-capacity-building-drive-turn-around-sector/,2025-04-16
https://observer.ug/business/old-mutual-life-assurance-partners-nxtpe-airtel-money-to-enable-digital-premium-payments/,2025-04-16
https://observer.ug/business/oil-works-cement-hoimas-strategic-city-status/,2025-04-16
https://observer.ug/sports/is-stancharts-road-to-anfield-trip-2025-off/,2025-04-16
https://observer.ug/sports/misfiring-kcca-who-is-to-blame/,2025-04-17
https://observer.ug/news/forgery-case-against-kampala-land-board-chairperson-balondemu-adjourned-to-may-16/,2025-04-17
https://observer.ug/business/women-in-tech-accelerator-program-to-empower-ugandas-female-led-tech-startups/,2025-04-17
https://observer.ug/lifestyle-entertainment/zulanda-hosts-listeners-party/,2025-04-21
https://observer.ug/news/former-jinja-road-police-commander-found-dead-inside-septic-tank/,2025-04-22
https://observer.ug/business/prices-of-construction-materials-drop-significantly-ubos/,2025-04-22
https://observer.ug/business/airtel-launches-ai-powered-spam-alert-service-to-combat-mobile-fraud/,2025-04-22
https://observer.ug/news/omoro-school-closed-after-murder-of-two-girls-in-dormitory/,2025-04-22
https://observer.ug/viewpoint/uganda-needs-to-confront-electoral-corruption/,2025-04-22
https://observer.ug/viewpoint/ugandas-bail-guidelines-should-be-scrapped-for-usurping-the-powers-of-parliament/,2025-04-22
https://observer.ug/news/city-land-broker-kamoga-arrested-over-disputed-entebbe-property/,2025-04-25
https://observer.ug/lifestyle-entertainment/three-is-a-crowd-cancer-throws-spanner-in-works/,2025-04-27
https://observer.ug/education/how-mengo-ss-mega-projects-are-raising-bar-in-education-standards/,2025-04-27
https://observer.ug/news/justice-rosette-kanias-land-fraud-case-flops-after-sellers-death/,2025-04-27
https://observer.ug/business/eight-awarded-as-journey-to-the-boardroom-graduates-35/,2025-04-28
https://observer.ug/news/shs-2-trillion-isimba-dam-could-be-washed-away-soon-experts/,2025-04-28
https://observer.ug/education/csos-want-schools-involved-in-fight-against-malaria/,2025-04-28
https://observer.ug/news/fire-guts-girls-dormitory-at-mercy-and-love-primary-school/,2025-04-28
https://observer.ug/news/how-kabale-district-officials-plotted-to-loot-billions-in-project-funds/,2025-04-28
https://observer.ug/viewpoint/here-is-the-blueprint-for-politicians-entrepreneurs-constructing-churches/,2025-04-29
https://observer.ug/news/drug-shortages-turn-clinics-into-death-traps/,2025-05-01
https://observer.ug/news/pilgrim-africa-celebrates-world-malaria-day-with-a-pledge-to-protect-schoolchildren/,2025-05-02
https://observer.ug/news/weight-of-abandoned-hope-crushes-one-time-drug-harm-reduction-hero/,2025-05-02
https://observer.ug/lifestyle-entertainment/three-is-a-crowd-next-pit-stop-for-davids-drama-hospital/,2025-05-04
https://observer.ug/sports/why-kcca-pulled-out-case-at-cas/,2025-05-04
https://observer.ug/news/museveni-suspends-cabinet-parliament-ahead-of-nrm-elections/,2025-05-05
https://observer.ug/news/nandutus-iron-sheets-trial-adjourned-due-to-bereavement-and-medical-delays/,2025-05-06
https://observer.ug/news/chemutai-appointed-new-nup-elections-management-committee-chairperson/,2025-05-06
https://observer.ug/education/stanbic-national-schools-championship-2025-boot-camp-kicks-off/,2025-05-07
https://observer.ug/news/ugandas-biotech-pioneer-crowned-africas-scientific-trailblazer/,2025-05-07
https://observer.ug/business/financial-institutions-renew-efforts-to-fight-fraud/,2025-05-07
https://observer.ug/news/museveni-urges-affordable-electricity-in-africa/,2025-05-10
https://observer.ug/education/nira-schools-debate-2025-concludes/,2025-05-11
https://observer.ug/news/owiny-dollo-constructs-church-to-honor-mother/,2025-05-12
https://observer.ug/news/quality-chemical-hosts-free-medical-camp-to-mark-world-malaria-day/,2025-05-12
https://observer.ug/business/govt-signs-contracts-for-800km-road-project-in-northern-uganda/,2025-05-14
https://observer.ug/education/odoch-rises-from-a-village-technical-school-to-become-a-global-engineer/,2025-05-14
https://observer.ug/business/uganda-eyes-capital-markets-to-unlock-mineral-wealth/,2025-05-15
https://observer.ug/education/will-arts-teachers-abandon-classes-over-unfulfilled-promises-on-salary/,2025-05-17
https://observer.ug/viewpoint/gender-and-energy-a-two-way-relationship-between-access-and-equality/,2025-05-17
https://observer.ug/news/iuiu-academic-registrar-dr-halima-on-the-spot-over-fake-degree-scandal/,2025-05-19
https://observer.ug/news/uganda-airlines-dismisses-cargo-corruption-claims-on-london-route/,2025-05-19
https://observer.ug/lifestyle-entertainment/three-is-a-crowd-it-is-showtime-at-the-hospital/,2025-05-20
https://observer.ug/business/inflation-remains-below-target-as-bou-maintains-key-rate/,2025-05-21
https://observer.ug/news/why-human-rights-defenders-chose-activist-aloikin-for-2025-eu-award/,2025-05-21
https://observer.ug/news/museveni-praises-parliament-for-passing-updf-amendment-bill/,2025-05-21
https://observer.ug/news/museveni-orders-muhoozi-to-shoot-to-kill-power-vandals-in-luwero/,2025-05-22
https://observer.ug/news/mulago-hospital-refutes-claims-by-justice-mulyagonja-over-lack-of-medication/,2025-05-23
https://observer.ug/education/court-hands-over-contested-kaharo-high-school-to-kigezi-diocese/,2025-05-26
https://observer.ug/education/will-govts-ban-on-lavish-school-proms-hold/,2025-05-26
https://observer.ug/business/demystifying-digital-marketing-why-every-business-must-get-online/,2025-05-26
https://observer.ug/education/ig-partners-with-patongo-seed-school-to-fight-corruption/,2025-05-26
https://observer.ug/news/one-dead-two-critically-injured-in-namisindwa-road-accident/,2025-05-26
https://observer.ug/news/chief-justice-orders-probe-into-chaos-at-nakawa-court/,2025-05-26
https://observer.ug/lifestyle-entertainment/three-is-a-crowd-after-hospital-scene-diane-wants-to-give-david-taste-of-his-medicine/,2025-05-26
https://observer.ug/viewpoint/kcca-needs-at-least-shs-400bn-annually-to-create-meaningful-impact-part-i/,2025-05-28
https://observer.ug/viewpoint/uganda-is-on-the-brink-of-energy-independence/,2025-05-28
https://observer.ug/business/solar-power-now-ugandas-cheapest-energy-as-tariff-drops-to-5-1-us-cents/,2025-05-28
https://observer.ug/business/uma-launches-digital-fraud-database-to-tackle-rising-corporate-crime/,2025-05-28
https://observer.ug/business/damali-ssali-to-lead-gain-uganda-can-she-transform-the-nations-food-future/,2025-05-28
https://observer.ug/sports/can-the-kcca-leopards-be-counted-on/,2025-05-28
https://observer.ug/news/mengo-hospital-withholds-body-over-shs-64m-unpaid-medical-bill/,2025-05-29
https://observer.ug/news/ugandan-milk-finally-finds-ready-market-in-algeria/,2025-05-29
https://observer.ug/news/oil-project-affected-persons-express-disappointment-in-uganda-judiciary/,2025-05-29
https://observer.ug/news/constable-guns-down-colleague-in-suspected-crime-of-passion-at-naguru-police-barracks/,2025-05-30
https://observer.ug/lifestyle-entertainment/trailer-not-enough-to-judge-movie-quality/,2025-05-31
https://observer.ug/news/govt-launches-carbon-market-regulations-to-align-with-global-commitments/,2025-06-02
https://observer.ug/news/twinomujuni-honoured-with-uganda-development-champion-award/,2025-06-02
https://observer.ug/news/sanitation-warriors-get-their-first-spotlight-in-historic-wash-awards/,2025-06-02
https://observer.ug/viewpoint/to-forgive-or-not-to-a-letter-to-president-museveni-over-my-health-compensation/,2025-06-03
https://observer.ug/business/dfcu-foundation-launched-to-boost-farmers-access-to-credit-markets/,2025-06-05
https://observer.ug/lifestyle-entertainment/miss-thailand-is-miss-world/,2025-06-07
https://observer.ug/news/three-arrested-for-vandalizing-power-line-in-buikwe/,2025-06-10
https://observer.ug/lifestyle-entertainment/you-have-not-driven-a-car-until-youve-owned-a-land-rover/,2025-06-10
https://observer.ug/viewpoint/paving-ugandas-road-to-agro-industrialization/,2025-06-11
https://observer.ug/business/stanbic-launches-digital-dollar-accounts-for-international-schools/,2025-06-11
https://observer.ug/news/millions-to-benefit-from-shs-543-8bn-legs-project/,2025-06-11
https://observer.ug/news/kabale-court-orders-school-to-pay-shs-25m-over-missing-pupil/,2025-06-12
https://observer.ug/news/kamuli-district-chairperson-kuwembula-killed-in-road-accident/,2025-06-12
https://observer.ug/news/express-penalty-system-company-sued-over-fraud-tax-evasion/,2025-06-12
https://observer.ug/sports/zebra-ssenyange-jr-on-course-to-become-boxing-trailblazer/,2025-06-12
https://observer.ug/news/igg-to-probe-illegal-irish-contractor-on-shs-895-billion-namanve-project/,2025-06-12
https://observer.ug/news/police-officer-remanded-over-theft-of-building-materials/,2025-06-13
https://observer.ug/sports/kcca-fc-should-pick-a-leaf-from-no-nonsense-jennifer-musisi-era/,2025-06-14
https://observer.ug/lifestyle-entertainment/uganda-film-festival-awards-talent-in-night-of-glitz-and-glamour/,2025-06-14
https://observer.ug/education/govt-given-5-days-to-justify-failure-to-provide-school-meals/,2025-06-15
https://observer.ug/news/nandutu-pins-ex-minister-kitutu-over-iron-sheets-scandal/,2025-06-16
https://observer.ug/news/over-10-injured-in-violent-naguru-land-eviction-raid/,2025-06-16
https://observer.ug/viewpoint/an-effective-public-transport-would-shut-out-complaints-over-road-fines/,2025-06-18
https://observer.ug/viewpoint/dear-chief-justice-heres-why-ive-turned-down-law-reform-committee-appointment/,2025-06-18
https://observer.ug/viewpoint/beware-of-the-snake-charmers-of-the-travelling-market/,2025-06-18
https://observer.ug/business/business-initiative-moves-to-empower-300000-young-women-through-coffee/,2025-06-18
https://observer.ug/news/education-or-exploitation-when-school-requirements-cross-the-line/,2025-06-18
https://observer.ug/news/what-shs-72-3-trillion-budget-means-for-your-school-hospital-and-wallet/,2025-06-18
https://observer.ug/business/auri-studios-centus-platform-to-combat-power-theft-in-uganda/,2025-06-18
https://observer.ug/news/boda-boda-rider-who-lost-leg-in-accident-awarded-shs-21m/,2025-06-19
https://observer.ug/news/museveni-issues-another-eviction-order-for-balaalo-to-exit-northern-uganda/,2025-06-19
https://observer.ug/news/four-pupils-hospitalised-after-police-fire-tear-gas-into-school-during-luwero-protests/,2025-06-20
https://observer.ug/news/jinja-foreman-electrocuted-at-building-site/,2025-06-23
https://observer.ug/news/elections-wont-remove-museveni-from-power-mao/,2025-06-23
https://observer.ug/news/lubaga-hospital-cuts-surgery-costs-by-50-during-medical-camp/,2025-06-23
https://observer.ug/news/mtn-bails-out-toro-babies-home-with-shs-10m-medical-bill-payment/,2025-06-24
https://observer.ug/business/equity-banks-equi-green-loans-champion-clean-energy-and-sustainability/,2025-06-24
https://observer.ug/viewpoint/standard-gauge-railways-promise-for-ugandas-private-sector/,2025-06-25
https://observer.ug/viewpoint/is-the-ideology-simply-joining-parliament/,2025-06-25
https://observer.ug/news/uganda-honours-dr-magoola-kazaire-with-faces-of-science-award/,2025-06-25
https://observer.ug/news/from-fields-to-parliament-ugandas-women-demand-justice-at-national-symposium/,2025-06-25
https://observer.ug/news/gold-chase-an-investigation-into-corruption-and-betrayal-in-ugandas-mining-sector/,2025-06-25
https://observer.ug/business/equity-bank-uganda-empowers-refugees-through-financial-inclusion/,2025-06-25
https://observer.ug/news/balaalo-pastoralists-sue-govt-over-n-uganda-evictions/,2025-06-27
https://observer.ug/news/koboko-rdc-bans-political-campaigns-near-schools-markets/,2025-06-30
https://observer.ug/news/kitgum-hospital-gets-mobile-x-ray-machine-after-two-years/,2025-06-30
https://observer.ug/news/northern-uganda-schools-hit-by-goalpost-thefts/,2025-06-30
https://observer.ug/sports/will-coaching-duo-of-magera-senyondo-turn-kcca-fortunes/,2025-06-30
https://observer.ug/education/using-the-arts-to-break-menstrual-taboo-in-schools/,2025-06-30
https://observer.ug/business/equity-bank-empowers-young-rural-entrepreneurs-with-skills-capital/,2025-07-01
https://observer.ug/business/behind-the-curtains-mirembe-irene-nagawas-journey-from-poverty-to-power/,2025-07-01
https://observer.ug/education/bumasifwa-seed-school-students-protest-over-missing-lessons/,2025-07-01
https://observer.ug/viewpoint/thank-you-hon-minister-but-west-nile-needs-more-roads/,2025-07-02
https://observer.ug/business/stanbic-wins-nema-sustainability-award-for-second-year/,2025-07-02
https://observer.ug/news/national-symposium-no-development-without-women-owning-land/,2025-07-02
https://observer.ug/business/baby-kids-expo-targets-regional-expansion-after-ugandan-success/,2025-07-02
https://observer.ug/news/turf-war-in-acholi-balaalo-evictions-ignite-land-rights-firestorm/,2025-07-02
https://observer.ug/news/is-mulago-hospital-turning-into-a-healthcare-symbol-in-peril/,2025-07-02
https://observer.ug/news/nakawa-court-remands-police-officer-17-others-over-power-line-vandalism/,2025-07-03
https://observer.ug/news/what-next-now-that-ugandas-science-is-ready-for-market/,2025-07-03
https://observer.ug/news/court-orders-govt-to-produce-vehicle-tracking-project-contracts/,2025-07-04
https://observer.ug/news/new-entebbe-airport-business-lounge-to-be-altered-after-public-backlash/,2025-07-07
https://observer.ug/news/soroti-schools-shun-scouts-training/,2025-07-07
https://observer.ug/viewpoint/hey-the-tuktuk-water-distributor-in-kalagi-also-needs-a-govt-bailout/,2025-07-09
https://observer.ug/news/museveni-to-wetland-farmers-leave-peacefully-earn-more/,2025-07-09
https://observer.ug/news/kiteezi-tragedy-how-decade-of-institutional-failure-trapped-kcca-bosses/,2025-07-09
https://observer.ug/news/why-museveni-eyes-45-years-in-power/,2025-07-09
https://observer.ug/news/special-probe-uncovers-shocking-rot-in-civil-service/,2025-07-09
https://observer.ug/news/supreme-court-acquits-landlord-convicted-of-raping-tenants-maid/,2025-07-09
https://observer.ug/news/lawyer-andrew-obam-remanded-over-shs-200m-defraud-against-justice-kanyeihamba/,2025-07-10
https://observer.ug/business/smes-reap-from-rise-in-digital-payments/,2025-07-11
https://observer.ug/business/artificial-intelligence-driving-infrastructure-demand-raxio/,2025-07-11
https://observer.ug/technology/top-five-project-management-software-to-streamline-your-workflow/,2025-07-11
https://observer.ug/technology/strategies-to-successfully-deliver-large-it-projects-on-time/,2025-07-11
https://observer.ug/news/minister-ssebugwawo-champions-ai-innovation-at-trendsetters-awards-gala/,2025-07-11
https://observer.ug/technology/how-digital-marketing-is-changing-small-businesses-in-uganda/,2025-07-11
https://observer.ug/business/solar-powered-water-irrigation-sites-to-enhance-rural-farming/,2025-07-11
https://observer.ug/news/wakiso-politicians-probed-over-vandalising-police-cctv-cameras/,2025-07-12
https://observer.ug/news/security-guard-shot-dead-in-namugongo-supermarket-robbery/,2025-07-12
https://observer.ug/education/oyam-schools-launch-door-to-door-campaign-to-curb-high-pupil-dropouts/,2025-07-13
https://observer.ug/news/retired-supreme-court-judge-kanyeihamba-dies-at-nakasero-hospital/,2025-07-14
https://observer.ug/lifestyle-entertainment/hope-this-star-trek-installment-sticks-the-landing/,2025-07-15
https://observer.ug/news/kanyeihamba-burial-delayed-over-wifes-health/,2025-07-15
https://observer.ug/viewpoint/dr-besigyelutale-and-all-political-prisoners-are-unjustly-detained/,2025-07-16
https://observer.ug/viewpoint/liquified-petroleum-gas-can-be-ugandas-bridge-to-a-cleaner-tomorrow/,2025-07-16
https://observer.ug/viewpoint/harnessing-digital-infrastructure-for-service-delivery/,2025-07-16
https://observer.ug/business/poor-roads-blamed-for-low-agric-productivity/,2025-07-16
https://observer.ug/business/chemical-overload-on-farmlands-sparks-alarm-over-food-system-collapse/,2025-07-16
https://observer.ug/news/justice-delayed-drama-delivered-inside-ugandas-week-in-court/,2025-07-16
https://observer.ug/news/nwsc-defends-water-quality-amid-safety-concerns-in-gulu/,2025-07-18
https://observer.ug/news/museveni-warns-updf-officers-against-corruption/,2025-07-18
https://observer.ug/viewpoint/the-problem-isnt-network-marketing-its-how-we-sell-it/,2025-07-18
https://observer.ug/viewpoint/religion-politics-and-violence-part-6-pre-modern-power/,2025-07-19
https://observer.ug/news/iron-sheets-theft-scandal-haunts-kitutu-nandutu-badly-in-nrm-primaries/,2025-07-21
https://observer.ug/news/kisoro-hospital-celebrates-a-covid-19-success-story/,2025-07-21
https://observer.ug/education/prompt-intervention-needed-for-boarding-facilities-in-seed-schools/,2025-07-21
https://observer.ug/news/rise-in-birth-defects-in-lango-sub-region-worries-doctors/,2025-07-22
https://observer.ug/lifestyle-entertainment/sex-talk-quality-over-quantity-anytime/,2025-07-22
https://observer.ug/news/tiktoker-briton-kasule-arrested-after-bragging-about-power-theft/,2025-07-22
https://observer.ug/viewpoint/journalists-are-human-with-inherent-fundamental-rights/,2025-07-23
https://observer.ug/viewpoint/commercialized-politics-can-only-derail-a-countrys-development/,2025-07-23
https://observer.ug/viewpoint/rural-ugandans-bus-or-stranded-trailer-truck-to-sdg-6/,2025-07-23
https://observer.ug/news/govt-fined-shs-1bn-over-uganda-motors-kireka-land-loss/,2025-07-24
https://observer.ug/news/nandutu-admits-diverting-karamoja-iron-sheets-to-bududa-landslide-victims/,2025-07-25
https://observer.ug/news/nup-defector-alionzi-wins-nrm-arua-mayoral-flag/,2025-07-28
https://observer.ug/news/american-airlines-plane-wheels-catch-fire-at-denver-airport/,2025-07-28
https://observer.ug/education/rotary-gifts-usuk-ss-with-shs-226m-environmental-conservation-project/,2025-07-28
https://observer.ug/news/man-attempts-to-jump-off-karuma-bridge-to-float-to-egypt/,2025-07-28
https://observer.ug/news/fire-guts-classrooms-at-kakira-high-school/,2025-07-29
https://observer.ug/news/doctor-lab-tech-attempt-to-defraud-turkish-investor-of-4-9m/,2025-07-29
https://observer.ug/business/equity-bank-awarded-best-regional-bank/,2025-07-29
https://observer.ug/news/two-lawyers-remanded-over-shs-900m-land-lease-fraud/,2025-07-31
https://observer.ug/viewpoint/rethinking-justice-through-alternative-dispute-resolution/,2025-08-01
https://observer.ug/news/four-injured-in-luwero-road-accident/,2025-08-01
https://observer.ug/business/stanbic-pushes-for-domestic-capital-to-unlock-e-africas-infrastructure-opportunities/,2025-08-03
https://observer.ug/education/how-primary-schoolboy-is-leading-the-fight-against-menstrual-stigma/,2025-08-03
https://observer.ug/news/court-orders-agago-school-to-refund-shs-1m-to-ex-board-members/,2025-08-04
https://observer.ug/news/mother-of-parliament-rhoda-kalema-bows-out-at-96/,2025-08-04
https://observer.ug/news/ugandans-lose-hope-in-corruption-fight-twaweza-report/,2025-08-04
https://observer.ug/education/audit-unearths-over-1800-ghost-pupils-in-west-nile-schools/,2025-08-05
https://observer.ug/business/unbs-launches-e-portal-to-streamline-import-inspections-and-cut-clearance-delays/,2025-08-05
https://observer.ug/news/s-6-student-drowns-at-seeta-high-school/,2025-08-05
https://observer.ug/news/land-deals-are-tearing-apart-rural-uganda/,2025-08-06
https://observer.ug/news/kcca-gets-1-million-to-bury-kiteezi-for-good/,2025-08-06
https://observer.ug/news/the-new-hustle-how-tororos-youth-are-rebuilding-their-futures/,2025-08-06
https://observer.ug/viewpoint/built-today-broken-tomorrow-the-sustainability-paradox-of-rural-water-projects/,2025-08-07
https://observer.ug/viewpoint/the-lubowa-hospital-judgement-ugandas-missed-opportunity-to-affirm-public-participation-in-ppps/,2025-08-07
https://observer.ug/technology/nsambya-furniture-workshop-turning-craftsmanship-into-digital-success-story/,2025-08-07
https://observer.ug/news/nineteen-killed-13-injured-in-hoima-road-accident/,2025-08-08
https://observer.ug/news/finance-decries-budget-manipulation-corruption-by-govt-officials/,2025-08-08
https://observer.ug/viewpoint/countdown-to-2026-democracy-at-a-crossroads/,2025-08-08
https://observer.ug/viewpoint/subdividing-land-failed-homeowners-its-time-to-flip-that-real-estate-model/,2025-08-10
https://observer.ug/lifestyle-entertainment/three-is-a-crowd-diane-lands-one-home/,2025-08-11
https://observer.ug/business/tmr-hospital-honoured-as-best-private-healthcare-service-provider/,2025-08-11
https://observer.ug/news/us-embassy-probes-death-of-american-citizen-in-entebbe-police-cells/,2025-08-11
https://observer.ug/news/man-sentenced-to-6-month-community-service-for-grabbing-grandmothers-land/,2025-08-11
https://observer.ug/news/hoima-city-hit-by-wave-of-water-meter-thefts/,2025-08-12
https://observer.ug/viewpoint/hoima-city-stadium-provides-a-blueprint-for-ugandas-infrastructural-development/,2025-08-13
https://observer.ug/business/uganda-tanzania-select-gas-pipeline-consultant/,2025-08-13
https://observer.ug/education/soroti-school-invents-home-glucose-test-kit-for-diabetes/,2025-08-13
https://observer.ug/news/clock-is-ticking-fast-towards-the-first-wash-awards-august-15-deadline/,2025-08-13
https://observer.ug/news/courts-under-fire-politics-war-crimes-and-a-global-arms-scandal-rock-uganda/,2025-08-13
https://observer.ug/news/police-declines-to-reveal-details-of-cctv-footage-in-seeta-high-school-drowning/,2025-08-13
https://observer.ug/news/clinician-who-confessed-to-murder-in-nakawa-church-transferred-to-kabale-for-investigation/,2025-08-14
https://observer.ug/news/police-investigate-mysterious-deaths-of-60-goats-after-vaccination-in-kitgum/,2025-08-15
https://observer.ug/news/over-40-per-cent-ugandan-children-are-in-labour-market/,2025-08-16
https://observer.ug/business/ugandan-coffee-prices-rebound-ministry-urges-farmers-to-maintain-quality/,2025-08-19
https://observer.ug/viewpoint/ntare-school-case-exposes-societys-attitudes-towards-lgbtq-issues/,2025-08-20
https://observer.ug/viewpoint/decent-housing-how-govt-abandoned-its-social-contract/,2025-08-20
https://observer.ug/viewpoint/expunging-the-ghost-of-innocent-ngobi-ndiko-appraising-the-constitutional-courts-decision-on-no-fault-divorce-in-uganda/,2025-08-20
https://observer.ug/business/elegu-market-to-boost-trade-between-uganda-south-sudan/,2025-08-20
https://observer.ug/news/ugandas-road-crisis-billions-in-debt-businesses-in-ruin/,2025-08-20
https://observer.ug/news/trucks-stranded-in-zombo-as-poor-roads-halt-trade-to-drc/,2025-08-21
https://observer.ug/sports/end-of-the-road-for-uganda-cranes/,2025-08-23
https://observer.ug/education/uneb-orders-schools-to-display-candidate-registers-for-public-verification/,2025-08-25
https://observer.ug/news/igg-orders-masaka-hr-officer-to-refund-shs-25m-paid-to-ghost-pensioner/,2025-08-26
https://observer.ug/news/church-building-collapses-in-namisindwa-injuring-ten-women/,2025-08-26
https://observer.ug/news/court-of-appeal-upholds-acquittal-of-ex-minister-byandala-in-katosi-road-scam/,2025-08-26
https://observer.ug/viewpoint/hoima-stadium-project-success-exposes-pros-and-cons-of-local-contracting/,2025-08-27
https://observer.ug/viewpoint/expunging-the-ghost-of-innocent-ngobi-ndiko-an-appraisal-of-the-constitutional-courts-decision-on-no-fault-divorce-in-uganda-part-2/,2025-08-27
https://observer.ug/news/how-corruption-became-a-billion-dollar-industry/,2025-08-30
https://observer.ug/news/horror-at-kawempe-hospital/,2025-08-30
https://observer.ug/news/how-kcca-councillors-paved-way-for-ham-to-take-over-nakivubo-channel/,2025-08-30
https://observer.ug/lifestyle-entertainment/chinese-language-makes-steady-inroads-as-students-traders-pick-up-classes/,2025-09-02
https://observer.ug/viewpoint/growing-through-project-implementation-lessons-of-a-young-engineer/,2025-09-03
https://observer.ug/viewpoint/expunging-the-ghost-of-innocent-ngobi-ndiko-an-appraisal-of-the-constitutional-courts-decision-on-no-fault-divorce-in-uganda-part-3/,2025-09-03
https://observer.ug/news/can-ugandas-filmmakers-turn-passion-into-power/,2025-09-03
https://observer.ug/news/uganda-launches-export-training-for-100-artisans-to-access-us-market/,2025-09-03
https://observer.ug/business/ugandans-face-disconnection-over-poor-use-of-electricity/,2025-09-03
https://observer.ug/news/how-ugandas-judiciary-balances-power-and-the-pursuit-of-fairness/,2025-09-03
https://observer.ug/education/how-sumayya-girls-defied-odds-to-win-stanbic-schools-championship/,2025-09-03
https://observer.ug/news/600-000-gold-scam-kampala-land-board-boss-balondemu-released-on-bail/,2025-09-03
https://observer.ug/news/600000-gold-scam-kampala-land-board-boss-released-on-bail/,2025-09-03
https://observer.ug/news/gold-scam-kampala-land-board-boss-balondemu-released-on-bail/,2025-09-03
https://observer.ug/news/drc-warns-parents-against-paying-school-fees-to-m23-rebels/,2025-09-04
https://observer.ug/news/more-than-3000-ugandans-benefit-from-govt-clean-energy-initiative/,2025-09-05
https://observer.ug/sports/namukwaya-still-believes-in-avengers-powers-to-win/,2025-09-05
https://observer.ug/viewpoint/does-kampala-need-an-engineer-or-lawyer-heres-my-perspective-as-a-contractor/,2025-09-10
https://observer.ug/viewpoint/uganda-women-in-parliament-must-lead-policy-reform-on-parenting/,2025-09-10
https://observer.ug/viewpoint/transforming-ugandas-education-system-establishing-schools-in-catchment-areas/,2025-09-10
https://observer.ug/business/equity-bank-tips-smes-after-end-of-empowerment-tour/,2025-09-10
https://observer.ug/news/uganda-moves-to-honour-its-hidden-clean-water-and-sanitation-heroes/,2025-09-10
https://observer.ug/news/collapsing-buildings-ugandas-deadly-cost-of-cutting-corners/,2025-09-10
https://observer.ug/news/in-uganda-victims-of-war-crimes-still-wait-for-compensation/,2025-09-10
https://observer.ug/news/ubc-nfa-clash-over-arapai-land-as-museveni-gives-away-224-acres-to-american-ngo/,2025-09-11
https://observer.ug/sports/parliament-commends-uganda-cranes-for-historic-chan-performance/,2025-09-12
https://observer.ug/news/nup-to-start-vetting-parliamentary-flag-bearers-next-week/,2025-09-12
https://observer.ug/news/head-of-nup-leadership-training-school-doreen-kaija-kidnapped/,2025-09-15
https://observer.ug/news/supreme-court-orders-govt-to-pay-dr-okullo-790000-shs-500m-in-damages/,2025-09-16
https://observer.ug/viewpoint/corruption-crisis-district-services-commissions-abandon-merit-as-they-scramble-for-sweeteners/,2025-09-17
https://observer.ug/viewpoint/lessons-from-ethiopia-about-delayed-projects-and-self-doubting-population/,2025-09-17
https://observer.ug/news/uganda-gets-a-game-changer-aga-khans-million-dollar-campus-and-hospital/,2025-09-17
https://observer.ug/news/contract-extension-storm-hits-government/,2025-09-17
https://observer.ug/news/how-city-pastor-acquired-kibanja-ownership-on-katanga-land/,2025-09-17
https://observer.ug/news/northern-uganda-roads-food-nutrition-project-strengthens-ties-with-germany/,2025-09-18
https://observer.ug/news/kcca-nema-sued-by-buyaala-village-residents-over-garbage-dump/,2025-09-18
https://observer.ug/viewpoint/letter-to-the-editor-how-schools-can-instil-anti-corruption-values-through-health-education/,2025-09-19
https://observer.ug/news/tmr-hospital-conducts-first-closed-heart-surgery/,2025-09-20
https://observer.ug/news/okollo-bridge-closed-over-structural-damage/,2025-09-22
https://observer.ug/news/trailer-driver-murdered-in-rukiga-50-bags-of-rice-stolen/,2025-09-22
https://observer.ug/news/inside-rebecca-kadagas-7-hour-homecoming-trail-day-of-loyalty-legacy/,2025-09-22
https://observer.ug/lifestyle-entertainment/untold-realities-of-studying-abroad/,2025-09-24
https://observer.ug/business/stanbic-celebrates-marketing-leader-ogong-as-he-exits-after-eight-years/,2025-09-24
https://observer.ug/news/museveni-hands-out-award-to-matembe-tells-youth-dont-ditch-the-old-ways/,2025-09-24
https://observer.ug/viewpoint/expunging-the-ghost-of-innocent-ngobi-ndiko-an-appraisal-of-the-constitutional-courts-decision-on-no-fault-divorce-in-uganda-part-4/,2025-09-24
https://observer.ug/education/two-security-guards-arrested-after-burglary-at-soroti-school-ict-lab/,2025-09-27
https://observer.ug/news/three-muni-university-killed-in-pakwach-arua-highway-crash/,2025-09-29
https://observer.ug/sports/university-football-league-returns-bigger-promises-fireworks/,2025-09-29
https://observer.ug/news/four-kiu-students-severely-injured-in-kasese-road-crash/,2025-09-29
https://observer.ug/education/mengo-ss-races-towards-shs-600m-in-proceeds-for-landmark-dining-facility/,2025-10-01
https://observer.ug/viewpoint/expunging-the-ghost-of-innocent-ngobi-ndiko-an-appraisal-of-the-constitutional-courts-decision-on-no-fault-divorce-in-uganda-part-5/,2025-10-01
https://observer.ug/news/flush-of-glory-uganda-rolls-out-first-wash-awards/,2025-10-01
https://observer.ug/lifestyle-entertainment/feni-bernard-the-heart-that-powers-a-movement-of-hope-in-arua/,2025-10-02
https://observer.ug/news/ten-panyango-ss-students-hospitalized-after-lightning-strikes-dormitory/,2025-10-03
https://observer.ug/news/two-killed-13-critically-injured-in-kumi-road-accident/,2025-10-07
https://observer.ug/news/oral-contracts-are-legally-binding-high-court-rules/,2025-10-07
https://observer.ug/news/kcca-blames-downtown-flooding-on-nakivubo-channel-works/,2025-10-07
https://observer.ug/news/amref-makerere-students-rotary-win-2025-wash-awards/,2025-10-08
https://observer.ug/news/mafabi-pledges-to-use-oil-revenue-for-jobs-infrastructure-in-bunyoro/,2025-10-08
https://observer.ug/news/quality-chemical-launches-new-paediatric-hiv-aids-drug-for-children/,2025-10-09
https://observer.ug/news/four-remanded-over-shs-725m-attempted-bank-fraud/,2025-10-14
https://observer.ug/news/beti-kamya-asset-tracing-and-financial-profiling-to-unlock-corruption-syndicates/,2025-10-14
https://observer.ug/viewpoint/ugandas-political-x-ray-power-personality-and-the-pulse-of-a-nation/,2025-10-14
https://observer.ug/viewpoint/thirty-years-on-the-ugandan-constitution-is-at-a-crossroads/,2025-10-14
https://observer.ug/news/kazibwes-chronicling-of-corruption-scandals-reminds-ugandans-of-the-battle-at-hand/,2025-10-14
https://observer.ug/news/centenary-group-expands-east-with-landmark-commercial-complex-in-mbale/,2025-10-14
https://observer.ug/news/ex-kenya-pm-raila-odinga-dies-of-cardiac-arrest-in-india/,2025-10-15
https://observer.ug/business/business-galore-at-trade-fair-as-uma-pushes-for-better-roads-to-boost-trade/,2025-10-17
https://observer.ug/education/uganda-renews-call-for-hygiene-in-schools/,2025-10-18
https://observer.ug/news/kenyas-raila-odinga-laid-to-rest-beside-his-father/,2025-10-19
https://observer.ug/news/ura-returns-to-shs-7-4bn-renting-six-years-after-building-shs-140bn-tower/,2025-10-19
https://observer.ug/sports/fellow-fans-what-really-went-wrong-with-kcca-ambitions/,2025-10-20
https://observer.ug/viewpoint/is-it-time-to-rethink-nwscs-success-story/,2025-10-21
https://observer.ug/news/mps-vote-to-retain-ugandas-556-member-parliament-despite-public-concerns/,2025-10-21
https://observer.ug/news/four-dead-eight-injured-in-kole-road-crash/,2025-10-21
https://observer.ug/news/indian-community-leader-arrested-in-gulu-over-fireworks/,2025-10-22
https://observer.ug/viewpoint/how-nup-abandoned-its-issue-less-politics-is-success-of-its-opponents/,2025-10-22
https://observer.ug/viewpoint/what-would-kenya-look-like-had-raila-odinga-governed/,2025-10-22
https://observer.ug/news/how-the-118-million-umeme-buyout-became-a-governance-crisis/,2025-10-22
https://observer.ug/news/from-kilometres-to-minutes-eu-unicef-safe-water-ends-long-treks-in-kiryandongo/,2025-10-22
https://observer.ug/news/raila-odinga-titan-has-fallen/,2025-10-22
https://observer.ug/news/how-anita-became-ugandas-most-powerful-woman-and-most-controversial-speaker/,2025-10-22
https://observer.ug/news/over-63-killed-in-head-on-bus-collision-on-kampala-gulu-highway/,2025-10-22
https://observer.ug/news/court-quashes-land-commissioner-mugainos-interdiction-awards-him-shs-50m/,2025-10-22
https://observer.ug/news/uwa-staff-remanded-over-shs-9-3-bn-gorilla-permit-fraud/,2025-10-23
https://observer.ug/news/emorimor-declares-total-war-on-school-dropouts-in-teso/,2025-10-26
https://observer.ug/news/muntu-pledges-to-revive-tea-sector-fight-corruption/,2025-10-27
https://observer.ug/news/high-court-awards-shs-10m-to-man-detained-beyond-48-hours/,2025-10-27
https://observer.ug/news/unbs-boss-kasigwa-drags-trade-minister-to-court-over-probe-directive/,2025-10-27
https://observer.ug/education/prof-nyeko-installed-as-new-mbarara-university-chancellor/,2025-10-27
https://observer.ug/business/marketing-awards-to-mark-five-years/,2025-10-28
https://observer.ug/business/ugandans-face-scarcity-and-expensive-drugs-on-market/,2025-10-28
https://observer.ug/business/how-affordable-electricity-is-powering-lives-and-businesses-across-the-country/,2025-10-28
https://observer.ug/technology/atem-rises-from-statelessness-to-use-his-tech-vision-to-empower-the-youth/,2025-10-28
https://observer.ug/viewpoint/is-uganda-transitioning-from-a-popular-vote-presidential-system-to-a-parliamentary-system/,2025-10-29
https://observer.ug/viewpoint/combating-ten-trillion-shillings-corruption/,2025-10-29
https://observer.ug/business/road-to-ugandas-first-oil-kingfisher-likely-to-be-starting-point/,2025-10-29
https://observer.ug/education/nabumali-boarding-primary-school-gets-new-bus/,2025-10-29
https://observer.ug/viewpoint/can-uedcls-weterezeeee-campaign-end-power-theft-in-uganda/,2025-10-29
https://observer.ug/viewpoint/sixty-years-of-red-cross-and-red-crescent-fundamental-principles-in-action/,2025-10-30
https://observer.ug/news/nine-killed-as-landslides-hit-bukwo-and-kween-districts/,2025-10-31
https://observer.ug/news/m23-rebels-reject-frances-plan-to-reopen-goma-airport/,2025-10-31
https://observer.ug/education/can-national-accelerated-education-fix-ugandas-school-dropout-crisis/,2025-10-31
https://observer.ug/news/sebei-landslide-death-toll-rises-to-19-20-still-missing/,2025-11-03
https://observer.ug/business/relief-for-households-as-inflation-eases-to-3-4-in-october/,2025-11-03
https://observer.ug/education/mps-probe-higher-education-loan-scheme-amid-favouritism-accusations/,2025-11-04
https://observer.ug/business/rwamirama-challenges-agricultural-manufacturers-to-prioritise-quality-environment/,2025-11-04
https://observer.ug/viewpoint/tainted-victory-shame-on-president-samia-hassan-for-betraying-suluhu-for-electoral-fraud/,2025-11-05
https://observer.ug/business/ubl-invests-over-shs-1-5-billion-on-water-projects/,2025-11-05
https://observer.ug/news/uganda-engages-eac-members-for-collective-health-procurement/,2025-11-05
https://observer.ug/news/ethiopias-grand-renaissance-dam-what-lessons-can-uganda-learn/,2025-11-05
https://observer.ug/news/city-floods-wipe-out-billions-kcca-launches-investigation/,2025-11-05
https://observer.ug/news/shrines-death-and-the-unraveling-mystique-of-bryan-white/,2025-11-05
https://observer.ug/news/nyamugasani-water-project-powers-kaseses-10-fold-economic-growth-drive/,2025-11-06
https://observer.ug/news/fifteen-injured-in-ntoroko-road-crash/,2025-11-07
https://observer.ug/news/mafabi-dares-museveni-to-provide-evidence-on-bugisu-cooperative-land-claims/,2025-11-07
https://observer.ug/business/quality-chemical-industries-posts-record-shs-23-9bn-profit-in-six-months/,2025-11-09
https://observer.ug/viewpoint/pains-of-building-a-kingdom-in-a-democracy-without-royal-blood/,2025-11-10
https://observer.ug/education/endowment-funds-would-make-schools-run-sustainably/,2025-11-10
https://observer.ug/news/uace-2025-70-inmates-sit-s-6-exams-across-ugandan-prisons/,2025-11-10
https://observer.ug/news/nda-shuts-down-45-illegal-clinics-in-n-uganda/,2025-11-11
https://observer.ug/news/how-bungled-shs-86bn-project-caused-sacking-of-eswatini-consul-to-uganda/,2025-11-12
https://observer.ug/news/from-bududa-to-mbarara-ugandas-campaign-trail-turns-chaotic/,2025-11-12
https://observer.ug/news/recasting-the-northern-question-can-todays-mps-turn-power-into-progress/,2025-11-12
https://observer.ug/business/solar-power-partnership-to-bring-water-to-millions-across-country/,2025-11-12
https://observer.ug/business/totalenergies-ep-rallies-youth-to-lead-energy-transition/,2025-11-12
https://observer.ug/business/nabbanja-rallies-pension-funds-to-finance-infrastructure-projects/,2025-11-12
https://observer.ug/sports/why-dr-ivan-sewanyana-is-a-revered-figure-at-kcca-fc/,2025-11-12
https://observer.ug/news/ngora-prison-warder-faces-dismissal-over-criticising-nrm/,2025-11-14
https://observer.ug/sports/world-cup-qualifiers-england-host-serbia-as-france-face-ukraine/,2025-11-14
https://observer.ug/viewpoint/large-turn-out-of-learners-in-west-nile-schools-is-impressive/,2025-11-17
https://observer.ug/news/social-media-is-a-powerful-activism-platform-in-uganda-report/,2025-11-17
https://observer.ug/education/uneb-should-streamline-payment-of-examination-fees/,2025-11-17
https://observer.ug/education/the-powerful-silent-culprit-is-the-stories-we-tell-our-children/,2025-11-17
https://observer.ug/business/boda-boda-riders-given-skills-and-gear-to-curb-rising-road-fatalities/,2025-11-19
https://observer.ug/business/shs-543-8bn-project-boosts-local-enterprises-household-incomes/,2025-11-19
https://observer.ug/viewpoint/are-political-prisoners-just-a-footnote-in-the-struggle/,2025-11-19
https://observer.ug/news/kabale-court-awards-shs-10m-to-ex-nyamweru-sub-county-chief-over-wrongful-interdiction/,2025-11-19
https://observer.ug/news/bryan-white-remanded-to-luzira-prison-over-murder/,2025-11-19
https://observer.ug/viewpoint/unpredictable-rains-landslides-droughts-in-uganda-new-normal-requiring-new-thinking/,2025-11-23
https://observer.ug/news/hiv-rates-surge-in-soroti-as-schoolgirls-sell-sex-for-shs-1000/,2025-11-24
https://observer.ug/news/omoro-businessman-remanded-over-trespass-on-church-land/,2025-11-25
https://observer.ug/education/it-is-high-time-school-visitations-and-meetings-were-revised/,2025-11-25
https://observer.ug/news/tmr-hospital-clarifies-on-death-of-a-12-year-old-student/,2025-11-26
https://observer.ug/news/e-african-court-to-rule-on-eacop-project-petition/,2025-11-26
https://observer.ug/news/former-tororo-mp-sanjay-tanna-retires-rallies-support-for-sons-bid/,2025-11-26
https://observer.ug/business/stanbic-bank-fincom-unveil-digital-lending-partnership-for-schools/,2025-11-27
https://observer.ug/news/east-african-court-dismisses-appeal-against-eacop-project/,2025-11-27
https://observer.ug/sports/making-sense-of-caf-awards-for-president-museveni-ref-nabadda/,2025-11-28
https://observer.ug/viewpoint/ugandas-hiv-aids-law-a-roadblock-to-prevention-efforts/,2025-12-02
https://observer.ug/business/uganda-kenya-to-align-sgr-railway-standards/,2025-12-02
https://observer.ug/education/govt-isdb-pledge-to-build-school-health-facility-on-lake-kyoga-island/,2025-12-03
https://observer.ug/education/piped-water-system-revives-learning-in-west-nile-schools/,2025-12-03
https://observer.ug/news/corruption-former-post-bank-md-mukweli-acquitted-of-all-charges/,2025-12-04
https://observer.ug/business/chinas-payment-system-gains-ground-in-africa-as-afrexim-standard-join-in/,2025-12-05
https://observer.ug/news/two-of-minister-olerus-guards-killed-in-highway-crash/,2025-12-08
https://observer.ug/sports/perfect-start-for-uganda-in-eac-inter-parliamentary-games-as-leaders-push-for-deeper-regional-integration/,2025-12-10
https://observer.ug/business/uganda-urged-to-lead-drive-to-connect-regional-markets/,2025-12-10
https://observer.ug/business/ethiopian-firm-partners-uganda-for-soroti-factory-expansion/,2025-12-11
https://observer.ug/news/i-was-declared-deserter-for-resisting-covid-19-corruption-in-uganda-prisons-service/,2025-12-12
https://observer.ug/business/roko-named-2025-contractor-of-the-year/,2025-12-16
https://observer.ug/news/parliament-questions-2-3b-uganda-us-health-agreement/,2025-12-17
https://observer.ug/business/high-taxes-push-ugandan-shoppers-to-kenyan-markets-ahead-of-x-mas/,2025-12-17
https://observer.ug/viewpoint/its-time-to-utilize-ugandas-impressive-internet-broadband-coverage/,2025-12-17
https://observer.ug/viewpoint/upholding-media-excellence-the-uganda-national-journalism-awards/,2025-12-17
https://observer.ug/viewpoint/feeding-the-nation-starving-the-farmers-the-land-crisis/,2025-12-17
https://observer.ug/news/nwsc-lauds-german-support-for-water-sanitation-projects/,2025-12-17
https://observer.ug/viewpoint/understanding-global-value-chains-ugandas-legal-and-strategic-crossroads/,2025-12-18
https://observer.ug/news/prisons-placed-under-standby-class-one-ahead-of-2026-polls/,2025-12-18
https://observer.ug/viewpoint/powering-the-nation-beyond-blame-toward-esg-driven-electricity-governance-in-uganda/,2025-12-18
https://observer.ug/news/police-probe-boda-boda-gang-rape-of-22-year-old-woman-in-muyenga/,2025-12-19
https://observer.ug/education/nearly-3000-graduate-at-iuiu-as-vp-alupo-is-awarded-phd/,2025-12-22
https://observer.ug/news/works-ministry-launches-2025-road-safety-week/,2025-12-22
https://observer.ug/business/over-300000-new-number-plates-installed-in-2025-as-govt-targets-one-million-in-2026/,2025-12-22
https://observer.ug/news/mulago-hospital-to-start-liver-transplants-next-year/,2025-12-23
https://observer.ug/education/new-iceland-unicef-funding-strengthens-child-and-youth-services-in-uganda/,2025-12-25
https://observer.ug/business/jica-road-networks-changing-livelihoods-in-west-nile-region/,2025-12-27
https://observer.ug/business/how-uganda-can-easily-reduce-the-housing-deficit/,2025-12-27
https://observer.ug/business/how-amos-nyombi-is-transforming-financial-oversight-in-grant-funded-organizations-through-intelligent-project-finance-systems/,2025-12-29
https://observer.ug/viewpoint/hear-me-out-land-justice-is-a-far-cry-for-many-ugandan-women/,2025-12-31
