sample_id,source,publication_date,title,sentence,coder1_label,coder2_label,adjudicated_label,adjudicator_notes
OBS_GS_009363,The Observer,2017-12-05,Prosecutors strike should not delay trials,"So, it appears that only accused persons with cases where government has an interest can be heard at the moment.",,,,
OBS_GS_021153,The Observer,2019-07-26,Gov’t supervisor declines to hand over Lubowa hospital office,"In a letter dated July 2, Atwine advised that the ministry of Health had no intention to renew Wakabi’s engagement as the owner’s engineer considering that the said contract had no option of renewal.",,,,
OBS_GS_002433,The Observer,2020-01-03,Kitaka’s 2020 master plan for Kampala infrastructure,Do you let the road become impassable because you are waiting for big money to rehabilitate it or should you keep it motorable by applying some patches?,,,,
OBS_GS_023127,The Observer,2017-09-29,"Marriage to Chinese paved way for eviction of 1,400 in Mubende","Kyohaire: Yes, I only made a mistake in years.",,,,
OBS_GS_023016,The Observer,2017-09-29,"Marriage to Chinese paved way for eviction of 1,400 in Mubende",Byenkya: What do you know about him?,,,,
OBS_GS_014096,The Observer,2021-07-05,Works warns motorists against defying travel ban,What I saw was not lockdown state of affairs.,,,,
OBS_GS_006865,The Observer,2021-11-22,Makerere launches project to decolonize archives,He categorized archiving as a public good and a public resource that ought to be accessed and used by anyone.,,,,
OBS_GS_023980,The Observer,2019-05-12,Stolen Katosi road money transferred to USA – IGG,"The official said “as the IG, we say give us information and we clean it if you insist we have been infiltrated.” In their communique, the heads of anti-corruption agencies in Africa called for multi-agency team work in implementation of anti-corruption strategies.",,,,
OBS_GS_014009,The Observer,2021-09-20,Angry PM Nabbanja terminates Shs 1.8bn Kyegegwa road contract,I don’t know if it’s your district or another one.,,,,
OBS_GS_023711,The Observer,2017-09-06,Traders lose Shs 4.3tn annually in road transportation costs,Only five per cent is by railway.,,,,
OBS_GS_001136,The Observer,2020-08-06,Tourism players decry airport closure,"In 2019, Uganda registered 1.6m guests.",,,,
OBS_GS_021242,The Observer,2024-07-31,‘MultiChoice Talent Factory unschooled and reschooled me in sound’,"Since returning, Mafayo has been the sound recordist for Fulltime Husband, Somewhere in Kole, and Enigmatic Mark, all 2024 productions.",,,,
OBS_GS_016213,The Observer,2025-05-14,Odoch rises from a village technical school to become a global engineer,"According to Odoch, some classrooms were demolished by officials from the Education ministry under the promise of a World Bank-funded rebuilding project that hasn’t materialized.",,,,
OBS_GS_020121,The Observer,2021-12-26,"Oil pipeline: Masaka residents cry foul, demand better compensation",He says they raised complaints about the general figure during the resettlement action plan disclosure but Total declined to provide details.,,,,
OBS_GS_005294,The Observer,2017-10-13,Land probe: NFA boss admits illegal activity in Gulu reserve,"Mugisa: Yes, the establishments are there, including a hostel and construction of a faculty of medicine [is underway].",,,,
OBS_GS_007986,The Observer,2018-07-20,Kagina: All contracts below Shs 45bn reserved for locals,The law on procurement is changing.,,,,
OBS_GS_022359,The Observer,2022-08-23,Price of building materials creates housing headache,"“During my last project, the contractor stopped me from coming to work because he didn’t have enough money to buy building materials.",,,,
OBS_GS_006978,The Observer,2017-03-27,IGG causing financial loss on Mukono-Katosi road – lawyer,Government ombudsman Irene Mulyagonja suspended the Mukono-Katosi road contract after discovering irregularities in the award of the tender.,,,,
OBS_GS_009797,The Observer,2022-01-26,How Sembuya built Sembule from a small hardware shop,"They had earlier on July, 1967 applied for Wire Nail manufacturing plant temporary permission to Mengo Municipality Council following approval from the ministry of Commerce and Industries in the same year.",,,,
OBS_GS_019834,The Observer,2020-09-16,"Isimba dam Chinese contractor, govt in $42m payment dispute","However, UEGCL insists the money was withheld because they found over 700 defects on the completed dam which the contractor has not rectified to date.",,,,
OBS_GS_002380,The Observer,2017-02-17,"Oil bonanza probe: officials claim they worked long hours, have ‘special’ skills","Asked whether this is not part of his usual work, Atoke said it was only that this time he worked longer hours.",,,,
OBS_GS_021599,The Observer,2023-08-16,Protracted land dispute in Mukono leaves security in a spot of bother,"The said Plot 9 on Block 494, Kyaggwe, measuring seven acres, is claimed by both Jackson Twinamasiko, a businessman in Mukono, and Maj Mark Wanyama, a senior UPDF officer.",,,,
OBS_GS_009920,The Observer,2021-05-11,"Govt set to fully repossess, capitalize National Housing","On “ Develop a National Physical Development Plan (NPDP) ”, Uganda’s first National Physical Development Plan has been finalized with a comprehensive implementation strategy and awaits Cabinet approval.",,,,
OBS_GS_021558,The Observer,2021-12-08,Civil Aviation bans airport staff from using mobile phones while on duty,"In a circular to the general managers of DAS, NAS/ENHAS, the principal immigration officer, all airline station managers, site manager trend events, and site manager A&M Cleaning Company Ltd, Emmanuel Barungi, the general manager Entebbe airport says that “it has been noted with concern that the use of personal phones and other devices by airport staff while on duty has continued unabated despite consequent security and safety concerns.” Close to 2,000 staff work at the airport.",,,,
OBS_GS_024219,The Observer,2024-06-05,Good practices for managing safety and traffic flow during road construction,"Provision of Blockages/Barriers Effective use of barriers on construction sites is crucial as they limit or prevent access to work areas, expressed in the likelihood with risk of exposure to hazardous chemicals, falling objects, etc.",,,,
OBS_GS_009726,The Observer,2023-04-27,Protecting investments through project agreements: Key contractual provisions to consider,"Investors in developing countries are faced with political sovereign risks that can jeopardize the viability of their projects through policy changes, civil unrest, or asset expropriation.",,,,
OBS_GS_011031,The Observer,2021-05-02,"Lubowa hospital developer blames rain, COVID-19 for construction delays","In terms of work progress, the work is late by 11.4 per cent, which stands at Shs 102 billion not yet paid to the contractor because work has not yet been done.",,,,
OBS_GS_008452,The Observer,2017-08-11,Chinese construction firm petitions parliament over Shs 20bn deal,"On June 29, CRBC wrote to President Museveni, saying: “As investors we have executed work legitimately in the national interest, we should not suffer inconvenience of having to fight with speculators who want to take advantage of the court process as they have nothing to lose.” amwesigwa@observer.ug",,,,
OBS_GS_016139,The Observer,2024-10-30,How Frank Rusa is planning to revamp KCCA reputation,The leadership will appropriately review various proposals solicited through an open tender process.,,,,
OBS_GS_005188,The Observer,2017-06-26,Uganda fights to stop damning money laundering indictment,"FATF is a policy-making body that sets standards and promotes effective implementation of legal, regulatory and operational measures for combating money laundering, terrorist financing and other related threats to the integrity of the international financial system, Uganda has long taken issue with FATF’s assessment of its financial system.",,,,
OBS_GS_006410,The Observer,2022-12-19,Two arrested in Mukono with stolen electricity transmission items,He notes that these operations will continue until the electricity infrastructure is no longer vandalized.,,,,
OBS_GS_005622,The Observer,2022-04-26,MPs ask gov’t to release Shs 440bn for Entebbe airport expansion,"Karubanga asked UCAA to submit the project designs, contract, bid documents, interim payment certificates, and other documents related to the first phase.",,,,
OBS_GS_011581,The Observer,2017-03-22,UEGCL doubts Karuma dam will operate at full capacity,"But you cannot just ignore us,” he complained.",,,,
OBS_GS_014304,The Observer,2021-04-11,"Uganda, Tanzania sign agreement to start construction of $3.5bn oil pipeline","“Uganda discovered oil and gas in 2006, it has taken these 15 years before the first oil on account of the divergent perceptions between us and the oil companies.",,,,
OBS_GS_010540,The Observer,2017-01-04,Construction surges while economy falls,Bank of Uganda said such construction had been made on speculative basis and had had one of the highest defaulters.,,,,
OBS_GS_016049,The Observer,2017-05-08,"Karuma, Isimba dam audits in limbo over lack of funds","The director for audit, in charge of forensic investigations and IT audits, James Bantu, says the audit will look at the quality of the infrastructure currently in place; the construction items that have been used; test the strength of what has been put out there and make a conclusive report.",,,,
OBS_GS_009181,The Observer,2022-10-21,Shs 5bn rehabilitation center for migrant workers in offing,"Last year, the ministry of Gender suspended the operations of 11 companies in line with Regulation 13 of The Employment (Recruitment of Uganda Migrant Workers) Regulations 2021.",,,,
OBS_GS_015478,The Observer,2019-04-04,Kisanja Hakuna Mchezo: Here is the Works and Transport success so far,"In addition to those whose quality of life has changed as a result of compensations being awarded to project-affected persons, there are others who are directly employed during the roads’ construction period through the supply of essential services to workers, etc.",,,,
OBS_GS_005975,The Observer,2021-06-16,COVID-19: Mbale hospital oxygen plant breaks down,Those are not now enough for our needs as a hospital and yet we supply even the other lower units in the region.,,,,
OBS_GS_002364,The Observer,2022-03-28,UPDF starts works on Oulanyah’s unfinished village mansion,Oulanyah’s body still remains in the US and awaits transportation back into the country.,,,,
OBS_GS_007712,The Observer,2024-08-23,German class project turns into dream for Ugandan students,"In the past, during examinations, I would only look out for the key points without realizing what the question really requires, but since I joined the mentorship, I now think about the question before I write down the answers.” She asserts that the program has significantly improved her mathematics grades, but more importantly, she has acquired the soft skills of confidence, communication, teamwork and collaboration.",,,,
OBS_GS_016020,The Observer,2019-08-06,"Minister, MPs denied access to Lubowa hospital construction site","Even if we know that there are disagreements, those agreements have not affected the execution of works as per the agreement.",,,,
OBS_GS_001080,The Observer,2017-01-04,"Ssemujju: Will roads, dams grow Uganda?","The journey turned into a nightmare at Bole International airport, Ethiopia.",,,,
OBS_GS_003549,The Observer,2017-05-03,UNRA on spot over Chinese contracts,"Unra says it rejected all the companies that bid for the contract, citing section 75 of the PPDA Act.",,,,
OBS_GS_006951,The Observer,2017-03-27,Ugandans win Johnson & Johnson Africa award,The project will also create jobs for young women by training them to sell the products throughout Liberia.,,,,
OBS_GS_002590,The Observer,2016-12-30,MPs expose rot in roads authority,PROCUREMENT The report also recommended that any contract that does not follow the proper established procurement laws and processes ends up with challenges.,,,,
OBS_GS_016816,The Observer,2021-10-08,Airport expansion: Civil Aviation Authority ordered to recover Shs 2.1bn overpayment,"The authority has also for the third time failed to explain the Shs 6 billion variation in architectural designs for the expansion of the airport, also worked on by Seyani brothers.",,,,
OBS_GS_023121,The Observer,2017-09-29,"Marriage to Chinese paved way for eviction of 1,400 in Mubende",This makes me wonder how much of your husband you really know… Kyohaire: I really know him.,,,,
OBS_GS_007925,The Observer,2024-12-04,Stalled World Bank project puts contractor on the spot,"Plinth filed a request arbitrate with the International Chamber of Commerce (ICC) in May, 2024 challenging the unlawful termination with a claim of Shs 22bn.",,,,
OBS_GS_013470,The Observer,2021-12-20,Dott fails to beat 2-month deadline to rehabilitate Mbale city roads,"Abdallah Magambo, Mbale city deputy speaker and LC V councillor Northern Division West, says that he has raised complaints about the insecurity in town resulting from the heavy traffic and urged the concerned authorities to expedite the rehabilitation works in vain.",,,,
OBS_GS_019293,The Observer,2017-03-17,Mulindwa shares vision and what it takes to erect a stadium,"Clearly, your model works.",,,,
OBS_GS_005658,The Observer,2017-05-30,"Hospital holds mother, twins for 5 months over unpaid bill",Akullu adds that the facility subsequently sought her relatives and advised them to commit to a payment plan but they failed to adhere to the advice.,,,,
OBS_GS_002600,The Observer,2016-12-30,MPs expose rot in roads authority,"According to the report, the firms were to open up independent imprest accounts as per the contract, which was supposed to be monitored and transactions be authorized by Unra, which they did not do for payments to the Paps.",,,,
OBS_GS_004513,The Observer,2025-02-03,Prisons waiting for Attorney General instructions to release Besigye,"He explained that the Attorney General, who had appealed the case, would then call stakeholders to sit down and discuss the implementation of the Supreme court orders.",,,,
OBS_GS_005688,The Observer,2020-07-29,Court decision on salary loans could rattle financial market,"This is in line with the principle of restutio in integrum, which seeks to restore a person to a position they would have been in had the breach, in this case unfair termination, not happened.",,,,
OBS_GS_017231,The Observer,2021-11-08,Govt ends Shs 11bn contract with Roko to construct hotel training institute,"He says that although the outer structure is 80 per cent complete, the plumbing works, electrical installations and internal partitions are not yet complete, despite continuous contract extensions.",,,,
OBS_GS_006561,The Observer,2024-12-22,"AU Agric Summit: Entebbe airport ready for arrival of 1,000 dignitaries","“It is an opportunity for the country to guide and shape continental policies and strategies in the agricultural sector and related sectors for the next 10 years,” Tumwebaze said.",,,,
OBS_GS_004784,The Observer,2017-08-30,National theatre renovations start as artistes pray it finally works well,Musiitwa said the lighting system was down and it is presently one of the priorities.,,,,
OBS_GS_014775,The Observer,2020-07-07,Whoever is pushing for opposition unity actually works for incumbent,"To this end, they would cry blood and tears to have an election happen.",,,,
OBS_GS_004882,The Observer,2019-10-09,LDC pre-entry exam ban won’t affect quality,We have requested for a supplementary budget of about Shs 5bn which we expect to get.” He hopes to bridge the funding gap for extra revenue which will be brought in by the additional students.,,,,
OBS_GS_004533,The Observer,2025-04-09,"Ofwono wrong on Mao’s efforts to resolve ULS, judiciary dispute","Really, there is no basis in law for mediation?",,,,
OBS_GS_022406,The Observer,2023-12-11,Oil pipeline: TotalEnergies forcing communities to accept ‘low’ compensation,TotalEnergies has denied allegations they have intimidated anyone affected by the project.,,,,
OBS_GS_006791,The Observer,2018-06-27,Land Probe blocks Shs 600bn Isimba rock compensation bonanza,"“The Commission has detected possible collusion between claimants and public officers in government offices such as the office of the chief government valuer, department of Geological Surveys in ministry of Energy and now perhaps, ministry of Finance,” reads the letter.",,,,
OBS_GS_015056,The Observer,2025-04-17,Misfiring KCCA: Who is to blame?,"Predictably, the club moved fast and terminated his three-year contract in just four months.",,,,
OBS_GS_005439,The Observer,2018-03-27,"We’re simply teaching robots, Bridge Schools teachers admit",What the teachers told URN correlates with the September 2016 study by Curtis Riep and Mark Machacek on the operation of Bridge Schools in Uganda.,,,,
OBS_GS_014605,The Observer,2022-05-03,"Govt proposes tax exemption on medical oxygen, hospital construction","Musasizi also explains that the proposed law also seeks to remove the condition of a hospital at the level of a national referral to only benefit from VAT exemption on the supply of services to conduct a feasibility study, design and construction, the supply of locally produced materials for the construction of premises and other infrastructure, machinery and equipment or furnishings and fitting to a hospital facility developer.",,,,
OBS_GS_003558,The Observer,2022-03-01,Mulago hospital executive director arrested over mismanagement,"“We are querying mismanagement of resources, medicines and equipment at the hospital.",,,,
OBS_GS_016494,The Observer,2021-07-09,Electricity: the story behind power tariffs,"However, that erratic movement of the tariff stabilized thereafter when the Bujagali project was commissioned.",,,,
OBS_GS_023142,The Observer,2021-12-08,Uganda’s nuclear power plant plans given nod of approval,"Speaking at the closure of the review on Monday at Speke Resort Munyonyo, Batube revealed that electricity generation potential from renewable and fossil fuels cannot meet the Vision 2040 development targets, prompting the need for nuclear power in the future energy mixes.",,,,
OBS_GS_007800,The Observer,2017-07-19,Uganda Road Fund calls for more funding,"Eng Dr Michael Odongo, the URF executive director, revealed that the poor records were hinged on a fact that most roads were narrow, had potholes, poor drainage systems and were inadequately maintained.",,,,
OBS_GS_020297,The Observer,2024-05-14,Uganda’s Dred Scott v Sandford: Unpacking the real constitutional damage wrought by the decision in Fox Odoi and Others v Attorney General,"The majority decision was rendered by Chief Justice Roger Brooke Taney, who noted that: ‘We think [that persons of African descent] … are not included, and were not intended to be included, under the word “citizens” in the Constitution, and can therefore claim none of the rights and privileges which that instrument provides for and secures to citizens of the United States.",,,,
OBS_GS_009758,The Observer,2023-04-27,Protecting investments through project agreements: Key contractual provisions to consider,This may be preferable to resolving the matter through arbitrators who lack such expertise.,,,,
OBS_GS_002975,The Observer,2023-10-04,Kaliro district loses Shs 10 billion in 7-year fraud,Mutebi has further revealed that the Auditor General is currently conducting a forensic audit of the financial transactions in Kaliro district in hopes of identifying the loopholes responsible for the mismanagement of public funds.,,,,
OBS_GS_002512,The Observer,2020-01-03,Kitaka’s 2020 master plan for Kampala infrastructure,"My contract ends in October and if there is one thing I’m passionately dying to change before its expiry, it is the infrastructure and transport network of the city.",,,,
OBS_GS_000678,The Observer,2022-10-15,Court stays Shs 450m Daily Monitor defamation compensation to Bigirimana,"Some of the articles bore titles such as, “Auditors target Bigirimana in cash probe”; “Bigirimana’s wife acquires Shs 250m Mercedes Benz”; “Treasury Officials accuse OPM PS of covering money scam”; “MPs order government to remove Bigirimana”; “Denmark Warns of Aid Cut over OPM Scandal”; and “Corruption Ledger” among others.",,,,
OBS_GS_005447,The Observer,2018-03-27,"We’re simply teaching robots, Bridge Schools teachers admit","By linking up community members with tablet computers containing scripted instruction, Bridge argues that “we are giving our pupils access to the types of teachers they would never be able to afford.” Curtis Riep and Mark Machacek observed that since all aspects of instruction and pedagogy are controlled and automated through the use of teacher-computers, Bridge assumes it does not require professionally-trained or certified teachers.",,,,
OBS_GS_019966,The Observer,2021-08-04,"MPs: After lockdown, hospitals still messy","“So, the ministry has been really weak, lackadaisical, lazy, laissez-faire in procurement and distribution of vaccines, which should have helped to cut back on infections as well as ensure that the population is safe and is participating in the building of the economy…,” Lulume said.",,,,
OBS_GS_007996,The Observer,2023-03-08,No loss of taxpayers’ money in Entebbe airport expansion works,"For starters, there isn’t any loss or failed project as may have been insinuated in this article, which quotes an unnamed report.",,,,
OBS_GS_006198,The Observer,2023-01-01,Is new Pokhara airport on China’s BRI radar?,"The responsibility of improving this airport has been given to a Chinese company and the cost will be borne by the Nepal government.” In bilateral documentation, none of these projects has gotten grants or loans earmarked BRI, finance ministry officials said.",,,,
OBS_GS_020402,The Observer,2020-01-01,Basalirwa vows to fight parliament eviction,I can’t predict what the speaker will do but I know she will be guided by the law.,,,,
OBS_GS_023394,The Observer,2024-03-13,Two years of fights and corruption,"Under the parliament exhibition, a hashtag promoted by social media activists, the country has witnessed grave allegations of corruption, bribery, and mismanagement of resources within parliament.",,,,
OBS_GS_001681,The Observer,2024-11-06,‘Make sure those Baganda…’: Ethnicity and Project Uganda,"Our politics – and our judicial system – must enquire into numbers, not to suppress and silence persons and groups, but to give voice to them within our fragile and really nascent multi-ethnic democracy.",,,,
OBS_GS_007976,The Observer,2018-07-20,Kagina: All contracts below Shs 45bn reserved for locals,"Some of the roads we are doing now are greenfield with new alignment such as oil roads, Kampala-Jinja Expressway, Entebbe Expressway and other roads which are murram, we shall upgrade them.",,,,
OBS_GS_019551,The Observer,2022-08-16,#StopEACOP: the pointless pipeline,"Before anything else, Uganda is deformed with a culture of corruption, bad governance; and a general lack of accountability.",,,,
OBS_GS_016127,The Observer,2019-03-20,Lubowa hospital: a chicken and egg myth!,"It appears emphasis here is mainly placed on infrastructure, and not honing of specialized skills.",,,,
OBS_GS_008581,The Observer,2025-04-28,‘Shoddy’ Shs 2 trillion Isimba dam could be washed away soon – experts,"These include gaps within the slab, we have concrete erosion within the bottom slab.",,,,
OBS_GS_011700,The Observer,2022-02-21,Govt terminates contract of Uganda Airlines CEO,“We have concluded the case against most of the suspended officials administratively.,,,,
OBS_GS_005801,The Observer,2017-05-12,My mother abandoned me in childhood,One man took me to spend the night at a police station.,,,,
OBS_GS_022968,The Observer,2017-09-29,"Marriage to Chinese paved way for eviction of 1,400 in Mubende",Byenkya: Do you have an explanation why in one agreement he needs an attorney and in another he doesn’t?,,,,
OBS_GS_016232,The Observer,2025-08-20,Decent housing: How govt abandoned its social contract,"This shift sparked an affordability crisis as once-subsidised units became inaccessible to most Ugandans, and land disputes intensified, as seen in the Nakawa evictions.",,,,
OBS_GS_003056,The Observer,2018-04-20,UNBS: Half of goods on market are inferior,"By now, the numbers must have increased to about 20 million because the programme has helped in continuously detecting substandard imports.",,,,
OBS_GS_011937,The Observer,2021-03-21,"Atwine admits to diverting health funds, flouting procurement rules","“In the response, we had to reallocate money although you know according to the law you’re diverting and you’re discharging.",,,,
OBS_GS_010478,The Observer,2024-07-17,Lawyers probed over billions for cooperative compensation,"As a result, the union was compelled to sign a consent agreement with the law firm, stipulating that the firm would retain 30% of the compensation paid by the government.",,,,
OBS_GS_012928,The Observer,2025-02-28,Power tariffs: Will Umeme’s exit usher in cheaper power?,"For the first 10 years, the Karuma plant has a locked-in tariff of US cents 4.57.",,,,
OBS_GS_010477,The Observer,2024-07-17,Lawyers probed over billions for cooperative compensation,"The chairperson of the Union, Allen Aceng, informed the parliamentary committee that she had objected to this recommendation, but the law firm instituted a suit against the union for non-compliance.",,,,
OBS_GS_006493,The Observer,2025-07-16,"“Justice delayed, drama delivered: Inside Uganda’s week in court”",The company had argued the non-existence of its own employer entity to cancel the contract.,,,,
OBS_GS_014533,The Observer,2017-04-26,Survival is for the fittest preemies at Gulu hospital,"“I pray to God that my babies get well…I can’t take this anymore, now that their father even abandoned them,” Piloya says.",,,,
OBS_GS_001764,The Observer,2017-06-19,Owana survives UBC sack but has powers reduced,"On April 17, Owana wrote a stinging article in The Observer, titled, NRM will close down UBC, unless… in which he claimed there was mismanagement at UBC.",,,,
OBS_GS_012037,The Observer,2019-12-18,Social cohesion: Recognizing migration is a benefit that works for all,"Migrants can also become — often surprising — champions of resilience when times are tough, when a community experiences unexpected shocks, including environmental change and disaster, unemployment, and political turmoil.",,,,
OBS_GS_010763,The Observer,2021-06-16,Construction of She 1.2bn warehouse in Busia nears completion,"Anthony Kawoya, the site engineer from BAM Construction Company limited, says the construction work stands at 90 per cent.",,,,
OBS_GS_004277,The Observer,2021-09-12,New pipeline law may plug double taxation loopholes,The EACOP bill overrides any other act when it comes to the pipeline project.,,,,
OBS_GS_007793,The Observer,2021-05-04,Malawi citizen-funded COVID-19 initiative awarded for transparency,"The initiative also brought food to health workers, fixed ambulances and repaired some damaged infrastructure inside hospitals.",,,,
OBS_GS_017771,The Observer,2024-05-10,UPDF takes over construction of Gulu University Constituent College in Moroto,"Lt Elias Turinomuhangi, NEC project coordinator while receiving the site for construction promised to deliver quality work and complete the project as planned in two years.",,,,
OBS_GS_024163,The Observer,2024-05-30,Mbarara city closes damaged Katete bridge,"Mwine Paka, Mbarara city South MP said that the bills of quantities (BoQ), bridge designs, and a budget of Shs 6.9 billion have been submitted to both ministries of Finance and Works.",,,,
OBS_GS_021916,The Observer,2018-10-24,"Meet Luyimbazi, the brains behind the new Nile bridge",What further complicated this is that management of the dam and the bridge was in different hands.,,,,
OBS_GS_009103,The Observer,2021-08-30,Unra directors accused of collusion to stall Shs 400bn Muyembe road project,“The contractor imported old used prefabs for campsite construction and the consultant/engineer refused to approve it but Aleper told the engineer to go ahead and approve it and if it broke down after the construction the contractor will have to redo the work but the question is that at whose expense?,,,,
OBS_GS_018138,The Observer,2023-06-06,Construction delay for G77 summit roads leaves Unra in a spot of bother,"Whereas Unra blames the contractor for the delays, sources say the contractor’s hands are tied because Unra is yet to pay them.",,,,
OBS_GS_006195,The Observer,2023-01-01,Is new Pokhara airport on China’s BRI radar?,"First, it is like Gautam Buddha Airport in Lumbini where ADB has invested and Chinese contractors have worked.",,,,
OBS_GS_003259,The Observer,2021-03-13,"AG pins UNRA, ministry of Works on Shs 23.6bn ‘useless’ expenditure",Muwanga notes that design review is a key component of construction supervision for which any delay affects the implementation of the projects leading to cost escalations.,,,,
OBS_GS_020422,The Observer,2019-08-25,"NRM, Mike Mukula fail to pay Namboole stadium Shs 1.1bn","The company will now instruct legal redress for any breach of contract,” further reads the document.",,,,
OBS_GS_012991,The Observer,2022-01-18,How Amos Nyombi Is Transforming Financial Oversight in Grant-Funded Organizations Through Intelligent Project Finance Systems,The change from reactive financial reporting to proactive financial oversight is one of Nyombi’s most notable achievements.,,,,
OBS_GS_017058,The Observer,2023-02-17,KCCA boss Kisaka fingered in Shs 1 trillion city roads deal,"We want quality services, we want to have quality roads we’re pushing for value for money for audit, monitoring what they are doing to ensure that each party honours the obligations and commitment within the contract.",,,,
OBS_GS_010825,The Observer,2024-03-20,KCCA committee recommends radical changes in accountability,“Another significant finding was the undocumented change of the contractor; it seems the contract was awarded to a middleman without the prerequisite equipment and capacity hence resorting to subcontracting of the works to unverified contractors.,,,,
OBS_GS_000488,The Observer,2020-09-11,Makerere University funds 120 research projects on Covid-19,The project was titled ‘Communicating Covid-19-related messages in multilingual contexts’.,,,,
OBS_GS_014542,The Observer,2017-10-02,"Parliament, police count the cost of September 27 violence",There is ongoing procurement for a new public address system for the chambers which has been in the works since last year.,,,,
OBS_GS_000699,The Observer,2019-10-18,Infrastructure forum set for late October,"“The Innovation Series provides a perfect platform to showcase and discuss new and cost-effective ways of delivering infrastructure in Uganda,” Wafula explained.",,,,
OBS_GS_005268,The Observer,2018-03-24,Oil palm project to be extended to other districts,"Under the umbrella of the Vegetable Oil Development Project (VODP), promotion of oil palm production has been seen as a strategic effort to address high poverty rates and reduce Uganda’s dependency on oil imports by increasing domestic production.",,,,
OBS_GS_012218,The Observer,2025-05-13,Govt signs contracts for 800km road project in northern Uganda,"Markets slated for rehabilitation and improvement include Amach, Minakulu, Katine, Pader town council, Aswa, Dokolo, Loro, Dakabela, Abone, Arum, Oliga, Padibe, Oriamo, and Kidetok Mulago.",,,,
OBS_GS_003048,The Observer,2022-07-28,Museveni gives away 15 acres of ministry of agriculture land for Turkish hospital,"The government has so far injected Shs 667 billion into the project, which was expected to reduce the number of Ugandans seeking treatment abroad.",,,,
OBS_GS_010390,The Observer,2025-08-07,"Built today, broken tomorrow: The sustainability paradox of rural water projects","In 1994, USAID defined a sustainable rural water system as one that continues delivering water long after the project ends, even in the absence of donors or implementing agencies.",,,,
OBS_GS_006793,The Observer,2018-06-27,Land Probe blocks Shs 600bn Isimba rock compensation bonanza,"She, therefore, directed the Finance Ministry to withhold payment until the commission concludes its investigations into the matter and makes final recommendations.",,,,
OBS_GS_000793,The Observer,2021-11-10,Skilling project empowers slum women in designing,"“We changed people’s lives using fashion and we made a positive impact without giving money, I don’t think giving money is a solution because it can be finished in no time.” Indeed, whereas the project aims to impart skills on the members, some of the designs have gone on to be showcased at the highest level in Uganda and earn the women much-needed financial push.",,,,
OBS_GS_010106,The Observer,2021-11-02,"Drainage: Govt, KCCA infringing on right to life, court rules",KCCA has a Shs 700 billion master plan that is yet to be funded to expand and improve the drainage system in Kampala.,,,,
OBS_GS_018609,The Observer,2017-09-15,Why govt did not renew Isimba consultant engineer’s contract,"History will judge us harshly if we, as the project steering committee or as the ministry of Energy or UEGCL and others, looked on while specifications were altered at a whim, works went shoddy with reckless abandon, and timelines negated without restraint.",,,,
OBS_GS_003662,The Observer,2020-09-20,"Full speech: Museveni reopens airport, schools for candidates","Right from the beginning, I had no doubt as to the right course of action.",,,,
OBS_GS_006879,The Observer,2018-01-04,We don’t need electricity; give us what we need instead,"The East African newspaper has reported that whatever Bujagali Power asked for, including extending their contract period, the government agreed to it.",,,,
OBS_GS_018902,The Observer,2016-12-07,Land for oil waste plant given illegally – minister,"“To this end, therefore, on top of the irregularities that were involved in acquiring the above land title, the title was equally defective and has to be reviewed by the registrar of lands, first to change it to leasehold, but also open boundaries to ascertain the actual size of Tibagwa’s land,” Amongi said.",,,,
OBS_GS_008632,The Observer,2025-04-28,‘Shoddy’ Shs 2 trillion Isimba dam could be washed away soon – experts,Maybe the problem was supervision who slept on the job supervising the contractor?”,,,,
OBS_GS_011423,The Observer,2019-03-26,"Wind blows off school, home roofs in Ntungamo",Arigye urged schools in the area to ensure that they plant more trees around their premises to avoid incidents of this nature.,,,,
OBS_GS_016762,The Observer,2021-05-09,Umeme shares plummet after Museveni remarks,Museveni in March 2018 wrote to then Energy minister Irene Muloni directly against renewing Umeme’s contract over what he termed as exploitation of consumers.,,,,
OBS_GS_002239,The Observer,2019-02-12,Kadaga’s Karamoja tree project dries up,They note that not much effort was put in the project after it was launched.,,,,
OBS_GS_000171,The Observer,2019-04-08,Closed old Jinja bridge safe for traffic diversions – Gen Katumba,"The old bridge survived without major repairs since it was established except in 2011, a process that continued to 2013 with tarmac and road surface being fixed.",,,,
OBS_GS_002558,The Observer,2025-08-01,Rethinking justice through Alternative Dispute Resolution,"Thirdly, ADR generally helps to resolve disputes quicker.",,,,
OBS_GS_010060,The Observer,2021-03-24,"Total not upfront about Tilenga, oil pipeline projects","Complaints of intimidation from Total’s sub-contractors and security agencies have been recorded especially in the Greater Masaka area, where the EACOP will pass.",,,,
OBS_GS_020143,The Observer,2017-02-20,Music Video awards mired in controversy,"This comes after Sheebah’s management took to social media to complain that although they were nominated, they never submitted any works.",,,,
OBS_GS_020225,The Observer,2017-08-19,Power surge: How to secure compensation from Umeme,ERA is the regulator of the electricity supply industry.,,,,
OBS_GS_013178,The Observer,2020-03-04,Minister: NRM works with DP top leaders,Masaka sub-region remains one of DP’s strongholds with seven out of the party’s 16 MPs in the 10th Parliament.,,,,
OBS_GS_011941,The Observer,2021-03-21,"Atwine admits to diverting health funds, flouting procurement rules","In light of the ongoing pandemic, Atwine says the Auditor General needs to take into account the circumstances under which some decisions were made.",,,,
OBS_GS_008987,The Observer,2023-11-22,Why does it take President Museveni to personally oversee road repairs?,The discrepancy in project timelines between Uganda and its East African neighbors not only reflects lack of political will but also a failure to adopt regional best practices.,,,,
OBS_GS_001043,The Observer,2024-05-10,Should delayed re-opening of Namboole be a cause for worry?,The Caf report released in Apirl noted that set deadline for the renovation completion prior to CHAN is unrealistic given the scale of work and the current state of the stadium.,,,,
OBS_GS_014644,The Observer,2025-05-30,Constable guns down colleague in suspected crime of passion at Naguru police barracks,"Others claim the incident stemmed from a dispute over Shs 100,000 which Muhangi was allegedly demanding from the deceased.",,,,
OBS_GS_012450,The Observer,2023-07-19,LC elections delay may hurt bail applications,He also discussed the issue of land titles and agreements that are usually signed by the LCs as witnesses.,,,,
OBS_GS_017913,The Observer,2023-04-12,Ministry of Works takes over motor vehicle registration from URA,"It is not clear how many vehicle transfers, alterations or de-registrations are done.",,,,
OBS_GS_017898,The Observer,2025-04-02,Umeme hands over Shs 2.5 trillion revenue business to government as concession ends,"Additionally, he notes that after a World Bank team visited, they commissioned a team of experts to establish how viable a second hydropower generation plant in Jinja would be – and they produced a report that said there was little that could be achieved because this would draw water at almost the same place.",,,,
OBS_GS_013742,The Observer,2024-10-01,Uganda Heart Institute: Tribunal upholds $45.4m contract award,"In May 2024, UHI initiated an international competitive bidding process to select a contractor for the project.",,,,
OBS_GS_000867,The Observer,2019-08-13,Exercise transparency in Lubowa hospital dealings,"Ltd has also joined the consortium to conduct civil works, a mainstay of Roko.",,,,
OBS_GS_008453,The Observer,2019-04-10,Wetlands are fast disappearing – study,"“Restoration of natural resources should be concerted and deliberate to restore the country’s forest landscapes, wetlands, riverbanks and improve these ecosystems with secondary benefits of improving water resources,” she said.",,,,
OBS_GS_007876,The Observer,2025-03-12,Buyala landfill: Another toxic time bomb waiting to blow up,"But a deeper look revealed the true extent of mismanagement—the trash had piled as high as a two-storey building, its edges forming a cliff-like drop into surrounding wetlands.",,,,
OBS_GS_007200,The Observer,2025-10-29,Road to Uganda’s first oil: Kingfisher likely to be starting point,"Criticism from the environmental activists, which long rattled financial institutions and forced them to back away from Uganda’s oil project, appears to have fizzled out.",,,,
OBS_GS_024116,The Observer,2019-01-30,How Nile Bridge was bungled up,An official at the ministry of Works and Transport who preferred anonymity says there was a conflict of interest and the consultant exhibited incompetence.,,,,
OBS_GS_021181,The Observer,2022-12-02,Rules committee recommends minister Namuganza censure,"It provides that parliament may, by resolution supported by more than half of all members, pass a vote of censure against a minister on grounds of abuse of office, misconduct or misbehaviour, physical or mental incapacity, mismanagement, or incompetence.",,,,
OBS_GS_013189,The Observer,2020-03-04,Minister: NRM works with DP top leaders,"“I am incompetent to comment on that right now because I am not sure whether Mbidde is working with those ministers on DP issues or on personal issues because I know he has an NGO, the Mbidde Foundation,” Siranda said.",,,,
OBS_GS_013078,The Observer,2017-03-04,Luweero health centre faces power disconnection over unpaid bills,Luweero health centre IV may soon be disconnected from power supply due to accumulated bills amounting to Shs 27.7 million.,,,,
OBS_GS_013267,The Observer,2019-03-12,Health voucher project saves pregnant women in rural areas,"“We had to use District Health Officers (DHOs) and District Education Officers (DEOs) to sensitize the public about the benefits of health vouchers.” Dr Charles Olaro, an official from the ministry of Health, says neonatal deaths are still high but there is a slight improvement in child maternal deaths.",,,,
OBS_GS_021819,The Observer,2019-08-19,KCCA court halts eviction of former Makerere director,"“Whereas Eng Frank Kitumba lodged a labour complaint against Makerere University of alleged infringement of Employment Act and in breach of contract KCCA/KWP/LC/098/2019 and the same was brought to your notice requiring you to respond to the complaint by August 21, 2019; no response has been received by this office nor has any hearing commenced in the matter,” Kulabako says in her order to the university secretary.",,,,
OBS_GS_006266,The Observer,2017-03-30,Civil Aviation MD fired in public interest – Works,"Armed with the dismissal letter, the board members Tuesday reportedly stormed the CAA headquarters to deliver it but found Makuza out of office.",,,,
OBS_GS_019914,The Observer,2022-05-31,Uganda’s oil pipeline and the 78-day trade-off,"The railway would be uneconomic, it was argued.",,,,
OBS_GS_017452,The Observer,2021-01-21,Has Mike Mutebi run his race at KCCA FC?,"Although Mutebi reverted to it in the second half of the second leg, Petro had become resolute, making it hard for KCCA to breach them.",,,,
OBS_GS_003466,The Observer,2021-06-16,"Museveni, Tshisekedi commission construction of DRC roads",They directed the Contractor to execute the construction works in a timely manner.,,,,
OBS_GS_017943,The Observer,2018-04-18,Why FDC old guard abandoned Besigye,"Mushega, who later severed ties with Besigye, went further to observe: “you step down as a leader, but you continue not to cooperate with your colleague [Muntu] who has taken over.",,,,
OBS_GS_017389,The Observer,2022-09-23,Uganda takes oil pipeline fight to UN General Assembly,Rwenzori despite contributing an insignificant amount of global greenhouse gas emissions.,,,,
OBS_GS_015351,The Observer,2024-02-23,East African Court of Justice fixes date for EACOP project appeal,"But AFEIGO, Center for Food and Adequate Living Rights (CEFROHT)-Uganda, Natural Justice (NJ)-Kenya, and Centre for Strategic Litigation (CSL)-Tanzania, appealed against the ruling in a case they had filed in November 2020.",,,,
OBS_GS_000511,The Observer,2023-08-19,MPs call for urgent reforms at plagued Shs 35bn silkworm project,"“The cost was not commensurate with the structure in place… The committee recommends that a forensic audit be expeditiously carried out to ascertain value for money for all the building structures erected under the sericulture project managed by TRIDI,” said the MPs.",,,,
OBS_GS_011841,The Observer,2022-08-26,Watching that Man United – Brentford match at GTech Stadium,"The GTech Community Stadium, formerly Brentford Community Stadium, is a cosy and beautiful 17,250-seater that is also home to London Irish Rugby club.",,,,
OBS_GS_004151,The Observer,2025-04-27,Three is a crowd: Cancer throws spanner in works,"“Alright, goodnight then,” I answered softly, and watched him head on up the stairs.",,,,
OBS_GS_013051,The Observer,2017-05-24,Stolen bulbs a small thing – Umeme,"Under the Shs 10bn project, families would exchange a single ordinary bulb for three LED bulbs, which consume less energy.",,,,
OBS_GS_020813,The Observer,2024-07-10,"Oulanyah, Otto, MPs implicated in cooperative funds scandal",The minister is also implicated in asking for 50 per cent of the compensation money from North Bukedi Cooperative Union Limited because he helped them access their compensation.,,,,
OBS_GS_013247,The Observer,2019-03-12,Health voucher project saves pregnant women in rural areas,"The nurses and doctors gave me good care during the four days I was admitted.” Nyaketcho is just one of a projected 156,400 pregnant women to benefit from URVHP’s services by gaining access to safe delivery services from contracted private and public providers, which are expected to provide the specific services and submit claims along with the appropriate voucher coupons to a Voucher Management Agency (VMA) for settlement on the basis of the negotiated fees.",,,,
OBS_GS_020071,The Observer,2022-10-08,"Immigrant workers: Kyagulanyi ‘arrested’ at Dubai airport, concert cancelled","Betty Among, the minister of Gender, Labour and Social Development then said that the government was in the advanced stages to repatriate the migrant workers who have complained rampantly against their employers.",,,,
OBS_GS_023220,The Observer,2017-05-09,Two held for theft of street lights along Salama road,Kintu claimed that as an electrician he has been hired by Ibra many times to do for him electrical works.,,,,
OBS_GS_004619,The Observer,2018-08-01,Supreme mufti cautions Muslims on sale of land,"Similar mosques are under construction in Kawanda, Kayabwe at the Equator, Kirimya-Masaka and Kyambogo using other funds. nangonzi@observer.ug",,,,
OBS_GS_018217,The Observer,2021-11-10,"Procurement of Arua airfield trolleys, chairs, chain link fence was competitive","The supply was for 60 lounge seats configured into 4-seater and 5-seater configuration plus 40 baggage trolleys at a cost of Shs 243,386,680.",,,,
OBS_GS_009015,The Observer,2023-03-14,No factory shall be allowed in wetlands – Bahati,"“Many SMEs are not aware that they can access and operate in the industrial zones, which would make green production cheaper.",,,,
OBS_GS_018876,The Observer,2016-12-07,Land for oil waste plant given illegally – minister,"Using documentary evidence such as graduated tax receipts and sale agreements, it was established that some of the community members settled on the land as early as 1982.",,,,
OBS_GS_003392,The Observer,2024-05-30,Kikuube locals protest against environmental destruction by Chinese contractor,"However, the project-affected persons (PAPs) and those settling adjacent to the feeder pipeline say the company has not adhered to the set environmental guidelines and standards.",,,,
OBS_GS_004843,The Observer,2018-06-26,There’s need to reconfigure Kampala’s empty buildings,The Anglican parishioners must have put the Church leadership on pressure to start construction in their silent battles with their rivals at Lubaga hill.,,,,
OBS_GS_004423,The Observer,2025-01-08,Has court sanctioned mismanagement of Muslim affairs at UMSC?,"Therefore, even if MACC had jurisdiction to arbitrate misconduct or mismanagements committed by the sitting administration at UMSC raised in Jinja Company Cause No.",,,,
OBS_GS_005669,The Observer,2024-10-19,Amuria district officials decline to commission school over shoddy works,"Moses Emabu, LC V chairperson of Amuria, stated that district officials had been monitoring the construction and had previously informed the contractor about defects.",,,,
OBS_GS_023398,The Observer,2019-01-25,Tanzanian delegation in Uganda for oil pipeline negotiations,"The agreement provided the foundation for other project agreements, like the host government agreements, shareholders’ agreements and financing agreements, which have since not been signed.",,,,
OBS_GS_019616,The Observer,2025-05-28,KCCA needs at least Shs 400bn annually to create meaningful impact (Part I),"One may wonder, in 2021, I was in office when KCCA did receive a $288 million loan spread over a five-year time frame for the roads rehabilitation project.",,,,
OBS_GS_004234,The Observer,2018-01-04,Makerere sets up committee to study Visitation Committee report,"In its report, the committee that was led by Dr Abel Rwendeire [RIP] discovered several bleaches and mismanagement in Uganda’s premier university.",,,,
OBS_GS_004060,The Observer,2025-03-05,$21m BoU fraud: report reveals shocking details,"Ltd, Tokyo, under the description: “Payment for recycling plant systems and machinery.” According to the auditor general’s report, the same EFT number that was originally linked to a loan repayment had been manipulated to pay a fraudulent company in Tokyo.",,,,
OBS_GS_014443,The Observer,2023-10-10,KCCA should expedite the completion of its stadium,"When government recently handed the construction of the complex to a Turkish company, it was agreed that the facility would be ready in 18 months.",,,,
OBS_GS_017843,The Observer,2023-01-22,"Extortion: Aviation official arrested, others suspended at Entebbe airport","General Kasita Gowa, director of Immigration said that some of the social media posts were informative and helpful for the correction and discipline of errant staff but others were just sensational.",,,,
OBS_GS_017228,The Observer,2021-11-08,Govt ends Shs 11bn contract with Roko to construct hotel training institute,"Roko was contracted to construct the Shs 11 billion two-floor expansion building in April 2018, and was expected to hand over the complete project in 2019.",,,,
OBS_GS_000823,The Observer,2017-01-11,"DRC interested in Uganda, TZ crude pipeline","It will be done by Gulf Interstate Engineering from Houston, Texas, USA.",,,,
OBS_GS_005213,The Observer,2021-07-15,"UPDF takeover of govt development projects illegal, misguided",Consideration has to be had to rules of development aid partners who have heavily funded the construction industry.,,,,
OBS_GS_020683,The Observer,2024-09-04,Why court withheld Shs 21 billion pay to Eswatini contractor,"In this case, whereas the Kabuyanda contract was for Shs 84bn, the subcontract with Plinth was for Shs 60bn.",,,,
OBS_GS_009984,The Observer,2025-09-10,Does Kampala need an engineer or lawyer? Here’s my perspective as a contractor,"STRIKING THE BALANCE The truth is, a great city needs both legal acumen and technical expertise.",,,,
OBS_GS_008436,The Observer,2022-01-18,MPs reject govt request for Shs 256bn to buy out Umeme,He added that the previous parliament had already recommended the termination of Umeme’s contract because they did not meet the concession terms and conditions.,,,,
OBS_GS_009391,The Observer,2020-07-29,How new KCCA leadershhip can deliver Kampala to Promised Land,"Government has over the years also invested substantially in Luyimbazi’s specialization by funding him to attend numerous professional development courses in contract management, public private partnerships, innovative project financing, etc.",,,,
OBS_GS_006443,The Observer,2023-04-19,The impact of workers’ compensation insurance on employee morale,The writer is the Bancassurance manager at Liberty General Insurance Uganda Limited inarticle} inarticle},,,,
OBS_GS_015766,The Observer,2022-04-29,Corruption: Kamya insists on lifestyle audit despite Museveni warning,"Half of this money is lost during procurement processes, under declaration of tax and utility costs among others.",,,,
OBS_GS_001859,The Observer,2025-10-07,"Oral contracts are legally binding, High court rules","He further contended that the law prohibits enforcement of oral loan agreements exceeding 25 currency points (Shs 500,000), insisting instead that Mohanpal owed him Shs 280 million in unpaid professional fees.",,,,
OBS_GS_003723,The Observer,2020-09-20,"Full speech: Museveni reopens airport, schools for candidates",Let the enemy first go away before the children are involved in this congregating (okwerundaana). a.,,,,
OBS_GS_024124,The Observer,2019-01-30,How Nile Bridge was bungled up,This DLP also serves a purpose of providing proof of good workmanship especially if little to no defects have to be corrected.,,,,
OBS_GS_001071,The Observer,2020-08-12,Umeme invests Shs 56bn in Mbale city electricity network,"According to Eng Job Watti, the Umeme project engineer, this project is scheduled for completion by August 31, 2020.",,,,
OBS_GS_002373,The Observer,2025-11-05,Tainted victory: Shame on President Samia Hassan for betraying Suluhu for electoral fraud,The social contract between the governed and the governor in Tanzania has been shattered.,,,,
OBS_GS_020416,The Observer,2019-08-25,"NRM, Mike Mukula fail to pay Namboole stadium Shs 1.1bn",The company has repositioned itself.,,,,
OBS_GS_017601,The Observer,2022-03-10,MP Zaake guilty of indiscipline – rules committee,"On the allegations of breach of privilege, Katuntu said that the committee finds no merit in the complaint.",,,,
OBS_GS_022383,The Observer,2019-05-29,Lubowa hospital funds reported missing,He asked parliament to monitor and evaluate the hospital project step by step and review Eng Francis Wakabi whose contract is still running despite a recommendation for its termination.,,,,
OBS_GS_018638,The Observer,2025-05-02,Weight of abandoned hope crushes one-time drug harm reduction hero,There’s no one.” THE DAY IT ALL FELL SILENT The collapse began quietly—an email with no warning.,,,,
OBS_GS_007588,The Observer,2021-12-14,Parliament approves Pipeline Bill which reserves certain oil jobs for Ugandans,Among commended MPs and the opposition leadership in parliament for standing out during the consideration of the bill.,,,,
OBS_GS_013568,The Observer,2025-01-01,Infrastructure projects to look out for in 2025,This electricity will be evacuated from the newly- commissioned Karuma hydropower project.,,,,
OBS_GS_002640,The Observer,2021-03-31,Management fight rocks SGS vehicle inspection project,It is still unclear whether SGS would be persuaded to rescind its termination to resume the programme.,,,,
OBS_GS_007943,The Observer,2024-12-04,Stalled World Bank project puts contractor on the spot,"This process continued until September, 2024 when Inyatsi notified the ministry of the termination of the contract.",,,,
OBS_GS_014014,The Observer,2021-09-20,Angry PM Nabbanja terminates Shs 1.8bn Kyegegwa road contract,"On the issue of shoddy works, he said according to the bills of quantities the carriageway of the road is supposed to be 4.5 meters, while the width is 7 meters, which the district officials are against.",,,,
OBS_GS_017550,The Observer,2023-07-03,Uganda oil refinery project hits another snag as framework agreement expires,It appears that the five-year negotiation around the refinery has not yielded tangible results despite certain waivers granted by President Yoweri Museveni as sweeteners to the investors.,,,,
OBS_GS_022318,The Observer,2021-11-15,"Outrage in Kabale as Rwandans grab Ugandan land, plant trees",They have planted eucalyptus trees.” said Twesigye.,,,,
OBS_GS_009555,The Observer,2025-01-21,Procurement as a strategic function unlocks its full value,"In the past, the procurement department was ‘just an office’ in most companies.",,,,
OBS_GS_008666,The Observer,2017-01-21,Tumukunde halts reconstruction of Kabaka’s palace,“We came here and we have since resolved that the construction site be halted for the time being.,,,,
OBS_GS_014720,The Observer,2024-02-07,The fight to save Njeru stock farm from encroachers,At the summit of the the stock farm lies a UPDF artillery detach that is charged with securing the Nile bridge.,,,,
OBS_GS_022143,The Observer,2018-09-04,KCCA pays Shs 30m in player compensation,"Hence, he sought legal redress at Muwema and Company Advocates late in 2016 upon returning to his former club, Maroons FC.",,,,
OBS_GS_007948,The Observer,2024-12-04,Stalled World Bank project puts contractor on the spot,"Incidentally, Inyatsi received advance payment of Shs 17bn from the ministry in April, 2023 whose utilisation has remained unconvincing to the ministry.",,,,
OBS_GS_005310,The Observer,2025-04-27,How Mengo SS’ mega projects are raising bar in education standards,"We may not have it now but we believe we shall be able to put up this project in the record time of three years, which explains why you and I are here,” he said.",,,,
OBS_GS_019854,The Observer,2020-09-16,"Isimba dam Chinese contractor, govt in $42m payment dispute","Madam speaker, the $28 million is being withheld in so many defects.",,,,
OBS_GS_007819,The Observer,2018-05-03,AG gives green light to SGS vehicle inspection contract,The report also called for investigations into the matter of tax evasion and involvement in fraudulent activities by the company.,,,,
OBS_GS_014168,The Observer,2025-04-28,How Kabale district officials plotted to loot billions in project funds,Asiimwe also stated that Atuhaire was not dismissed but reassigned to handle technical work due to a heavy workload.,,,,
OBS_GS_003601,The Observer,2017-01-11,"KCCA runs out of cash, fails to pay salaries, collect garbage","In addition, electricity bills of Shs 739.8 million remain unpaid and Umeme has notified us of their intention to disconnect our office premises and street lights in the city,” Musisi’s 10-page letter reads in part.",,,,
OBS_GS_015966,The Observer,2025-03-31,Umeme shares trading suspended for two weeks over transition,Assurances that they would benefit from the government buyout (compensation for the Investments made by the company but not yet recouped at the time of the end of the concession) were not enough to calm the fears.,,,,
OBS_GS_023521,The Observer,2023-10-17,KCCA face Kitara in tricky match,This coincided with the club’s decision not to renew the contract of former goalkeeper Benjamin Ochan.,,,,
OBS_GS_004671,The Observer,2020-09-16,Denmark boosts Entebbe airport’s reopening efforts,"It provides operational equipment for screening, laboratory operations, supplies and management of strategic information on population mobility and risk communication.",,,,
OBS_GS_015078,The Observer,2017-04-25,Makerere suspends procurement officers over fraud,It is alleged that Etuusa fraudlently contracted Exxon Contractors Limited to provide phone custody services to graduands and their parents.,,,,
OBS_GS_013451,The Observer,2025-01-19,"Mpigi expressway audit reveals mismanagement, overspending","Consequently, by May 2024, the original contract funds for civil works were fully depleted, and, the OAG says that by then, physical progress was at only 40.86 per cent.",,,,
OBS_GS_014756,The Observer,2023-01-20,"Entebbe airport: UCAA apologises for extortion allegations, pledges enhanced supervision","But usually, a traveller weighing between losing money for another air ticket, and also getting late for the scheduled business, chooses to pay the bribe and save themselves the bigger bother.",,,,
OBS_GS_016658,The Observer,2023-05-09,Govt moves to borrow Shs 852bn loan to rehabilitate Kampala-Malaba railway,"Amos Lugoloobi, the state minister for Finance and Planning said the new loan offer from ADB and the Corporate Internationalization Fund of Spain also comes with a Shs 221 billion grant.",,,,
OBS_GS_015410,The Observer,2020-07-10,‘Oil production delay has been beneficial’,"However, since parliament has never allocated money to this investment reserve fund, there is no report to make as yet, he elaborated.",,,,
OBS_GS_017769,The Observer,2024-05-10,UPDF takes over construction of Gulu University Constituent College in Moroto,"Openjuru said that they are looking forward to strengthening education in the Karamoja sub-region and cutting the costs of learners travelling long distances to access higher education. ‘’I want to thank the leadership of the region, security, and all stakeholders for the support and consideration exhibited to this far towards the realization of the strategic plan,’’ Openjuru said.",,,,
OBS_GS_010339,The Observer,2017-08-09,"Oil refinery, pipeline deals set to transform regional outlook","Heavey’s departure from the most influential position in Tullow Oil could represent a change in the company’s strategy, especially in markets such as Uganda’s.",,,,
OBS_GS_012744,The Observer,2017-02-27,New cost of Jinja Nile bridge questionable,I was also shocked that it cost the government of Egypt only $196 million (Shs 698 billion) to construct the 3.9km Suez Canal bridge which links Egypt to Eurasia.,,,,
OBS_GS_010780,The Observer,2022-02-15,Gulu archdiocese offers 16 acres of land for construction Gen Lokech stadium,"He says the stadium’s name is attractive, because Lokech was loved, and popular because of his peace building assignments in other countries.",,,,
OBS_GS_001375,The Observer,2017-04-24,UCU launches Shs 1.7bn on-campus roads project,"David Mugawe, the deputy vice chancellor, Development and External Relations, also the project’s focal person, told The Observer that the project has undergone the required preliminary stages.",,,,
OBS_GS_005834,The Observer,2021-07-25,Company awarded 10-year digital tracking contract facing bankruptcy in Russia,Global Security is facing other debt litigations in Russia.,,,,
OBS_GS_009537,The Observer,2025-01-21,Procurement as a strategic function unlocks its full value,"For instance, the decision to procure software for a given department will start with consultation with the relevant team to ensure it aligns with the company’s strategic objectives.",,,,
OBS_GS_013148,The Observer,2025-11-12,How bungled Shs 86bn project caused sacking of Eswatini consul to Uganda,"“There was a verbal agreement for a $4m payment to Plinth to settle the matter,” a person briefed on the discussions confirmed.",,,,
OBS_GS_021678,The Observer,2022-02-21,Works minister admits blunders in Entebbe Airport expansion contract,Then there were general items that were paid; $5.1 million.,,,,
OBS_GS_016757,The Observer,2022-10-07,Nigeria discovers huge hidden underwater pipeline used for stealing oil,It means that somebody has not been responsible and somebody needs to begin to take responsibility.,,,,
OBS_GS_004445,The Observer,2022-02-19,"Minister Mayanja, AG Kiryowa collide over Shs 28bn compensation","However, sources within the Attorney General’s say this has not gone down well with Kiryowa and there is growing tension over the matter.",,,,
OBS_GS_006491,The Observer,2025-07-16,"“Justice delayed, drama delivered: Inside Uganda’s week in court”","IN UGANDA, LABOUR JUSTICE FINDS A VOICE On July 7, Uganda’s Labour Industrial Court of Uganda delivered a quiet but firm victory to John Oringo, an agricultural machinery operator who took his employer, Dede Farming Tractors Uganda Ltd, to court over unpaid wages and a disputed employment contract.",,,,
OBS_GS_011004,The Observer,2021-03-17,What can we learn from mismanagement of Covid-19 funds?,"When the people trusted the government, they stayed home and even donated food or their meager salaries to the Covid-19 response (local cash donations amounted to Shs 11.6 billion).",,,,
OBS_GS_000745,The Observer,2017-01-27,Being a professor doesn’t mean one can lead – Makerere probe team told,"Dr Abel Rwendeire, the chairman of Makerere’s visitation committee, which is inquiring into the university’s perennial problems, has been urged to look into mismanagement rather than focus on lack of funds as the source of its problems.",,,,
OBS_GS_017353,The Observer,2023-01-24,Does Uganda need Standard Gauge Railway now?,"In 2015, former permanent secretary, ministry of Works — Charles Muganzi blew the whistle on an alleged $1 million bribe paid to sixteen government officials and technocrats to influence the awarding of a contract to Chinese companies for the construction of the SGR.",,,,
OBS_GS_024160,The Observer,2024-05-30,Mbarara city closes damaged Katete bridge,"Hillary Mugisha, the city engineer says considering distress levels on the bridge, they have decided to physically close it for all motorized traffic.",,,,
OBS_GS_000561,The Observer,2022-12-19,"Road accidents claim 163 lives, injured 573 others in 12 days","“We have told them to be peaceful, to respect one another on roads and ensure they don’t cause any chaos.",,,,
OBS_GS_005743,The Observer,2024-08-21,Katabi landfill overwhelmed: residents flee huge stench,"While there is an agreement that expires on August 19, 2024, discussions with Entebbe municipality are ongoing to explore the possibility of continuing waste disposal at Katabi.” Muhumuza also highlighted KCCA’s strategic decision to establish a recycling plant.",,,,
OBS_GS_021363,The Observer,2021-06-23,Education officials charged over soliciting Shs 228 bribe from contractor,"The suspects denied the charges and through their lawyers led by Richard Rugambwa, asked to be released on bail on grounds that the charges were bailable.",,,,
OBS_GS_001460,The Observer,2024-07-31,USA: How corruption is destroying Uganda,"“The accounting officers are the guardians of government money, procurement, and personnel ( jobs, welfare).",,,,
OBS_GS_006642,The Observer,2018-08-17,KCCA closes Jibu water factory over poor hygiene,"Dr Okello says that the factories were unhygienic and do not meet the standard manufacturing procedures, putting the consumers of the water at risk.",,,,
OBS_GS_006888,The Observer,2017-07-10,Illegal schools reluctant to register their learners,"In March this year, the education ministry closed at least 1,308 substandard nursery, primary and secondary schools and vocational training institutes in 33 districts.",,,,
OBS_GS_006850,The Observer,2022-06-06,Encroachers take over Koboko airfield after years of neglect,"Samuel Wonekha, the upcountry airport manager in UCCA said that the district leadership is responsible for the mismanagement of the airfield since they are mandated to secure and maintain the facility.",,,,
OBS_GS_015262,The Observer,2017-04-13,Putting Kiruddu hospital deaths into context,It is the only floor in the hospital with an operation theatre and Kabugo said the rest of the theatres will fully function after the completion of Mulago.,,,,
OBS_GS_017340,The Observer,2023-01-24,Does Uganda need Standard Gauge Railway now?,"This is defective because in spite of the fact that the eastern part of DRC has got copious amounts of gold, tin, tungsten; it is extremely risky because of the heavy rebel presence according to the Conflict and Political Violence Index 2014.",,,,
OBS_GS_002460,The Observer,2020-01-03,Kitaka’s 2020 master plan for Kampala infrastructure,I know people normally believe when they see something but I can assure you all this is going to happen and people should have hope and assurance things are improving.,,,,
OBS_GS_021021,The Observer,2020-03-04,"First son reignites ‘Muhoozi Project’ talk, calls it a blessing","In July last year, In July last year, Joseph Kabuleta, a journalist-turned preacher was arrested after he authored several stinging criticisms against the government and the first family – particularly targeting Muhoozi, saying he was ‘unsellable’ and that Ugandans won’t be duped into accepting him for leadership.",,,,
OBS_GS_010901,The Observer,2017-03-13,Troubled Isimba dam will miss 2018 launch deadline,"That is a key fundamental breach of the contractor,” Gilbert John Kimanzi, one of the board members at UEGCL, said during the meeting with the Chinese and the different supervisors of the dam.",,,,
OBS_GS_018212,The Observer,2021-11-10,"Procurement of Arua airfield trolleys, chairs, chain link fence was competitive",The cost is very competitive and not exorbitant as may have been insinuated in certain circles.,,,,
OBS_GS_021112,The Observer,2024-07-17,"Ugandans negative about govt, can ‘simple branding’ fix the works?","The Internal Affairs minister Kahinda Otafiire, a bush war historical and ruling party honcho, did not stutter when he admonished leaders for conflating calls for accountability with hate speech.",,,,
OBS_GS_015080,The Observer,2017-04-25,Makerere suspends procurement officers over fraud,"In an email communication to staff seen by URN, Charles Barugahare, the university secretary, says following Etuusa’s suspension the vice chancellor instituted an investigation committee over the same matter.",,,,
OBS_GS_008242,The Observer,2017-03-17,Jinja road accident: the last moments of victim revealed,Shimiyu started his career in 2003 as the project director of Bushikori child development centre in Mbale.,,,,
OBS_GS_008048,The Observer,2025-12-02,"Uganda, Kenya to align SGR Railway standards",Uganda and Kenya have reached an agreement on the key technical standards and policy positions for the construction of the Standard Gauge Railway from Mombasa to Kampala.,,,,
OBS_GS_014130,The Observer,2024-08-29,Ruth Nankabirwa says oil pipeline financial closure due soon,Nankabirwa said construction of the thermal insulation plant in Nzega district in Tanzania was completed and commissioned.,,,,
OBS_GS_023748,The Observer,2025-08-04,Ugandans lose hope in corruption fight – Twaweza report,"Anita, who critics say is often shielded from legal liability by President Yoweri Museveni is also accused of benefiting from procurement abuses and misusing substantial parliamentary resources.",,,,
OBS_GS_000271,The Observer,2018-05-21,A dream project saving girls from sexual trouble,"I spend all my time on my work and no longer depend on men,” she says.",,,,
OBS_GS_016495,The Observer,2022-06-21,Daily Monitor’s appeal against Bigirimana’s Shs 450m compensation adjourned to Sept,"In December last year, High court justice Musa Ssekaana ruled in favour of Bigirimana and ordered Daily Monitor to pay Bigirimana Shs 450 million in damages as well as publish four apologies with equal publicity as the disputed defamatory publications within two weeks.",,,,
OBS_GS_008057,The Observer,2025-12-02,"Uganda, Kenya to align SGR Railway standards",Land acquisition and compensation which was one of the biggest challenges for the project has now been completed in nine out of 12 districts along the railway corridor.,,,,
OBS_GS_014996,The Observer,2019-03-29,Bahati denies benefitting from South Sudan compensation,Accusations against Bahati’s involvement in the compensation process date back to 2016 when a section of traders accused him of using his position to lobby for the compensation of certain companies and individuals.,,,,
OBS_GS_012925,The Observer,2025-02-28,Power tariffs: Will Umeme’s exit usher in cheaper power?,Considering that the construction period of these power projects takes more than five years – for Karuma it was 10 years before the plant was commissioned – developers have a short period to sell electricity and repay their loans.,,,,
OBS_GS_017499,The Observer,2019-04-03,"Nile bridge fails again, what next?","A source at UNRA who preferred anonymity told us that Prism Construction Company procured initially substandard machinery to do the job, leading to a six-month delay until they shipped in advanced equipment from Germany.",,,,
OBS_GS_002091,The Observer,2021-07-06,Your mail: Turn schools into health centres,"Parliament has passed more than Shs 4 trillion for Covid-19 response and management and yet we hear medics crying for unpaid allowances and lack of personal protection equipments, insufficient oxygen, and exorbitant testing fees.",,,,
OBS_GS_010503,The Observer,2024-07-17,Lawyers probed over billions for cooperative compensation,"“The intended purpose of the lawsuit was to compel them to sign a resolution reinstating him as the Teso Cooperative Union lawyer, among others, in charge of receiving war loss compensation money on their behalf.",,,,
OBS_GS_017436,The Observer,2023-09-08,"Health trainers call for localized curricula, better learning infrastructure","The principal of Uganda Institute of Allied Health and Management Science -Mulago, Rose Nassali, was awarded the best principal of Allied Health Training Institutions.",,,,
OBS_GS_020136,The Observer,2023-10-31,‘We are open for business’ – Uganda team lobbies energy investors,"On top of its participating interest in the EACOP, the Tilenga and Kingfisher projects, UNOC is also developing petroleum storage facilities as part of the oil refinery project.",,,,
OBS_GS_023177,The Observer,2017-06-26,Kadaga chides government over Islamic banking delay,Speaker of Parliament Rebecca Kadaga has questioned government’s commitment towards rolling out Islamic Banking after a series of delays.,,,,
OBS_GS_015506,The Observer,2025-02-25,Leveraging AI for energy optimisation and equitable access in Africa,"However, overcoming infrastructure, regulatory, and cybersecurity barriers will require concerted efforts from governments, private sector players, and international partners.",,,,
OBS_GS_009056,The Observer,2024-01-03,Investigation begins into deadly plane collision at Tokyo airport,Airbus said it was sending specialists to assist in the investigation.,,,,
OBS_GS_009924,The Observer,2017-07-01,World Cup tickets: FIFA step up probe against Uganda,"He accused Magogo for violation and breach of the FIFA statures, code of ethics and disciplinary code.",,,,
OBS_GS_023604,The Observer,2018-10-24,Why Ugandans shouldn’t celebrate Museveni’s infrastructure,These distances would cover Kampala – Gulu highway.,,,,
OBS_GS_002399,The Observer,2020-06-15,Parliament to spend Shs 568m on MPs’ medical insurance,"Bidding will be conducted per the open domestic bidding procedures contained in the Public Procurement and Disposal of Public Assets Act, 2003,” reads part of the invitation to bidders signed by Simon Kwatta, parliament’s procurement officer.",,,,
OBS_GS_021699,The Observer,2018-12-14,Cosase: GTB directors seek Shs 315bn compensation,The committee is currently investigating circumstances under which the central bank closed and sold seven commercial banks between 1993 and 2016 as highlighted in the 2017 forensic audit report by the auditor general.,,,,
OBS_GS_000502,The Observer,2023-08-19,MPs call for urgent reforms at plagued Shs 35bn silkworm project,Masiga said the project would have created many jobs and that the delayed release of funds saw the project fail to pay casual workers and contractors.,,,,
OBS_GS_001883,The Observer,2017-11-26,IPPU wants powers to certify professionals,"David Kalitani, IPPU’s executive secretary noted that the lack of supervision of practitioners and students had resulted into flawed procurement, loss of public funds, poor service delivery and breeds impunity.",,,,
OBS_GS_013035,The Observer,2024-04-20,World Cup: Fufa pleads with Caf over Namboole stadium,Minister Ogwang attributed all delays to the ministry of Finance’s failure to release necessary funds on time.,,,,
OBS_GS_021356,The Observer,2021-06-23,Education officials charged over soliciting Shs 228 bribe from contractor,"They appeared today Wednesday before the Anti-Corruption court Grade One magistrate Moses Nabende who charged them with five counts related to corruption, abuse of office, and conspiracy to defraud.",,,,
OBS_GS_019298,The Observer,2017-03-17,Mulindwa shares vision and what it takes to erect a stadium,"When you look at our mission, we wanted to provide all-round quality education and to ensure that we have a modern school that must be the talk of everybody.",,,,
OBS_GS_006838,The Observer,2022-12-19,It’s a national security issue to protect electricity infrastructure,Protecting these installations should now be considered a national security issue.,,,,
OBS_GS_004361,The Observer,2024-07-03,Rising challenge of content piracy in Uganda’s entertainment landscape,"That notwithstanding, it is important to note that while others earn from driving, or leading teams or customer service jobs or being in the army, creators earn from their works and therefore, everyone who employs these diverse ways of accessing content for free are detrimental to the well being of creators at all levels.",,,,
OBS_GS_016068,The Observer,2020-09-22,Norway’s Ski train station Vs Kampala Northern bypass project,"Afterwards, the contractor may argue for another upward review of the contract.",,,,
OBS_GS_016830,The Observer,2020-10-01,"Entebbe airport reopens, air travelers exempted from curfew","However, he adds, all passengers must present their passports and air tickets whenever they are stopped.",,,,
OBS_GS_007010,The Observer,2022-07-12,"EzyAgric enables 300,000 farmers get access to agricultural markets","The initiative offers participants useful tools and an introduction to the industry’s emerging technologies, such as Mojaloop Open source software, and guidance from Level One Project foundational material.",,,,
OBS_GS_010612,The Observer,2019-06-08,Haiti braces for anti-corruption protests,"Remember that this contract has been duly approved by the CSC/CA and that the relative payments are around 40% to date for 80% of executed works,” the statement said.",,,,
OBS_GS_008893,The Observer,2017-05-07,Tumwine defends IGP Kayihura contract extension,“There’s no country in the world where there is total peace.,,,,
OBS_GS_003150,The Observer,2023-01-16,Analysts question viability of proposed Ugandan railway link to Kenya,“Government decided to widen its nets and open up a bid.,,,,
OBS_GS_009899,The Observer,2024-09-11,Fenced off and forgotten: 84-year-old woman awaits justice amid Namboole stadium dispute,"The Observer was unable to obtain a comment from Dr Denis Mugimba, the spokesperson for the ministry of Education and Sports. inarticle} inarticle}",,,,
OBS_GS_003568,The Observer,2022-06-30,MPs turn away Lira hospital officials over lack of accountability documents,"The other queries by the auditor general against Lira hospital are the irregular payment of Shs 339.2 million to a contractor for works not done, Shs 65.3 million off-budget receipts, failure to absorb Shs 1.5 billion meant for payment of salaries, pension, underpayment of salaries by Shs 19 million, among others. inarticle} inarticle}",,,,
OBS_GS_002528,The Observer,2025-08-01,Rethinking justice through Alternative Dispute Resolution,ADR refers to other ways of resolving disputes except going to court.,,,,
OBS_GS_000325,The Observer,2024-10-09,"State House unit probes ministers Kasaija, Anite","But the board reminded her of their legal limitations, which include policy guidance and their restriction from direct procurement.",,,,
OBS_GS_021282,The Observer,2018-10-18,EU grants govt 90bn for Tororo-Gulu railway revival,"Kasaija said that even if Uganda started work on the Standard Gauge Railway today, the first trains between Mombasa to Kampala will not run until after a decade because Kenya has delayed committing construction of its Standard Gauge Railway to the Malaba border.",,,,
OBS_GS_006988,The Observer,2017-08-03,Jinja bridge 40 percent complete,"“On all our projects, we want to try (as much as possible) to have local suppliers on board but most of them produce substandard products.",,,,
OBS_GS_004038,The Observer,2025-03-04,BOU ordered to pay Shs 200m over rejected carpet bid,"However, despite this confirmation, BOU’s procurement team claimed the manufacturer’s authorization was forged and recommended investigations into C&S.",,,,
OBS_GS_010097,The Observer,2021-11-02,"Drainage: Govt, KCCA infringing on right to life, court rules",A clear indication that there is a lack of routine cleaning which would fit the description of maintenance.,,,,
OBS_GS_002882,The Observer,2017-04-14,Karuma dam workers lay down tools over wages,"A statement from Uganda Electricity Generation Company Limited UEGCL sent to The Observer today afternoon, says the industrial action was due to a workers objecting a proposal deduct local service tax off their wages.",,,,
OBS_GS_023320,The Observer,2025-07-04,Court orders gov’t to produce vehicle tracking project contracts,He found that no specific evidence had been presented to show how the production of the documents would endanger the state or violate investor rights.,,,,
OBS_GS_016107,The Observer,2018-01-12,Sam Kutesa and Co. may yet survive their latest corruption scandal,The alleged bribe was from a Chinese entity primarily for oil concessions but also for other large infrastructural works.,,,,
OBS_GS_016319,The Observer,2017-01-13,Cash-strapped KCCA sweet-talks landlords for land,KIIDP-Two is funded by the World Bank and is aimed at improving both the road and drainage systems in all the five divisions of Kampala.,,,,
OBS_GS_019762,The Observer,2022-04-12,Fufa has abandoned core mandate for populism,The author is SC Villa first vice president in charge of mobilization inarticle} inarticle},,,,
OBS_GS_018430,The Observer,2025-10-31,M23 rebels reject France’s plan to reopen Goma airport,"However, M23 political spokesperson Lawrence Kanyuka dismissed the proposal in a statement issued Friday, describing it as “untimely and disconnected from reality.” He said any such initiative should be discussed within the framework of the ongoing Doha peace talks, mediated by Qatar and supported by the United States and the African Union.",,,,
OBS_GS_001393,The Observer,2017-03-13,"Lands minister to meet police, army over evictions","What we are now going to do is to use the captured maps to do the planning of infrastructure and roads and where the plans exist to super impose the maps and put new plans on them,” she said. abumay1988@gmail.com",,,,
OBS_GS_013563,The Observer,2025-01-01,Infrastructure projects to look out for in 2025,"South Sudan – Uganda Power Transmission Network The African Development Bank will seek approval from its board in early 2025 to fund the South Sudan – Uganda Power Transmission Network, which will consist of a 299km transmission line between the two countries.",,,,
OBS_GS_002073,The Observer,2018-11-03,Shs 665m Akii-bua stadium money well spent – ministry,Kibenge says there could have been an information gap and that why some district officials say they did not receive Shs 665m but their records show that Lira district received a total of Shs 665 million.,,,,
OBS_GS_016083,The Observer,2020-09-22,Norway’s Ski train station Vs Kampala Northern bypass project,"NB: Ski train station (Ski stasjon) is a railway station located in Ski, Norway.",,,,
OBS_GS_000219,The Observer,2018-09-11,UNRA sets tough terms for the Kampala-Jinja Expressway,"She further explained that under the arrangement, there will be no shoddy works as companies will own the roads as they will be responsible for regular repairs at their own cost.",,,,
OBS_GS_005323,The Observer,2023-10-04,Cost per kilometer as a unit cost of a road is misleading,"However, there are elements of a road that are key cost drivers in road construction that determine the intrinsic cost of a road.",,,,
OBS_GS_003188,The Observer,2022-01-28,Cold chain equipment optimization project,"A Third-Party Logistics (3PL) company, Beyond Logistics Ltd (BLL) provides quality warehousing, local and international procurement, distribution services, project management, as well as local and international representation services.",,,,
OBS_GS_006959,The Observer,2022-09-16,"Mother, two children crushed to death in Gulu by school perimeter wall",She notes that the wall was hurriedly constructed and suspects the work could have been substandard.,,,,
OBS_GS_020703,The Observer,2023-11-29,Orom graphite project gets $5 million grant,Graphite is one of the key minerals needed for the production of electric batteries.,,,,
OBS_GS_000155,The Observer,2021-11-17,Mayanja: Land Bill is back,There have been various instances where colossal sums of money were dubiously paid yet genuine claimants are left unpaid.,,,,
OBS_GS_001026,The Observer,2025-03-03,Shs 60bn BOU fraud: six suspects granted bail,"Twesigomwe is charged with being an accomplice in the corruption scheme, which prosecutors claim was aimed at illicitly enriching Roadway Company.",,,,
OBS_GS_000871,The Observer,2017-10-15,Kangole bridge giving motorists in Karamoja panic attacks,The continuous wearing away of the bridge has forced some vehicles especially heavy trucks to abandon the road altogether.,,,,
OBS_GS_002672,The Observer,2019-06-25,"Railway: Museveni lashes out at World Bank, praises China","The expo actualizes one of the resolutions arrived at last year in Beijing and is seen as “a new mechanism for commercial cooperation with Africa, a new platform to deliver the trade and economic measures of FOCAC, and a new window for sub-national business cooperation with Africa.” Several Ugandan manufacturers will have their products on display at the Expo which will also be characterized by seminars, presentations and business match-making.",,,,
OBS_GS_004332,The Observer,2017-06-06,Magogo’s 2019 project set to face litmus test,"Whereas KCCA are overwhelming favourites to win the title, which will be the club’s first league and Cup double, I’m not ruling out an upset, especially when you consider Paidha’s fairytale journey to the final.",,,,
OBS_GS_003344,The Observer,2023-01-11,"If market tenderers are overcharging vendors, we’ll remove them – Obiga Kania",How satisfied are you with the progress of the project performance?,,,,
OBS_GS_012563,The Observer,2025-10-22,How NUP abandoned its issue-less politics is success of its opponents,"In fact, for Museveni and team, presenting a manifesto is simply a procedural matter.",,,,
OBS_GS_019356,The Observer,2017-03-17,Mulindwa shares vision and what it takes to erect a stadium,"Let us go back and support our clubs Villa, KCCA, Express and others and let there be love.",,,,
OBS_GS_014985,The Observer,2019-03-29,Bahati denies benefitting from South Sudan compensation,The next one is M/S Jan Jang Company Limited whose proprietor is Hon Bahati and it also dealt in grain.,,,,
OBS_GS_003482,The Observer,2023-05-08,Denied info: Court awards lawyer Mabirizi Shs 5m,"He also asked the court to order the permanent secretary to avail him with the said documents and to issue an order of injunction restraining the permanent secretary from concealing information about the procurement, correspondences and decisions.",,,,
OBS_GS_010765,The Observer,2021-06-16,Construction of She 1.2bn warehouse in Busia nears completion,He attributes the delayed completion of the project to the late release of funds by the ministry of Trade.,,,,
OBS_GS_016958,The Observer,2017-03-31,Gulu’s Pece stadium to get facelift,"Among the recommendations, the stadium should be regraded and fresh grass planted on its bare floor.",,,,
OBS_GS_019487,The Observer,2022-09-20,Sugarcane farmers abandon fields due to lack of markets,"“MILLERS FAILING FARMERS” Worldwide, sugar factory ownership is a mix between the government and the private sector.",,,,
OBS_GS_005126,The Observer,2025-04-14,Karuma bridge reopens after 3-week closure,It was reopened on December 20 following three months of rehabilitation works that involved replacing the bridge deck and 12 bearings.,,,,
OBS_GS_010221,The Observer,2021-12-09,Pastor Ssenyonga summoned over unpaid salary arrears,“There is a need to carry out a mediation meeting to establish an agreeable position for both parties.,,,,
OBS_GS_019003,The Observer,2021-05-11,"Ssemujju Nganda is fitting speaker, but Kadaga works well in that mess","But that she is herself implicated, or is complicit in the thuggery in Uganda, should not be a concern for anyone.",,,,
OBS_GS_010091,The Observer,2021-11-02,"Drainage: Govt, KCCA infringing on right to life, court rules","They also asked that within six months after the determination of the case, government and KCCA report to court the steps jointly and severally taken to enhance the protection of life of city dwellers.",,,,
OBS_GS_015758,The Observer,2017-06-28,Young entrepreneur on mission to sell Uganda to UK’s Midlands,"At the event, Ashok Keshavj Verma, the chairman of Verma group of companies, announced the signing of a major contract in Uganda to supply solar panels and pumps to farmers.",,,,
OBS_GS_003016,The Observer,2018-07-16,How disputed rock cast shadow over Isimba dam,“This letter serves to request that all payments due over funds appropriated in the 2018/2019 budget in respect of the rock reserves along Isimba hydropower project be halted.,,,,
OBS_GS_023689,The Observer,2023-02-21,Construction works at Kabaale airport halted over funds,"The balance has been paid to the contractor, we have not defaulted but now they saw once we have blocked the trick of stealing then the contractor laid down tools.",,,,
OBS_GS_007146,The Observer,2022-11-16,Uganda Airlines probe: Bad deals listed in 33 pages,"The accounting officer also indicated that at the time of the audit, the invoices had been submitted to the ministry of Works and Transport for inclusion in the schedule of arrears for onward submission to the ministry of Finance, Planning and Economic Development.",,,,
OBS_GS_017728,The Observer,2020-10-04,Kadaga convoy accident victims seek Shs 400m compensation,Our reporter was unable to get a comment from the speaker’s office by the time of filing this story.,,,,
OBS_GS_000970,The Observer,2025-03-26,Mufti Mubajje’s re-election dispute stalls as court demands proper legal procedure,"The UMSC argues that the Majlis Al-Ulama, the religious body that endorsed Mubajje’s re-election, is not a quasi-judicial organ and, therefore, its decisions are not subject to judicial review.",,,,
OBS_GS_009695,The Observer,2020-04-23,Umeme to stop Shs 5bn on Kakiri substation,"All that the eligible households pay is Shs 20,000 for the inspection of their premises.",,,,
OBS_GS_003001,The Observer,2025-08-07,The Lubowa hospital judgement: Uganda’s missed opportunity to affirm public participation in PPPs,"However, the ISHU project has been riddled with delays, corruption allegations, oversight restrictions, and remains incomplete and non-operational as of 2025.",,,,
OBS_GS_020368,The Observer,2020-01-01,Basalirwa vows to fight parliament eviction,But I don’t think their not appealing will be saving some money because somebody can sue them for misleading them and wasting their time.,,,,
OBS_GS_003533,The Observer,2018-06-05,Land probe baffled by Entebbe town clerk new Shs 44bn rock compensation claim,"Government official I don’t know why we should downplay this conflict of interest, its a government tragedy.” said Ruhindi.",,,,
OBS_GS_012805,The Observer,2020-06-16,Police to resume construction of officers’ housing units,The force hopes to renovate some of these health facilities while others will be equipped.,,,,
OBS_GS_015511,The Observer,2018-01-22,Parliament raises Shs 75m for albinos,Yesterday (January 21) Kisuule and Nakawooya joined hundreds of people to participate in the second parliament fundraising walk aimed at constructing a rehabilitation centre for PWAs.,,,,
OBS_GS_004464,The Observer,2021-07-15,OWC denies Covid relief food procurement irregularities,Owori attributed the alleged negative media coverage of OWC to the big suppliers particularly Aponye & Mandela Millers who were left out by introducing small-scale farmers to OPM.,,,,
OBS_GS_002196,The Observer,2025-11-05,Uganda engages EAC members for collective health procurement,"Currently, Uganda has five national referral hospitals; namely Mulago, Kawempe, Kiruddu, Butabika and Mulago Specialized Women and Neonatal hospital.",,,,
OBS_GS_016167,The Observer,2021-09-28,Disentangling landlord from tenant in mailo land reforms,"Eviction scenes are usually characterised by the following: a group of people (most often hired goons) destroying crops; a grader destroying structures or debris from already destroyed structures; victims trying to salvage their belongings from the debris (usually basic household items such as overused mattresses, plastic plates, cups, and clothing); stick-wielding victims voicing their frustration in front of media microphones/cameras, affirming their claim to the land and calling on a powerful agency or a politician to intervene (at times these calls to intervene are directed at the government using the popular Luganda phrase, “tusaba gavumenti etuyambe” (we are begging for the government’s intervention/help); women crying profusely, pacing around the scene, asking rhetorical questions (usually concerning their dire helplessness as widows/sole providers for their families and wondering how they will pay off that loan or feed the children now that the food is destroyed); and people in uniform wielding guns and court papers purportedly authorising the eviction.",,,,
OBS_GS_014836,The Observer,2025-08-27,Hoima stadium project success exposes pros and cons of local contracting,What I am trying to point out is that local or indigenous contractors have the capacity to do this work if given government assurances.,,,,
OBS_GS_022720,The Observer,2022-08-10,Muhoozi project runs into trouble,Tax is collected in local shillings.,,,,
OBS_GS_009210,The Observer,2023-12-12,Muslim lawyers drag Mufti of Uganda Mubaje to court over corruption,"In their suit, the lawyers say that even these court cases that resulted in the attachment are a coordinated and fraudulent litigation scheme orchestrated by Mubaje, Mugalu, and Kyabahwa to legitimize the fraudulent and illegal transaction supported by the sale agreement.",,,,
OBS_GS_023685,The Observer,2023-02-21,Construction works at Kabaale airport halted over funds,"Now they tell the contractor, lay down the tools, these people will be forced to pay.",,,,
OBS_GS_016123,The Observer,2019-03-20,Lubowa hospital: a chicken and egg myth!,"What kind of planning is this ministry doing, if it cannot harness local talent or even improve on the available medical infrastructure?",,,,
OBS_GS_013841,The Observer,2024-08-13,CSOs withdraw Bugoma forest appeal case over litigation delays,"The CSOs’ case highlighted several breaches, including NEMA’s failure to consult all potentially affected communities and to invite public commentary on the environmental impact statement, as required by Uganda’s Environmental Impact Assessment regulations.",,,,
OBS_GS_017764,The Observer,2017-05-01,Govt allocates paltry funds for Kabaale airport,“We are still negotiating.,,,,
OBS_GS_006891,The Observer,2024-03-21,Shs 1.1bn consultancy bill for UWEC wall shocks MPs,"The consultancy firm, C4D International Limited, is yet to finalize the bill of quantities (BoQs) before a contractor is sourced.",,,,
OBS_GS_020706,The Observer,2023-11-29,Orom graphite project gets $5 million grant,"However, the graphite industry is not without its challenges.",,,,
OBS_GS_024186,The Observer,2022-02-23,Govt on hunt for ghosts in schools,"After uncovering 20 phantom headteachers at Abim in 2012, the Judicial Commission of Inquiry into Mismanagement of the Universal Primary and Secondary Education Programmes, chaired by High court justice Ezekiel Muhanguzi, was enraged.",,,,
OBS_GS_004059,The Observer,2025-03-05,$21m BoU fraud: report reveals shocking details,"This audit was aimed at supporting police investigations into allegations of abuse of office, embezzlement, financial mismanagement, and money laundering.",,,,
OBS_GS_022567,The Observer,2020-01-14,New national policy targets geothermal energy usage,"Electricity, especially hydropower, contributes approximately two per cent, while fossil fuels (oil products) account for 10 per cent of the national energy mix.",,,,
OBS_GS_008139,The Observer,2020-05-26,Cnooc questions investment in oil pipeline,Shunqiang asked for a meeting with Kitutu to resolve some of the issues that would facilitate movement towards FID.,,,,
OBS_GS_000327,The Observer,2024-10-09,"State House unit probes ministers Kasaija, Anite","The allegations claim that Anite siphoned funds through various methods, including cost escalation, overtime claims, and other questionable practices.",,,,
OBS_GS_014289,The Observer,2022-09-19,Oil: European parliament resolution divides Ugandans,"On possible damage to the pipeline and hence oil leaks, PAU explained that a damage detection and prevention mechanism is being designed as part of the project.",,,,
OBS_GS_022384,The Observer,2019-05-29,Lubowa hospital funds reported missing,"Madam speaker, secondly, the committee did not get to interface with the direct implementers of the project – that is Finasi International and Roko Construction.” said Ariko.",,,,
OBS_GS_002839,The Observer,2025-01-27,Lira High court declines to put aside 2013 land dispute ruling,"However, in his ruling, justice Okello argued that dismissing the order which was issued over a decade ago in favour of Anyinge would open an opportunity for more suits.",,,,
OBS_GS_016827,The Observer,2020-10-01,"Entebbe airport reopens, air travelers exempted from curfew","Njuki said now that Entebbe International airport has been reopened, flight passengers will be allowed to move during curfew time.",,,,
OBS_GS_009878,The Observer,2024-09-11,Fenced off and forgotten: 84-year-old woman awaits justice amid Namboole stadium dispute,"Granite Quarries Limited held a 49-year lease on the land, which had been granted on June 6, 1969, and expired in 2018.",,,,
OBS_GS_013465,The Observer,2024-02-08,Uganda maintains 4th position in 2023 Absa Africa Financial Market ranking,"Atingi added that arising out of the implementation of the National Financial Inclusion Strategy 2017-2022, Uganda has experienced increased access to financial services by the wider population through the proliferation of mobile financial services and products.",,,,
OBS_GS_013714,The Observer,2019-04-18,Clerk to parliament denies terminating Obore’s contract,"“The report concludes among others that the recruitment of the director, communication and public affairs was founded on an illegality as it was in contravention of the Parliamentary Service (Staff) Regulations, 2001,” the letter reads in part.",,,,
OBS_GS_020995,The Observer,2019-06-24,Ssekabusolo primary school in toilet crisis,Uganda Baati offered to roof the under construction classrooms while the Rotary Club of Kampala East paid for the construction of the building.,,,,
OBS_GS_003567,The Observer,2022-06-30,MPs turn away Lira hospital officials over lack of accountability documents,"“The overpayment of pension and gratuity leads to overstatement of pension expenditure and understatement of receivables,” says Muwanga.",,,,
OBS_GS_013948,The Observer,2021-08-09,"Shs 70bn lunch allowance: 1,039 ghost workers unearthed on nurses’ payroll","Owing to these irregularities, Catherine Bitarakwate Musingwire, the permanent secretary in the ministry of Public Service has given the accounting officers of the affected districts to tender in an explanation not later than August 15.",,,,
OBS_GS_009759,The Observer,2023-04-27,Protecting investments through project agreements: Key contractual provisions to consider,"Moreover, expert determinations can be faster and less expensive than arbitration.",,,,
OBS_GS_012249,The Observer,2017-10-09,Bridge International publicist wrong on PPPs in education,"Still, the author deliberately leaves out the fact that private contractors especially BIA were allocated advantaged government schools with higher quality and quantity of teachers, better infrastructure, and those closer to roads than average Liberian schools.",,,,
OBS_GS_003080,The Observer,2024-04-20,"Byarugaba loses NSSF contract case against AG, minister Among","Through his lawyer Bazira, Byarugaba requested the court to invalidate Ayota’s appointment and issue a permanent injunction to prevent Ayota from acting as the MD of the fund.",,,,
OBS_GS_001392,The Observer,2017-03-13,"Lands minister to meet police, army over evictions","She also expects to meet with parliamentary groups, Resident District Commissioners (RDCs) and local council officials to educate them on issues to do with land eviction.",,,,
OBS_GS_004173,The Observer,2018-09-14,Oil project works lure Total E&P into training welders,"As Uganda nears the final stages of producing commercial oil and gets in line with supporting local content participation in the country, companies have started the process of training Ugandans for the different jobs.",,,,
OBS_GS_016295,The Observer,2017-01-20,Sseggona explains MPs’ probe into oil ‘handshake’,Parliament has started investigating the Shs 6bn presidential gift to 42 government officials who won $700m from a capital gains tax dispute with oil companies.,,,,
OBS_GS_023568,The Observer,2024-07-24,50 remanded to Luzira prison over anti-corruption protests,It is further alleged that the suspects conducted themselves in a manner likely to cause a breach of peace.,,,,
OBS_GS_006741,The Observer,2024-11-15,"Experts push contract farming to boost Africa food systems, farmers’ income","Contract farming can have drawbacks, such as making farmers less able to sell to alternative buyers when produce prices increase.",,,,
OBS_GS_018849,The Observer,2022-03-01,Pre-drilling works commence in Kingfisher Oil Development Area,“But you not only need to be a local company; you have to qualify and be able to prove that you can do quality work.,,,,
OBS_GS_002946,The Observer,2020-10-06,Addressing violence against children as schools reopen,"While we prepare the necessary infrastructure to ensure adherence to SOPs (hand-washing, mask-wearing and social distancing), we must also institute mechanisms for ensuring safety of children as schools reopen.",,,,
OBS_GS_022519,The Observer,2024-07-10,Contract farming could be the gamechanger for Uganda’s agriculture,Contract farming has the potential to increase participatory utilisation of our fertile arable lands and create more jobs to a demographically young population.,,,,
OBS_GS_021908,The Observer,2017-04-07,Mbidde: We are not scared of Nambooze,That is where the biggest issue is; they wonder what kind of businesses you do that fetch you all that money they claim you have.,,,,
OBS_GS_010820,The Observer,2024-03-20,KCCA committee recommends radical changes in accountability,The committee further accuses Bulega of fraudulent alterations in the project specifications and bills of quantities.,,,,
OBS_GS_014677,The Observer,2025-07-16,Harnessing digital infrastructure for service delivery,"This saves us from rogue, expensive and useless infrastructure that doesn’t deliver as intended.",,,,
OBS_GS_005673,The Observer,2024-10-19,Amuria district officials decline to commission school over shoddy works,"Besides the roof, the floor has cracks that we feel will widen as soon as the building is put into use,” Emabu explained.",,,,
OBS_GS_011923,The Observer,2021-03-21,"Atwine admits to diverting health funds, flouting procurement rules","If I’m buying equipment, ICU equipment to put in hospitals such that those who are badly off, who need oxygen get the oxygen, and the supplier or manufacturer says; sorry I cannot give you until you have paid 100% so that I manufacture.",,,,
OBS_GS_007426,The Observer,2017-11-30,PPDA suspends over 100 suppliers over forged documents,"This is according to records from the Public Procurement and disposal of Public Assets Authority, the principal regulator of public procurements.",,,,
OBS_GS_014491,The Observer,2018-12-11,The hollowness of Museveni’s anti corruption rhetoric,"Bureaucratic corruption, which happens mainly at the implementation phase of government policy, can be technically fixed through measures like improved technologically-powered systems that proof against individual manipulation.",,,,
OBS_GS_017964,The Observer,2018-04-18,Why FDC old guard abandoned Besigye,"By 2009, there was no clear database of the membership of FDC and its structural presence could barely be felt in more than 60 per cent of Uganda.",,,,
OBS_GS_007206,The Observer,2025-03-26,"Two years later, private schools lag in Information System compliance","Speaking at a project review meeting at Kabira Country Club in Kampala, Amuha noted that schools lack standardized reporting protocols without a formal policy and remain unaccountable.",,,,
OBS_GS_001005,The Observer,2023-10-04,Alternative dispute resolution: the Ugandan court experience,"Therefore, this book offers valuable insights into how mediation can not only resolve disputes but also preserve valuable business partnerships.",,,,
OBS_GS_005989,The Observer,2017-12-04,Katosi suspect Senkeeto again challenges corruption trial,"Senkeeto, who introduced himself as the country representative of Eutaw, and Isaac Mugote, a former Housing Finance bank employee, are accused of aiding Eutaw to forge a bid security document that helped the company win the contract.",,,,
OBS_GS_011389,The Observer,2024-09-18,Architects: Unqualified engineers killing Uganda’s construction sector,"The situation reflects systemic weaknesses in oversight mechanisms, where loopholes in regulatory frameworks allow for the continued involvement of unskilled personnel in highly technical projects.",,,,
OBS_GS_013151,The Observer,2025-11-12,How bungled Shs 86bn project caused sacking of Eswatini consul to Uganda,"“After failing to achieve the down payment, he was accused of not protecting Eswatini interests since it was his main mandate in the negotiations,” says a source close to the negotiations.",,,,
OBS_GS_010691,The Observer,2024-10-24,"Uganda Railways rules out electric trains, for now","Unlike the planned SGR project, which will be electric, all upgrades on the MGR will continue using diesel-powered trains.",,,,
OBS_GS_010043,The Observer,2019-03-07,Parliament secures UBC radio frequency,"Asked how parliament took over the frequency of UBC, Godfrey Mutabazi, the executive director of Uganda Communication Commission said there was no need for such questions since there is no dispute.",,,,
OBS_GS_006507,The Observer,2021-10-11,Controversy as KCCA disburses Shs 99m to “volunteer” city cleaners,Some of the group’s supervisors that URN previously interacted with accused the Saccos of failing at their job and that they (Seven Hill) were committed to scooping the contract.,,,,
OBS_GS_024114,The Observer,2019-01-30,How Nile Bridge was bungled up,The deadline for the project was also extended up to October 2018.,,,,
OBS_GS_005529,The Observer,2024-08-23,"Govt schools lag behind in Uneb literacy, numeracy assessment","The report highlighted various contributing factors, including inadequate infrastructure, lack of instructional materials, and low parental involvement in public education.",,,,
OBS_GS_000177,The Observer,2019-04-08,Closed old Jinja bridge safe for traffic diversions – Gen Katumba,He says that the sudden defects resulted from the lack of bonding between the waterproofing materials and asphalt used on the surface of the bridge.,,,,
OBS_GS_005373,The Observer,2024-12-21,Karuma bridge reopened after 3 months of repairs,"“At some point, you get only one or two customers to the pub, it was a struggle.",,,,
OBS_GS_024222,The Observer,2024-06-05,Good practices for managing safety and traffic flow during road construction,Gaps exceeding six metres allow pedestrians to access construction areas with limited prohibition.,,,,
OBS_GS_013458,The Observer,2025-01-19,"Mpigi expressway audit reveals mismanagement, overspending",This trend has seen many road projects either slow down or temporarily suspended by the contractors as they await the disbursement of funds by the government.,,,,
OBS_GS_000983,The Observer,2021-09-09,Fintechs create path for telecoms and banks to ease digital payments,"However, the intervention of fintechs could bridge that gap soon, writes FRANK KISAKYE.",,,,
OBS_GS_019847,The Observer,2020-09-16,"Isimba dam Chinese contractor, govt in $42m payment dispute","He said the outstanding balance is $42.3 million, which is under the defects liability period.",,,,
OBS_GS_010447,The Observer,2024-07-17,Lawyers probed over billions for cooperative compensation,"The committee, chaired by Mwine Mpaka, discovered that most payments for war loss compensation were not made directly to the beneficiary cooperatives but were instead funnelled through law firms.",,,,
OBS_GS_003602,The Observer,2017-01-11,"KCCA runs out of cash, fails to pay salaries, collect garbage",Other unfunded critical activities include road projects and constructing drainage systems.,,,,
OBS_GS_014719,The Observer,2024-02-07,The fight to save Njeru stock farm from encroachers,"WHY GOVT CANNOT RELOCATE NJERU STOCK FARM For starters, the farm hosts the nitrogen plant, whose production capacity of five litres per hour enables the continuous supply of animal semen for artificial insemination for the eastern and northeastern parts of the country.",,,,
OBS_GS_020197,The Observer,2017-07-18,Percentage of road users willing to pay for tolls drops,"Eng Dr Micheal Odongo, the Uganda Road Fund executive director, revealed that the poor records were hinged on a fact that most roads were narrow, had potholes, poor drainage system and were inadequately maintained.",,,,
OBS_GS_003897,The Observer,2021-09-25,Minister Nabakooba summons Dott Services over delayed works in Mbale city,"“The other complaint that we have as leaders, we don’t know how the procurement process is done but they gave us a contractor, Dott Services which has a very bad name here within the public.",,,,
OBS_GS_022644,The Observer,2023-08-13,MPs order law firm to account for Shs 39bn tea farmers’ compensation cash in five days,The committee is scrutinizing the report of the auditor general on the financial statements of Naads for the financial year 2021/2022.,,,,
OBS_GS_009123,The Observer,2021-08-30,Unra directors accused of collusion to stall Shs 400bn Muyembe road project,“Such loans [from IsDB) come with underlying strings attached on who to contract.,,,,
OBS_GS_000928,The Observer,2020-12-17,"URA, RippleNami kickoff the Rental Tax Compliance System (RTCS) project","The company (RippleNami) is already here, and they are having meetings with the different MDAs that will be providing the data.",,,,
OBS_GS_010755,The Observer,2024-02-07,Tororo-Gulu railway line incurs financial losses,"The Uganda Railways Corporation’s spokesperson, Linonn Ssengendo, refused to comment on the auditor general’s report, stating that the team has not yet fully reviewed the document.",,,,
OBS_GS_002115,The Observer,2025-03-24,Karuma bridge closed again for repairs,Karuma bridge was reopened to traffic on December 20 last year after undergoing three months of rehabilitation work.,,,,
OBS_GS_008198,The Observer,2017-04-24,Bridge schools submit 28 academies for licensing,"In between the deliberations, Bridge had also rushed to High court to block the impending closure.",,,,
OBS_GS_008287,The Observer,2022-09-06,Schools defy Janet on fees,"“The school is always undertaking mega construction projects yet the way materials and contractors are procured doesn’t comply with any procurement laws and regulations,” the MP said.",,,,
OBS_GS_005304,The Observer,2017-01-23,Education sector needs to be serious about unlicensed schools,"In the meantime, the education ministry should also invest heavily in inspection and the implementation of the regulations.",,,,
OBS_GS_022628,The Observer,2019-07-22,"Corruption: Kenya’s Finance minister, 27 others arrested","Some $180 million has already been paid out, with little construction to show for it.",,,,
OBS_GS_024044,The Observer,2017-08-04,UNFPA project offers teen mothers new life,"Joab Buyinza, the in-charge of Malongo health centre III, said because of the referral system, many teenagers now throng the clinic for services.",,,,
OBS_GS_000548,The Observer,2022-12-19,"Road accidents claim 163 lives, injured 573 others in 12 days",Traffic police spokesperson Faridah Nampiima said 81 people died in the six days between December 4 and December 10.,,,,
OBS_GS_014222,The Observer,2025-07-09,"Hey, the TukTuk water distributor in Kalagi also needs a govt bailout","Flanked by his lawyer and auditor, he refers back to the pandemic of five years ago, the closure of USAID, and the delay by the government to pay or compensate him.",,,,
OBS_GS_022024,The Observer,2022-06-07,Extend Value Added Tax payment across all sectors,Imagine as a small and medium enterprise having your invoices unpaid for five years!,,,,
OBS_GS_021244,The Observer,2024-07-31,‘MultiChoice Talent Factory unschooled and reschooled me in sound’,"This practice, he says, hampers the industry’s growth and innovation.",,,,
OBS_GS_007486,The Observer,2017-04-03,Bugiri sub-county gets first secondary school,“You welcomed the project with open hands; there is no donor who is going to bring their child to study from the school.,,,,
OBS_GS_020230,The Observer,2017-08-19,Power surge: How to secure compensation from Umeme,"According to ERA quality of service standards (QoSS) for customers, a technical complaints/queries investigated is supposed to be investigation within 5 to 7 working days, non-technical complaints/queries investigated within 30 working days and investigations involving a 3rd party completed within 60 working days.",,,,
OBS_GS_023294,The Observer,2019-08-13,How State House pushed Kadaga to authorize fresh probe on BOU,"The Katuntu report accused BOU officials of breach of the Bank of Uganda Act and the Financial Institutions Act during the closure of Teefe Trust bank, Cooperative bank, International Credit bank (ICB), Greenland bank, National Bank of Commerce, Gold Trust bank and Crane bank.",,,,
OBS_GS_003570,The Observer,2017-03-13,Schools hunt contractors over World Bank projects,Construction work at Uleppi SS began in 2011 and was supposed to be finished within a year.,,,,
OBS_GS_012231,The Observer,2020-02-05,Parliament halts new lower secondary school curriculum,"The process for procurement of textbooks from publishers is on-going and the books for senior one and two are expected to be supplied in July,” said Sseninde.",,,,
OBS_GS_003638,The Observer,2023-07-02,The Polish church built entirely by women in Masindi,"Craft workshops, a bakery, two brickyards, a power plant and a pumping station were also constructed.",,,,
OBS_GS_005666,The Observer,2024-07-10,Museveni to courts: No bail for corruption suspects,Those included the stealing of government money; taking bribes from the public to provide government services; misusing the procurement procedures to cheat the state; and corruptly handling personnel issues through nepotism and selling government jobs.,,,,
OBS_GS_008720,The Observer,2023-06-28,How disconnection of water disrupted hospital operations,"Patrick Ocailap, the deputy secretary to the Treasury, attributed the delay in payment to slow cash flows and a mismatch between demands and available resources.",,,,
OBS_GS_019709,The Observer,2025-03-26,Ugandan worker allegedly abandoned by UK company in Somalia,"Although her contract guaranteed compensation for mental trauma and other associated risks, Kaahwa says the company neither honoured this provision nor provided the necessary post-incident support.",,,,
OBS_GS_002440,The Observer,2020-01-03,Kitaka’s 2020 master plan for Kampala infrastructure,There were some really bad roads and we set a six-month programme that repaired Binaisa road in Mulago.,,,,
OBS_GS_019843,The Observer,2020-09-16,"Isimba dam Chinese contractor, govt in $42m payment dispute",We told the contractor that you’re free to access this retention money which is $14 million if you provide a retention money guarantee.,,,,
OBS_GS_016215,The Observer,2017-03-20,Phase out failing PPP schools – civil society,"Researchers found that most of the PPP schools sampled were of poor quality and lacked basic infrastructure, as well as instructional inputs like science laboratories and libraries.",,,,
OBS_GS_004477,The Observer,2023-10-19,Gabon govt threatens arrests over abandoned social projects,Nguema said on TV that an anti-corruption task force created by the military junta has a list of companies that received money from the former regime but never executed projects.,,,,
OBS_GS_012285,The Observer,2021-05-19,Will alternative dispute resolution regarding taxes prove cheaper,The courts have highlighted that taxes are ‘not contractual but statutory’ and should be determined by tax laws and not agreements between taxpayers and the government (or URA).,,,,
OBS_GS_009625,The Observer,2023-08-04,Anger as IGG grants Multiplex two-month extension after expiry of contract,"The Shs 21.722 billion project, which began in May 2021, was scheduled for completion within one year.",,,,
OBS_GS_002079,The Observer,2018-11-03,Shs 665m Akii-bua stadium money well spent – ministry,He also attached copies of audited payment vouchers on the letter detailing how the money was spent.,,,,
OBS_GS_014873,The Observer,2024-09-27,Karuma bridge should be rebuilt with tourism in mind,"The Jinja bridge is a landmark structure that could have brought in a lot of money if we had not, as usual, missed the chance.",,,,
OBS_GS_001253,The Observer,2021-03-04,Will KCCA’s new infrastructure campaign solve mess in the city?,"All these are going to have traffic signalized junctions, pedestrian walkways, closed drainage channels, marked lanes and solar street lights and the work on them is expected to be completed by June this year.",,,,
OBS_GS_021469,The Observer,2017-06-30,Will the masses stop the age-limit project?,"For one, there has been a steady and singular determination to have a firm grip on parliament through constituency gerrymandering and using state resources to win every possible parliamentary race and manufacture an outrageously large majority in the House.",,,,
OBS_GS_001497,The Observer,2023-04-19,Fruits give Nwoya youths hope but govt delaying to establish factory,Hundreds of other young women and men have benefited from the Delight for Youth project.,,,,
OBS_GS_004832,The Observer,2025-12-27,How Uganda can easily reduce the housing deficit,"Banks willing to lend the money would not give it to the individual as is usually the case; rather, a prequalified construction company that can deliver the house within the known cost of building it with a capped interest rate or profit.",,,,
OBS_GS_018626,The Observer,2025-05-02,Weight of abandoned hope crushes one-time drug harm reduction hero,Dust clings to unfinished reports.,,,,
OBS_GS_004754,The Observer,2021-11-29,PPDA tips local governments on open contracting,Bwanika also added that the presidential idea of deploying UPDF soldiers to do all government engineering work including building hospitals and schools will jeopardize their work of monitoring government projects in the district because they (leaders) have no authority to discipline soldiers in case there is any mismanagement of funds or shoddy work done.,,,,
OBS_GS_020146,The Observer,2025-02-04,"For Ugandan children, a commute to school has become a death sentence",Most of these road deaths are very much because of recklessness as they are about poor infrastructure planning.,,,,
OBS_GS_000466,The Observer,2022-02-28,KCCA loses over Shs 1bn in overpayments,"“We asked for the report to get accountability of expenditures on roads, drainage channels and other construction projects undertaken by KCCA.",,,,
OBS_GS_017492,The Observer,2019-04-03,"Nile bridge fails again, what next?","If it is indeed true UNRA went against the contractor’s wishes, then it is liable for the mess and the caused government losses.” Robert Kafeero Sekitoleko, the chairperson of parliament’s Physical Infrastructure committee, told The Observer yesterday that it will be a shame if there is poor workmanship but insisted there are no major repairs.",,,,
OBS_GS_023111,The Observer,2017-09-29,"Marriage to Chinese paved way for eviction of 1,400 in Mubende",Suuza: What kind of marriage did you contract?,,,,
OBS_GS_006722,The Observer,2024-11-15,"Experts push contract farming to boost Africa food systems, farmers’ income","This is why contract farming is so important, as it provides the framework for certainty and sustainability.",,,,
OBS_GS_009070,The Observer,2023-03-14,Let’s count our losses. Lubowa hospital needs to be buried,"To further assuage the fears, a joint venture (Special purpose vehicle) between Finasi and Roko Construction Ltd. (a local, reputable company) was formed.",,,,
OBS_GS_000926,The Observer,2020-12-17,"URA, RippleNami kickoff the Rental Tax Compliance System (RTCS) project","He also urged landlords who have previously not been complying and or not filing correct returns, to put their houses in order before the RTCS implicates them.",,,,
OBS_GS_011788,The Observer,2021-07-12,"UPDF in construction: Facts, logic and solutions","With UPDF clandestine expenditures, I am yet to tell how it will be audited.",,,,
OBS_GS_011629,The Observer,2020-01-02,Ugandans working abroad offer free treatment in Luweero,"According to Operation One Project Foundation executive director, Alex Ray Lubega, making a difference in the lives of the vulnerable especially children is the main purpose of their project.",,,,
OBS_GS_009416,The Observer,2018-09-03,Ibanda district wants parents punished over school feeding,The facilities were constructed by the Education ministry under the Uganda Teacher and School Effectiveness Project (UTSEP) with funding from the Global Partnership for Education (GPE).,,,,
OBS_GS_006609,The Observer,2021-11-08,Entebbe airport registers spike in passenger traffic in October,UCAA says this is the biggest number of passengers recorded at the airport in a month since the resumption of commercial passenger operations in October 2020.,,,,
OBS_GS_007496,The Observer,2017-07-19,How age limit bill can end up in parliament,"This week, a letter was posted on social media platforms calling local government political leaders for a meeting at Namboole stadium on July 22, under the auspices of the Uganda Local Governments Association (ULGA).",,,,
OBS_GS_004714,The Observer,2019-06-09,Haiti rocked by mass anti-corruption rallies,"Several audits have shown that much of Haiti’s PetroCaribe revenue (about $3.8 billion) disappeared, having been disbursed for government construction contracts on projects that were never finished.",,,,
OBS_GS_004826,The Observer,2025-12-27,How Uganda can easily reduce the housing deficit,"I have always given an example of Mpigi town, which is nearer to Kampala than Entebbe but a difficult place to commute due to poor infrastructure.",,,,
OBS_GS_001703,The Observer,2021-09-26,Kenya probes ‘suspicious’ death of 89 Kenyans in Saudi Arabia,Aluoch signed an employment contract for two years as a domestic worker to earn tuition fees for the remaining two years of her education.,,,,
OBS_GS_002253,The Observer,2018-09-28,Bujagali refinancing reduces cost of power for extra-large industries,A statement from the IFC noted: “This extension in tenor will reduce BEL’s annual debt servicing payments and make it possible for the company to reduce the cost of electricity produced by the hydropower plant over the next five years.,,,,
OBS_GS_011569,The Observer,2017-03-22,UEGCL doubts Karuma dam will operate at full capacity,"Also, officials from UEGCL say the contractor has gone against some of the specifications they agreed with the government of Uganda.",,,,
OBS_GS_021252,The Observer,2024-07-31,‘MultiChoice Talent Factory unschooled and reschooled me in sound’,He cites the Nabwisos – Eleanor and Mathew Nabwiso – whom he says are doing amazing work together and have since created a dream team.,,,,
OBS_GS_012798,The Observer,2022-06-25,MPs order Arua officials investigated for paying salary to 15 ghost staff,The audit report also queried the overpayment of a pensioner identified as James Afeku by the district amounting to over Shs 17 million.,,,,
OBS_GS_022251,The Observer,2017-03-20,Women prisoners need more support,"Having proven themselves, the rehabilitation officers saw potential in the women and classes at all levels kicked off, with Kigula and her counterparts teaching the rest of the women in the female wing of the prison.",,,,
OBS_GS_001117,The Observer,2025-06-25,Standard Gauge Railway’s promise for Uganda’s private sector,This could also ease supply-driven inflationary pressures and foster private sector stability and contributing to sustained economic growth.,,,,
OBS_GS_003834,The Observer,2025-03-28,NSSF contractors to share Shs 827bn procurement budget next FY,"“If all suppliers refuse to engage in corruption, the system will change.",,,,
OBS_GS_022022,The Observer,2022-06-07,Extend Value Added Tax payment across all sectors,"Usually, upon signing of a contract or receiving the purchase order, government expects you to deliver and then invoice even though there are some cases where a certain small percentage is processed upon signing the contract or receiving the purchase order.",,,,
OBS_GS_003984,The Observer,2020-02-27,Cost of China-built railway haunts Kenya,"“In regards to the ongoing developments I have just highlighted, I would like to say that the future of the railway sector in Kenya is defined, poised to be better.",,,,
OBS_GS_022372,The Observer,2017-02-10,"Oil cash probe: Clerks earned millions filing papers, photocopying",Some government beneficiaries on Uganda Revenue Authority’s (URA) team during the tax arbitration case against Heritage Oil and Gas simply did photocopying documents and filing of court statements.,,,,
OBS_GS_020228,The Observer,2017-08-19,Power surge: How to secure compensation from Umeme,"In accordance with section 79 (3) of the Act, ERA is required to handle complaints made by electricity consumers in relation to services provided by electricity companies.",,,,
OBS_GS_019842,The Observer,2020-09-16,"Isimba dam Chinese contractor, govt in $42m payment dispute","“He’s now facing a challenge because he has to do a new bridge, so he has to spend extra money – may be on the foundations of the concrete and things like that…When the contractor started a new bridge and expressed that he had cash flow problems, we said the contract allows that we can actually advance you money.",,,,
OBS_GS_003141,The Observer,2020-04-10,KCCA speaker: Why FDC lost,How do you call for teamwork with the technical team before you bridge the gap with the political team?,,,,
OBS_GS_006359,The Observer,2024-02-07,‘For the Bible tells me so’ – Judge Sebutinde & the S.Africa-Israel dispute: Part II,"One hopes that when these questions arise – particularly before the Judicial branch – that the Judges look to the law – constitutional, statutory, common, and where applicable, international – and resolve the questions before them as per their judicial oath.",,,,
OBS_GS_003616,The Observer,2017-02-08,It’s a shame for schools to banish ‘weak’ students to ‘poor schools’,"When schools commit themselves to educate children, there is an unwritten contract that they must carry them through unless they, the children, do something very destructive or are so next to morons that they need no chance whatsoever.",,,,
OBS_GS_013018,The Observer,2024-04-20,World Cup: Fufa pleads with Caf over Namboole stadium,Kiiza said the major hindrance is the floodlights.,,,,
OBS_GS_004316,The Observer,2017-06-06,Magogo’s 2019 project set to face litmus test,"Much as it was the first title for Jinja SS, the result was not entirely an upset sim- ply because they had a sizeable number of players with top-level experience with top-flight Jinja-Kirinya FC.",,,,
OBS_GS_007824,The Observer,2018-05-03,AG gives green light to SGS vehicle inspection contract,"We agree with the observation by the majority report that having been cleared by the attorney general, the contract is valid,” Rukutana said.",,,,
OBS_GS_013895,The Observer,2023-07-14,"FEMNET launches girl empowerment & skills dev’t project for Uganda, Kenya","Are there facilities that will enable them to be mothers and still gain their skills in those institutions,” said Nzioka.",,,,
OBS_GS_020819,The Observer,2024-07-10,"Oulanyah, Otto, MPs implicated in cooperative funds scandal",Shs 5.5 billion had been verified for compensation for East Acholi Cooperative.,,,,
OBS_GS_013459,The Observer,2025-01-19,"Mpigi expressway audit reveals mismanagement, overspending","For example, under the Integrated Transport Infrastructure and Services (ITIS) programme, as of June 30, 2024, arrears amounting to Shs 798.97 billion remained unpaid for road and bridge construction projects.",,,,
OBS_GS_011748,The Observer,2017-08-21,Govt starts verification of Bridge teachers,"“We will be submitting more original teacher certificates to your office in the coming days for verification until this exercise is complete,” reads the letter.",,,,
OBS_GS_012488,The Observer,2021-01-06,KCCA rues stadium delays hosts Caf tie at Kitende,"Muhoozi said the first phase of the development will be addressing those issues, and she remains optimistic that something will be on the ground by the end of this year.",,,,
OBS_GS_017350,The Observer,2023-01-24,Does Uganda need Standard Gauge Railway now?,"On road, the same load would cost between Kshs 64,000 ($576) and Kshs 85,000 ($765), signaling that a similar scenario is bound to play out in Uganda and the SGR will struggle to get customers; worse still, sweat blood to pay its own operational costs.",,,,
OBS_GS_006255,The Observer,2018-04-30,Striking workers block Kaiso-Tonya road,"Liu Lei, the project manager Shandong, told URN that his office paid Shs 40 million to the sub-contractor, Fred Katumba to clear the workers’ pay and wonders why he didn’t pay them.",,,,
OBS_GS_018348,The Observer,2025-01-15,Four-year delay in Shs 55bn road project sparks outrage,"He dismissed calls for accountability, adding, “I’m not apologetic at all.” DELAYS AND ALLEGATIONS The project, which began in May 2021, was scheduled for completion in May 2022.",,,,
OBS_GS_023886,The Observer,2021-11-29,Govt dismisses reports that Uganda could ‘lose’ Entebbe airport to China,"In a 2018 report, Uganda’s auditor general raised concern that Uganda had agreed to several stringent conditions in the loans and these had not only increased the cost of borrowing but also exposed Uganda’s sovereignty to risk.",,,,
OBS_GS_008300,The Observer,2023-02-08,China’s Belt & Road objectives shifting,Other critics have said that the breakdowns confirm that China moved too aggressively in building projects that were often mismatched for a country’s existing infrastructure or excessively damaged the environment.,,,,
OBS_GS_010253,The Observer,2025-06-18,An effective public transport would shut out complaints over road fines,"Given our procurement bureaucracy and the speed at which we do things, probably the consultant has never been hired or has not gone very far in “reviewing and updating” the detailed designs.",,,,
OBS_GS_023895,The Observer,2017-04-28,Mubende residents sue Buganda prince over land evictions,"The residents claim in the suit that Formasa has forged certificates for land on plots 37, block 61 and plot 27, block 61.",,,,
OBS_GS_016488,The Observer,2021-07-09,Electricity: the story behind power tariffs,The loan could be repaid even when the project is not operational – substantially reducing the risks for the lenders.,,,,
OBS_GS_009421,The Observer,2018-09-03,Ibanda district wants parents punished over school feeding,“By first term next year [2019] all GPE commissioned schools will receive their furniture for seven classrooms and administration blocks.,,,,
OBS_GS_016699,The Observer,2025-08-20,"Uganda’s road crisis: billions in debt, businesses in ruin","Business is really down.” A road stalled by land The 13-kilometre road, launched in September 2024 by Chinese contractor CHICO, was designed as part of a World Bank-funded plan to improve transport links across the Greater Kampala Metropolitan Area.",,,,
OBS_GS_018842,The Observer,2022-03-01,Pre-drilling works commence in Kingfisher Oil Development Area,"The contract was signed on December 29, 2021 worth $23.2 million with works expected to be completed within 20 months.",,,,
OBS_GS_016921,The Observer,2021-05-04,"Kenya, Tanzania presidents sign pipeline deal","And if we look at the trade between Tanzania and Kenya, we know both of them are port countries.",,,,
OBS_GS_016814,The Observer,2021-10-08,Airport expansion: Civil Aviation Authority ordered to recover Shs 2.1bn overpayment,"According to the review, sample items of executed works that were compared with certified quantities in interim payment certificates showed an anomaly in payments made to Seyani.",,,,
OBS_GS_010064,The Observer,2021-03-24,"Total not upfront about Tilenga, oil pipeline projects","Under the Tilenga project, intimidation through the use of court cases exists as well.",,,,
OBS_GS_023715,The Observer,2017-09-06,Traders lose Shs 4.3tn annually in road transportation costs,"COST COMPARISONS Meanwhile, Kyamugambi said Ugandans must desist from comparing costs of the railway line with Kenya and Ethiopia’s.",,,,
OBS_GS_015989,The Observer,2018-07-15,Chemutai wins Uganda’s second silver medal in Finland,"Chemutai recorded a time of 9:18.87 in the 3,000m steeplechase finals at the Ratina stadium on Friday evening.",,,,
OBS_GS_009532,The Observer,2025-01-21,Procurement as a strategic function unlocks its full value,"In between, there were bid invitations, bid assessments, and eventual communication of the winning bids, then contract sign-off.",,,,
OBS_GS_007321,The Observer,2025-03-05,Vandalism pushing up electricity prices,This forced the government to start paying for damages before the power plant could become operational.,,,,
OBS_GS_023150,The Observer,2021-12-08,Uganda’s nuclear power plant plans given nod of approval,"Rukia Nakadama Issanga, the 3rd deputy prime minister who officiated at the closure of review engagement says nuclear power is envisaged as one of the options that will enable Uganda to achieve universal energy access for all by 2030 as spelt out in Sustainable Development Goal (SDG) number 7 on “affordable and clean energy.” Cabinet in April 2015, approved the nuclear power roadmap development strategy 2014–2016 to guide the development of nuclear power infrastructure, the financial and human resources that are required by the government and other stakeholders to develop and commission the first power plant in Uganda.",,,,
OBS_GS_015776,The Observer,2024-09-12,Govt starts camel breeding project in Pader,It is part of a project managed by the National Animal Genetic Resources Centre and Data Bank (NAGRC&DB).,,,,
OBS_GS_007100,The Observer,2019-06-27,Public hearings send mixed signal for Kingfisher project,"If they can fight for mere sand in Lwera, how about the oil?” bakerbatte@observer.ug",,,,
OBS_GS_003565,The Observer,2022-06-30,MPs turn away Lira hospital officials over lack of accountability documents,"The documents required by the committee are the final accounts, audited project accounts including the financial statements, and other relevant documents supporting audit responses.",,,,
OBS_GS_007110,The Observer,2017-04-28,"Your mail: Kawempe General hospital, rein in errant gatekeepers!","I recently witnessed a woman giving birth at the parking yard of Kawempe General hospital, simply because gatekeepers take it upon themselves to delay these expectant mothers at the gate while checking the mothers’ kits to ensure that what is required is carried by the women.",,,,
OBS_GS_008635,The Observer,2025-09-24,Expunging the ghost of innocent Ngobi Ndiko: An appraisal of the Constitutional Court’s decision on ‘no fault’ divorce in Uganda – Part 4,"This, then, is the reverence with which constitutional interpretation and, by extension, constitutional litigation should be treated.",,,,
OBS_GS_015063,The Observer,2018-10-31,Lira district denies receiving Shs 600m Akii-Bua stadium funds,"Commissioner Omara defended himself, saying Lira district local government which did the work, should be held accountable.",,,,
OBS_GS_023872,The Observer,2021-11-29,Govt dismisses reports that Uganda could ‘lose’ Entebbe airport to China,Uganda is not about to default in honoring the loan obligation.,,,,
OBS_GS_006197,The Observer,2023-01-01,Is new Pokhara airport on China’s BRI radar?,“And the third modality is like the Tribhuvan International Airport in Kathmandu.,,,,
OBS_GS_013000,The Observer,2022-01-18,How Amos Nyombi Is Transforming Financial Oversight in Grant-Funded Organizations Through Intelligent Project Finance Systems,This makes the leaders of institutions stronger and their money last longer.,,,,
OBS_GS_005550,The Observer,2024-02-07,Gold tax evasion: MPs release damning report,"The Auditor General’s report, as mentioned in the minority report, states that Shs 14.5 trillion in loans remain unutilized due to various reasons including unreadiness of projects at loan/grant contracting stages, delays in meeting disbursement conditions, poor project management, lack of counterpart funds, and slow land acquisition processes.",,,,
OBS_GS_009796,The Observer,2022-01-26,How Sembuya built Sembule from a small hardware shop,Other early notable financing for expansion was in 1977 when they applied for Shs 5m but got only Shs 2m extended in September 1978 for completion of building at 12 per cent per annum.,,,,
OBS_GS_022687,The Observer,2017-06-07,UETCL blames project delays on long land acquisition process,"INDUSTRIAL PARKS The electricity company is building transmission lines and sub-stations in the four industrial parks of Namanve, Luzira, Mukono and Iganga.",,,,
OBS_GS_013704,The Observer,2024-05-29,How corruption became a billion-dollar industry,"Agaba attributes the current pervasive levels of corruption to this period, particularly between 1989 and 1994, coinciding with the implementation of the structural adjustment programme.",,,,
OBS_GS_003961,The Observer,2024-09-13,Court dismisses application challenging Namboole Stadium land ownership,Records from the Bank of Uganda confirmed that compensation had been paid.,,,,
OBS_GS_003696,The Observer,2020-09-20,"Full speech: Museveni reopens airport, schools for candidates",The answer is a clear: “no”.,,,,
OBS_GS_003240,The Observer,2021-09-21,MPs clear govt to borrow Shs 529bn for construction of 116 schools,The report will now go before the national economy committee which will scrutinize the loan.,,,,
OBS_GS_017308,The Observer,2018-03-07,Parents of Bridge Schools protest against ‘discriminatory’ closure,He also indicated that the management of Bridge Schools was submitting documents for all the schools as a single file yet each school is supposed to meet its own criteria.,,,,
OBS_GS_019261,The Observer,2017-03-17,Mulindwa shares vision and what it takes to erect a stadium,There are few things that we need; let them work on the access roads as you said.,,,,
OBS_GS_020814,The Observer,2024-07-10,"Oulanyah, Otto, MPs implicated in cooperative funds scandal",Shs 11.4 billion had been verified as compensation for the union.,,,,
OBS_GS_012916,The Observer,2017-08-16,"MPs to investigate BOU pens that cost Shs 357, 142 each","The pens, whose eventual cost was summed at Shs 357, 142, were curiously delivered on August 2, 2016, way before the procurement process kicked off.",,,,
OBS_GS_012921,The Observer,2017-08-16,"MPs to investigate BOU pens that cost Shs 357, 142 each","“The tender documentation approved was already taken by events given that the goods being ordered had already been received in the bank and the supplier has submitted an invoice for payment,” Gloria Wakooba, the acting director contracts committee wrote in another letter on September 23, 2017.",,,,
OBS_GS_014747,The Observer,2023-01-20,"Entebbe airport: UCAA apologises for extortion allegations, pledges enhanced supervision","This week, Uganda’s social media spheres have been awash with allegations from travellers who claim that some immigration officers demand bribes before clearing them to take flights.",,,,
OBS_GS_011116,The Observer,2020-06-10,Entebbe airport needs Shs 150bn to reopen,"What passengers should expect While regular flights into and out of Entebbe are expected to resume on June 26, ICAO estimates that ripple effects from Covid-19’s impact on the global aviation industry shall be felt until March 31, 2021 “at the least.” Already some airlines, notably South African Airways have folded as Covid-19 delivered a devastating blow to their already-struggling operations.",,,,
OBS_GS_012664,The Observer,2022-09-06,Kabaale airport to be completed in February 2023,"The second phase will then include an expanded passenger terminal, which will boost tourism and activities that will lead to bigger passenger numbers and the construction of the runway, which is 3.5km long and 45 meters wide.",,,,
OBS_GS_000507,The Observer,2023-08-19,MPs call for urgent reforms at plagued Shs 35bn silkworm project,"“The buildings did not have approved designs or drawings that would qualify them to be factory facilities; and they were constructed using poor quality materials that only qualified them to be temporary structures,” said the lawmakers.",,,,
OBS_GS_014333,The Observer,2025-12-16,ROKO named 2025 Contractor of the Year,"The award was presented by the Uganda National Association of Builders, Suppliers and Engineering Contractors (UNABSEC) during a ceremony at the Imperial Royale Hotel on December 12.",,,,
OBS_GS_008603,The Observer,2025-04-28,‘Shoddy’ Shs 2 trillion Isimba dam could be washed away soon – experts,UEGCL has indicated that CIWE has been inconsistent with its presentation of the condition of the dam.,,,,
OBS_GS_008915,The Observer,2017-05-07,Tumwine defends IGP Kayihura contract extension,Where are those good ones who you have in store who are not doing their work where they are?,,,,
OBS_GS_006076,The Observer,2017-04-10,Education to continue infrastructure growth,"There was also some support to primary teacher recruitment in local governments through procurement of instructional materials (textbooks) for P1 and P2 to primary schools, in an effort to improve the pupil-to-book ratio (PBR) to 5:1.",,,,
OBS_GS_004426,The Observer,2025-01-08,Has court sanctioned mismanagement of Muslim affairs at UMSC?,"With the current court ruling, the perpetrators have been granted a “get out of accountability free” card for all potential transgressions and now they are at liberty to appoint the said MACC even after their tenure!",,,,
OBS_GS_004064,The Observer,2025-03-05,$21m BoU fraud: report reveals shocking details,"Conclusion and implications for Uganda’s financial oversight The auditor general’s findings have exposed significant weaknesses in Uganda’s financial security infrastructure, particularly in digital transaction oversight, encryption security, and internal controls within the ministry of Finance and BoU.",,,,
OBS_GS_005286,The Observer,2023-07-17,Row erupts in Education ministry over bid evaluation,"“We implore you to investigate the matter as soon as possible to protect the integrity of the evaluation committee.” BACKGROUND Early this year, government acquired financing from the OPEC Fund for International Development (OFID) under the Vocational Education (VE) Project Phase II and intends to apply part of the proceeds of this loan to eligible payments under the contracts.",,,,
OBS_GS_022414,The Observer,2023-12-11,Oil pipeline: TotalEnergies forcing communities to accept ‘low’ compensation,"Global Witness said the oil pipeline, for which construction began this year after years of delay, will cut across wildlife habitats, protected areas and indigenous land.",,,,
OBS_GS_009772,The Observer,2025-02-20,Gov’t starts construction of 250-bed cardiac hospital,"During the groundbreaking ceremony, Dr James Magara, the board chairman of UHI said for decades, UHI has been at the forefront of cardiovascular healthcare, offering specialized treatment and conducting research and training health professionals.",,,,
OBS_GS_004058,The Observer,2022-11-29,"ICT ministry, Innovation Village partner to unlock market for innovations","“Together, we will work towards capacity building and development of innovators, and build a virtual factory network at national level to empower ICT innovators and entrepreneurs to scale their businesses, with a focus on the competitive advantages of each of Uganda’s regions, aligned to the National Development Plan (NDP) III,” he said.",,,,
OBS_GS_022141,The Observer,2018-09-04,KCCA pays Shs 30m in player compensation,"This was after Ayiko suffered a string of injuries that season, which kept him out of action for long.",,,,
OBS_GS_010981,The Observer,2021-03-17,What can we learn from mismanagement of Covid-19 funds?,"We know that governments have had to take exceptional measures in terms of scale and speed to respond to the pandemic and, therefore, relying on traditional approaches to accountability will not work.",,,,
OBS_GS_022124,The Observer,2021-08-11,"Malawi Energy minister arrested, fired from cabinet over oil contract","She told a televised press conference the arrests Monday stem from investigations into complaints from the National Oil Company of Malawi, or NOCMA, about interference in awarding of contracts to fuel suppliers.",,,,
OBS_GS_001432,The Observer,2019-05-02,Protestors block Jinja bridge over Bobi Wine,"Bobi Wine was arrested on Monday and remanded to Luzira prison on charges of disobedience of statutory duty when he and his co-accused in July 2018, allegedly held a demonstration to protest against the over-the-top tax (OTT) – commonly known as social media tax.",,,,
OBS_GS_014973,The Observer,2022-08-19,MPs probing into ‘Uganda Airlines corruption’ receive death threats,"The MPs’ probing stems from the Auditor General’s 2020/2021 report that implicated the airline for operating without the recommended staff and salary structures, operating at a loss, and flouting procurement guidelines. inarticle} inarticle}",,,,
OBS_GS_019884,The Observer,2017-06-26,Budget must urgently address growing inequality,"Unlike industry and infrastructure, where Uganda has chosen to allocate most of its money, agriculture employs 55 per cent of the poor and vulnerable.",,,,
OBS_GS_006414,The Observer,2023-04-19,The impact of workers’ compensation insurance on employee morale,Studies have repeatedly shown that employees that feel safe at work are the more productive of the bunch.,,,,
OBS_GS_012762,The Observer,2017-02-27,New cost of Jinja Nile bridge questionable,"To Cosase, just like you did for other project, there is need to find out what’s happening to this project and make recommendations that will benefit Ugandans. egessahd@gmail.com The author is a political scientist and researcher.",,,,
OBS_GS_001918,The Observer,2017-06-30,Mubende gold row: Museveni petitioned over eviction notice,"The ranking, which was done by the Natural Resource Governance Institute, was based on the rule of law, openness of the country in the oil and gas sector, corruption levels and taxation, among other indicators.",,,,
OBS_GS_012420,The Observer,2023-09-20,Atiak sugar factory faces double trouble: Fire hazards and infrastructure delays,"Horyal Investments Holding Company Limited established a 15,000-acre farm in Lamwo district, 5,240 acres of which have been cultivated.",,,,
OBS_GS_015356,The Observer,2024-02-23,East African Court of Justice fixes date for EACOP project appeal,"The court also ordered the activists to file any rejoinders to the counter-arguments to be submitted by the governments of Uganda and Tanzania as well as the EAC secretary general by May 6, 2024.",,,,
OBS_GS_003334,The Observer,2025-01-22,"Audit: billions wasted in expired drugs, gold","The report also emphasized the broader inefficiencies in pension management, with over 10,000 pensioners failing to appear for verification, raising concerns about ghost beneficiaries and record mismanagement.",,,,
OBS_GS_021213,The Observer,2017-03-27,"Here is why govt closed 1,300 illegal schools",Learners at The Bridge PS in Kiwoko town council share the same premises with a secondary school.,,,,
OBS_GS_018342,The Observer,2025-01-15,Four-year delay in Shs 55bn road project sparks outrage,"Multiplex Uganda Limited, the company awarded the contract, is under fire for failing to complete the work nearly four years after the project began, despite an initial timeline of one year.",,,,
OBS_GS_020824,The Observer,2024-07-10,"Oulanyah, Otto, MPs implicated in cooperative funds scandal",The report also implicates several MPs in various compensation claims.,,,,
OBS_GS_006070,The Observer,2017-04-10,Education to continue infrastructure growth,And she is not the only one working to make progress.,,,,
OBS_GS_023427,The Observer,2019-06-06,MPs order Makerere University to pay Shs 1.2bn water bill,They also want the university management to direct the director estates and works to provide individual staff with full information on a monthly basis regarding their water bills.,,,,
OBS_GS_000414,The Observer,2019-01-25,Japan gives Kamwokya Shs 2bn for road maintenance,Japan has over the years supported Uganda’s infrastructure development projects – the most recently being the completed Nile Bridge in Jinja.,,,,
OBS_GS_018573,The Observer,2021-02-10,Govt seeks to train locals along oil pipeline route,"At the end of the project, 100 local MSMEs will also be formalized for the purposes of doing business, and also increase on the number of companies joining the national supplier database of Uganda, especially from the EACOP districts.",,,,
OBS_GS_004105,The Observer,2017-11-06,Janet warns contractors off schoolgirls,She said the construction of new schools that is expected to end in one year will improve the image of government schools that are often labeled as lacking by the media.,,,,
OBS_GS_020929,The Observer,2020-07-27,Ethiopia fuels regional tensions with Nile River mega dam,"“We believe that it is a good thing that a certain amount of water has already started filling, and, especially when we look at the issue from the Egyptians’ perspective, their stance appears to be that they wouldn’t want a drop of water to fill,” Kejela Merdasa , public relations head of the Oromo Liberation Front, told VOA’s Amharic service.",,,,
OBS_GS_012436,The Observer,2023-07-19,LC elections delay may hurt bail applications,"They argue that the decision to extend the elections is against the law and violates both the Constitution and the Local Government Act, which mandate that local government councils and administrative councils should be elected every five years.",,,,
OBS_GS_013732,The Observer,2017-05-01,Water shortage cripples Gulu University work,"“They are worried that some of them might contract urinary infections, due to the state of the toilets.",,,,
OBS_GS_013783,The Observer,2022-07-12,SGR development in Uganda: Why the delay?,"They have, however, failed to generate adequate revenues to sustainably manage the MGR.",,,,
OBS_GS_003282,The Observer,2021-03-13,"AG pins UNRA, ministry of Works on Shs 23.6bn ‘useless’ expenditure","“Delayed completion of works inconveniences surrounding business community and denies the intended beneficiaries timely use of the infrastructure and may result in escalation of project costs in terms of contractors’ claims,” Muwanga writes.",,,,
OBS_GS_003071,The Observer,2024-04-20,"Byarugaba loses NSSF contract case against AG, minister Among",The NSSF board of directors had recommended renewing the contracts of both Byarugaba and his then-deputy Ayota.,,,,
OBS_GS_017296,The Observer,2023-08-14,Former NSSF MD Byarugaba petitions court over contract extension,"Byarugaba says that this, coupled with ignoring the February 2023 report of the parliamentary select committee on the state of affairs at NSSF where he was cleared of any financial impropriety, shows that the decision not to renew his contract was illegal, irrational, unreasonable and procedurally incorrect.",,,,
OBS_GS_001056,The Observer,2020-04-03,Kitgum hospital runs out protective gear for health workers,"The subcommittees in the taskforce are publicity and mobilization, secretariat and resource mobilization, construction, case management, surveillance and boda boda riders.",,,,
OBS_GS_017033,The Observer,2021-04-13,Mabirizi gives govt 21 days to make public oil pipeline agreements,"Whether Mabirizi’s petition will be of any consequence or not is another question, but his suit is a reminder of the many legal battles between the government of Uganda and the oil companies mainly of tax issues, which have partly led to the many delays.",,,,
OBS_GS_016023,The Observer,2025-03-19,"How Umeme, Pinetti will share Govt’s She 1.2 trillion","The biggest beneficiary of these companies is Umeme, the power distribution company whose contract with the government ended last week and was not renewed.",,,,
OBS_GS_001292,The Observer,2021-03-04,Will KCCA’s new infrastructure campaign solve mess in the city?,Whether KCCA will have the capacity to enforce the measure remains to be seen but what is without doubt is that the authority seems to be punching above its weight in its pursuit to transform the city.,,,,
OBS_GS_008578,The Observer,2025-04-28,‘Shoddy’ Shs 2 trillion Isimba dam could be washed away soon – experts,“Another inspection was conducted in 2024 by the contractor.,,,,
OBS_GS_008699,The Observer,2017-02-03,Officials’ roles in oil bonanza unravelled,He was the chief technical adviser to government during the period the arbitration was undertaken.,,,,
OBS_GS_017789,The Observer,2020-01-30,"Museveni ‘direct’ role in Isimba, Karuma dams deals revealed",A direct procurement is a procurement.,,,,
OBS_GS_020491,The Observer,2025-02-20,Mukono mother rejects Shs 4m compensation after son dies in factory accident,She recounted how her son had been determined to complete his education despite financial struggles.,,,,
OBS_GS_022462,The Observer,2017-03-15,Balanced tax policy key to success of Uganda’s infrastructure agenda,"In its bid to meet the country’s infrastructural needs, the government of Uganda has been exploring the use of Public Private Partnerships (PPPs) and an all-inclusive legislation to regulate PPPs was enacted in 2015.",,,,
OBS_GS_020255,The Observer,2022-09-28,How billions vanish in big hospitals,"HOIMA REGIONAL REFERRAL HOSPITAL The AG reported variances between amounts on the approved payroll of the entity and payments to individual employees, leading to an overpayment of Shs 3.1 million contrary to Section B-a (7) of the Uganda Public Standing Orders,2010.",,,,
OBS_GS_018929,The Observer,2018-08-22,"Dear President, stop life presidency project","The country is in a state of insecurity, despair, pitiable public service delivery, corruption that stinks to high heaven, and the vast majority of the population is wallowing in abject poverty.",,,,
OBS_GS_009789,The Observer,2017-05-15,"Tooro elders: soldiers, big shots are grabbing our kingdom land","So, we felt the need to bridge the gap between the political leaders and other players in Tooro.",,,,
OBS_GS_009327,The Observer,2023-05-24,"Delay to pass law hurts fight against tax evasion, avoidance","At this presentation, Uganda made several commitments to ensure that its laws, policies and administrative actions are streamlined with the OECD recommendations in avoiding base erosions and ultimately ensuring that the loopholes resulting from the global mismatch in tax systems is put to an end.",,,,
OBS_GS_023899,The Observer,2023-07-09,Schools using old curriculum textbooks to teach new curriculum,She also asked the minister to give a report on the alleged eviction of learners from the School of the Deaf in Mbale district.,,,,
OBS_GS_020900,The Observer,2023-07-11,The ‘Kitalo Nnyo’ on our roads,"The plan is premised on five key areas: Road Safety Management, Safe Road Infrastructure, Vehicle Safety, Safe Road Use and Post-Crash Response.",,,,
OBS_GS_015929,The Observer,2018-12-03,"UN refugee audit implicates UNHCR, OPM","While the roads construction was selected by UNHCR due to the bidder’s lowest price in the bidding process, the company lacked experience in road construction and resorted to hiring road construction equipment.",,,,
OBS_GS_016946,The Observer,2021-07-19,MPs query hiring of private labs to test travellers at Entebbe airport,"Fred Bamwesigye, the UCAA acting director-general also told MPs that the regulatory body did not receive any additional funds for Covid-19 control measures.",,,,
OBS_GS_001537,The Observer,2025-06-19,Museveni issues another eviction order for balaalo to exit northern Uganda,"Busizoori said the second order allows for a proper audit of herders who claim to have legitimately purchased land, set up fenced sanctuaries with permanent water sources, and maintained access to public water points.",,,,
OBS_GS_004653,The Observer,2022-01-03,Mixed reactions as FUFA orders replay of abandoned Onduparaka-KCCA game,"A statement released by the club management today Monday, says that the decision was fair, inclusive, and considerate of the evidence provided by match officials, the two clubs, and well-wishers in football.",,,,
OBS_GS_004257,The Observer,2018-05-20,Kadaga wants road safety included in national curriculum,"In March 2015, government signed a contract with a Swiss company Societe Generale De Surveillance (SGS) to routinely inspect vehicles, largely to get cars in poor mechanical condition off the roads and reduce accidents.",,,,
OBS_GS_008049,The Observer,2025-12-02,"Uganda, Kenya to align SGR Railway standards","The agreement was signed after engineers, policymakers and officials from both countries met to resolve long-standing technical differences from November 12 to 14, 2025.",,,,
OBS_GS_018921,The Observer,2017-07-26,Kagina blames lobbyists for delaying UNRA projects,The procurement process within the Uganda National Roads Authority (Unra) is facing strong forces of lobbyists pushing for favours for certain contractors to win contracts outside the bidding process.,,,,
OBS_GS_008391,The Observer,2023-12-21,Kotido hospital health workers lay down tools over unpaid salaries,They attribute the situation to the failure of the district to fulfill its payment obligations.,,,,
OBS_GS_006072,The Observer,2017-04-10,Education to continue infrastructure growth,"If approved by the House, the budget will see the rehabilitation of 85 primary schools in deplorable state under Global Partnership Education and continuation with procurement of instructional materials.",,,,
OBS_GS_010245,The Observer,2022-10-31,Former Uganda Airlines CEO acquitted of disobeying IGG summons,"In February 2022, the Works and Transport ministry permanent secretary terminated Muleya’s contract forcing him to file a complaint with Wakiso District Labour Office on April 4 citing unlawful termination of his contract.",,,,
OBS_GS_009084,The Observer,2021-08-30,Unra directors accused of collusion to stall Shs 400bn Muyembe road project,This recently prompted area leadership to voice their frustrations.,,,,
OBS_GS_017201,The Observer,2019-05-24,Parliament approves Shs 900bn for South Sudan compensation,"Others are Kaika investments, Gash Logistics, Uganda Air Cargo Corporation, Sun Air, Bilpam Pharm, Juba Cheap Stores.",,,,
OBS_GS_015936,The Observer,2019-11-13,Shs 24bn Isimba dam money stolen – Kadaga,I have been waiting since March.,,,,
OBS_GS_022421,The Observer,2019-01-09,Lukwago asks police to recall KCCA’s Rusoke,He says that Rusoke is heading the enforcement team without any contract or appointment letter from KCCA.,,,,
OBS_GS_006003,The Observer,2023-01-17,Promoting quality improvement of healthcare services,"Since 2021, MoH, with JICA’s support is implementing a 5-year “Project on Patient Safety Establishment through 5S-CQI-TQM,” aiming at establishment of a safety culture in all target hospitals (16 RRHs, Naguru NRH, and Tororo General Hospital).",,,,
OBS_GS_022128,The Observer,2021-08-11,"Malawi Energy minister arrested, fired from cabinet over oil contract","Political analysts said the arrests, the first of the president’s allies, show Chakwera’s anti-corruption drive is targeting not only members of the former ruling party.",,,,
OBS_GS_006019,The Observer,2025-06-03,To forgive or not to: A letter to President Museveni over my health compensation,The paperwork that I have done plays a crucial role in determining my compensation.,,,,
OBS_GS_003174,The Observer,2017-05-02,Algeria to oversee Uganda’s CCTV camera project,"Police working with other stakeholders including the ministries of Security, ICT, Information and Internal Affairs need Shs 203 billion to purchase the video surveillance cameras and install them in Kampala Metropolitan policing area, municipalities and along major highways.",,,,
OBS_GS_001768,The Observer,2017-06-19,Owana survives UBC sack but has powers reduced,"Chaired by the African Centre for Media Excellence (ACME) boss Dr Peter Mwesige, the committee found that UBC was struggling with a huge debt, operated in breach of laws and its employees were poorly remunerated.",,,,
OBS_GS_007102,The Observer,2019-03-31,Internal audit reveals Shs 5.3 billion fraud in Bidco,"The investigative engagement covered the payment portal master data maintenance, cash and bank payments, the transportation of crude palm oil, palm kernel and raw materials, material movements, confirmations and reconciliations and, the construction and civil works.",,,,
OBS_GS_004337,The Observer,2017-06-06,Magogo’s 2019 project set to face litmus test,"Interestingly, the key subplot for this game involves KCCA’s biggest nemesis SC Villa, who, ironically, will be rooting for a KCCA win.",,,,
OBS_GS_013728,The Observer,2019-04-18,Clerk to parliament denies terminating Obore’s contract,Background The Inspectorate of Government started investigating Obore’s recruitment after receiving information from a whistleblower that he didn’t meet the requirements for the job as advertised by parliament.,,,,
OBS_GS_006408,The Observer,2019-02-06,Whistle-blowers to IGG: Patriotism officials are corrupt,"In their dossier, the whistle-blowers claim that money is budgeted for at the secretariat but never gets paid to the rightful people.",,,,
OBS_GS_007340,The Observer,2021-12-28,Skills development projects: work in progress or false dawn?,He added: “They just do small things on each project and leave them hanging for the next financial year.,,,,
OBS_GS_009241,The Observer,2022-04-12,High court declines to block crude oil pipeline project,"“Of late, such an important jurisdiction as public interest litigation; created and nurtured with great care and caution by the courts is being blatantly abused by filing applications with oblique motives.",,,,
OBS_GS_010922,The Observer,2017-03-13,Troubled Isimba dam will miss 2018 launch deadline,"Payment for these cylinders has been withheld, according to Chauhan.",,,,
OBS_GS_006872,The Observer,2021-11-22,Makerere launches project to decolonize archives,"It is now doubtable if our future generations will benefit from this knowledge unless we archive it,” he said. jmusinguzi@observer.ug",,,,
OBS_GS_013989,The Observer,2021-09-20,Angry PM Nabbanja terminates Shs 1.8bn Kyegegwa road contract,He also said that attempts to have the contractor rectify the defects have been futile.,,,,
OBS_GS_015260,The Observer,2017-02-13,My day in parliament,"Perhaps Oulanyah needs to urge MPs to engage the question of the social contract; otherwise, commercialisation of parliamentary politics is bound to get worse.",,,,
OBS_GS_006502,The Observer,2017-02-03,"UTL, Posta Uganda fight over post office building","That is when matters escalated,” Arinaitwe said, adding: “I found it very difficult [to take] that an officer could propose that a building constructed in the 1950s should now be cut into half to allow UTL to co-share just because the statutory instrument of 1998 didn’t specify ownership.” UTL company secretary David Nambale on Wednesday told the committee that the meetings held to resolve the property dispute hadn’t yielded much.",,,,
OBS_GS_013317,The Observer,2025-09-03,"How Uganda’s judiciary balances power, and the pursuit of fairness","When Simba defaulted, it attempted to block enforcement and send the matter to arbitration.",,,,
OBS_GS_006616,The Observer,2016-12-28,UNBS starts inspecting Umeme power meters,"We don’t have any problem with that as long as they don’t charge or delay with our merchandise,” he said. justuslyatuu08@gmail.com",,,,
OBS_GS_003833,The Observer,2025-03-28,NSSF contractors to share Shs 827bn procurement budget next FY,"However, Tumuramye urged suppliers to stand against corrupt practices and report any unfair dealings.",,,,
OBS_GS_004061,The Observer,2025-03-05,$21m BoU fraud: report reveals shocking details,"This breach of security enabled the fraudulent diversion of government funds, bypassing standard verification measures and exposing serious weaknesses in Uganda’s financial security infrastructure.",,,,
OBS_GS_022869,The Observer,2022-08-10,Muhoozi project runs into trouble,We have spies spying on what we do and report to superiors.,,,,
OBS_GS_021430,The Observer,2025-09-03,Growing through project implementation: lessons of a young engineer,"Of course, the challenges extended far beyond the site perimeter.",,,,
OBS_GS_012837,The Observer,2023-12-20,KCCA scorecard shows gains but lack of funds holding it back,"Like all the other directorates, there is lack of funding to meet the wage bill as well as emerging city structures and the overall institutional infrastructure improvement needs.",,,,
OBS_GS_010453,The Observer,2024-07-17,Lawyers probed over billions for cooperative compensation,Advocates was cited for professional misconduct related to Uganda Cooperative Transport Union Limited and Bugisu Cooperative Society.,,,,
OBS_GS_019639,The Observer,2025-11-19,"Shs 543.8bn project boosts local enterprises, household incomes","Once a small-scale farmer, she now buys, mills, and sells rice an enterprise that sustains her family.",,,,
OBS_GS_006530,The Observer,2022-09-13,Isimba dam: why does Uganda settle for less?,"In the past, the governments cared about the projects they supervised.",,,,
OBS_GS_021245,The Observer,2024-07-31,‘MultiChoice Talent Factory unschooled and reschooled me in sound’,“The biggest challenge we have is lack of collaboration.,,,,
OBS_GS_013922,The Observer,2023-05-30,Has Efris been able to combat VAT fraud?,Invoice trading is basically a VAT fraud scheme engineered by taxable persons who manipulate the value addition chain by creating and issuing fictitious invoices in order to claim more input tax credit in their businesses than has been actually incurred.,,,,
OBS_GS_002588,The Observer,2016-12-30,MPs expose rot in roads authority,"For example, the report said, a Chinese contractor, China International Construction Corporation (CICO) made a claim of Shs 1,840,314,546 purportedly arising out of late approval of an environmental license by the National Environment Management Authority (Nema).",,,,
OBS_GS_006457,The Observer,2024-12-04,Uganda Airlines flight path project to mitigate bird strikes,"Despite the plant’s adherence to waste disposal standards, plastic pollution and poor waste practices persist among residents and visitors.",,,,
OBS_GS_004345,The Observer,2020-06-23,Turkish firm loses interest in $300m Nakaseke beef project,"However, the project implementation was reportedly interrupted by a coup attempt on President Erdogan Tayyip in 2016, according to the Uganda Free Zones Authority.",,,,
OBS_GS_005983,The Observer,2021-06-16,COVID-19: Mbale hospital oxygen plant breaks down,"Just a small disruption, you can get disaster because almost everybody who comes needs oxygen but in the past, we would get so many and few would need oxygen,” Tugaineyo added.",,,,
OBS_GS_000403,The Observer,2022-01-17,AFCON: COVID vaccination mandate is pushing fans away from stadiums,Dinyuy says COVID-19 restrictions imposed by organizers of AFCON make it impossible for her and her peers to get into the stadium to support African football.,,,,
OBS_GS_024073,The Observer,2017-07-28,Uganda needs Shs 5tn for infrastructure – World Bank,"According to the WB report, “after ten years, the concession does not appear to have fulfilled its obligations.”.",,,,
OBS_GS_016044,The Observer,2017-05-08,"Karuma, Isimba dam audits in limbo over lack of funds",The price could even go higher.” Masuba’s explanation followed concerns by Kumi county MP Charles Ilukor over “astronomical” figures for an audit.,,,,
OBS_GS_013292,The Observer,2017-06-30,Kadaga orders probe into SGS contract award,"Kadaga gave the Physical Infrastructure committee one month to examine the SGS contract, as well as look into complaints about the fees levied and management of the inspection exercise.",,,,
OBS_GS_002265,The Observer,2017-01-06,UNEB to delay releasing PLE results,"According to the message, one of the reasons for such an early accomplishment of work was to “enable students get ample time to prepare for the next level” of their education.",,,,
OBS_GS_000721,The Observer,2018-12-04,"Govt, crude oil firms differ on registration of pipeline company","The memo points out that “UNOC will participate in the pipeline company as a minority shareholder (15%), but as the shipper of Government’s share of crude oil which is the majority shipment of the pipeline, UNOC should have an affirmative vote on key decisions of the pipeline company such as budgets and work programs, major capital investments and choice of operator.” It adds: “This would enhance GoU’s national content objectives, among others.",,,,
OBS_GS_016694,The Observer,2021-11-04,Death toll from Nigeria building collapse rises to 22,"But Festus Adebayo, founder of the Housing Development Advocacy Network, who visited the site, said authorities have been careless.",,,,
OBS_GS_017470,The Observer,2024-01-30,High court quashes Shs 680m award in Entebbe airport case,“The respondent equally had a duty to ensure that the agreement is not irregularly altered without necessary approvals of solicitor general.,,,,
OBS_GS_015943,The Observer,2019-11-13,Shs 24bn Isimba dam money stolen – Kadaga,I want the ministry of Energy and Works to explain why the bridge has not been constructed as per the plan.” Waluswaka said.,,,,
OBS_GS_012759,The Observer,2017-02-27,New cost of Jinja Nile bridge questionable,Can Cosase find out (if they don’t know) what the details of the agreement were?,,,,
OBS_GS_010149,The Observer,2019-07-31,New report cites land grabbing in oil palm project,This comes after the High court dismissed cases of encroachment against the oil palm growing company.,,,,
OBS_GS_020626,The Observer,2019-11-27,Your mail: Corruption at Moroto hospital,"In Jinja, the district and municipal leadership were locked in unending and often bitter public spectacles over the management of this project.",,,,
OBS_GS_006602,The Observer,2019-12-06,Casual labourers storm UNRA offices in Kabale over unpaid wages,Twinomuyambi says that they were forced to storm the offices after realizing that promises of their bosses are not yielding positive response.,,,,
OBS_GS_011438,The Observer,2019-03-19,Doctors opposed to Lubowa hospital project,"“We recommend that government reduces the cost of the Lubowa project and allocates funds saved, to these institutions including the private sector (credit),” he said.",,,,
OBS_GS_019058,The Observer,2021-07-07,It’s criminal for hospitals to detain patients over unpaid medical bills,Reports of patients or dead bodies being held by hospitals as security for payment of outstanding medical bills are disheartening.,,,,
OBS_GS_022585,The Observer,2020-06-18,Entebbe hospital health workers decry unpaid COVID-19 allowances,Atwine said the risk allowances had been paid but attributed the delays to the approval processes.,,,,
OBS_GS_000140,The Observer,2021-11-17,Mayanja: Land Bill is back,"However, the ministry is still facing a challenge from landowners who reject the valuation by the Chief Government Valuer, which has resulted in halting essential projects and litigation.” He said section 7 of the Land Acquisition Act Cap 226 provides for the acquisition of land according to the provisions of that Act.",,,,
OBS_GS_017172,The Observer,2024-04-10,Building an independent identity separate from your job,"Nevertheless, remember to honour your commitment to your current employer, as outlined in your contract.",,,,
OBS_GS_010976,The Observer,2021-03-17,What can we learn from mismanagement of Covid-19 funds?,Another Shs 10.574 billion was diverted.,,,,
OBS_GS_018350,The Observer,2025-01-15,Four-year delay in Shs 55bn road project sparks outrage,Allegations of improper contract awarding have also surfaced.,,,,
OBS_GS_003635,The Observer,2023-07-02,The Polish church built entirely by women in Masindi,"Gazetted by the Ugandan government six years ago as a heritage site called Nyabyeya Heritage Site, visitors are frequently amazed to learn that the area was once home to a community of Poles.",,,,
OBS_GS_002167,The Observer,2018-11-09,"Makerere could scrap schools, deans","Citing the School of Law, which he said does not have deans but has delivered their core mandate of teaching and research, Dr Mayambala advocated for implementation of the same approach in the rest of the schools.",,,,
OBS_GS_007156,The Observer,2022-11-16,Uganda Airlines probe: Bad deals listed in 33 pages,Management responded that this was highlighted during the investigation that was conducted by State House and the procurement officers involved had their contracts terminated in February 2022.,,,,
OBS_GS_011347,The Observer,2021-07-19,"Why KCCA sweepers dump waste, soil in drainage channels","Another labourer, who only introduced herself as Namatovu, said that KCCA has not provided them with enough equipment to facilitate their work.",,,,
OBS_GS_013868,The Observer,2023-09-14,Germany opposed to Uganda’s nuclear power plans,Schauer joins a number of local and international experts who have advised Uganda against plans to put up a 2000MW nuclear plant.,,,,
OBS_GS_014665,The Observer,2020-03-11,Tumukunde bid: 10 MPs on ISO watch list,Babihuga who currently works with the United Nation Mission in South Sudan (UNMISS) is not new to opposition politics.,,,,
OBS_GS_018969,The Observer,2023-02-28,Solar-powered water irrigation sites to enhance rural farming,"There will be knowledge transfer with the targeted farmers gaining agronomy skills on various high-value crops like passion fruits, tomatoes, apples, watermelon, rosemary bush, macadamia through services of an agronomist on the project including information on access to markets, competitive pricing and farm management skills.",,,,
OBS_GS_014173,The Observer,2025-04-28,How Kabale district officials plotted to loot billions in project funds,"Nyakahuma said he had instructed Asiimwe to submit a report detailing the funds spent on preparing designs for the fictitious Rukurura Gravity Flow Scheme, but by the time of reporting, Asiimwe had not yet provided the report.",,,,
OBS_GS_002027,The Observer,2020-12-14,Entebbe hospital welcomes installation of oxygen plant as COVID cases surge,Floor works will include setting up a rump at the filling station for easy transportation of refilled cylinder from the plant.,,,,
OBS_GS_015711,The Observer,2020-09-17,Compensation disparity riles Kenyan victims of 1998 US Embassy bombings,"“It basically sets a value of human lives, both American and Kenyan… when basically, if it was not for Foreign Service Nationals doing the work, then these embassies or consulates would not stand.",,,,
OBS_GS_009044,The Observer,2025-06-18,"What Shs 72.3 trillion budget means for your school, hospital and wallet","These arrears, often owed to private contractors, suppliers, and service providers, have been a significant drag on private sector liquidity and trust in government procurement.",,,,
OBS_GS_007696,The Observer,2018-09-28,New Nile bridge passes static road test,Pario adds that the bridge is uniquely constructed and will beautify the skyline of Jinja.,,,,
OBS_GS_021727,The Observer,2022-02-01,Ministry of Justice flouted procurement laws in awarding Shs 256bn contract – report,"In this case, the evaluation committee is accused of blindsiding some of the bidders.",,,,
OBS_GS_022660,The Observer,2022-08-16,Works split as Museveni brothers order appointment of Kabatsi as URC board chair,The report further recommended prosecution and stern action against those involved but little effort has been done on the implicated officials.,,,,
OBS_GS_021721,The Observer,2022-02-01,Ministry of Justice flouted procurement laws in awarding Shs 256bn contract – report,"The companies are; The initial stage eliminated three companies; Zhongjiao Third Highway, China Civil Engineering and Zongyang Construction.",,,,
OBS_GS_000470,The Observer,2017-11-08,Uganda to pilot e-procurement July next year,"“Government is at an advanced stage of acquiring an e-government procurement system, which is to be implemented starting July 2018,” he said.",,,,
OBS_GS_006903,The Observer,2016-12-14,Solar interest grows as Soroti project takes off,Some homes whose owners can afford the units are also well lit.,,,,
OBS_GS_007939,The Observer,2024-12-04,Stalled World Bank project puts contractor on the spot,Copies of letters from the ministry requesting for evidence of utilisation of advance payment from the contractor are also available but no satisfactory response was issued by the contractor.,,,,
OBS_GS_000483,The Observer,2017-11-08,Uganda to pilot e-procurement July next year,"“The problems inherent in the paper-based procurement system include inadequate information management, inefficient procedures and high costs of compliance costs for the suppliers.",,,,
OBS_GS_006743,The Observer,2024-11-15,"Experts push contract farming to boost Africa food systems, farmers’ income","Buyers, meanwhile, can face high transaction costs from contracting with many farmers.",,,,
OBS_GS_005013,The Observer,2021-07-12,School owners in Bukomansimbi cry out for govt relief cash,He explains that many school proprietors have unpaid loans obtained way back before the first lockdown was declared in March last year.,,,,
OBS_GS_007082,The Observer,2019-06-27,Public hearings send mixed signal for Kingfisher project,"She added that for the last one month, they have been having a national content drive training people in the oil districts of Buliisa, Nwoya and Hoima on how to benefit from national content.",,,,
OBS_GS_009988,The Observer,2025-09-10,Does Kampala need an engineer or lawyer? Here’s my perspective as a contractor,"So, we have seen local council leaders with little formal education still transform their communities because the structures supported service delivery.",,,,
OBS_GS_013149,The Observer,2025-11-12,How bungled Shs 86bn project caused sacking of Eswatini consul to Uganda,“But it fell apart over payment guarantees.,,,,
OBS_GS_000753,The Observer,2021-10-16,Digital fraud: Former MTN manager loses appeal against Shs 5bn fine,"Prosecution also alleged that the accused persons created pseudo persons on the system who transacted as “ghosts” and drained money from the adjustment account for discrepancy through the dispute account to 17 subscribers and accomplices such as Nabugwawo and Ssentongo’s wife, Saudah Nakimbugwe who was an agent of MTN.",,,,
OBS_GS_016301,The Observer,2020-07-15,How URA is closing in on Value Added Tax fraudsters in Uganda,"In order to halt this vice, URA developed the Electronic Fiscal Receipting and Invoicing Solutions (EFRIS) project, which entails the e-invoicing and e-receipting system.",,,,
OBS_GS_018979,The Observer,2021-05-11,"Ssemujju Nganda is fitting speaker, but Kadaga works well in that mess",But is it possible to imagine this phase — of independent mindedness bordering on rebelliousness — among NRM’s legislators with Museveni as their party chairman and president?,,,,
OBS_GS_004421,The Observer,2025-01-08,Has court sanctioned mismanagement of Muslim affairs at UMSC?,"MACC being an organ meant to be appointed by the above two organs constituted by members of the General Assembly which is the supreme body of the UMSC, it cannot have jurisdiction to arbitrate or adjudicate over matters constituting mismanagement or misconduct committed by the General Assembly which is the supreme organ unless when such jurisdiction is expressly provided for, which is not the case.",,,,
OBS_GS_001438,The Observer,2019-05-02,Protestors block Jinja bridge over Bobi Wine,Enough is enough.” said Mufumbiro.,,,,
OBS_GS_007279,The Observer,2024-01-17,MPs panic over Akii-Bua stadium,This issue holds broader implications for resource allocation and regional development dynamics in Uganda. inarticle} inarticle},,,,
OBS_GS_004047,The Observer,2024-12-23,"Janet’s monitoring unit uncovers over 43,000 ‘ghost’ pupils in Ntungamo","Given that the government allocates Shs 20,000 for each primary school pupil, this discrepancy could have led to an overpayment of approximately Shs 860 million in capitation grants to the district over the years yet similar funds if placed into use could make a difference.",,,,
OBS_GS_021663,The Observer,2022-02-21,Works minister admits blunders in Entebbe Airport expansion contract,Several irregularities have been cited in the award of the contract to China Communications Construction Company (CCCC) worth $200 million (about Shs 703 billion).,,,,
OBS_GS_012865,The Observer,2017-10-05,Fresh row at MISR: Prof Mamdani accused of mismanagement,This excludes a student whose scholarship was cancelled before he reported in 2013 on medical grounds.,,,,
OBS_GS_007859,The Observer,2022-05-10,How we arrived at the Muhoozi Project,Muhoozi’s ability to successfully invite President Paul Kagame of Rwanda to a mere birthday dinner must have now created an enduring impression on the father.,,,,
OBS_GS_012321,The Observer,2023-01-23,Speke Courts hotel cordoned off as crime scene after building collapse,"NBRB spokesperson, Herbert Zziwa says that the developer disregarded the technical committee’s recommendations and instead resolved to sanction fresh construction works at the exact area where the former building collapsed.",,,,
OBS_GS_008358,The Observer,2019-08-01,Gov’t sides with Finasi over ROKO in Lubowa hospital saga,"Actually, as I told the committee, the information I have is, implementation is ahead of schedule.",,,,
OBS_GS_009028,The Observer,2025-06-18,"What Shs 72.3 trillion budget means for your school, hospital and wallet","With Shs 5.04 trillion earmarked for education, the government is doubling down on access, quality and infrastructure.",,,,
OBS_GS_013141,The Observer,2025-11-12,How bungled Shs 86bn project caused sacking of Eswatini consul to Uganda,"Plinth then sought redress in Ugandan courts, successfully obtaining an order to block a Shs 21.2bn payment to Inyatsi and demanding the company secure Shs 5bn in costs.",,,,
OBS_GS_023991,The Observer,2017-10-12,Residents demand Shs 2bn compensation over Kaiso-Tonya rd,"During the rock blasting, stones could explode and this caused destruction of properties, crops and even animals.",,,,
OBS_GS_020239,The Observer,2017-08-19,Power surge: How to secure compensation from Umeme,"And if a person is dissatisfied with the decision of ERA, the complainant may proceed and file an appeal at the Electricity Disputes Tribunal (EDT) or the Courts of Law.",,,,
OBS_GS_006601,The Observer,2019-12-06,Casual labourers storm UNRA offices in Kabale over unpaid wages,Erifazi Twinomuyambi says that he was last paid in May and is demanding Shs 1.35 million.,,,,
OBS_GS_011011,The Observer,2021-03-17,What can we learn from mismanagement of Covid-19 funds?,"Deaths that could have been mitigated through the provision of the basics: ICU beds, ventilators, health workers, ambulances, personal protective equipment for health workers who have been striking for non-payment of allowances!",,,,
OBS_GS_005567,The Observer,2017-03-13,Oil cash probe: Govt paid international lawyers twice,"Lawrence Ssemakula, the accountant general, in a breakdown of supplementary budgets, revealed to the committee that in June 2014, the ministry of finance released Shs 2.5 billion to URA to replenish funds from the tax refund budget paid to Curtis as legal fees for defending government in the arbitration case.",,,,
OBS_GS_016454,The Observer,2018-09-15,Egypt trains UEGCL staff in contract management,They received certificates.,,,,
OBS_GS_011018,The Observer,2023-05-16,Food prices increase by 50% due to Masaka road closure,"The main linkup road of Masaka road was closed was a result of the rising water levels of R.Katonga, which led to flooding and the destruction of the bridge.",,,,
OBS_GS_023873,The Observer,2021-11-29,Govt dismisses reports that Uganda could ‘lose’ Entebbe airport to China,"We are still within a grace period of seven years and during that period we have been paying interest,” said Luggya.",,,,
OBS_GS_021315,The Observer,2024-09-04,"Eutaw seeks $30 million, recounts intrigue that led to Katosi scandal","Ironically, the new contract had an ₹84bn surplus in spite of the fact Eutaw had already done 16.5% of the work.",,,,
OBS_GS_009703,The Observer,2019-08-07,"Probe Moroto hospital, Col. Nakalema told","“There is a very big coordinated racket to remove; they hijack letters in offices, threaten people with death and claim to work in the president’s office and hence are untouchable,” the whistle-blower claims and calls for an immediate investigation and forensic audit at the hospital.",,,,
OBS_GS_006844,The Observer,2023-03-10,Chaos as councillors block KCCA boss from leaving City Hall over road contracts,"The other identified himself as Wang from China Communications Construction Company, Ltd (CCCC) which is reconstructing Muyenga road, Masiro road, Sentema 1 and 2, Nsambya road and others.",,,,
OBS_GS_011557,The Observer,2017-09-19,MPs condemn heavy deployment at parliament,"Theodore Ssekikubo, the Lwemiyaga MP stated that police has failed to protect Ugandans from various forms of insecurities but instead works much towards stopping a just cause.",,,,
OBS_GS_011735,The Observer,2021-03-10,MPs querry Makerere over submitting inflated staff payroll to World Bank,Further scrutiny of the project accounts by Mafabi established that the project managers had even inflated the payroll.,,,,
OBS_GS_002637,The Observer,2021-03-31,Management fight rocks SGS vehicle inspection project,"In a new proposal signed with government in April 2020, SGS significantly revised the inspection fees as demanded by parliament and committed to improve further the inspection centres and streamline operations.",,,,
