source,url,title,publication_date,text
The Observer,https://observer.ug/news/police-recover-gun-used-in-soroti-mobile-money-agent-murder/,Police recover gun used in Soroti mobile money agent murder,2026-04-12,"The Observer East Kyoga regional police have recovered an AK-47 rifle believed to have been used in the murder of Patricia Kokunda, a mobile money agent who was killed in Soroti last week. Kokunda was shot dead on April 3, 2026, at approximately 4:40 a.m. while boarding a commuter taxi at Teso Coach Park along Station road in Soroti city. She was travelling to Ocorimogin cattle market in Katakwi district, where she operated a weekly mobile money business. According to police, armed assailants attacked her at the park, robbing her of cash before fatally shooting her. In a statement, police confirmed the arrest of five suspects in connection with the crime: Alex Okello, Felix Onego, Simon Epeu, also known as Iboda, Elacu Alfred, believed to be the gunman, and another suspect who was found in possession of the recovered firearm in Karamoja. Authorities have withheld the identity of the latter as investigations continue. Security operations that followed the killing led to the arrest of Epeu in Anyara, where officers recovered Shs 7 million suspected to be part of the stolen money. Kokunda’s smartphone was later discovered abandoned in a bush in Kichinjani Ward, Soroti City. East Kyoga regional police commander Ibrahim Saiga confirmed the recovery of the weapon, noting that investigations are ongoing to establish how it came into the suspects’ possession. “We have recovered the suspected murder weapon and are continuing with inquiries into its origin,” Saiga said. He added that all five suspects remain in custody and are providing information critical to the investigation. “We have intensified operations in this case and will ensure that everyone involved in the aggravated robbery and murder is brought to justice,” he said. Footage of the shooting of the mobile money agent in Soroti City. pic.twitter.com/VanqvJlYmq Your email address will not be published. Required fields are marked * Comment * Name * Email * Website Save my name, email, and website in this browser for the next time I comment. Δ Sign up and get daily updates right to your inbox. Link Copy link"
The Observer,https://observer.ug/news/court-jails-ex-minister-nandutu-for-four-years-over-iron-sheets-theft/,Court jails ex-minister Nandutu for four years over iron sheets theft,2026-04-12,"The Observer The Anti-Corruption court has sentenced Agnes Nandutu, former state minister for Karamoja Affairs and outgoing Bududa Woman MP, to four years in prison. The sentence, delivered by justice Jane Okuo Kajuga, marks a significant development in government efforts to crack down on the diversion of relief materials meant for vulnerable communities in the Karamoja sub-region. In addition to the custodial sentence, the court barred Nandutu from holding public office for 10 years, effectively halting her political career. In her ruling, Justice Kajuga emphasised that Nandutu held positions of “impeccable trust” in both the executive and the legislature, and that her actions amounted to a betrayal of that trust. The case centred on 2,000 iron sheets, part of a larger consignment intended to support reformed Karachuna and elderly persons in Karamoja. The court noted that out of 10,000 iron sheets under the programme, only 1,000 reached the intended beneficiaries. “These are offices held in trust for the good of the people and the country,” Kajuga said. “The project was aimed at supporting disarmament and restoring peace.” The court applied the Constitution (Sentencing Guidelines) Practice Directions of 2013, weighing aggravating and mitigating factors. Among the aggravating factors, the court found that Nandutu used her position for personal gain and that the offence involved essential goods meant for a vulnerable community. It also held that, as a minister, she had a duty of the highest order to ensure proper implementation of public policy. Kajuga ruled that these factors outweighed the mitigation presented by the defence, which had urged leniency on grounds that Nandutu is a first-time offender, a single mother of seven and the sole breadwinner for her ailing 80-year-old mother. The court also considered her public apology to the President, the people of Karamoja and the country, as well as her return of the iron sheets and payment for those that were missing. However, while acknowledging her health condition and family responsibilities, the judge noted that the defence had not provided updated medical evidence to prove she was unfit for imprisonment. Kajuga also declined to impose a fine in lieu of a custodial sentence. Under Section 21(1) of the Anti-Corruption Act, the maximum fine is 160 currency points, equivalent to Shs 3.2 million. She described the amount as “paltry” and “inadequate” for an offence of such magnitude. “The sentence must be proportionate to the crime committed. A fine of Shs 3.2 million is too low and does not reflect the seriousness of the offence,” Kajuga said, adding that the legislature may need to review the prescribed penalties. Your email address will not be published. Required fields are marked * Comment * Name * Email * Website Save my name, email, and website in this browser for the next time I comment. Δ Sign up and get daily updates right to your inbox. Link Copy link"
The Observer,https://observer.ug/news/food-prices-rise-in-nebbi-after-vendor-evictions/,Food prices rise in Nebbi after vendor evictions,2026-04-10,"The Observer Food prices in Nebbi town have risen following the eviction of street vendors by municipal authorities. The vendors had been operating in kiosks and makeshift structures within the town. The move has left many vendors struggling to make ends meet, while consumers, particularly low-income earners, say they are feeling the impact as affordable food options disappear. Some vendors have reportedly turned to farming after being pushed out of town following the enforcement of the trade order. Residents say the eviction has affected food accessibility and affordability, forcing many to move longer distances in search of cheaper meals. Jeremy Akenda, a resident of Nebbi town, said accessing affordable food has become difficult since the eviction. “The established places where we used to eat local food at Shs 3,000 have raised the price to Shs 5,000, and it is likely to go higher because the local eating joints are no longer in town,” Akenda said. Alice Giramiah, a food vendor along Arua Road in Nebbi municipality, said the eviction of kiosks in the town business centre has affected her business, noting that most of her customers were kiosk operators. She added that despite rising prices elsewhere, she has not increased her charges due to reduced customer turnout. “Before the eviction, I used to sell 5kg of meat daily, but after the eviction, I hardly sell 2kg because most of my customers are no longer available. Paying rent may become a problem in the coming months if things do not change,” Giramiah said. She noted that the impact of the evictions has been widespread, with some vendors reporting losses while others are still struggling to adapt to new trading spaces. Another vendor, Evelyn Acen, said prices have increased significantly since the eviction. She explained that before the enforcement, a plate of meat or fish cost Shs 5,000 while beans or greens went for Shs 2,000. These have since risen to Shs 7,000 and Shs 3,000 respectively. Although authorities say the eviction is part of efforts to restore order and improve sanitation, vendors argue they play a vital role in providing affordable meals and are appealing for alternative spaces to operate. The eviction of kiosks and makeshift structures in the central business district is intended to pave way for infrastructure development, including the installation of streetlights, walkways and drainage systems along the 33-kilometre Alwi–Nebbi town road currently under construction by China Railway 18 Bureau Group. Your email address will not be published. Required fields are marked * Comment * Name * Email * Website Save my name, email, and website in this browser for the next time I comment. Δ Sign up and get daily updates right to your inbox. Link Copy link"
The Observer,https://observer.ug/news/nandutu-apologises-to-museveni-over-iron-sheets-theft-pleads-for-non-custodial-sentence/,"Nandutu apologises to Museveni over iron sheet theft, pleads for non-custodial sentence",2026-04-10,"The Observer Former state minister for Karamoja Affairs Agnes Nandutu has pleaded with the Anti-Corruption court for a non-custodial sentence, citing failing health and her responsibilities as a single mother. The court had scheduled to deliver its final verdict at 3:00 pm today following her conviction for diversion of iron sheets intended for vulnerable communities in Karamoja. The prosecution team of state attorneys pushed for a deterrent sentence, arguing that Nandutu’s actions constituted a clear abuse of office and breach of public trust. Senior state attorney Innocent Aleto asked the court to impose a custodial sentence of five years’ imprisonment, disqualification from holding public office for 10 years, and a fine of Shs 3.2 million, equivalent to the maximum 160 currency points prescribed in law. The state argued that although Nandutu is a first-time offender, the “premeditated and sophisticated” nature of the offence — including moving the iron sheets to a private farm for nine months — negated any claim of mistake. “This was not an impulsive act, but a carefully orchestrated course of conduct designed to evade scrutiny,” the prosecution submitted. Taking the stand before the afternoon recess, an emotional Nandutu apologised to the President, the people of Karamoja and the country. “I am apologetic. Whatever happened, I’m sorry. I was misled,” Nandutu told court. “I willingly returned the iron sheets after finding out they were intended for Karamoja, and I paid for those that were missing in cash.” Nandutu’s defence centred on her personal and medical challenges. She told court she suffers from blood clots in her lungs, a condition she said causes her to collapse unexpectedly. She also described herself as the sole breadwinner for her seven children and an 80-year-old mother battling cancer. “I am the only child remaining now. My father died during the stress of this case,” she said, asking the court for a non-custodial sentence to enable her continue supporting her family. While the prosecution sought a restitution order, the defence argued that Nandutu had already compensated government for any deficit. Counsel submitted that even the iron sheets allegedly lost in transit while under police custody were paid for by the convict, as reflected in defence exhibits. They argued that since government had been made whole through recoveries and compensation, a prison sentence would be unnecessarily punitive. Justice Jane Okuo Kajuga said she would deliver her ruling after analysing submissions from the prosecution, defence and the convict. 2 Comments In order to save the faces of the big shots: VP Alupo; the Prime Minister, Robina Nabanja; Min State Finance, Lugolobi and Minister of Finance, Hon Matiya (Mateo) Byabasaija; etc., who were equally found pants down with the Kajong Iron shits in their compound, they had to throw a few Iron shits in the direction of naïve and unsuspecting Nandutu and nail her. In other words, now Dishonourable Nandutu was literally sacrificed on the Alter of Corruption (a perfect scapegoat). And her apology to our PROBLEM OF AFRICA is inconsequential her future has been irreversibly ruined. In any case, in the African PR, a child who likes sitting near elders is blamed for any elder’s loose fart stench and rudely chase away from the vicinity. Else Nandutu deserve it because, she was also full of kajanjja especially after gaining her notoriety from acting out as the NTV Speaker of the People’s Parliament. Who knows, if her fall from grace was not set up by the undoing from the intolerant and rabid current Speaker of Parliament; who e.g. tried to deface and humiliate Hon Norbert Mao at the Opening Session of the ongoing NRM Retreat in Kyankwanzi? Otherwise, wasn’t Hon Anita Among and others above, equally culpable over the Karamoja Iron shit? And like a Super Star, a too soon as a first timer MP, who was immediately appointed Minister of State for Karamoja; how can’t we also rule out Nuggu for her becoming an undeserving social climber? Well, Nandutu presented the exhibit to law -enforcement by returning the iron sheets. Let her serve her sentence since she was the custodian of the poor karamojongs’ iron sheets. Your email address will not be published. Required fields are marked * Comment * Name * Email * Website Save my name, email, and website in this browser for the next time I comment. Δ Sign up and get daily updates right to your inbox. Link Copy link"
The Observer,https://observer.ug/news/mubende-goats-introduced-in-zombo/,Mubende goats introduced in Zombo,2026-04-09,"The Observer Fifteen farmers’ groups in Zombo district have received improved male Mubende goats to support crossbreeding and enhance livestock productivity. The goats were delivered by officials from the National Agricultural Research Organisation (NARO), who also supplied Super Napier grass cuttings and Mulato II (Brachiaria spp.) for establishment at a demonstration garden in Uwope Cell, Abira East Ward, Zombo town council. The team was led by John Etin, a research officer in charge of planning. Under the initiative, NARO trained the initial 15 beneficiaries under the Zombo Town Council Goat Farmers’ Group to pilot the project. Etin said similar interventions are being implemented in Nebbi, Pakwach, Madi-Okollo and Yumbe districts. He added that NARO plans to conduct demonstrations and adaptive trials across all parishes in West Nile. He explained that the Mubende goat genotype is being promoted due to its adaptability and desirable production traits. “NARO is promoting the Mubende goat breed because it is scientifically proven to be adaptable to conditions in West Nile and has unique traits compared to other goat genotypes. This is an opportunity for a community breeding programme where NARO builds the capacity of farmers who will receive this support,” Etin said. Dr Jimmy Pithua, a Zombo district official supervising the beneficiaries’ scheme, said the district will monitor the animals and provide technical guidance to ensure successful multiplication of the breed. “As a matter of fact, we received the bucks that were pledged in December 2025. I appeal to the farmers who received them to unite,” Pithua said. Farmers in Zombo district have traditionally reared local goat breeds using indigenous knowledge, often earning low returns. Officials say the intervention is expected to improve productivity, promote commercial goat farming and increase incomes from small landholdings. Denis Onega, a farmer from Ubimo Cell in Abira West Ward, Zombo town council, urged government to increase the number of Mubende bucks so that more farmers can benefit. The appeal was echoed by Michael Cwothembo, a resident of Awanya Cell in the same ward. Zombo district production officer Dr Walter Kumakech and agricultural officer Patrick Aneniu encouraged neighbouring farmers to take advantage of the improved breed to upgrade local goats through crossbreeding. Your email address will not be published. Required fields are marked * Comment * Name * Email * Website Save my name, email, and website in this browser for the next time I comment. Δ Sign up and get daily updates right to your inbox. Link Copy link"
The Observer,https://observer.ug/business/africa-pushes-for-new-global-financial-order-as-aid-models-face-scrutiny/,Africa pushes for new global financial order as aid models face scrutiny,2026-04-10,"The Observer African policymakers, scholars, and development experts are intensifying calls for sweeping reforms to the global financial system and international aid architecture, arguing that current models are outdated, inequitable, and increasingly misaligned with the continent’s development ambitions. The discussions, reflected in key 2026 policy forums and academic panels, highlight growing dissatisfaction with institutions established under the 1944 Bretton Woods framework. Originally designed by industrialised powers, these institutions—including the International Monetary Fund (IMF) and the World Bank are now being criticised for failing to adequately serve the interests of emerging economies, particularly in Africa. Despite holding vast natural resources critical to the global energy transition and maintaining one of the fastest-growing populations in the world, African countries continue to face disproportionately high borrowing costs and limited influence in global financial decision-making. Analysts argue that this imbalance has left governments across the continent grappling with difficult choices between servicing external debt and funding essential public services such as healthcare and infrastructure. The debate has gained urgency amid shifting geopolitical dynamics and what experts describe as a gradual erosion of the post-World War II rules-based order. Increasingly, global powers are seen to be adopting transactional approaches to international engagement, a trend that is reshaping both financial cooperation and peacebuilding efforts across Africa. Nowhere is this tension more evident than in the Democratic Republic of Congo, where a fragile, dual-track peace process has raised complex questions about sovereignty and external influence. Agreements brokered under significant military and political pressure have tied security arrangements to access to mineral resources, sparking concerns about long-term national autonomy and the sustainability of such deals. Observers warn that while these arrangements may provide short-term stability, they risk entrenching dependency and undermining domestic legitimacy if not carefully managed. The situation has become emblematic of broader challenges facing African states navigating a global system where traditional safeguards are weakening. At the same time, the international aid landscape is undergoing its own transformation. Significant funding cuts and the abrupt termination of major development programmes in 2025 have exposed vulnerabilities in sectors such as health and education, prompting renewed calls to rethink the model of official development assistance. Experts are increasingly advocating for a shift from donor-recipient dynamics toward partnership-based frameworks that emphasise shared value, local ownership, and sustainability. This includes leveraging both public and private financing, as well as strengthening collaboration between international institutions and domestic actors. Another critical dimension of the ongoing discourse is the role of youth in shaping Africa’s policy future. With more than 60 per cent of the continent’s population under the age of 25, there is growing pressure to bridge the gap between youthful demographics and traditionally older political leadership structures. Policy forums are now exploring mechanisms to enhance youth participation beyond symbolic engagement, including institutional reforms, leadership training, and the use of digital platforms to amplify young voices in governance processes. As these conversations gain momentum, a central theme is emerging: Africa is no longer content to operate within systems designed without its full participation. Instead, leaders and thinkers are increasingly pushing for a reimagined global order—one that reflects current realities, prioritises fairness, and enables the continent to fully harness its economic and demographic potential. The outcome of these debates could have far-reaching implications, not only for Africa’s development trajectory but also for the future of global cooperation in an era marked by uncertainty and transformation. atiluknathan@gmail.com Your email address will not be published. Required fields are marked * Comment * Name * Email * Website Save my name, email, and website in this browser for the next time I comment. Δ Sign up and get daily updates right to your inbox. Link Copy link"
The Observer,https://observer.ug/business/euro-gold-to-refine-gold-for-bank-of-uganda/,Euro Gold to refine gold for Bank of Uganda,2026-04-09,"The Observer The Bank of Uganda (BoU) has signed a contract with Euro Gold Refinery to commence supply of refined gold under the Domestic Gold Purchase Programme, a move aimed at strengthening the country’s reserves and promoting value addition. The development follows the central bank’s decision to directly purchase gold for treasury purposes as part of efforts to diversify reserve assets and reduce reliance on foreign currencies. According to Benard Feni, director of Euro Gold Refinery, the contract was awarded following a competitive bidding process open to eligible refineries. “The central bank made an open call for bids, and Euro Gold has won the contract. We were competing with different international companies and emerged as the best bidders. We have already signed and received confirmation,” Feni said. BoU launched the Domestic Gold Purchase Programme targeting the acquisition of between seven and 10 tonnes of locally mined gold annually. The initiative is intended to strengthen foreign exchange reserves, curb gold smuggling and support artisanal and small-scale miners. As part of the rollout, the central bank plans to purchase at least 100 kilogrammes of gold between March and June 2026, valued at about $160 million (Shs 592 billion). “If all goes as planned, we should be able to purchase at least 100 kilogrammes of gold between March and June 2026,” said Adam Mugume, BoU executive director for research and economic analysis. Feni described the contract as a major milestone for the refinery and a boost for local participation in the gold value chain. “We are very happy. This is a big milestone for us as a local company to be selected to refine gold for the central bank. It demonstrates that Ugandans can compete and deliver at both national and international levels,” he said. He added that the refinery aims to position Uganda as a regional gold hub. “By 2030, we want Uganda to be known as a gold hub, not just exporting raw materials, but producing high-quality, 24-karat bullion for the global market,” Feni said. Uganda exported gold worth $5.8 billion (Shs 21.1 trillion) last year, although the sector remains largely dominated by artisanal and small-scale miners. To strengthen the value chain, Euro Gold Refinery has partnered with local mining communities. Feni said the company has signed a memorandum of understanding with Mubende miners, benefiting more than 3,000 artisanal miners by enabling them to upgrade gold to internationally acceptable standards. The refinery has also supported Kakoka artisanal miners in Abim to obtain a mining licence and signed agreements to supply gold. The company recently secured a mining licence in Yumbe district and is expanding to other mining areas, including Kaabong. Feni said the refinery’s operations have created employment opportunities, with more than 70 per cent of its workforce comprising Ugandans trained to meet international standards. “We are helping miners move from raw gold to refined products so they can fetch better prices on the international market,” he said. Under the arrangement with the central bank, gold will be sourced from artisanal miners, small-scale miners and licensed dealers across the country. “We shall receive, process, refine and certify the gold in line with international standards. This contract is a sign of trust in our ability to deliver quality,” Feni said. Euro Gold Refinery (U) SMC Ltd, Uganda’s first fully locally owned gold refinery, was launched in Kampala in July 2025 by the minister of Energy and Mineral Development, Ruth Nankabirwa. Your email address will not be published. Required fields are marked * Comment * Name * Email * Website Save my name, email, and website in this browser for the next time I comment. Δ Sign up and get daily updates right to your inbox. Link Copy link"
The Observer,https://observer.ug/business/musicians-should-think-beyond-miming-at-kwanjula-and-weddings/,Musicians should think beyond miming at kwanjula and weddings,2026-04-01,"The Observer Musicians in Uganda have been in celebratory mood after parliament passed the Copyright and Neighbouring Rights (Amendment) Bill, 2025. They argue that once the bill is assented to by the president as expected, they will earn lots more money than they are doing today. That they will be rewarded for their efforts. Ugandan music has come a long way. In the 1990s, very few Ugandans considered music as their professional career. There were professional music groups that still exist such as Afrigo band and some other bands/musicians, but many didn’t earn that much. If the amended bill is to make them earn more, that is even better. The bill seems to be very important to Uganda’s music industry as there seem to be a resurgence of the foreign content like it was in the 1990s. Congolese musicians ruled the airwaves and the stages at Gaba beach, Nakivubo stadium and the beaches of Entebbe. Singers like Jose Chameleone, Bebe Cool and Bobi Wine broke that dominance and Ugandan musicians started filling stadiums on their own. Congolese musicians stopped owning the concert stages in Kampala. The kingdom of Buganda had in 1996 launched the popular CBS radio which further played local music on the airwaves and organised Ekitobeero music festivals, which provided the platform for Ugandan music to thrive. Music entrepreneurs like Hope Mukasa at his Sabrina’s pub provided another platform, karaoke, that saw many wannabe musicians practice their craft. Sabrina’s would lead to the emergence of the famous I-Jay duo of Iryn Namubiru and Juliana Kanyomozi. Ugandan music was on cloud nine. Musicians stopped singing for beer and now were being paid professional fees. Kasiwukira and company would buy the records, make cassettes and sell. Telecoms, looking for ways to reach the masses, signed up musicians. Nightclubs held musicians like the celebrities they were becoming. Video mixing became the norm in nightclubs and every little bar. You could actually spend a whole night in a bar with only Ugandan music being played. Many young people dreamed of becoming musicians. A number of them lived the dream. Today, the industry is pivoting a bit. Foreign shows are back in Uganda, including of Congolese like Ya Levis and Fally Ipupa. Kofi Olomidde turns up once in a while, including at a recent Afrigo 50th anniversary. Nigerian music is dominating the airwaves. There is perhaps no bar or nightclub today that only plays Ugandan music for the entire night. The changes in the industry may perhaps explain the gusto with which some of the most known Ugandan musicians invested in the amended copyright bill. They see it as a saviour even though royalties have been collected on their behalf by organisations like the Uganda Performing Right Society (UPRS) for years. As the musicians were celebrating the passing of the amended bill in parliament, their counterparts in Nigeria were being ranked as the top earners in Africa on music streaming platform Spotify. It was revealed that Nigerian musicians earned more than $43m in 2025 from Spotify by pulling in a combined 30.3 billion streams, which is about 1.6 billion hours of listening time. Nigerian music has been globally embraced, featuring in more than 320 million user-generated playlists, according to reports. Barack Obama, the former US president, releases his annual playlist around December every year. For years now, a Nigerian musician appears on his list, which he posts on his X account of nearly 120 million followers. The Nigerians are developing music that cuts across borders and appeals to worldwide audiences. You have seen them perform at even the World Cup and being regularly nominated for Grammys among other international awards. In Uganda, some of the leading musicians, instead of thinking global, concentrate on Gulu city, where they book rooms for weeks doing whatever they can to meet Gen Salim Saleh. He has publicly rebuked them before to their embarrassment. But do they listen? They see politics as the only means to earn. Those who become famous because of their ability to dance and sing forget about what made them famous once they make it. They appear at shows to mime, walk about the stage while spending some considerable time talking about their imaginary haters or reminding others how beautiful they are. The audience in Uganda is small and the economy is even smaller, yet music transcends borders. Ugandan musicians should, therefore, think beyond miming at kwanjula and weddings and create music that has a global appeal so that they can earn from a global audience. Cozying up to politicians will not sustainably make them earn better, even when copyright bill is assented to. djjuuko@gmail.com The writer is a communication and visibility consultant. 1 Comment Agreed Your email address will not be published. Required fields are marked * Comment * Name * Email * Website Save my name, email, and website in this browser for the next time I comment. Δ Sign up and get daily updates right to your inbox. Link Copy link"
The Observer,https://observer.ug/business/totalenergies-revamps-lpg-filling-plant-in-jinja/,TotalEnergies revamps LPG filling plant in Jinja,2026-03-31,"The Observer TotalEnergies has commissioned a revamped Liquefied Petroleum Gas (LPG) filling and storage plant in Jinja, aimed at boosting supply of clean cooking energy in Uganda. The facility, originally constructed in 2016 and scheduled to begin operations in 2017, reached full operational completion in December 2025 following refurbishment. The upgraded plant is equipped with automated filling technology and enhanced safety systems designed to ensure accurate cylinder filling, prevent leakage and provide tamper-proof sealing. The facility sits on approximately five acres, part of which is currently used for production, with additional space reserved for future expansion. It has a storage capacity of up to 140 tonnes of marketable gas before cylinder filling and can produce more than 40 tonnes per day, up from about 30 tonnes previously. Daily cylinder output ranges between 40 and 50 tonnes depending on demand, with additional capacity available for other product lines. Olufemi Babajide, managing director of TotalEnergies Marketing Uganda Limited, said the investment reflects the company’s long-term commitment to supporting Uganda’s energy transition and expanding access to cleaner cooking solutions. “This refurbished plant reaffirms our commitment to deliver quality, reliable and clean energy to Ugandans, especially as the country prepares for local production of LPG in the oil region,” Babajide said. Biova Agbokou, executive vice president for TotalEnergies East and Central Africa, said the expanded facility supports the company’s ambition to provide 100 million people in Africa and India with access to clean cooking by 2030. He noted that wider adoption of LPG could reduce reliance on charcoal and firewood, cut carbon emissions and lower health risks associated with indoor air pollution. Ben Kagonyera, manager for business development at the Uganda National Oil Company (UNOC), said the commissioning marks an important step in strengthening Uganda’s clean energy supply. “This investment is timely and complements efforts to promote clean cooking solutions and sustainable energy use,” Kagonyera said. He added that UNOC’s partnership with TotalEnergies in the upstream sector could support future domestic LPG supply once oil production begins. “With the commencement of oil production, gas will also be produced. This presents an opportunity for Uganda to supply locally produced gas to its citizens and improve access to LPG,” he said. Kagonyera explained that LPG production will be linked to oil output, with excess gas expected to come on stream once oil production starts. TotalEnergies Marketing Uganda Limited has operated in Uganda since 1955 and currently runs more than 200 service stations across the country. Your email address will not be published. Required fields are marked * Comment * Name * Email * Website Save my name, email, and website in this browser for the next time I comment. Δ Sign up and get daily updates right to your inbox. Link Copy link"
The Observer,https://observer.ug/business/uganda-has-enough-fuel-stock-until-may-govt/,Uganda has enough fuel stock until May – govt,2026-03-31,"The Observer The government has assured the public that Uganda has sufficient fuel reserves to last until late May, dismissing social media claims of an impending shortage. The reassurance comes amid rising pump prices, with some fuel stations now selling petrol at over Shs 5,800 per litre and diesel at about Shs 5,300, up from around Shs 5,200 and Shs 4,900 respectively. In a joint statement issued on Tuesday, the ministry of Energy and Mineral Development and the Uganda National Oil Company (UNOC) described reports of a looming shortage as misleading, warning that such speculation could trigger panic buying and artificial price increases. Energy minister Ruth Nankabirwa Ssentamu said that as of March 27, Uganda had 81 million litres of petrol, 80 million litres of diesel and 18.5 million litres of Jet A-1 fuel in stock. She said the reserves translate into between 22 and 30 days of national consumption. “These levels are in full compliance with the Petroleum Supply Act, 2024, which requires UNOC to maintain a minimum of 21 days of strategic reserves to cushion the country against supply shocks,” Nankabirwa said. The ministry added that incoming shipments scheduled for April will boost national stocks, with more than 350 million litres of petroleum products expected to arrive through Kenya’s coastal infrastructure. Officials also said additional consignments are being rerouted through Tanzanian ports, including Dar es Salaam, Tanga and Mtwara, to mitigate risks associated with disruptions along key maritime routes. The reassurance comes against the backdrop of global uncertainty, including attacks on vessels navigating major shipping routes, which have unsettled oil markets and heightened concerns about supply disruptions. Authorities, however, cautioned that while supply remains stable, prices may continue to rise due to global market volatility and exchange rate pressures. Uganda relies heavily on imported refined fuel, making domestic prices sensitive to international crude oil trends and movements in the Uganda shilling. Transport operators welcomed the assurance on supply but raised concerns about affordability. “Availability is one side of the story; affordability is another,” said Fred Okema of the Uganda Bus Drivers Association, noting that sustained price increases could erode already thin profit margins in the transport sector. He called for stricter enforcement of pump price regulations to enhance transparency. The aviation sector also expressed cautious optimism, noting that current Jet A-1 reserves provide a temporary buffer for flight operations despite unpredictable global fuel costs. UNOC chief corporate affairs officer Tony Otoa said fuel accounts for about 70 per cent of Uganda’s commercial energy consumption, warning that even modest price changes can have ripple effects across transport, manufacturing and household budgets. Your email address will not be published. Required fields are marked * Comment * Name * Email * Website Save my name, email, and website in this browser for the next time I comment. Δ Sign up and get daily updates right to your inbox. Link Copy link"
The Observer,https://observer.ug/business/economics-of-forgiveness-a-final-chance-to-reset-your-business-debt/,Economics of forgiveness: A final chance to reset your business debt,2026-03-29,"The Observer There are moments in a nation’s fiscal journey that pass quietly, and others that define whether a business rises or falls. The current waiver of interest and penalties is not just another administrative relief; it is a rare fiscal lifeline—one that speaks to both opportunity and urgency, and one that may not return anytime soon. The Uganda Revenue Authority (URA) has introduced a significant relief measure under the Tax Procedures Code (Amendment) Act, 2025. It is designed to help businesses “clean their ledgers” and start fresh. Here is everything you need to know about the “Silver Bullet” Offer. If you have outstanding tax arrears as of June 30, 2024, the government will waive 100 percent of the interest and penalties attached to that debt. You only need to pay the principal tax (the original amount you owed). If you cannot pay the full principal at once, you can make partial payments. URA will waive interest and penalties on a pro-rata basis (proportionate to what you pay). For Uganda’s business community, this is more than a compliance exercise. It is a decisive moment to reset, clean the slate, and reclaim financial credibility in an increasingly transparent tax environment. At its core, the waiver offers something profoundly powerful: forgiveness without forgetting. While the principal tax remains due, the punitive burden of accumulated interest and penalties is lifted, often wiping out years of financial strain in a single stroke. For many businesses, especially those struggling with cash flow, system inefficiencies, or historical tax misunderstandings, this is the closest thing to a second chance. At its essence, a waiver of interest and penalties allows taxpayers to settle their outstanding principal tax liabilities without the additional financial burden that has accumulated over time. In many instances, these penalties and interest charges grow exponentially, sometimes surpassing the original tax due. The waiver removes this excess weight, offering businesses a rare opportunity to resolve their obligations at the core level of the principal. This relief, however, is not standalone. It is embedded within a broader fiscal instrument known as tax amnesty. A tax amnesty is a strategic policy through which the government invites non-compliant or partially compliant taxpayers to voluntarily regularise their affairs under more favorable terms. It is, in many ways, a bridge between enforcement and cooperation, a recognition that while compliance is mandatory, achieving it sometimes requires flexibility. This leads to a critical question: why would the government willingly give up revenue in the form of penalties and interest? The answer lies in economic pragmatism. Across many tax systems, including Uganda’s, there exists a significant volume of what is termed aged tax debt. These are liabilities that have accumulated over the years, often tied up in disputes, financial distress, or simple non-compliance. The longer these debts remain unresolved, the more they grow, yet paradoxically, the less likely they are to be fully recovered. In reality, penalties and interest can account for between 40 per cent and 70 per cent of total outstanding tax liabilities. This means that for every Shs 100 million owed, a substantial portion may be punitive rather than principal. By offering a waiver, the government effectively writes off this portion, sometimes amounting to billions of shillings across the economy. At first glance, this appears to be a loss. But in truth, it is a strategic trade-off. Because the alternative is often far worse: prolonged disputes, business closures, uncollectible debts, and a shrinking base of compliant taxpayers. By prioritising the recovery of principal taxes, the government secures immediate revenue inflows while simultaneously restoring taxpayers to the compliance net. It is not forgiveness for its own sake; it is forgiveness for sustainability. For businesses, the implications are both financial and strategic. Financially, the benefit is immediate and measurable. Removing penalties and interest can significantly reduce outstanding liabilities, sometimes by nearly half. This directly improves balance sheets, enhances liquidity positions, and frees up capital that can be redirected into core business operations—expansion, innovation, or workforce investment. But beyond the numbers lies a deeper advantage: credibility. In today’s business environment, compliance is no longer a background function; it is a frontline requirement. Financial institutions, investors, and regulators are placing increasing emphasis on tax transparency and governance. A business carrying unresolved tax liabilities, particularly those inflated by penalties, signals risk. It raises questions about internal controls, financial discipline, and long- term viability. The waiver presents an opportunity to eliminate that risk. To move from a position of uncertainty to one of clarity. To transform tax compliance from a lingering burden into a competitive advantage. It is, quite simply, a chance to achieve a clean sheet. And a clean tax record is powerful. It strengthens your standing with lenders. It enhances your attractiveness to investors. It positions your business competitively for government contracts and partnerships. In an era where data systems like EFRIS and integrated compliance platforms are tightening oversight, having unresolved tax exposures is no longer sustainable. This is where urgency becomes critical. Tax amnesty is not a permanent feature of the amnesty landscape. It is a targeted, time-bound intervention. Once the window closes, the environment typically shifts towards stricter enforcement, enhanced audits, and full reinstatement of penalties and interest. Businesses that fail to act within this window risk facing a harsher reality: higher liabilities, increased scrutiny, and limited negotiation space. From an expert standpoint, this moment demands more than passive awareness but rather requires decisive action. Businesses must undertake a comprehensive review of their tax affairs by reconciling historical positions, identifying outstanding principal liabilities, and engaging professional advisors to structure settlements effectively within the amnesty framework. This is an opportunity to redefine how tax is perceived within the organization, not as a reactive obligation triggered by enforcement, but as a proactive pillar of governance and growth. The businesses that will thrive in the coming years are those that embed compliance into their strategy, not those that defer it. Government, on its part, has made the first move. By foregoing billions in penalties and interest, it has extended a hand to the business community, one that balances accountability with opportunity. The expectation, however, is clear: that businesses will respond because ultimately, this is a shared journey. A compliant business sector strengthens revenue systems. Strong revenue systems support national development. And a stable economic environment benefits every enterprise operating within it. The waiver, therefore, is more than a policy, it is a pivot point, a moment where businesses can shed the weight of the past and step into a future defined by clarity, credibility, and compliance. The window is open, but it will not remain so indefinitely. 30th June 2026 will be the deadline! The writer is a Chartered Accountant & Chartered Tax Advisor Sign up and get daily updates right to your inbox. Link Copy link"
The Observer,https://observer.ug/business/investments-in-small-scale-industries-could-lead-to-improved-incomes/,Investments in small-scale industries could lead to improved incomes,2026-03-29,"The Observer Uganda has discovered its latest love interest; international airports. We have always had one international airport at Entebbe and some airfields in many parts of the country. But those aren’t the talk of town or dominating online discussion groups and timelines. Construction of an international airport is underway in Kabaale just outside Hoima ostensibly to support the oil and gas sector. New ones have been proposed around Kidepo National Park to support tourism and facilitate regional trade. But the one that has led to more discussions has been the proposed one at Nyakisharara outside Mbarara town. Apparently, it will enable flights to South America to refuel from there on their journeys to Asia and elsewhere. The proposers of the airport claim that this is an existing gap. I am not an aviation expert, so I don’t know why these flights aren’t able to refuel at Entebbe or even existing airports in East Africa. I am also not sure whether it makes sense to build an international airport whose main business is refueling flights from South America. What else caused debate was the release of the artistic impressions of the Nyakisharara airport. Some people claimed the airport looked exactly the same as one somewhere in the Middle East. Some people prompted artificial intelligence apps to make one at least with the famous horns of the Ankole cows incorporated into the design. This newly found love for international airports within a few kilometres of each other have led to the continuation of a debate that never stops; the lack of scheduled domestic flights in Uganda. Up to the 1990s, there were affordable scheduled flights to Kasese, Arua and other parts of the country. Some still exist but they cost an arm and leg, unlike in developed markets in Europe where people fly for a song. There are many reasons that explain the lack of affordable domestic flights in Uganda. The infrastructure is poor enabling only small aircraft to operate at these fields. But that isn’t the biggest problem. The market simply doesn’t exist. Until oil starts flowing from the wells in western Uganda, the country’s economy is largely within a radius of 80km of Kampala. Otherwise, businesses in many parts of the country are small comprised of smallholder farmers and petty traders. The majority of these people have no genuine reason to fly to Kampala and if they have, they wouldn’t afford the tickets even cheap ones that would sustain an airline business. Bus companies have tried to provide executive coaches where people pay an extra Shs 10,000 or Shs 20,000 to travel in comfort. After a few months or years, they usually close and return to non- executive passengers. The argument the domestic flight enthusiasts give is that the markets for air travel is of those who drive personal cars to these towns. The statistics are hard to find but how many cars arrive in Soroti or Arua from Kampala every single day? There aren’t many. Most of these towns have few hotels but you will hardly arrive in a town and find no room for a night. That is why most people who travel to these towns don’t even bother to book accommodation in advance. They know these towns with fewer than 1,000 hotel rooms will have plenty of free rooms when they arrive. A town which can’t fill less than 1,000 hotel rooms each night probably doesn’t have much business going on. Decent hotel rooms in Uganda cost on average less than Shs100,000 a night including some sort of breakfast. If people can’t fill hotel rooms of Shs100,000, how would they fill aircraft of 50 to 200 seats on a regular basis for the airline to make money? Look at Members of Parliament, one of the biggest categories of high earners in Uganda. Many of those who represent constituencies outside Kampala come for their weekly meetings by night bus. They can’t afford to drive on a weekly basis. Where scheduled flights exist like Kasese, they don’t use them as well. If a high earning category in Uganda can’t afford to drive every week to Kampala, what about small trader in Kasese or Arua? Although we can improve the airfields to facilitate air travel, international airports in every corner of the country won’t lead to improved incomes for the majority of Ugandans. However, if we want tourists to avoid gruelling road trips to Kisoro or Kidepo, smaller airports could do, which could be expanded with increases in traffic. Though investments in agribusinesses and small-scale industries could lead to improved incomes easily for the majority of people who then could be targeted for flying. As per now, international airports could end up as vanity projects. djjuuko@gmail.com The writer is a communication and visibility consultant. Sign up and get daily updates right to your inbox. Link Copy link"
The Observer,https://observer.ug/business/namananga-forest-on-brink-and-race-to-save-it/,Namananga forest on brink and race to save it,2026-03-26,"The Observer At the edge of Kayunga district lies the 459-hectare Namananga forest reserve, a once- thriving ecosystem now heavily degraded by charcoal burning, firewood harvesting, and encroachment for construction. At first glance, Namananga still appears like a forest, but a closer walk through its interior reveals the stark reality of deforestation and human intrusion. The reserve serves as a critical ecological link between Mabira Forest and Musamya Swamp, forming part of the wider Mabira ecosystem. In an effort to restore the degraded landscape, the National Forestry Authority (NFA), in partnership with Uganda Breweries Limited (UBL) and Rotary Club, has launched a Shs 372 million forest restoration project aimed at planting 80,000 indigenous trees. Stuart Maniraguha, the acting executive director for Forestry, represented by Martin Mwodi Kegere, emphasized the importance of forests to Uganda’s environment and economy. He noted that forests supply over 90 percent of household energy needs, mainly through firewood and charcoal, and play a crucial role in protecting water catchments that support agriculture and industry. Over the years, the Government of Uganda has set ambitious targets to restore forest cover, recognizing that environmental sustainability is closely tied to economic development. So far, NFA has planted 26,000 trees under the initiative, with 2,000 trees planted last week alone in Namananga Forest Reserve, covering 70 hectares out of the planned 200 hectares. The trees we plant today will do far more than grow into forests. They will protect our rivers and lakes, stabilize soils, improve agricultural productivity, and absorb carbon from the atmosphere, helping Uganda contribute to global climate action,” Maniraguha said. “A tree is a long-term investment. It requires patience, stewardship, and care. The forests of tomorrow depend on the commitment we make today. By planting trees, we are not only restoring forests but also rebuilding hope, resilience, and sustainability,” he added. Felicite Nson, Managing Director of Uganda Breweries Limited, said forests are a reminder that meaningful change takes time. “Standing in a forest reminds us that the most meaningful things in life grow quietly over time. A small seed becomes a tree, a stream becomes a river, and small actions taken together create lasting change,” she said. “As we plant trees, we are doing something simple yet powerful investing in the future of our environment and the well-being of communities that depend on it.” She noted that the company’s operations are closely tied to Uganda’s natural resources, including water and agricultural inputs such as barley, sorghum, and maize, all of which depend on a healthy ecosystem. “True conservation succeeds when organizations, businesses, and communities work together, including the dedicated eco-champions and local communities who protect these forests every day,” she added. Rotary District 9213 Governor Geofrey Martin Kitakule said the initiative focuses on planting indigenous tree species such as mvule and mahogany to restore the natural ecosystem. “This effort will also benefit communities. A healthy environment supports agriculture, and this forest reserve is part of the greater Mabira ecosystem that sustains key water bodies, including the River Nile and Lake Victoria,” he said. Climate change is getting worse as the earth, seas, oceans, forests, wet lands, the air…are fighting to breath face to human action! Yet nothing is done to begin protecting nature before its too too late! Now, immigration to developed lands is making things worse for developing & developed countries as there is no solution to stop it & make sure so called developing world wake up to protect their lands! What will the situation in Uganda be in 2031 as they just look up to Rwandese Museveni who is so so happy Uganda is being destroyed to a point of no return? Where is that just ONE National/Common Leader so so needed, to sing Ugandans to UNITY to block & stop Rwandese Museveni, then form the kind of governance they want, before it’s too late? What are Ugandans waiting for, their complete/total destruction? Comments are closed. Sign up and get daily updates right to your inbox. Link Copy link"
The Observer,https://observer.ug/news/wolokoso-kadaga-visitors-worry-busoga-mps/,Wolokoso: Kadaga visitors worry Busoga MPs,2016-11-22,"The Observer Many MPs readily admit that visitors from their constituencies are a bother, but not speaker Rebecca Kadaga, the Kamuli Woman MP. Last Tuesday, Kadaga surprised the House she was chairing, when she proudly introduced two delegations from her district. “I am happy to report that Mbulamuti ferry is working well. I want to introduce another team of voters from Kamuli,” she told MPs about an hour after introducing another group which she said were local government officials from Kamuli. However, when the House was adjourned, some MPs from Busoga were overheard complaining about Kadaga’s visitors. Apparently after seeing the speaker, the honourable guests start calling MPs from Kamuli. Trouble is the MPs don’t have money to give the voters. And you see in Ugandan tradition, when you find your elderly uncle from the village somewhere in Kampala, you have to give some transport or at least a soda of Shs 10,000. If you are an MP, you have to double that; if you are a proud MP, make that a Shs 50,000 note or else you become the topic of the village trivia. “For me I get worried whenever I see them or receive a call that they have come; their coming means money for food and transport and yet if you do not give, they go complaining. For us we don’t have the money like her [Kadaga].” one MP from Busoga told a nodding colleague from the same region. MPs routinely complain about frequent calls from voters asking for money for school fees, hospital bills, or coffins to bury their departed beloved. But the above duo said Kadaga is well-facilitated and can afford to host delegations of her voters. Honourable Sabiiti’s ‘conflict of interest’ Last week was not easy for works minister Monica Azuba Ntege. But neither was it smooth sailing for Engineer Denis Sabiiti, who chairs parliament’s physical infrastructure committee. It all started when Sabiiti leniently ruled that the minister and her team, which included Uganda National Roads Authority boss Allen Kagina, could make their case without documents. MPs felt Sabiiti was being too soft on the minister, with some suggesting he should sit on the other side – with the minister’s team. “Honourable, is that how you are going to conduct business of this committee when our voters are suffering to transport their produce to markets?” Erute MP Jonathan Odur said. “Do you think this is a church where one preaches and the congregation does not question anything? No, declare your [conflict of] interest.” Sabiiti defended himself citing rule 77 of the Parliament Rules of Procedure, which allows him to rule on a matter. However, Busongora North MP William Nzoghu was not impressed. He reminded Sabiiti that the rule enjoins the chairperson to rule in a just manner. This left Sabiiti with no choice but to painfully chase the minister and ask her to return this week on Tuesday. Before becoming Rubanda West MP, Sabiiti worked in the ministry of works. MPs appeared to suggest he had a strong conflict of interest, but he did not come close to declaring it. Minister: at least let me finish my tea Monica Azuba Ntege is really the minister for works. I mean the minister works so hard she can hardly find time for a bottle of water let alone breakfast at home. This was the impression you got last week, when the honourable minister met parliament’s committee on physical infrastructure. When she got to the East committee room and was asked to introduce herself to the members, Azuba started by apologizing, pleading that she had been in many other meetings. That was forgivable. What wasn’t was the minister choosing to answer queries without supporting documents. So MPs ordered her out of their sight. Yet what bothered her was not being chased, but being deprived of her only chance to share the tea served during the committee sessions. “Okay honorable members, let me finish my tea and then go back and prepare ourselves; next time we come, we shall have those documents,” she said. Her plea, however, caused rib-breaking laughter to the MPs who said it was okay for the delegation to take some tea before leaving. Wolokoso thanks the committee leadership for its consideration. Otherwise, our hardworking works minister could have collapsed on the way to the next meeting. Lokodo’s love for Karamoja attire Some people say it’s easy to remove someone from the village but not easy to remove the village from a villager. Similarly, one could argue, you can remove a Karimojong from Kotido or Kaabong, but it may take some effort to remove Karamoja from the person. This appears to be the case for Fr Simon Lokodo, the junior minister for ethics and integrity – who just won’t stop loving his skimpy cultural attire. Recently, Lokodo had a female scribe thrown out of parliament for wearing a dress too short for the minister’s comfort. So, last week, the scribe asked Lokodo why he targeted her short dress when some people from Karamoja sometimes wear ‘small pieces’. “Do you remember that in May when you came for swearing in, the women that escorted you were all putting on short dresses, why did you allow them to come all the way from Karamoja almost naked and you chase me?” the scribe dared the former priest. But Lokodo, with a straight face, shot back: “That is how people of Karamoja dress; that was Karimojong attire. If you come dressed in Karimojong attire, you will be looking so nice. However short it will be, I will have no problem with you. By the way it seems you look so good when you put on that [Karimojong] attire. I love it. It is so nice.” So, Honourable Lokodo, are dresses not equal before the law? Sign up and get daily updates right to your inbox. Link Copy link"
The Observer,https://observer.ug/news/israel-dumps-eritrea-sudan-refugees-in-uganda-rwanda/,"Israel dumps Eritrea, Sudan refugees in Uganda, Rwanda",2016-11-25,"The Observer Tel Aviv, Kampala and Kigali have persistently denied reports that Israel is deporting unwanted African migrants to Uganda and Rwanda in return for military and other forms of aid. Now Al Jazeera has landed on ‘evidence’ in form of Eritreans who claim to have been part of this secret deal, as RYAN BROWN reports: Kampala, Uganda – The sky was still an inky black when the flight from Cairo touched down at Entebbe airport near Kampala, the capital of Uganda, one morning in mid-January, the fluorescent glow spilling from the small terminal providing the only source of light. It had been 15 hours since Musgun Gebar left Tel Aviv, and the journey staggered him in its brevity. Four years earlier, when he had travelled the other way – from Eritrea in East Africa to Israel – he had done so on foot, a punishing journey across the Sahara and the Sinai that took more than a month. Kidnappers stalked the route, food was scarce, and half of the people with whom he had travelled didn’t survive. But this time, he simply sat down in a small cushioned seat and waited, snapping selfies and eating salty meals from aluminium tins until, suddenly, he had arrived. Gebar had no visa to enter Uganda. He wasn’t carrying an invitation letter or an application form. In fact, he didn’t even have a passport. Though he had crossed many borders in his life, he had never done it through the official channel of queues and customs officials and dated stamps. He only carried $3,500 in clean, hundred dollar bills in his wallet, a temporary travel document called a “laissez passer”, and a creased letter from the Israeli government. “Passengers are asked to follow instructions and regulations to ensure a safe and pleasant departure from Israel,” it read, with a signature from the Voluntary Departures Unit. From friends who had come before him, Gebar already knew what would happen next. The man emerged as he stepped inside the terminal, wordlessly ushering him and the nine other Eritreans on the flight away from the passport control line. Without a glance from the border patrol officers, he led them around the queue, to the baggage claim where their luggage awaited, and then out of the airport’s sliding-glass doors. In the car park, a van waited to drive them to a hotel. After that, they were on their own. NO CHOICE Human rights organisations have reported that over the past three years this scene has played out hundreds of times in Uganda and neighbouring Rwanda, where more than 3,000 Sudanese and Eritrean asylum seekers from Israel have been “voluntarily” resettled as of 2015. Often, those who were resettled dispute whether they truly had a choice. Gebar, for instance, says that he was being held in an immigration detention camp in the Negev desert called Holot, when, he claims, officials there informed him that he had three options. If he liked, he could stay indefinitely in the camp. A second option was to go back to Eritrea, the country he had fled five years before. Or, he could agree to take $3,500 and depart for a third country of the Israeli government’s choosing. Gebar didn’t hesitate. He took the third option. Andie Lambe, executive director of the International Refugee Rights Initiative (IRRI), an NGO that has conducted extensive research into the departure of East African refugees from Israel, also questions just how much choice these refugees have. “What does it mean when an unknown third country is someone’s best option?” he asks. “To me that says they never really had a choice at all.” Media reports suggest that the three countries have cut a secret, high-level deal in which the African states accept refugees in return for arms, military training and other aid from Israel. The countries involved have given conflicting responses, however, on their involvement. Sabine Haddad, Israeli population and immigration authority spokeswoman, told Al Jazeera that Israel does have an agreement with two African countries – which she did not name – for the relocation of unwanted asylum seekers. She did not offer a response regarding the weapons exchange part of the agreement. Both Uganda and Rwanda, on the other hand, deny they have signed any agreement with Israel. Furthermore, neither country has afforded refugee status to any refugees arriving from Israel. Ugandan government spokesman Ofwono Opondo told Al Jazeera earlier this year that the reports of a deal were “a rumour circulated by Israeli intelligence”. “I have disputed that we have received these individuals,” he said. NO RIGHTS Like others around the world, refugees leaving Israel for Rwanda and Uganda find themselves in a precarious position. Their lives straddle two countries, and movement either forwards or backward is nearly impossible. Tedros Abrahe, an Eritrean midwife who also left Israel under the “voluntary departures” programme earlier this year, says he is “just waiting to be a legal refugee somewhere”. Like most of the estimated 5,000 Eritreans who flee their country each month, Abrahe first left home in 2011 to escape the country’s mandatory and indefinite national service programme. After a brief stay in Sudan, he paid smugglers $3,000 to take him to Israel, where he figured opportunities would be better and life easier. But when he arrived, he found that his Eritrean midwifery qualifications were not recognised in Israel, and that the only work available to him as an asylum seeker was an under-the-table job cleaning the kitchen of a Tel Aviv shawarma restaurant. Israel did not consider him a refugee. Rather, like nearly all of the approximately 42,000 Eritrean and Sudanese refugees in Israel, he was labelled an “infiltrator” – a label previously used to categorise Palestinians entering Israel. The only status Abrahe was allowed was a permit granting him temporary reprieve from being deported, which, he says, he had to renew in person every 60 days. This system, says Anat Ovadia-Rosner, a spokeswoman for Israeli NGO Hotline for Refugees and Migrants, “puts people in a perpetual limbo, without the right to healthcare, to welfare services, to anything that might help them build a permanent life here”. She thinks “the whole structure is meant to make people’s lives miserable, so eventually, perhaps, they won’t want to stay anymore”. Between 2009 and 2016, Israel granted official refugee status to 0.07 percent of all its Sudanese and Eritrean asylum seekers – a total of four people. When, in late 2015, Abrahe went to refresh his Israeli permit, he was informed that it would not be renewed. Instead, he says, he was told that he had 30 days to either report to an immigration detention centre or leave the country for Eritrea or a location of the government’s choosing. Believing that he would not be safe in Eritrea, Abrahe chose the latter option. By the time he boarded a flight for East Africa in January 2016, thousands of Eritrean and Sudanese refugees had already followed the same path. According to Interior Minister Gilad Erdan, the voluntary resettlement plan had “encourage[d] infiltrators to leave the borders of the state of Israel honourably and safely”. But just how safe is it really? According to research by Hotline and IRRI in Rwanda, most of the refugees who arrive in Rwanda are immediately smuggled over the border to Uganda. Abrahe says he spent just two days in the country – waiting in a house near Kigali under an armed guard – before being forcibly taken to Kampala. Those arriving in Uganda are not afforded any further rights. Uganda’s department of Refugees says there is no deal to accept refugees coming from Israel. Douglas Asiimwe, the department’s principal protection officer, told Al Jazeera that any refugees arriving from Israel were assessed on the individual merits of their cases. They shouldn’t need Uganda’s protection, he explained, because they weren’t coming from a war zone, but from a “safe” country that had promised under international law to uphold the rights of refugees. Haddad, the Israeli population and immigration spokeswoman, insists that Israel “ensures that the process of relocation is conducted according to the agreements and in line with international law”. In her statement to Al Jazeera, she wrote: “Israel makes certain that the refugees are accorded all relevant rights in accordance with the agreements, including receiving the appropriate permits and papers.” But NGOs and human rights lawyers who have reviewed the refugees’ cases in both Israel and Uganda say that Israel’s official line on the subject is not true. In late 2015, a coalition of NGOs and human rights lawyers challenged the legality of Israel’s third-country deportations before the Israeli Supreme court. But a decision is still pending and Israel’s “voluntary departures” continue. NO JOBS Even without legal status, life in Kampala was initially a marked improvement over Israel for both Gebar and Abrahe. Ugandans were more welcoming than Israelis, they said, and the two melted easily into the city’s large Eritrean population. Abrahe had spent some of the money the Israeli government gave him on an iPhone, which he used to send smiling selfies to family and friends in Eritrea, Israel, and Europe. But the $3,500 wouldn’t last forever, and there were few jobs to be had in Uganda, even for someone with medical training like Abrahe. By September, both men had run out of money and were living on handouts from friends and family. “Time just passes itself,” Gebar said. “You just sit home all day waiting, doing nothing.” In late October, however, Abrahe decided that he couldn’t wait any longer. He borrowed a passport from a Ugandan friend and flew to Turkey. From there, he made the dangerous journey by boat to Greece, where he is now living in a refugee camp. “It’s better to take a risk than to live this way for my whole life,” he says. “This year, I want to be a legal person somewhere.” Ryan Lenora Brown was a fellow of the International Women’s Media Foundation in Uganda. Sign up and get daily updates right to your inbox. Link Copy link"
The Observer,https://observer.ug/news/we-forced-dr-besigye-to-stand-in-2016-ssemujju/,We forced Dr Besigye to stand in 2016 – Ssemujju,2016-11-25,"The Observer After the 2011 elections, FDC founding president Dr Kizza Besigye announced that he would not participate in future elections until meaningful reforms were in place. He had wanted the opposition to back Kampala Lord Mayor Erias Lukwago. But after intense pressure from within the opposition ranks, the FDC strongman finally gave in, becoming a subject of public criticism for going against his word. Despite the wide criticism, Besigye has not publicly explained his change of heart, and the reasons remained within a circle of his associates until Kira Municipality MP Ssemujju Ibrahim Nganda opened up on the matter on Tuesday. Speaking at a national symposium held in Kampala under the theme, “Deepening democracy in the aftermath of the 2016 elections,” Ssemujju, who was the spokesman of Besigye’s campaign team, said the FDC strongman was forced back into the race by various opposition actors. On the sidelines of the symposium, Ssemujju told The Observer the pressure started from a meeting Besigye had with MPs who belonged to the Ssuubi 2011 pressure group that had been called to take stock of their 2011 election experiences and how to forge ahead. The pressure group mainly brought together DP supporters who were opposed to the 2010 election of Norbert Mao as their party’s president general. “In that meeting, he repeated his pronouncement not to stand again for president and we asked whether he was running away from the struggle because he had been telling us that we were in the struggle to liberate the country,” Ssemujju said. The opposition chief whip’s revelations came after a presentation by Dr Sallie Simba Kayunga, a lecturer at the department of Political science at Makerere University, in which he questioned why the opposition continues to participate in elections they know they will not win. “Besigye was criticised so much for making that U-turn,” Ssemujju said. “He had pressure from internal and public audiences, and sometimes we got disturbed by the criticism in the media maybe because they [media] didn’t know what had happened.” LUKWAGO Besigye was convinced that the fight Lukwago had put up against the government’s interference with the operations of Kampala Capital City Authority (KCCA) put him in a good position to lead the opposition charge against President Museveni. In subsequent meetings convened by Butambala MP Muhammad Muwanga Kivumbi at Esera country hotel in Najjeera, near Kampala, the Ssuubi group resolved to develop a strategy that would best work for the opposition. Eventually, it was resolved that Lukwago returns to KCCA and Besigye leads the opposition to pressurise the government to institute electoral reforms. This was around the same time that FDC MPs, notably Nathan Nandala-Mafabi (Budadiri West) and Roland Kaginda Mugume (Rukungiri Municipality), were leading delegations to Besigye’s Kasangati home in Wakiso district to ask him to stand again for president. Eventually, Besigye contested for the FDC presidential flag against party president Maj Gen Mugisha Muntu, in a tough race that nearly left the party split in two camps. Besigye took the FDC flag to The Democratic Alliance (TDA), a loose coalition of opposition political parties where he was abandoned by some of the DP politicians previously allied to the Ssuubi group. They instead supported former prime minister Amama Mbabazi. Among them was Busiro East MP Medard Lubega Sseggona who confirmed being part of the Najjeera meetings but denied that any resolution on Besigye’s 2016 candidacy was passed. “I have never been part of a meeting that passed such a resolution,” Sseggona said. “In the meetings, he kept telling us that he would not stand again, and asked us to look for another candidate. That is how some of us ended up with [Mbabazi].” PERSECUTION Since election day on February 18, Besigye has had run-ins with the police that have set a base outside the four-time presidential candidate’s residence. Out of prison on bail over treason charges, Besigye has also been detained by the police on several occasions but released without charge. In his paper; Opposition politics in the aftermath of elections, Dr Ssimba said the state’s persecution of Besigye had, instead, made him a hero. His assertions are based on the official presidential elections that show that Besigye’s support had increased by 55.4 per cent from the previous (2011) elections, while Museveni had only gained 10 per cent. While he argued that the ruling party should get worried about Besigye’s tremendous gains in 2016, the overwhelming majority in parliament keeps NRM in a comfortable position. FDC, the leading opposition party, has 36 MPs in the 10th Parliament compared to NRM’s 302. sadabkk@observer.ug Sign up and get daily updates right to your inbox. Link Copy link"
The Observer,https://observer.ug/news/un-pins-uganda-for-selling-weapons-to-south-sudan/,UN pins Uganda for selling weapons to South Sudan,2016-11-25,"The Observer The United Nations Panel of Experts on South Sudan says it has “irrefutable evidence” that Uganda is among the countries either directly supplying or using conduits to deliver weapons to troubled South Sudan. Details of the report are emerging as the United States of America is pushing the UN Security Council to institute an arms embargo on South Sudan following warnings of a possible genocide in the world’s youngest nation. In its report presented to the UN Security Council on October 28, the panel of experts says weapons originally purchased by Uganda’s ministry of Defence were part of the arsenal used to cause carnage during recent clashes in South Sudan. One of the weapons from Uganda, which the panel experts identified among the arms it documented, is a Micro Galil rifle manufactured by Israel Weapons. The rifle bears serial number 36100549. “This is the third weapon of its type identified by the panel, with two others (serial numbers 36100566 and 36100588) having been documented in the Upper Nile in 2015. Each of the weapons was, according to an interview with SPLM/ A in Opposition members, taken from South Sudan government stocks either through battlefield capture or by defectors,” says the report. According to information provided to the panel by the manufacturer, the report adds, the three weapons are from a batch sold to Uganda’s ministry of Defence in 2007. “There is no provision in the end user certificate for their transfer to South Sudan. That the panel has now identified three such weapons from this batch supports the conclusion that they are part of a larger group of weapons transferred from Uganda to South Sudan,” it adds. ARMS TRANSFERS The 39-page report further reveals that in September, the panel received information and documentation from ‘a confidential high-level South Sudanese source’ that in July 2014, Bulgarian Industrial Engineering and Management Jsc delivered a shipment of small arms ammunition and 4,000 assault rifles to Uganda’s ministry of Defence. “According to the documentation, Bosasy Logistics, a company registered in Kampala and described in previous reports by the panel, including its report of January 2016 (S/2016/70), acted as an intermediary in the transaction. The weapons and munitions were subsequently transferred to South Sudan,” claims the report, adding that the panel is carrying out further inquiries into the transaction. However, going by the results of the investigations that the panel has concluded so far, it says “recent arms transfers from Uganda to South Sudan, as described, are likely to be using the same modality as the earlier transfers from 2014, with Bosasy Logistics and its chairman, Valerii Copeichin, facilitating the sales.” UPDF, SPLA RESPOND Efforts to speak to the minister of Defence Adolf Mwesige, his deputy Charles Engola Okello, and the Chief of Defense Forces Gen Katumba Wamala, were futile as they failed to respond to our calls. However, UPDF and ministry of defence spokesman Lt Col Paddy Ankunda said he was not aware of such a report. “Honestly speaking, I haven’t seen such a report; I’m hearing about it for the first time,” Ankunda said, before adding, “In any case, if the UN has any complaint about Uganda, it can serve such information to government and it [government] will respond accordingly through the ministry of Foreign Affairs.” The chairperson of parliament’s Defence and Internal Affairs committee, Judith Nabakooba, also said she had not seen the report. “I haven’t received such a report and I don’t want to comment before I read it,” said Nabakooba, who is also Woman MP for Mityana district. Similarly, the spokesman of Sudan People’s Liberation Army (SPLA), Brigadier Lul Ruai Koang, told The Observer by telephone yesterday that he had not seen, let alone read, the report. “I have not seen that report you are talking about and, therefore, I wouldn’t be in position to respond appropriately. I need to read it and then get responses from higher military authorities, then I will be able to respond accordingly,” Ruai said. South Sudan first descended into chaos in 2013 after a political contestation for the leadership of the ruling SPLM party turned violent. On December 15, 2013, violence broke out in Juba, the capital, resulting in the death of thousands of civilians. With President Salva Kiir accusing his former vice president Riek Machar of fomenting a failed coup, the killings quickly spread beyond Juba to other parts of South Sudan, especially the Upper Nile region where Machar hails from. The fighting went on until August 2015 when the regional country grouping IGAD brokered a deal that led to the signing of a comprehensive peace agreement. However, the peace agreement crumbled just three months into its implementation after rival forces loyal to Kiir and Machar clashed in Juba, resulting in more killings and displacement of South Sudanese both within and without the country. According to UNHCR figures, more than one million South Sudanese are living as refugees in Uganda, Kenya, Ethiopia and Sudan, among other neighboring countries. The renewed fighting forced Machar out of Juba. Shortly after, Kiir replaced him as first vice president with Gen Taban Deng Gai, the renegade leader’s former chief negotiator. Analysts say Kiir’s decision foreclosed a meaningful political and reconciliation process and could lead to further instability in the world’s youngest nation. bakerbatte@gmail.com Sign up and get daily updates right to your inbox. Link Copy link"
The Observer,https://observer.ug/business/business-business/ubl-starts-shs-300m-sanitation-project-for-nakawa-traders/,UBL starts Shs 300m sanitation project for Nakawa traders,2016-11-25,"The Observer Uganda Breweries Limited on Wednesday launched a sanitation project that will see the brewery construct public sanitation facilities for traders around Port Bell and Kirombe areas in Nakawa division. Present at the ground- breaking ceremony was Nakawa MP Michael Kabaziguruka and Nakawa mayor Ronald Balimwezo. The three-month project, which is part of UBL’s “Water of Life” initiative, will cost Shs 300 million and more than 15,000 households are set to benefit. The project will not only reduce water pollution in the area but also decrease the rampant hygiene-related disease outbreaks amongst the residents, traders and fisher- men of Port Bell and Kirombe villages. Balimwezo commended UBL for the initiative. “We ought to work with the private sector more often to improve the livelihood of Ugandans. This gesture by UBL is a demonstration of a good responsibility that should be emulated by other business entities.” Sign up and get daily updates right to your inbox. Link Copy link"
The Observer,https://observer.ug/news/ubos-report-poverty-gets-worse-up-north/,Ubos report: Poverty gets worse up North,2016-11-28,"The Observer Despite several development projects rolled out by the government and donors in the past decade, a sizable number of households in eastern and northern Uganda continue to suffer chronic poverty, findings by the Uganda Bureau of Standards (Ubos) indicate. According to the findings, contained in a report released last Thursday, the poverty indices for northern Uganda have worsened over the past 12 months, with 23.9 per cent of the households in the region being classified as chronically-poor. “Majority of the chronically-poor are from households where the household heads have no education,” said Vincent Ssennono, a principal statistician at Ubos, who presented the findings of the report. The report adds that 17 per cent of the people in the north moved out of poverty, 12.3 per cent slipped into poverty, while 46.5 – the lowest percentage – are classified as “never poor.” Second to the north is eastern Uganda, where 15.5 per cent of the population is chronically-poor, 22.7 per cent moved out of poverty, 10.3 slipped into poverty and 51.4 per cent are never poor. In western Uganda, only 3.7 per cent are chronically-poor, 7.9 per cent moved out of poverty, eight per cent slipped into poverty while 80.5 are never poor. Central Uganda has the lowest percentage of chronically-poor people at 1.2 per cent, while 6.7 per cent moved out poverty, 2.5 per cent slipped into poverty and 89.5 per cent are never poor. The Ubos report, titled the ‘Uganda National Panel Survey 2015/16,’ also reveals that despite interventions by the government to reduce poverty, those born into poverty were still unlikely to escape it. Government is running a series of anti-poverty programmes in both the north and east, such as the World Bank-funded Northern Uganda Social Action Fund (NUSAF), which is intended to provide effective income support to and build the resilience of poor and vulnerable households. Other programmes include the Peace, Recovery and Development Plan (PRDP), the Northern Uganda Agricultural Livelihood Recovery Programme (ALREP), and Karamoja Livelihood Programme (KALIP). Despite the wide range of the projects, the report shows that poverty levels are, instead, going up. For instance, the report shows that about that 13.1 percent households had moved into poverty compared to 7.7 percent households that moved out of poverty between the 2013/14 and 2015/16 financial years. “Nine per cent [of the] male-headed and 11 per cent of female-headed households remain chronically-poor. And we found out that the households headed by women are unlikely to get out of poverty,” Ssennono said. According to the World Bank, chronic poverty is a condition characterised by severe deprivation of basic human needs, including food, education, information and health. It depends not only on income but also on access to services. The study is part of Ubos’ long-term census plan covering a 10-year period, which is in turn part of the national development statistical development that provides a framework for statistical improvement across government ministries, departments and agencies. Of the 17,495 individuals from a survey conducted in 2013/2014, a sample of 3,200 households was selected for the panel survey. At least 16,748 (96 per cent) were traced and interviewed while 747 (four per cent) had dropped out. Ubos follows up the same households and the individuals for some years to understand the variation over the years in their livelihoods in terms of income and expenditure. The findings indicate that the highest share of household expenditure was on food (46 per cent) followed by rent, fuel, energy at 20.2 per cent, and education at 12.9 per cent. Unlike the previous report the latest survey shows a decrease in the share of household expenditure on health from 4.4 per cent in 2013/14 to 3.3 per cent 2015/16. OTHER FINDINGS Nationally, the survey shows there was a 13 percent increase in drug stockouts of “tracer drugs” at health facilities during the survey period, with the current rates standing at 74 per cent compared to the 61 per cent stockout rate recorded in the 2013/14 survey period. The World Health Organisation (WHO) defines tracer medicines as drugs that satisfy the health care needs of majority of the population. While hinting on the way forward, the director social survey at Ubos, James Muwonge, explained that the agricultural sector plays a critical role in poverty reduction, stating that it deserves a re-examination to focus on extension services, inputs availability and access to credit. “The immediate way of entering the job market is through self-employment. People in agriculture are likely to remain in their jobs,” Muwonge said. alitwaha9@gmail.com Sign up and get daily updates right to your inbox. Link Copy link"
The Observer,https://observer.ug/business/business-business/fao-lands-ministry-push-for-land-registration/,"FAO, lands ministry push for land registration",2016-11-28,"The Observer The ministry of lands has embarked on a move that will ensure that all land in the country is digitally-registered. The ministry, in collaboration with UN’s Food and Agriculture Organization (FAO) and Makerere University, have chosen Kasese district as a pilot for developing a digitalized system for customary certificates of ownership (CCOs) to help reduce land disputes. Recently, more than 457 landowners from Busongora, Maliba and Buhunga sub-counties received their CCOs from a database that now includes 4,633 people. All CCOs were validated in the field and issued with an individual identifier and on watermarked paper. Lands minister Betty Amongi said the constitution grants equal dignity and protection to customary and formal rights where 70 per cent of land in Uganda is held under undocumented customary law. Registration will help to identify who owns which land and where. “The land law and land policy reinforce this and acquiring the CCOs is the first step for government to implement the law hence helping people who want to use the land for commercial purposes and reduce land conflicts,” Amongi said. Amongi added that the pilot project in Kasese has demonstrated that implementation of CCOs is within reach in Uganda, opening the way for nationwide rollout. “There will be need to support government to enforce this system in all districts to ensure that it adapts to the different circumstances and specific challenges that may arise,” she said. Massimo Castiello, the FAO deputy country representative, said: “Demand for food production is high, population is increasing but land isn’t. We must ensure security of land to safeguard ourselves against hunger.” jsekandi@gmail.com Sign up and get daily updates right to your inbox. Link Copy link"
The Observer,https://observer.ug/business/business-business/government-plans-for-more-mini-power-dams/,Government plans for more mini power dams,2016-11-28,"The Observer Government is planning to focus on more minidams that could supply power to areas not reached by the main national grid. Julius Wamala, the acting assistant commissioner for generation in the ministry of energy, said: “We have been working on the bio-fuels policy for some time, and we are happy that cabinet has accepted the policy. It will allow the ethanol to be mixed with fossil fuels to produce more electricity.” This was at a recent workshop that brought together investors in the energy sector organized by ministry of energy and the German government. “The ethanol-diesel mixture aims to provide reliable, low cost power to minidams that supply to areas which are not connected to the national grid,” he said. Benon Bena, manager of off-grid renewable energy development at Rural Electrification Agency (REA), said that in 2013 government published a rural electrification strategy and plan (RESP) for period 2013-2022 with the objective of achieving accelerated pace of electricity access. “Our target is to achieve a rural electrification access of 26 per cent by 2022, which translates to 1.4m new connections on and off-grid,” he said. Bena explained that REA will support investors in minidams through identification of off-grid sites. He said they would provide capital subsidies to cover the cost of the local distribution grid and connections in addition to supporting companies with community engagement and social intermediation. PLANNED INVESTMENTS Bena said that a firm, Absolute Energy Ltd, has obtained a letter of intent from government to set up a 230kW PV mini-grid pilot project on Kitobo island on Lake Victoria. It will supply power to more than 600 households and businesses. “REA will provide the distribution grid and a capital subsidy to buy down the end-user tariff. Once the pilot is successful, the company will roll out to other 10 islands,” he said. He said the EU has identified and undertaken pre-feasibility studies of 15 sites in northern Uganda. The sites will be tendered to a private sector developer who will receive a capital subsidy to buy down the end-user. “There is need to streamline and shorten the licensing regimes and also sometimes remove or reduce license fee for very small projects,” he said. justuslyatuu08@gmail.com Sign up and get daily updates right to your inbox. Link Copy link"
The Observer,https://observer.ug/news/police-build-post-to-protect-prisons-boss-disputed-land/,Police build post to protect prisons boss’ disputed land,2016-11-28,"The Observer After months of on-and-off clashes over a disputed 12-acre piece of land in Namataba, Wakiso district, police have constructed a post on the private property in a bid to stem any further clashes. The disputed land is claimed by Jack Wycliffe Kururagyire, the acting human resource commissioner at Uganda Prisons, who had planted eucalyptus trees on it. However, area residents argue that Kururagyire had only secured a temporary lease on the land from the National Forestry Authority (NFA), which expired in April. The residents claim that President Museveni compensated them with the land following their eviction from different parts of Kampala to pave way for the city’s expansion. According to Kampala Metropolitan Police spokesperson, Emilian Kayima, the heavy clashes between Kururagyire’s employees and local residents left police with no option but to come out in full force. “The structure under construction is for the officers who will be protecting that place,” he said. “In that area, it is known for land grabbers to occupy land in the name of whoever they say has given them the authority to use the land.” CONFLICTING ACCOUNTS The decision to construct the police post was prompted by the most recent clash, which took place on October 25. On that day, residents forcefully took control of the land and cut down Kururagyire’s trees. Kururagyire estimated that the trees cut down are worth about Shs 300 million. According to one of the residents, Jonathan Lwanga, they were angered by Kururagyire’s attempts to construct a shelter on the land yet his lease had expired. However, Kururagyire told The Observer that the structure he was constructing was meant for his workers to rest when they are deployed on the land. Kururagyire also maintained that his lease runs until 2017. Later, through one of his aides, Kururagyire provided The Observer with documents showing that the National Forestry Authority had granted him a fresh licence to establish and develop a commercial tree plantation on an area of 5.0 hectares in Namanve central forest reserve up to 2033. “The license is valid for a period of 17 years from 04-May-[20]16 to 04 May-2033 subject to the satisfactory complication of an initial two-year probationary period,” says the tree farming licence, signed by NFA executive director, Michael Mugisa and the director, Natural Forests, Levi Etwodu. According to the licence, Kururagyire will pay an annual licence fee of Shs 30,000 to the forestry body for each hectare of the land he secured for purposes of growing trees for timber, poles and fuelwood. Efforts to contact senior NFA officials for the past two weeks have been futile. Kururagyire explained to The Observer how he acquired the land the first time round some 23 years ago. He said the entire process was legal. “Back in 1993, the forestry department called for farmers who wished to grow some trees to provide firewood and timber for the urban dwellers. I applied and, on paying the [licence] fee, the forestry department gave me a wood permit, along with many other farmers,” he said. According to Kururagyire, in 2010, he got information that the government wanted to construct an inland port in Namanve so he re-applied for a licence to secure his trees. But Edirisa Mukasa, the leader of the group with whom Kururagyire is fighting for the land, says they too have a legal claim over the property. “We were given this land after Kampala developed its expansion and we got affected. All the affected people were moved to this land. We applied for this land through the ministry of lands and President Museveni granted us the land,” he said. COUNTER ACCUSATIONS Mukasa believes that top government officials that include Kururagyire, Wakiso RDC Ian Kyeyune and senior police officers want to claim the land so that they can receive compensation when construction of the standard gauge railway starts. “RDC Kyeyune came to me – he was driving a double-cabin pickup [truck] – and asked me to keep quiet about the land. He said they will give me something but I told him this land is for the people. I am just their leader. What will I tell them afterwards?” he explained. On October 24, RDC Kyeyune met some of the residents and ordered them not to use the land. Kira division district police commander, Steven Asiimwe, also met the locals, who maintained that the land belongs to them. Asiimwe advised them not to use violence. However, those meetings seem to have fuelled the already-tense situation, leading to the violence of October 24 and 27 that resulted in the trees being cut down. Mukasa says that police has arrested and detained 27 people since the matter started, while his young brother was shot and hospitalised. Of the 27 arrested, according to Mukasa, 20 were taken to Luzira without recording statements. Kururagyire, however, says he only sought the involvement of political and security chiefs because the situation had got out of the hand. “I went to Kampala metropolitan police to discuss those developments and told them that a mob of people came and cut all my trees in broad daylight,” he said. With the residents refusing to back down even after the intervention of Wakiso’s security and political heavyweights, Kururagyire police, where they are constructing a post. alfredodcho@gmail.com Sign up and get daily updates right to your inbox. Link Copy link"
The Observer,https://observer.ug/news/mawale-village-where-amin-museveni-histories-collide/,"Mawale village, where Amin Museveni histories collide",2016-11-28,"The Observer The Luganda word mawale is used to refer to an unruly or rogue child. And at different stages in their history-making lives, Yoweri Museveni and Idi Amin Dada were seen as mawales – both having rebelled against the establishment and used arms to capture power. But researcher FRED GUWEDDEKO went to a village called Mawale and found more intriguing similarities between Museveni and Idi Amin. President Museveni has constructed his old-age home at Mawale village, a very short distance from the childhood home of ex-President Idi Amin. The erstwhile foes, Museveni and Amin stayed at Mawale before becoming president and both returned there after becoming president. This coming close of Museveni to Amin at Mawale evokes their differences and similarities. More importantly it highlights Mawale village as a microcosm of modern Uganda history. Mawale village in Makulubita sub-county, Luweero district, carries not only the history of presidents but a rich history. Remarkably, Mawale was one of the richest rural villages in colonial Uganda. This was because the local Baganda Mailo landlords employed cheap migrant labour from among the the Luo, Nubians, Banyankore and Banyarwanda on cotton and coffee farms. Today Mawale is as poor as many other villages in Uganda. Mawale village is the unique source of two peasant background leaders who have militarily captured power and ruled Uganda in an authoritarian manner. Idi Amin grew up at Mawale tending goats of richer local peasants, but Museveni was no different. As a child he was elsewhere tending cows also of richer local peasants but lived at Mawale during the 1981-1985 war at the Mondlane NRM/A Military High Command at Kitema, which is a valley, forest and water spring in Mawale village. One octogenarian, Hajji Isa Kaggwa, born and raised at Mawale, has had the unique experience of interacting with and witnessing two migrants to his locality, first Amin then Museveni, before and after becoming presidents of Uganda. Hajji Kaggwa has also witnessed the various colonial-period migrant labourers in Mawale village take power and leave. The Luo labourers took power in 1962 and left, many joining the army. The Nubians took power in 1971 and left, many becoming soldiers. The Banyankore and Banyarwanda took power in 1986 and ceased being cheap migrant labourers in Mawale. The most important Mawale village stars, President Museveni and Amin, are however, known more for enmity towards each other than as village mates of a kind. In addition to fighting, the two have had no kind words for each other. In a public statement in August 1974, Amin denounced and warned people in western Uganda against Museveni. In a lengthy explanation, Amin said: “Museveni is engaged in subversive activities. He is supported by neocolonialist USA, imperialist Britain, Zionist Israel, apartheid South Africa and colonialist Portugal.” Amin is quoted concluding that by allying with all the enemies of the third world, “Museveni brought shame not only to Uganda, but to the whole of the peoples of the entire Africa”. In 1975, Amin deployed a unit, under one Bizigini, in the then dreaded State Research Bureau to eliminate Museveni who narrowly survived these assassins in Jinja and Nairobi. In response, President Museveni has said that he had to flee Uganda the day after the 1971 military coup as he could not be ruled by a person like Amin. Museveni waged war on Amin’s regime, described leaders like him as swine and virtually reversed all Amin policies and achievements. This included the Amin economic war to place the Uganda economy in the hands of the indigenous people; by far the most popular policy in the history of Uganda. At the burial of the then secretary to the Bank of Uganda, late Dr Joshua Mugyenyi, President Museveni said he did not understand why God takes away such good people and leaves persons like Idi Amin. In spite of the bad blood, the closeness and similarities between the two most outstanding Mawale village ‘alumni’ are striking. The current development where an elderly President Museveni has proceeded to personally fetch water from the same water source used by the young Idi Amin in 1932-1939 is symbolic of foes that are also similar. As if to positively affirm comparability, President Museveni has also directly engaged in farm labour exactly as Amin did when he was living in Mawale. President Museveni has addressed the press from Mawale village about local village level development, politics and the situation in the country; something that Amin also did on more than two occasions during his presidency. Whereas the young Amin used to push the bicycles of rich Baganda landlords as they passed the hill from Semuto into Mawale; the elderly Museveni at Mawale is equally fascinated with the bicycle. As presidents, both Museveni and Amin distributed direct cash and development materials to the local people of Mawale village. President Museveni distributed cash and farm inputs while Amin distributed cash and cement to local households at Mawale. While growing up at Mawale, the twelve-year-old Amin was, in 1940, chased away from starting Non-Grade schooling at the then Semuto Church of Uganda Sub-Grade (now primary) school due to not being an Anglican Christian. Similarly, the young Museveni could not start Non-Grade schooling in Ntungamo until his parents properly converted to Anglican Christianity and regularized their cohabitation in the Anglican Church in 1947. The surviving benefits of Mawale village from Amin while he was president of Uganda is a then big, but by present standards small, mosque towards which Amin contributed five hundred shillings, plus cement and iron sheets. The residents say that President Museveni has completed plans to construct an army barracks at the site of Mondlane guerilla camp and NRM/A Military High Command at Kitema in Mawale. A conversation with three of the oldest men of Mawale village on Friday November 4, 2016 after the Juma prayers at the village mosque revealed that one Mohamudu Sayi, at whose home the young Amin stayed at Mawale in 1931-1940, returned to southern Sudan in 1974, as the civil head of the Kakwa Nubian soldiers and civilians with then Uganda Military Police commander, Lt Col Hussein Malera. Many of these Nubians had come to Uganda as refugees fleeing the Anyanya (I) and Anyanya (II) ethnic crises in Sudan. They joined Uganda Army to buttress it against the Buganda uprising after Mutesa was ousted from president in 1966. Others were recruited in the Uganda Army in 1971 to preempt an anticipated Langi and Acholi attempt to regain power and return Obote who had also been ousted. The Nubians led out of Uganda by Mohamed Sayi of Mawale village and Col Malera were forced to leave by complaints of being favored in the army, being above the law and being violent. These complaints had led to the 1974 army uprising and the solution was that they return to Sudan. Our conversation revealed that the overall commander of the NRA who was also at the Mondlane camp at Mawale, Major General Fred Rwigyema, led Banyarwanda NRA soldiers and refugees back to Rwanda. President Paul Kagame, who completed the Rwanda refugees return to Rwanda, was among the last NRA fighters to leave Mawale as the war progressed towards NRM/A capturing power in 1985-1986. Like the Nubians from South Sudan, the Banyarwanda refugees led back by Mawale village ‘alumni’ had also fled 1959 and 1973 ethnic uprisings in Rwanda. They first joined the Uganda army in 1971 to prevent Obote and the Luo return to power against Nubian leadership; in the 1979 war they fought to oust Amin and during the NRM/A 1981-1985 war to oust Obote. The Banyarwanda who, like the Nubians in 1974, had also risen to the echelons of power in Uganda since 1986, were forced to return by complaints that they were favored and were monopolizing the then Uganda NRA army. One octogenarian, Mr Gereshom Kaburushu, who is among the Banyankore and Banyarwanda who moved to Mawale in the 1930s, is still alive and now lives a few miles outside Ishaka town. He used to walk for nine days from Sheema to Mawale village. He notes that the colonial Baganda landlords at Mawale were very rich. Kabushuru recalls digging for his Baganda masters a hole in the house or in the garden for a large clay pot called ‘Toggero’ in which they kept the money from cash crops grown by the migrant labourers. On his first trip to Kyebeereka, Banyankore labourers camp from where he worked in Mawale, Mr Kaburushu was dressed in cow hides. He wore his first European clothes while working in the gardens of Baganda landlords at Mawale. The old man, who recalls growing up with Amin at Mawale village, said the colonial migrant labourers were not equal in status. The lowest level and lowest paid were the Banyarwanda, whereby many were permanent garden labourers on the large Baganda landlord acreages. The next from below were the Banyankore migrant labourers who were seasonal and camped at a specified station from where the Baganda landlords employed them. The Luo ranked third from the bottom of the migrant labour hierarchy in Mawale village. They temporarily stayed at a Luo colony of huts outside the present Semuto town and would return home after the cotton season. The Luo made single-season borrowing of a Mailo Land field on which they would grow cotton and at the end of the season they shared 50 per cent with the Baganda landlords. The highest-status migrant labourers were the Nubians, who also stayed at their Nubian colony of huts headed by Mohamudu Sayi. The colonial-period Nubians at Mawale used to borrow pieces of Mailo land from Baganda Landlords to plant cotton but, unlike the Luo who were charged half of harvest, the Nubians paid one third of the harvest. Finally, the three old residents talked about the Mawale sons, Baganda and Nubians that became rich in Kampala in 1973 from allocation of businesses abandoned by departing Asians expelled by Amin. He would later, after receiving the 1974 budget speech, declare: ‘my policy is to make the peoples of Uganda rich’. They could not name any Mawale sons who have become rich from President Museveni’s ‘Operation Wealth Creation’ through receiving a cup of seeds and irrigating them with used mineral water bottles. In spite of how ironic the fate of Mawale village maybe, it is still very special for identifying with two presidents of Uganda, though they are products of migrant labour ethnic groups and war-making ‘liberators’ rather than the indigenous local Baganda. It should not be forgotten that Mawale village was one of the richest rural areas both in Buganda and the whole of Uganda under colonial rule. But it has become very poor. That a village that in its history imported lots of Nubians, Luo, Banyankore and Banyarwanda migrant labourers has now become an exporter of boda boda labour riders. Perhaps this is why Mawale village is the only place where President Museveni can build near Idi Amin. The author is a PhD fellow at MISR Makerere University. Sign up and get daily updates right to your inbox. Link Copy link"
The Observer,https://observer.ug/news/anite-defies-kasaija-over-uegcl-top-job/,Anite defies Kasaija over UEGCL top job,2016-11-28,"The Observer Row on who should lead board to supervise $2.3bn power projects takes new twist Investment and privatisation state minister Evelyn Anite has vowed not to bow to pressure and rescind her appointment of Eng Proscovia Njuki as the board chairperson of the Uganda Electricity Generation Company Limited (UEGCL). The junior minister took the stand after her boss, finance minister Matia Kasaija, asked her to withdraw her letter giving the job to Njuki in favour of computer expert Frank Katusiime. Sources close to the matter tell us that Kasaija told Anite the move would sanitise the ministry’s image, which took a battering after it emerged that the two ministers had each appointed a different individual to the same job. When contacted by The Observer on Friday evening, however, Anite said she intended to stick to her guns until Kasaija explained why his appointee was better fit for the job. “I can’t [annul my decision],” she said. “[Kasaija] has to put it in writing telling me why Njuki has to be removed. Is it because she is a woman or because Katusiime is more qualified? Or is it because Njuki is from a different region?” Anite threw another spanner in the works, questioning Katusiime’s suitability for the job. She said, “Even if I was to rescind my decision, I wouldn’t do it for Katusiime. He has integrity issues.” Katusiime served as the board chairperson for Uganda Electricity Transmission Company Limited (UETCL) for three years from 2006, but his tenure was dogged by a number of controversies. For instance, in 2009, a parliamentary committee on commissions, statutory authorities and state enterprises (Cosase), then led by Regan Okumu, accused Katusiime’s company, Rank consults, of failing to remit Shs 4.3 billion in Value Added Tax (Vat) to Uganda Revenue Authority. Instead, according to the committee, Katusiime’s company received a tax waiver. The same committee also accused Katusiime of influence peddling when UETCL, which he was heading, bought his building on plot 10, Hannington road at Shs 7.7bn, a figure MPs said was over-valued. HOW IT HAPPENED Kasaija said he appointed Katusiime as the prospective head of UEGCL through a November 8 letter. Katusiime promptly responded to the finance minister the following day, accepting the appointment. In Katusiime’s response, however, the computer expert notes that he is replying to an October 9, 2016 appointment letter. Asked whether he had already communicated the appointment by that date, Kasaija said, “That’s a minor detail which we shouldn’t delve into”. Meanwhile, Anite told The Observer that she spoke to Kasaija on November 8, 2016 about the position and they agreed that she appoints someone from among the already existing UEGCL board members. Anite says after doing due diligence on all the board members, she zeroed in on Njuki as the best person for the job and went ahead to appoint her on November 11, 2016. “I had a lengthy discussion with Hon Kasaija on Tuesday November 8th and that is when I brought the issue to his attention,” Anite said. “And that was out of courtesy because the powers to appoint lie with me as a shareholder and line minister. It is privatisation unit responsible for the energy companies. It was Hon Aston Kajara, [former minister of investment], that used to appoint these board members.” SOURCE OF CONFUSION So, what bred the confusion if the two ministers had indeed reached an agreement on the matter after a lengthy discussion? According to Kasaija, the confusion was down to lack of extensive consultations. He said he decided to make the appointment himself after Anite went on maternity leave sometime last month. “You know Hon Anite just had a baby. She has been away for a month now [so we didn’t consult each other],” the Buyanja MP reasoned. However, Anite vehemently rejected her boss’ explanation when it was brought to her attention in a separate interview. She said she was “shocked that my senior minister can say it was lack of consultation” and maintained that she had agreed with Kasaija on who to appoint. “Yes, I gave birth, but it is not true that I have been bedridden and not working. I have been having meetings with investors. I was advised not to sit for long and I continued doing my work,” she said. Anite said when she spoke to Kasaija prior to the appointments, “he told me ‘I don’t know the board’ and I told him this was a board of seven people.” According to Anite, when she expressed the view that they should “appoint one of the board members to replace [outgoing board chairperson Stephen] Isabalija,” the minister agreed. “In fact he used the word ‘institutional memory’ to describe the person we needed,” she said. “So, I picked Njuki on merit. She has been on the [UEGCL] board for almost seven years. I had two meetings with the other board members and I thought she was brilliant,” Anite said. According to Anite, she was later shocked to learn through social media that her boss had appointed another person altogether, moreover one who had never been on the UEGCL board. ENTER MUHAKANIZI Anite said after learning of Kasaija’s appointment, she picked her phone and called the minister again to seek clarification on the matter. She said that before responding to her, Kasaija asked someone – while Anite was still on the line – that, “Keith, who is this man we appointed?” “And Keith replied that ‘he is called Frank Katusiime and he was working with UETCL’,” said Anite. When The Observer contacted the secretary to the treasury, Keith Muhakanizi, on whether he was the “Keith” in question, he conceded that he had indeed proposed Katusiime’s name to the minister. “I am the chief advisor of the minister of finance,” he said to justify his move. Muhakanizi added that he too had done due diligence on potential candidates and found Katusiime to be the right man for the job. RECEIVING THE LETTER Meanwhile, while Katusiime’s appointment was written on November 8, UEGCL did not receive it until November 25 – raising question on why a letter would take that long to reach one of the parties copied in. Interestingly, Njuki’s appointment letter reached UEGCL before Katusiime’s. The UEGCL communications officer, Simon Kasyate, confirmed to The Observer that they received a letter appointing Eng Njuki as board chair and Eng Gilbert John Kimanzi as new board member on November 14, 2016. “We were full of commendation to the shareholder for swift action. When a day later, we received a letter from Katusiime accepting his appointment, we were baffled as we had not received a copy of his appointment,” Kasyate said. “We were further baffled when on November 25, we received a copy of Katusiime’s appointment written on November 8. This by all measure is confusing to say the least. But we await guidance from the shareholder on which appointment to [go with]”. BIG DEALS AT STAKE Among other things, UEGCL is in charge of managing two headline power dam projects under construction. These are the 600MW Karuma dam, which will cost $1.7bn, and the 183MW Isimba dam that will cost $570m. Last week, energy minister Irene Muloni officially handed over the mandate to oversee the projects to UEGCL, which will be supported by UETCL. According to one of the appointment letters, the board members earn a sitting allowance of Shs 350,000 (net of taxes) and a net monthly retainer of Shs 1.7m. The board’s tenure is three years, although it is renewable. Kasaija described the row over the job as “a small issue” and said they were in the process of sorting out the issue. Anite told us they had agreed to sit today [Monday] to see how to move forward. amwesigwa@observer.ug Sign up and get daily updates right to your inbox. Link Copy link"
The Observer,https://observer.ug/business/new-land-electronic-card-will-fight-fraud-buganda/,New land electronic card will fight fraud – Buganda,2016-11-30,"The Observer After completing mass registration of tenants on Kabaka’s land, Buganda Land Board (BLB) has moved to secure people’s land records through the introduction of a land electronic card that uses the palm vein biometric system. Joseph Kimbowa talked to BASHIR KIZITO JUMA, the head of physical planning and survey at BLB, about this innovation. What has inspired the land electronic card? In Uganda, studies have shown that there are so many forgeries and misrepresentations in land matters, all coming out of a poor identification system at our land registry. Between a period of five and ten years ago, even the ministry of lands registry would not require you to have a passport photograph for your land documentation. All you had to take in was your name and signature. Many people lost property just because other people could come with similar names and forged signatures. The ministry later added a photograph but we all know the photograph has never been that safe. This somehow rendered the whole process vulnerable to fraudsters. Then of course we have known that some forgeries over land are done with connivance with ministry of lands officials. We have, therefore, pioneered with modern biometrics technology where we will issue a land electronic card that uses the palm vein pattern authentication process. This is the first of its kind in land-related matters. How does this work? Here, all documentations such as purchase agreements, land agreements, land titles, wills, letters of administrations, photographs of property, verification letters from neighbors or abaami ba Kabaka, are scanned and put onto a chip that is then inserted on what we have called a land electronic card. The card is like your ordinary ATM card. Once you put it into a card reader and the user ID is authenticated, the whole documentation of someone’s land can be seen. This card can contain information of as much property as someone can have. But that is as good as moving with a flash disc! That is where the palm vein biometric system comes in. In this case, the owner will be required to come and identify themselves with us with a national ID, driving permit or a passport. Then we capture their palm vein system. Every individual in the world has a unique palm vein network. So, we scan it using special machines, capture and store its image in our systems as part of their identification. If they ever want to carry out any transaction on that land, they will have to come to us and verify with our systems that have their stored palm vein image. Should there be a mismatch, no transaction takes place. I know it is going to be hard for fraudsters, especially those who want to register multiple properties in different names. With our system, you can own as many properties but only when you are using the same identity. I am sure URA and other authorities will be interested in this. We have previously used biometrics such as fingerprints and eye scans, why do you think the palm vein is safer. Science has found loopholes in fingerprints. People age and fingerprints change. Even when people do hard work or use oils, fingerprints change. We could have gone for the scanning of eyes; it is quite okay but the problem is you cannot always offer consent. Someone can easily direct rays to your eyes and they get your consent. The palm vein system is based on a real body system. You can’t cut off someone’s hand and bring it. The veins must have flowing blood. It is also difficult to duplicate since veins are internal to the human body. Palms have a broader and more complicated vascular pattern and a wealth of differentiating features for personal identification. What happens if someone dies or loses the card? It would be useless to steal this card because you can’t use it to transact except for the owner who just has to report it to us so that we deactivate the lost one and print a duplicate one. If a person dies, the normal procedures towards a deceased’s estate work. Their next of kin or family have to prove the demise with a death certificate, go ahead with the usual procedure of getting letters of administration. Once somebody comes with that proof, then we go on to get the new biometrics of the letters of administration-bearer and attach the new biometrics to the property and issue them a new land electronic card. Where have you benchmarked this technology? It is a partnership; we have the technology service providers called WCT [World Compliance Technologies]. They provide the same technology in the US department of agriculture and the department of defence. We got it through another solution partner called VIVA, based in Dubai. But where has it worked before? Like I said, over land documentation, not anywhere. It has worked over providing access to very sensitive areas such as maximum security prisons, banks in Japan and at the cells of the International Criminal Court in The Hague. How then did you conclude that this was what Uganda needed? We have been thinking about it since 2010. We mentioned the use of a smart card then but we had not thought of biometrics. At first, we wanted to enable people carry their land documentation in one piece. But with improvements in technology, and studying the land situation in the country, we realized that there were more loopholes that needed tightening. Do you have the required capacity? We average 50 people per month issued with the LE-cards since we started our pilot in July this year. We are currently working with one VIP centre at our head offices at Masengere but we plan to roll it out soon. We now register people by invitation but we will soon start the general public registration. We have established a high-volume centre at Muganzirwazza building in Katwe and this registers twice as many people as we register here. We also plan to open other centers in Kampala, Masaka, Luweero and Mukono. At the current capacity, we will be able to register at least 8,000 people a month. But like I said, the project will open up more upcountry centres and the capacity will increase. Does this apply to only people on Buganda land or all Ugandans? For now, we are handling people on Kabaka’s land who are registered with us. But we have made provisions in the system in the future to collaborate with the ministry of lands such that other people with property elsewhere in Uganda can benefit from it. It is however important that first the system is linked to the main registry. That is why, for now, we are dealing with people registered on Buganda land because any transaction that occurs on Buganda land involves BLB. So, we can control and mitigate any fraud. Currently, we don’t have the lands ministry on board but we know they will look at our system and admire it and come on board. It will require them to link their database server to ours such that we streamline, check and control the land transactions. We shall be willing to offer support in capacity building and technology provision when that time comes. This will go a long way in fighting fraud. How much is this card? We asked individuals to come with Shs 100,000. People can pay through the bank or using mobile money. We also have a card for corporate organizations. These pay Shs 200,000. What do you say about the skeptics on Kabaka’s land who are reluctant to register? Anybody who has not registered is treading carelessly because it is much costly trying to reverse a transaction gone wrong. If someone defrauds you of your property, the processes involved are much more costly financially and in time. You can’t compare with a simple convenient way of registering one’s kibanja and getting a card. Even courts don’t offer a guarantee. They may offer you justice but after eight years or so many years. In other instances the case may even drag forever. kimbowa@observer.ug Sign up and get daily updates right to your inbox. Link Copy link"
The Observer,https://observer.ug/business/banks-ordered-to-install-in-country-data-centers/,Banks ordered to install in-country data centers,2016-11-30,"The Observer Bank of Uganda has instructed commercial banks to install in-country primary data centers and disaster recovery sites to avoid heavy reliance on their parent firms, writes ALON MWESIGWA. A disaster recovery (DR) site is a facility an organization can use to recover and restore its technology infrastructure and operations when its primary data center becomes unavailable. BOU deputy governor Dr Louis Kasekende said recently that they were finding issues especially in the resolution of cross-border banking entities because they heavily rely on their mother banks to store customer information. “I want to draw your attention to the recent closure of a Kenyan bank, which had a subsidiary in Uganda. The closure high-lighted a few challenges in the winding up of parent banks while the subsidiary remains operational,” Kasekende told bankers while officiating at the supervisory college of Standard Chartered bank in Munyonyo. The college was also attended by officials from Bank of England’s Prudential Regulatory Authority (PRA), the home regulator of Stanchart plc. Imperial bank Kenya folded early last year but its subsidiary in Uganda had to continue operating until it was sold to Tanzania’s Exim bank. Kasekende said such a scenario was challenging and all commercial banks needed some level of independence on data centers. “Consequently, to ensure uninterrupted business continuity of the subsidiary at all times, Bank of Uganda issued a directive to all commercial banks to install in-country primary data centers and disaster recovery sites,” Kasekende added. In-country data centers mean customers’ data would be stored within the country. Thus all the banks that operated over- seas data centres must repatriate the information. Most major commercial banks in Uganda are foreign-owned and depend heavily on their parent firms for most of their technology needs, including data back-ups. A slowdown or interruption at the mother bank affects the subsidiary too. Yet running an independent data center also means increased cost for some banks and at times a threat to competitiveness for those with less financial muscle. A couple of the banks outsource IT infrastructure. “We trust that Stanchart is fast-tracking the implementation of the data center and disaster recovery site and that the PRA will strongly encourage Standard Chartered Bank Plc. to ensure that its subsidiary fully complies with this directive,” Kasekende said. Meanwhile, Kasekende lauded supervisory colleges for providing avenues for information sharing among supervisors; facilitating common understanding of risks in financial groups, and contributing to improved crisis preparedness. They also provide a platform for communicating key supervisory messages among college members. Kasekende said addressing emerging vulnerabilities such as unintended consequences of implementing global standards and rules like anti-money laundering and anti-terrorism financing mechanisms will need collaboration from supervisory colleges. “However, these colleges are not a substitute for effective national supervision nor should they undermine the legal and prudential responsibilities of the respective supervisors. Supervisory colleges should, instead, provide a framework to enhance effective supervision of international banking groups on a consolidated and solo basis and inform decision-making in this regard,” Kasekende said. amwesigwa@observer.ug Sign up and get daily updates right to your inbox. Link Copy link"
The Observer,https://observer.ug/news/kasese-religious-leaders-call-for-end-to-the-bloodshed/,Kasese: Religious leaders call for end to the bloodshed,2016-11-30,"The Observer Religious leaders have urged government and the Obusinga bwa Rwenzururu to consider having talks on how to solve the current unrest in the region. Through their umbrella body, the Inter-Religious Council of Uganda (IRCU), they have advised both sides to drop their guns because violent means will never end conflicts. Speaking at a press conference on Monday, Joshua Kitakule, the IRCU secretary general, blamed the conflict on lack of implementation of government programmes and high poverty rates in the region. He also called upon the people in the region to desist from using vengeance and adopt better means to channel their grievances. “There is this culture of violence all the time and we think that government, the Obusinga and the people of Kasese need to learn to resolve conflicts through non-violent means. We agree that there is a problem and we are saying that it cannot be solved by use of a gun. It can only be solved sustainably through constructive dialogue,” said Kitakule at the council’s offices in Mengo. Last weekend, clashes escalated in Kasese as the police and UPDF raided the palace of King Charles Wesley Mumbere to arrest guards believed to be part of a militia being trained to fight against the government. Government says the militia had set up military camps in the Rwenzori mountains, from where they were training fighters and collecting taxes from the people in the territory they control. Kitakule advised government to institute a committee of inquiry to probe the volatile situation in the Rwenzori region and also implement recommendations made after the first inquiry. He also called upon the relevant authorities to come up with solutions to the land management and distribution problems in Rwenzori. The religious leaders further condemned the new flare of violence taking place in the region and decried the manner in which the state organs stormed the Omusinga’s palace. They urged security organs responsible for the detention of the Omusinga to guarantee his civil rights, freedoms and personal safety. “The current violent situation in Kasese, coupled with the defacto vacuum in the cultural institution of the Omusinga Bwa Rwenzururu is a threat to the peace-building efforts being pursued by the different stakeholders in the region,” noted Kitakule. He added; “We, therefore, call for calm and cessation of hostilities in the district and urge for a constructive dialogue between President Museveni and the Omusinga to iron out the areas of disagreement with the view of arriving at a lasting solution. The religious leaders say they will visit Kasese from December 6 to 7, and engage their counterparts, political leaders and public to find ways of ending the conflict through dialogue. abumay1988@gmail.com Sign up and get daily updates right to your inbox. Link Copy link"
The Observer,https://observer.ug/news/citizens-challenge-appointment-of-mps-to-cabinet/,Citizens challenge appointment of MPs to cabinet,2016-11-30,"The Observer Two citizens have gone to the Constitutional court to challenge President Museveni’s appointment of MPs to cabinet, saying it is unconstitutional. In their petition, Isaac Wadada and Hamim Nsimbe, argue that the appointment of MPs to cabinet is inconsistent with Article 113(4) which prohibits ministers from holding offices of profit or emolument. “That the appointment of ministers by the president from among members of parliament under article 113 (1) of the Constitution creates conflict of allegiances as the same persons subscribe to two conflicting oath of minister and oath of Member of Parliament is inconsistent or in contravention of articles 115 and 81 (4) of the Constitution,” the petition reads. Through Kiwanuka and Mpiima advocates, the duo asserts that the intention of the article was to prohibit MPs from holding offices of profit, which is likely to compromise their office. The petitioners want the court to rule that MPs who are appointed to cabinet but refuse to resign from their role as legislators are in breach of several provisions of the Constitution. It adds, “That court should grant permanent injunction stopping MPs from holding office of the minister yet at the same time they serve as members of parliament.” ELECTORAL COMMISSION In the same petition, Wadada and Nsimbe challenge the parliamentary elections organised by the Electoral Commission (EC) in the newly-created districts on grounds that it violated article 61 (a) (c) and (h) of the Constitution. In August, in the aftermath of the of the general elections, the EC organised parliamentary and local government council elections in the new districts of Kagadi, Kakumiro, Omoro, Rubanda and Kibaale. But the petitioners contend that the EC had no mandate under the Electoral Commission Act section 20 (2) to organise elections in newly-created districts after the election cycle for 2016 has been completed. “That with my knowledge as a lawyer, the Electoral Commission Act Cap 140, under section 20 (2) where a district is established after proceedings for an election in the area of the district have commenced, the new district shall only become an electoral district for subsequent elections,” Wadada says in his affidavit in support of the petition. According to the petitioners, the EC cannot be trusted anymore since the elections it has held have been found to be marred with irregularities by court on several occasions. dkiyonga@observer.ug Sign up and get daily updates right to your inbox. Link Copy link"
The Observer,https://observer.ug/news/inspectorate-of-government-loses-shs-18-4m-as-mps-shun-meeting/,Inspectorate of government loses Shs 18.4m as MPs shun meeting,2016-11-30,"The Observer The inspectorate of government (IG) last Friday lost Shs 18.4 million after an accountability dialogue at Kabira country club in Kampala flopped due to poor attendance. Officials from the IG office said they had paid for breakfast, lunch and snacks for 130 people of which 107 were MPs. However, the IG office was forced to call off the meeting after opening remarks from parliament Speaker Rebecca Kadaga, Ethics and Integrity minister Simon Lokodo and Inspector General of Government (IGG) Irene Mulyagonja because of the small number of participants. Kadaga, who arrived on time for the 8am to 4:15pm meeting, made her speech to a largely-empty hall that had only one MP (Michael Tusiime of Mbarara municipality), some officials from the IG office led by deputy IGG George Bamugemereire and a handful of journalists. After Kadaga’s speech, officials called for a break as they waited for more participants to turn up. Thereafter, Mulyagonja spoke about the mandate and role of the IG, and was followed by Lokodo. By that time, eight more MPs had turned up. These were Julie Mukoda Zabwe (Mayuge Woman MP), Vincent Woboya (Budadiri East), Anita Among (Bukedea Woman), Esther Davinia (Nakapiripirit Woman), Gaffa Mbwatekamwa (Kasambya), Fred Turyamuhweza (Rujumbura), Francis Takirwa (UPDF) and Hood Katuramu (PWDs-Western). However, with the numbers of attendees still small by the time the discussions were scheduled to begin, Bamugemereire unceremoniously wound up the meeting at 10:45am and wished everyone a good day. The Observer learnt that Kabira country club charges $37.17 (about Shs 135,000) per person for a meeting attended by more than 11 people. This means that the IG office lost around Shs 17.5m for the 130 guests it had planned to host. Nonetheless, at least nine MPs in attendance demanded and received their ‘fuel refund’ of Shs 100,000 each, taking the total amount spent to Shs 18.4m. MP Among defended her colleagues who did not turned up, saying they had other engagements. The deputy spokesperson of the IG, Farouk Kayondo, said the meeting had been funded by their partners under the Strengthening Uganda’s Anti-Corruption and Accountability Regime (SUGAR) programme. The objectives of the dialogue included helping the respective committee members and the IG office to understand each side’s mandate and role, as well as forging a complementary working relationship between the IG and the accountability committees of parliament. In her remarks, Kadaga asked Mulyagonja to investigate cases of Chinese contractors defrauding the country. Recently, the Parliamentary committee on Commissions, Statutory Authorities and State Enterprises (Cosase) found that government had lost Shs 60bn to Chinese contractors through compensation of persons affected by road construction projects. Kadaga said people involved in such scams must be prosecuted for theft of money that would otherwise improve the lives of ordinary Ugandans. “We need a follow-up and prosecute the people taking this money,” she said. “We have so much money in this country and if there was no corruption, we would not even need donor money.” namuloki16@gmail.com Sign up and get daily updates right to your inbox. Link Copy link"
The Observer,https://observer.ug/news/otunnu-family-seeks-shs-2bn-from-museveni/,Otunnu family seeks Shs 2bn from Museveni,2016-11-30,"The Observer The family of former UPC leader Olara Otunnu has appealed to President Museveni to help them get compensation for property lost during the insurgency that followed his government’s rise to power. They want at least Shs 2.1 billion for lost property and livestock. Some of the family property was allegedly grabbed by the National Resistance Army (NRA), which shot Museveni into power and later became Uganda People’s Defence Forces (UPDF). This effort is being led by Olara Otunnu’s younger brother, Prof Ogenga Otunnu, who teaches at DePaul University in Illinois, Chicago, USA. Speaking to The Observer by phone last week, Ogenga, who is currently in Uganda, said that their claims had been verified by the relevant local government authorities and the Acholi War Debts Claimants Association (AWDCA). However, he was told that the family can only be compensated with the approval of President Museveni. “I have been in contact with his new principal private secretary [Molly Kamukama] who has been trying to secure for me an appointment with the president. So far, I have not been successful,” he said. Kamukama told us last week that Ogenga should utilise the ongoing government compensation programme targeting people who lost property during the LRA insurgency in northern Uganda and other parts of the country. “If his claims have been verified, I advise him to contact the ministry of Justice and Constitutional Affairs which is handling the process to know his fate,” she said. Besides his elder brother Olara Otunnu, Ogenga said he was working on behalf of his deceased parents, Dr Yusto Otunnu and Amato Otunnu, and sister Lukonyomoi Otunnu. All died in the United Kingdom, where they were living. THE DEMANDS In a letter dated August 8, 2016 and addressed to President Museveni, Ogenga gives the details of the family properties that were stolen, encroached on or destroyed during the insurgency. According to the letter, the family wants Shs 1 billion as compensation for four buses that were lost during the insurgency. The buses were registered under Rafiki Bus Service and used to ply Kampala-Gulu road. Each bus is estimated to have cost Shs 250 million. The family also wants Shs 50 million for a pick-up truck (Peugeot), which was destroyed during the insurgency. There is also a Mercedes Benz estimated at Shs 200 million, which he says was forcefully stolen by an NRA officer in Gulu. “Many people can verify the claim because my parents drove the car [Benz] for nearly two years in Gulu and Kitgum [districts],” he notes. According to Ogenga, there are also four tractors which were seized from family farms in Anaka and Nwoya districts. Each of these tractors was estimated at Shs 150 million. Ogenga writes that the family’s two houses in Gulu town, near the local government prison, were also destroyed. The first, of 10 bedrooms, is valued at Shs 150 million while the other of 15 bedrooms is valued at Shs 180 million. Personally, Ogenga reportedly lost lots of livestock, which included 149 cows, 20 bulls and 29 calves. Ogenga also notes that there is a large chunk of their family land in Nwoya district, which has been taken over by squatters. He says this land can be put to productive use through investments. “There are international investors that are waiting to come and develop the land,” he writes. In the telephone interview, Ogenga said he had not wanted to make the matter public but after years of unsuccessfully trying to seek compensation as well as audience with the president, he decided to come out. “I want a negotiated agreement. Even if government does not give us the amount that we want, as long as there is agreement between us, that is fine,” he said. ekiggundu@observer.ug Sign up and get daily updates right to your inbox. Link Copy link"
The Observer,https://observer.ug/news/mumbere-charged-as-kasese-killings-raise-more-questions/,Mumbere charged as Kasese killings raise more questions,2016-11-30,"The Observer Charles Wesley Mumbere was last evening charged with murder at Jinja chief magistrate’s court, as the falling out between the Rwenzururu kingdom and the government over the Kasese killings plumbed to low depths. Mumbere became the first cultural leader to be arraigned in court since kingdoms were restored in 1993. Some analysts believe this action could contain a veiled message for other traditional leaders: that no one is beyond reproach. The Rwenzururu king, who has spent four days in detention after government accused him of hiding criminals in his palace was driven to court in a while Toyota Land Cruiser of the V8 series. Dressed in a light black shirt and a gray pair of trousers, Mumbere occasionally smiled and later waved at a packed courtroom which comprised mainly security operatives and journalists. Mumbere was charged under sections 188 and 189 of the penal code. He is alleged to have killed a police constable Edward Kasiba on March 24, 2016. Mumbere was remanded to Kirinya prison until December 13. But unconfirmed reports said he could have been taken back to Nalufenya or even driven to Luzira prison. After the brief session, he talked to his wife Agnes Ithunga and Winnie Kiiza, the Kasese Woman MP. Dr Kizza Besigye and Nandala-Mafabi, the Budadiri West MP, arrived after the king had been whisked away. The two are attending a party workshop in Jinja. Mumbere could not enter plea as court which was presided over by John Francis Kaggwa, has no powers to try the case. His lawyer, David Bwambale, only said the case was “simple” and that the king “will be out very soon”. Jeje Odongo, the minister of Internal Affairs, told journalists yesterday that government would take good care of Mumbere. “Care was taken to protect the Omusinga; we ensured that he is safely transferred to Nalufenya, and we hope he will clear his name within these days,” Odongo said. SENSELESS DEATHS For years, tensions with ethnic undertones have been building between the Museveni government and the Bakonzo ethnic group, under the strong-headed Rwnzururu king, Omusinga Charles Wesley Mumbere. In April, up to 50 people were reportedly killed in Kasese. But the latest spate of bloodshed has firmly placed Mumbere and his kingdom at the centre of it all. What remained unclear is the extent of Mumbere’s complicity. Is he only guilty of failing to control his Royal Guards (RGs) some of whom are allegedly promoting an independent Yiira Republic? Or did Mumbere tacitly approve of the alleged rebellious activities of his guards? The formal charging of Mumbere – with murder and not treason, as police had speculated – added to the confusion over what could have prompted security personnel to raid his palace on Sunday, leaving many people dead. Odongo’s statements yesterday – before the media and in parliament – only raised questions and created room for speculation and conspiracy theories. Odongo claimed that the Kasese attacks on November 26 were triggered by the cultural guards (Kilhumira Muthima) after they “hurled a petrol bomb at a joint security patrol team in Kasese town and later stabbed and injured a soldier.” But kingdom officials disputed this account. “There was no attack on anybody,” Thembi Kitsumbire, the prime minister of Rwenzururu, told The Observer by telephone yesterday. Asked what prompted the attack, he said: “I don’t know. You should ask government.” Talking to journalists on Sunday after the attacks, Brig Peter Elwelu, the commander of UPDF second division, said the kingdom was training militias to carry out subversive activities against the state. He linked Rwenzururu to the militia camp at Nyabuswa village, Karangura sub-county, Kabarole district, which the UPDF destroyed on November 24. Eight people were killed. An opinion leader from the sub-region told us that the latest attack is related to the “defiance” by Mumbere to reduce the number of royal guards attached to him as requested by President Museveni when the two met in April after the earlier clashes. Then, the leader said, Museveni had promised that the guards would be rehabilitated and would benefit from government’s income-generation projects such as Operation Wealth Creation (OWC). But to the chagrin of government, Mumbere decided to keep his guards, estimated at about 300, who wield more influence than the nine UPDF soldiers attached to his kingdom. On Sunday moments before the palace was attacked, Museveni spoke twice to Mumbere and asked him to surrender the guards into government custody. He asked for more time to think about it but before he could fathom a reply, his palace was attacked and he was arrested and taken to Nalufenya police station in Jinja. The opinion leader who requested anonymity said Museveni wanted to send a strong message to Mumbere about who is in charge. Yesterday at the press briefing, Odongo said government will limit royal guards of cultural leaders. He said under the law, it is government that is supposed to provide protection to the leaders. TRIGGER-HAPPY? Dr Kizza Besigye, the most prominent opposition figure in the country, wondered yesterday why government had been quick to attack the palace without exhausting all options. He said: “Why attack a palace when you could have kept the palace under siege, if there was any reason to impose their military might on the guards? This method has been used all over the world. Even town and cities are besieged; why should armed forces attack a palace and kill everybody inside the palace walls? What happened was regrettable. Mr Museveni takes the blame for what happened. The problem with Mr Museveni is self-ego – trying to prove he is the Ssabagabe (King of kings).” Basing on the gory images of the dead, some human rights civil society organisations have said what happened in Kasese was gross abuse of human rights. “The full picture of the weekend’s events is yet to emerge, but there appears to be shocking examples of unlawful killings and a complete disregard for human rights during the arrests,” Abdullahi Halakhe, Amnesty International’s East Africa researcher, said in a statement on Monday. However, senior presidential press secretary Don Wanyama defended government’s action, literally accusing the guards of intolerable provocation. “Indoctrinating young people into subversive activities is wrong. If you attack police stations and kill policemen, close health centres, deny your fellow citizens access to their gardens, attempt to break away from the country, what do you expect the state to do?” Wanyama queried in a facebook post on Monday. Still in dispute is the number of people who have died so far. Yesterday Odongo said at least 62 people had been killed including 16 security officials but Sowed Mansur, the Rwenzori East police spokesperson, said on Monday that the death toll had hit 104. ekiggundu@observer.ug sadabkk@observer.ug Sign up and get daily updates right to your inbox. Link Copy link"
The Observer,https://observer.ug/news/mps-blame-museveni-for-kasese-clashes/,MPs blame Museveni for Kasese clashes,2016-11-30,"The Observer While government continued to justify the killing of the Rwenzururu kingdom royal guards who have since been branded militias, Parliament yesterday observed a minute’s silence in memory of the victims. Speaker Rebecca Kadaga invited the House to observe the silence as she concluded her communication at the beginning of yesterday’s plenary session. She later invited the Internal Affairs minister Gen Jeje Odongo to make a statement, which was rejected by MPs from Kasese as giving a distorted picture of the happenings in Kasese. “These are concoctions, I was there when the UPDF and the police stormed the palace, it pains to demonise an institution…the Omusinga has nothing to do with the militia,” Bukonzo West MP Atkins Katusabe said. His Busongora South counterpart Jackson Mbadi, a former minister in the Rwenzururu kingdom, also disputed Odongo’s claim that the royal guards were recruited and trained by the Omusinga Charles Wesley Mumbere. He told Parliament that it was, instead, that police that trained the royal guards in 2012. While Odongo maintained that 46 royal guards and 16 policemen had been killed, Kasese MPs told Parliament that more than 139 lives have so far been lost. At the beginning of the session, Kasese MPs were heckled by their NRM colleagues but as debate continued, they received some backing from some NRM MPs, notably Barnabas Tinkasiimire (Buyaga West) and Alex Ruhunda (Fort Portal municipality). Armed with a copy of a study report that he conducted with an NGO working in the Rwenzori sub-region, Ruhunda asked government to take responsibility for the clashes in the Rwenzori sub-region. “Madam Speaker, this report is titled Stuck in the Mist; I personally gave a copy of it to the president for the consumption of government but nothing has ever been done,” Ruhunda said. “This business of creating cultural institutions without a clear national policy is causing problems – within a short time, somebody emerges and is a king without being nurtured,” Ruhunda added. The creation of a second kingdom; Obudhingiya bwa Bwamba is one of the factors that the government is looking at as a possible cause of the clashes, according to Odongo’s statement. Ruhunda told Parliament that by allowing new kingdoms to sprout out in different parts of the country, Museveni is creating a fundamental problem that he was going to leave behind. Ruhunda spoke after Kasese municipality MP Robert Centenary and Mbadi had told Parliament of their endless efforts to talk peace with Museveni but the president was not forthcoming. In one of the engagements at Mweya Safari lodge in March, Museveni reportedly told the MPs that he would personally talk to Mumbere since they are cousins. Finance minister Matia Kasaija spoke in defence of the president, telling the Kasese MPs that Museveni is a busy president without enough time. “We need to be patient with the president. He has limited time; even if he told you to wait for five months [to meet him, you should wait],” Kasaija said. He went on to tell the house that with the ongoing conflict in Kasese, it is unlikely that the country would achieve the much-desired middle-income economy. sadabkk@observer.ug Sign up and get daily updates right to your inbox. Link Copy link"
The Observer,https://observer.ug/news/kadaga-names-mps-to-probe-utl/,Kadaga names MPs to probe Utl,2016-12-02,"The Observer Speaker Rebecca Kadaga has named a seven-member select committee to investigate the mismanagement of the Uganda Telecom Company (UTL). Kadaga’s pronouncement follows the tabling of a report on irregular transactions by UTL two weeks ago. The committee members include Michael Tusiime (Mbarara municipality), William Nzoghu (Busongora north), Paula Turyahikayo (Rubabo), Lillian Nakate (Luwero Woman), Thomas Tayebwa (Ruhinda north) and Okin Ojara (Chwa West). The committee, which is to be chaired by Ojara, is expected to conduct a forensic audit of the government minority-owned company, which a report presented to Parliament by Budadiri West MP Nathan Nandala-Mafabi claimed to have been greatly mismanaged by its current leadership. In his report to the House, Mafabi asked Parliament to name a select committee to investigate the mess in UTL and also investigate the irregular sale of prime properties and land belonging to the company in Nsambya, Kyambogo, Makerere and Wandegeya. Mafabi stated that UTL is bleeding financially in local and foreign debts amounting to Shs 128 billion. The committee will, therefore, look into the accounts of the debt-ridden company, as well, as reports of financial impropriety by top managers. Some of the managers pinned in the irregular deals include Stephen Kaboyo, UTL board chairman; Moses Mwase, director in charge of Privatisation at the ministry of finance and David Nambale, whom Parliament banned from traveling outside the country until the probe is complete. Government owns a 31 percent stake in the company while Libya African Portfolio Green owns 69 per cent shares. namuloki16@gmail.com Sign up and get daily updates right to your inbox. Link Copy link"
The Observer,https://observer.ug/news/new-anti-narcotics-law-begins-to-bite/,New anti-narcotics law begins to bite,2016-12-02,"The Observer The new Narcotic Drugs and Psychotropic substances Act 2016, which was passed in parliament early February, has finally begun to bite, according to police. This new law replaced the National Drugs Authority Act, whose punitive measures international drug traffickers found to be lenient, and which law enforcement authorities viewed as a stumbling block to curbing drug use within Uganda. Speaking to The Observer yesterday, the commissioner in charge of anti-narcotics, Tinka Zarugaba, said, “The new law against drug users and traffickers is stronger compared to the old law since it has increased punishment to drug dealers who can be imprisoned for life.” Zarugaba added that in the new law, drug traffickers will pay a fine of Shs 10 million and get life sentences, while those found in possession of drugs will serve prison sentences of up to 10 years and pay a fine of Shs 10m. In the old law, those found guilty of drug trafficking would serve one year in prison and pay a fine of Shs 1m, which most of the culprits would readily pay. On Wednesday, police at Entebbe international airport arrested two suspects, a mother and daughter, who were found with heroin worth Shs 2.6 billion. The suspects, who are Nigerian nationals, were identified as 76-year-old Agnes Aniugo Egonna and 35-year-old Gloria Aniugo. The police spokesperson for Kampala Metropolitan, Emilain Kayima, told The Observer that the pair arrived in Uganda on November 20 using Ethiopian Airlines. They claimed they had come for an introduction party involving their son. Kayima added that when the suspects were returning, security checked their bags and found 5kilogrammes of heroin. “The suspects cut their suitcases, put heroin inside, sealed them and put the rest of the luggage on top. When security is checking, it is hard to notice that there is heroin in the bag,” he explained. Kayima added that this is the second time in two weeks that police is arresting foreigners with heroin at the airport. He added that a week ago, police arrested two South Africans with heroin worth Shs 300m. SOURCES OF NARCOTICS According to Tinka, most narcotics like cocaine, heroin and ethanol are imported into the country by Nigerians and South Africans, who then use Ugandans to transport them to other destinations. Tinka explained that Uganda has for a long time been seen as a convenient transit point for narcotics by traffickers because of the weak laws that they can circumvent. According to Tinka, the old law didn’t even ban the transit of some narcotics despite the fact that they are harmful to people’s health. Some of these drugs include jet fuel, smokeless tobacco, shisha, kuber, and green tea that issometimes mixed with narcotics and alcohol. “The drugs mixed in tea leaves, alcohol and tobacco are very difficult to detect yet many people are using them. They are very dangerous to our lives,” Tinka says. Besides the weak old laws, the narcotics department is new in the police, having been created in 2010 in response to the growing transportation of narcotics through Uganda and use of drugs around the country. According to Tinka, the next big challenge that Uganda needs to tackle is the lack of rehabilitation policy that would help former drug users who want to clean up their act. zurah@observer.ug Sign up and get daily updates right to your inbox. Link Copy link"
The Observer,https://observer.ug/news/why-rwenzori-region-is-trapped-in-chronic-violence/,Why Rwenzori region is trapped in chronic violence,2016-12-02,"The Observer The latest violence in Kasese, which killed between 60 and 104 people, exploded against a backdrop of questionable government foresight amid simmering tensions between rival cultural identities. The area is occupied by various tribes such as the Basongora and Bakonzo, the Banyabindi and Batooro, the Bamba and Babwisi. The tensions have persisted for years, but last month’s bloodletting has been blamed on government failure to smell danger in the swelling numbers of royal guards of the Obusinga Bwa Rwenzururu (OBR) – a Bakonzo-dominated cultural institution led by King Charles Wesley Mumbere. With time, some of the guards – who reportedly have no decent salaries – became a law unto themselves, ‘taxing’ locals for sustenance and imposing restrictions. This led to the guards clashing with the police, which lost 14 officers. Thus challenged, the police and the army attacked Mumbere’s palace – ostensibly to get out unruly royal guards. The raid left behind gory pictures of houses burning, naked charred bodies, and a nation puzzled. Earlier, in 2014, the CROSS-CULTURAL FOUNDATION OF UGANDA (CCFU) had produced a report about conflict in the Rwenzori region. Below is the first of two parts of an extract from the report, which explains the factors behind the Rwenzori region’s lingering conflicts. The roots of conflict in the Rwenzori region can be traced back centuries, to the movements of peoples in and out of the area well before the advent of colonialism. While information is sketchy, the history surrounding these population movements has been used until the present day to justify violent conflict and the legitimacy of different ethnic groups to a stake in available resources, most especially land. This pre-colonial period is thus still frequently referred to by the different ethnic groups in the region, as they trace their ancestry and establish their legitimacy. This state of population flux was more or less frozen by the advent of colonial rule. The early colonialists could, however, only consolidate their rule by relying on local allies, in this case the newly-re-established Tooro kingdom, whose ascendance was then reinforced throughout a region already settled by several other ethnic groups. The later colonial period also saw the creation of forest reserves and national parks in the region, resulting in the forcible eviction of many prior residents. The end of colonialism exposed the fractious nature of the Tooro kingdom, highlighted by the walk-out of the Bakonzo and Bamba leaders from its parliament in 1962, claiming under-representation within the institution. These leaders soon thereafter started the Rwenzururu rebellion, mostly legitimized by the feeling of oppression said to be experienced, to varying degrees, by all the non-Batooro in the entire region. The eventual settlement of the Rwenzururu issue, initially in the mid-1960s, then in 1982 following the creation of the new districts of Kasese and Bundibugyo in 1974, only led to a relatively-short period of peace. Armed groups, the National Army for the Liberation of Uganda (NALU) and the Allied Democratic Forces (ADF) succeeded each other in the late 1980s and 1990s. In 2009, the government recognised the Obusinga bwa Rwenzururu (OBR) as the cultural institution, primarily of the Bakonzo, with a king at its head, the Omusinga. Over these years of open or silent conflict, the consequences have been grave for the various groups attempting to coexist in the Rwenzori region. Foremost have been the losses of lives and property in the course of the various episodes of violence. The 1998 Kichwamba massacre, when more than 80 young people lost their lives at the Technical Institute, is still present in our collective memory. More recently, people have also lost their lives and property in many parts of the region due to local fights over access to land, including violent episodes between pastoralists (Basongora and Batuku) and agriculturalists (Bakonzo and others). Over the years, several communities have also been displaced, deprived of services – including education – and want to return to what they consider their ancestral land. These violent events have also led to less tangible outcomes, including a culture of violence, underlined by the prevalence of stereotypes and superiority/inferiority complexes and the emergence of youth vigilante groups. The establishment of the OBR has – contrary to expectations – led to a period of renewed conflict, with non-Bakonzo groups in the region now decrying ‘Bakonzo dominance’, claiming their own cultural institutions, as well as another set of districts with strong ethnic undertones. Fears are often expressed in the region that violent inter-ethnic conflicts are not far from the surface. As one of the respondents put it, “We are now accepting low level of conflicts as normal”. Another, pointing out the emergence of new sources of conflict around the discovery of oil and gas deposits, sums up: “The kettle is on the boil”. A COMPLEX CONFLICT While generally recognising a period of relatively peaceful coexistence prior to colonialism, the different ethnic groups in the Rwenzori region have divergent accounts as to the causes and evolution of the series of conflicts of the post-colonial era. The existence of these varied, ethnically-informed narratives provides a first step in understanding the roots of conflict in the region. Respondents most often mentioned cultural differences as a source of conflict, usually tracing them back to the colonial period and the centrality of the Tooro kingdom, with its control over several other ethnic groups, besides the Batooro (Bakonzo, Banyabindi, Basongora, Bamba, etc.). Lines of division were then clearly defined between the Batooro and these other ethnic groups. The former, for instance, insisted on the wide use of their language, including in schools, to the exclusion of other languages, and tended to socially-exclude the other ethnic groups who accused the Batooro of mistreatment and dominance. Intermarriages between the Batooro and the other ethnic groups were not common and the former occupied decision-making posts. The youth of other ethnic groups were brought up to believe that the Batooro were mostly oppressors. This perception was, in the eyes of many, reaffirmed when the Tooro kingdom Constitution explicitly excluded non-Batooro from leadership positions, resulting in the Bakonzo and Bamba walkout from Parliament and the start of the Rwenzururu rebellion, which brought together the Bakonzo, Bamba and others to ‘secede’ from the kingdom. This narrative, with its emphasis on cultural differences, finds further resonance in the respondents’ description of the events of the subsequent decades, this time in relation to the ‘victorious’ Bakonzo and their neighbours. While the Rwenzururu rebellion was a violent and marked assertion of cultural identity and autonomy, leading, among others, to the establishment of new districts and the eventual recognition of the Rwenzururu Kingdom, remarks are made among the non-Bakonzo to the effect that there is no ethnic group called the ‘Rwenzururu’ and that it was, therefore, erroneous on the part of government to recognise the OBR, ostensibly as the cultural institution of the Bakonzo (although it is pointed out within the OBR institution that its founder, Isaiah Mukirania, deliberately avoided naming the institution after a particular ethnic group but, rather, after the mountain glaciers to include all marginalised communities in the area at that time). History in a sense thus repeated itself, with a focus on culturally-inspired conflicts, but this time between the Bakonzo and their neighbours, with a wide range of cultural differences mentioned. With respect to the Banyabindi, differences that are regularly highlighted include language, marital and naming practices, dress, and selection of food, although their cultural ‘proximity’ to the Batooro is equally often pointed out. For another group, the Basongora, in addition to language and cultural practices, traditional occupation and lifestyle as cattle keepers with distinct customs and spiritual beliefs, are underlined to distinguish them from the Bakonzo. Such differences quickly descend into stereotypes and [are] used to explain that not all participated in the ‘liberation movement’. A group of Bakonzo elders, for instance, stated: “The Banyabindi despised the Bakonzo as backward; so, they did not join our rebellion”. With the establishment of the OBR, a widespread perception has emerged among the non-Bakonzo ethnic groups in the region that they have been marginalised within the traditional governance system, an exclusion viewed by some as retribution for not having taken part in the rebellion: “Our Banyabindi forefathers did not help their Bakonzo counterparts to fight for freedom and as such the Banyabindi are not part of the current administration and leadership in Kasese district”. Further, as had been the case with Batooro, the Bakonzo are said to impose the widespread use of Lhukonzo language and of their naming practices on the other ethnic groups. This is an emotive issue: as a Musongora stated, “When we heard that the district council had passed a resolution to teach Lhukonzo in lower primary schools, we knew that our language was buried. We felt it was a plan to assimilate the Basongora into Bakonzo so that we get extinct.” In addition, the non-Bakonzo feel excluded from access to land, to scholarships from the President’s Office, from employment opportunities in the local governance system, and from political representation. Such perceptions are countered by representatives of the dominant group: some Bakonzo point out that other groups have representatives in the OBR parliament, that no Munyabindi has been evicted from land by Bakonzo and that some district councillors are Basongora and Banyabindi. A group of Bakonzo youth met explained: “They say they are marginalised, but they do not want to participate”. Local leaders reject accusations of unequal provision of services and point out that “there have been deliberate efforts to implement projects in areas of Banyabindi and Basongora communities, such as the construction of valley dams for cattle keepers who are Basongora.” Another “layer” of cultural identity stimulates conflicts amongst the Bakonzo themselves. While the Rwenzururu rebellion was fought in the name of the entire ethnic group, not all were involved or equally supportive. As a result, upon the recognition of the OBR, new lines of division have emerged between the freedom fighters, mainly residing in the mountains, and the lowland Bakonzo who were less active in the rebellion and were known to coexist more easily with other ethnic groups in the plains. While the Omusinga is expected to consult a council of elders on community concerns and governance issues, a tendency to consult mainly chiefs and elders who were part of the rebellion and less so with those in the lowlands was, for instance, mentioned by some respondents. MINDSETS AND SOCIAL DIMENSION Recent history has also led to reversals in social status that are not easy for all to accept. In the distant past the Bakonzo were for instance said to coexist harmoniously with the Basongora, but in a subservient position. The former were known to construct shelters for them in the plains – before returning to the mountains upon payment for this service. With the establishment of the OBR, the Bakonzo sought to assert their authority, leading to resentment and tensions, especially when the Bakonzo attempt to settle in the lowlands. In July 2012, when the Busongora cultural institution attempted to express its distinctiveness by hoisting a traditional flag, this was forcefully brought down by Bakonzo youth, taken along with the royal drum and destroyed. A large sum of money for the construction of the leader’s palace was also allegedly stolen. The police intervened, and while the Basongora claim not to have reacted violently, they remain offended and demand an apology from the Bakonzo as the first step towards restoring peace in the region, short of which, in the words of the head of the cultural institution, conflict “will remain a chronic disease”. Interviewees also mentioned silent tensions and conflicts between and within the Batooro and the other ethnic groups borne not only from historical claims of oppression and marginalisation, but from inferiority and superiority complexes derived from their cultural affiliation and reinforced by the colonial administration. The Batooro, for instance, are still said to consider themselves superior to the other ethnic groups in the Rwenzori region, emphasising their advanced non-formal education, traditional governance system and organisation. The Bakonzo were for long perceived as inferior as they generally offered labour services to the Batooro. During the colonial era, they were, for instance, assigned manual work while the Batooro were given clerical work and preferential treatment. These reinforced the complexes that prevail to date and provide a source of latent conflict in the region, with a tendency on the part of the Bakonzo to paint a uniformly-negative picture of “Tooro domination” although, as a group of Bakonzo elders acknowledged, “OBR forgets too quickly that Tooro educated us”. Within the other groups, the Basongora are also said to continue to consider themselves ‘superior’ to the Bakonzo and closer to the Bahima with whom they share a common language and cattle keeping tradition. To this picture must be added the feeling, among the Basongora and Banyabindi especially, of displaced societies (especially by the now-dominant Bakonzo) whose collective identity and cultural institutions have been undermined by years of oppression – “we are victims of cultural genocide” said one of the respondents, pointing out that people resort to alcoholism, to violence, and to a denial of their cultural heritage, with some resorting to assimilation into the community of Bakonzo. A Munyabindi used equally strong words: “The Bakonzo wronged us during the Rwenzururu rebellion days. They killed our people, confiscated our property, including land, and displaced us”. Claims of dominance can, however, easily be brushed aside by the Bakonzo: thus the interviewed youth dismissed any secessionist desire on the part of OBR and their elders rejected the Banyabindi’s description of marginalisation by stating that “they were unwilling to go for education; so, they have not been able to access jobs – although the few educated ones are given jobs”. Look out for part 2, of this report, which delves deeper into the tensions between the groups in the Rwenzori subregion, which led to the latest bloodshed. Sign up and get daily updates right to your inbox. Link Copy link"
The Observer,https://observer.ug/news/why-the-state-struggles-to-nail-murder-suspects/,Why the state struggles to nail murder suspects,2016-12-02,"The Observer As the police and other security agencies continue with their manhunt for the killers of Sheikh Maj Muhammad Kiggundu and his bodyguard Sgt Steven Mukasa, experts have pointed out why sometimes security forces have fallen flat in their efforts to collect evidence and secure convictions in courts. Since 2005, many high-profile murder cases have gripped the country with the police in some cases even failing to make any arrests while, in others that get to the DPP or the court of law, the files are thrown out for lack of evidence. For instance, the 2012 killing of Sheikh Abdulkarim Ssentamu, and a number of other prominent Muslim leaders, especially in eastern Uganda, remains unresolved until now. Speaking to The Observer on phone yesterday, MacDosman Kabega, one of the most highly-rated criminal lawyers in Kampala blames the police for carrying out investigations in the media. “The biggest problem with the investigative arm is the manner in which they publicise their investigations. Today, you hear police is doing this, tomorrow people are criticising what the police is doing and all sorts of comments are made. Elsewhere you can never find such a thing,” he said. According to Kabega, the police should get into the habit of carrying out its investigations away from the glare of the media in order to avoid being influenced or making rushed decisions. “Investigations are supposed to be done in confidence. The moment you start exposing what your findings are, the public begins to influence you. They begin asking questions like; why they are not doing this or that and in the process police get taken up by those comments which lead to derailment of cases,” he added. Kabega said that because of the very high standard of proof that courts require before making a ruling, half-baked investigations will often fail to secure convictions, whether in high or low profile cases. “It is proof beyond reasonable doubt [that courts need]. If the evidence doesn’t reach that threshold, then the court inevitably has no choice but to acquit the accused,” Kabega said. This view; is shared by another criminal lawyer, Isaac Walukagga, who works with MMAKS Advocates. He said the state largely fails to secure convictions due to lack of thorough investigations. “It is hard to get evidence for such cases because the way they are executed is always sophisticated,” Walukagga said, adding that most of the perpetrators in high-profile murder cases are always very smart while executing their missions. “So, the intelligence and prosecution arm of government have to take their game a notch higher to gather sufficient evidence necessary for conviction,” Walukagga says. However, Johnson Mande Agaba, a private investigator, says conviction or the lack of it is a collective effort between different government agencies, not just the result of failed investigations. “Conviction is a subject of various efforts. It calls for the working together of the justice and law sector including police, the prosecution, the judiciary and prisons,” said Mande, who once worked with police as the head of the Homicide department. Mande, however, also admits that the building blocks for a strong case are assembled at the investigations level. “Police can also fail to do their part in assembling evidence, leading to the case being thrown out of court,” Mande admitted. bakerbatte@gmail.com Sign up and get daily updates right to your inbox. Link Copy link"
The Observer,https://observer.ug/news/tracing-uganda-s-unresolved-murders/,Tracing Uganda’s unresolved murders,2016-12-02,"The Observer A recent spate of murders has put the spotlight on the ability of the police to investigate crime and gather sufficient evidence to pin suspects before court. DERRICK KIYONGA goes back in time to look at the fate of some of the most high-profile murder cases in the last 15 years: ROBINAH KIYINGI Robinah Erina Kayaga Kiyingi, a lawyer, met her death on July 11, 2005 at the gate of her home found in Konge, Makindye, a Kampala suburb. She was shot five times in the head by assailants who had followed her home from the city centre. Police arrested her husband, Dr Aggrey Kiyingi, an Australia-based cardiologist; Charles Berwanaho, a police officer; Bob Mugisha, then Kiyingi’s bodyguard; as well as a UPDF soldier, Pte John Atwine, who was alleged to have pulled the trigger. However, the case took an uncanny twist when Atwine died under mysterious circumstances while in custody at Luzira Maximum prison. He was alleged to have been poisoned. A state witness, Lt Ceasar Enya, who was attached to Military Police, was also shot dead at his home in Kireka. Months later, the chief investigator in the case was also shot dead. Nevertheless, a trial was conducted and six months later, Kiyingi and his co-accused were acquitted. Justice Rubby Aweri Opio said the prosecution’s case was weakened by the death of Atwine. It had been the prosecution’s case that Atwine pulled the trigger, thereby ending Robinah’s life. In December 2006, the director of public prosecutions (DPP) filed a notice of appeal against Justice Aweri’s judgement. In the appeal, prosecution accused Justice Aweri, who is now a Supreme court judge, of failing to properly evaluate the overwhelming evidence on record implicating the trio. However, 10 years since the appeal was filed, it has never been heard, although not for lack of trying by the judiciary. Court records show that in 2009, a coram of Justices Amos Twinomujuni (deceased), Constance Kategaya Byamugisha (deceased) and Augustine Sebutuulo Nshimye (now a Supreme Court judge) was instituted to hear the appeal. But the case didn’t take off because Kiyingi, Berwanaho and Mugisha didn’t show up. When contacted on Thursday over the case, the DPP’s mouthpiece, Jane Okuo-Kajugo, denied that they had given up on the matter. “We are still waiting for court to cause list the case,” she said. “We were frustrated by the inability of the accused to be in court but court told us [that] the next time the case comes up, we will proceed with or without them.” ALFRED BONGOMIN On February 12, 2002, politician Alfred Bongomin, who was the LC III chairman for Pabbo sub-county in Gulu district and a Movement stalwart, was gunned down in Gulu town. Three years later, three suspects, including two opposition politicians were arrested and detained over Bongomin’s murder. The trio were Reagan Okumu (MP Aswa), Michael Ocula (then MP Kilak) and Stephen Otim (the Local Council one chairman of Green Valley in Gulu municipality). They were charged on April 20 over the murder. But in his January 9, 2006 judgement, the now retired High court judge John Bosco Katutsi lambasted the state for engaging in “a crude” and “amateur” attempt to accuse Okumu and Ocula of murder. Justice Katutsi blamed prosecution, which was led by Simon Peter Byabakama, who is now the Electoral Commission chairman designate, of presenting witnesses with “shady characters”and who were “self-confessed criminals.” According to the judge, although it was apparent that Bongomin was murdered, Byabakama’s team had failed to prove that the MPs were in any way involved in the killing. While the state had claimed that it would appeal, it never followed through with the threat. As a result, Bongomin’s murder remains unresolved to-date. CERINAH NEBANDA By the time she died mysteriously on December 14, 2012, Cerinah Nebanda, 24, was one and a half years into her first term as Woman MP for Butaleja district. Following her death, the state quickly pointed an accusing finger at Nebanda’s boyfriend, Adam Kalungi. The state’s narrative was that Nebanda had died from overdosing on narcotics, aided by Kalungi. Once Kalungi was extradited from Mombasa, Kenya, where he is said to have escaped after Nebanda’s death, he was charged at the Makindye chief magistrate’s court with manslaughter, as well as being in possession of, and supplying, narcotics. On January 7, 2013, when he was first arraigned before the then Makindye court chief magistrate, Esta Nambayo, Kalungi pleaded guilty to the charge of manslaughter but the magistrate declined to enter the plea and, instead, adjourned court to the following day. On January 8, 2013, when the case came up for mention, Kalungi changed his plea to “not guilty,” leading to a protracted trial that was never attended by any of Nebanda’s relatives. Eventually, Nambayo sentenced Kalungi to four years in prison, saying she had found him guilty of negligently causing the death of Nebanda by omission. However, seven months later, following an appeal lodged by Kalungi against the state, the then High court judge Lameck Mukasa, who has since retired, quashed Nambayo’s ruling, thereby absolving Kalungi of any blame. After “re-evaluating evidence,” Justice Mukasa ruled that Kalungi tried his level best as a lay person, in his capacity as a procurement specialist, and administered first aid to Nebanda. Kalungi was subsequently released from jail and is now a free man, leaving a litany of unanswered questions on who could have killed Nebanda and why. The contradictory findings by the courts give credence to assertions by the then Mulago hospital pathologist, Dr Sylvester Onzivua, that the investigations into Nebanda’s death were “jumbled up” and, as a result, “inconclusive.” SHEIKH ABDUL KADHIR MUWAYA On December 25, 2014, as the rest of Ugandans were enjoying Christmas day, the leader of the Shi’ite Muslim sect in Uganda, Sheikh Abdul Kadhir Muwaya, met his death. Muwaya was gunned down in front of his house in Kavule village in the eastern district of Mayuge by assailants riding on a motorcycle. The assassins are said to have ridden into Muwaya’s compound and he stood up to receive them thinking they were visitors. Instead, they shot him twice in the chest at close range, ending his life instantly. On January 23, 2015, the DPP charged 14 suspects, all but one of who are sheikhs, with Muwaya’s murder. The sheikhs are Muhammad Yunus Kamoga, Siraj Kawooya, Sekayanja Abdulsalaam alias Kassim Mulumba, Sematimba Abdulhamid Mubiru, Jingo Rashid, Sekito Twaha, Kakande Yusuf alias Abdallah and Sheikh Murta Mudde Bukeny, Hakim Kinene Muswaswa, Amir Kinene, Kalungi Fahad, Hamuza Kasirye, Musa Issa Mubiru. The other suspect was Iga George William alias Hamuza. On the same charge sheet, the aforementioned suspects were also charged with the December 28, 2014 murder of Sheikh Mustapha Bahiga. But on September 9, 2016, before the High court International Crimes division (ICD), the DPP unexpectedly dropped the charge of Killing Muwaya. This left the accused to battle with charges of murdering Bahiga and Sheikh Ibrahim Hassan Kirya, as well as terrorism and attempted murder. Separately, on April 16, 2016, two different suspects, Abdul Swabir Kabambwe and Afani Muhammad, were charged with the murder of Muwaya before Jinja grade one magistrate Imran Isaac Kintu. According to the DPP, Kabambwe was the man riding the motorcycle when the assailants struck Muwaya. Prosecution further claims that Muhammad was used to spy on Muwaya, thereby ascertaining the pattern of his movements before the murderers sprang into action. The duo is on remand in Kirinya prison since their trial is yet to begin. JOAN KAGEZI On November 22, 2016, a government ballistics expert told the High court’s International Crimes division (ICD) that the gun that killed sheikhs Bahiga and Kirya could have been the same weapon used to gun down prosecutor Joan Kagezi. Robinah Kirinya told the ICD that after doing a forensic examination of the cartridges got after the shooting of the three individuals, they came to an inference that they were from the same “ejector”. Kirinya’s evidence is the closest the country has come to know who killed Kagezi, who was murdered on March 30, 2015. Kagezi, who was a senior principal state attorney, was shot dead by unidentified assailants who were riding a motorcycle in Kiwatule, a Kampala suburb, where she had made a stopover to buy fruits. At the time of her murder, Kagezi, was the lead prosecutor in a July 11, 2010, Kampala twin bombing trial which was concluded earlier this year. Kagezi, who was shot twice at close range by the assailants while she was seated in her car, was to lead the prosecution in the ongoing trial of the Muslim clerics. While addressing mourners at Kagezi’s requiem service at St Luke church, Ntinda, on April 2, 2013, police chief Kale Kayihura promised to move heaven and earth to bring the murderers to justice. As if taking cue from their boss’ declaration, police raided a house in Busega, where they arrested four people on grounds that they could have knowledge of the murder. Later, police discreetly released the four. On April 10, 2015 police put up a reward of Shs 10 million for anyone with information that could lead the arrest of Kagezi’s murderers. One year down the road, however, no one has come forward with any vital information that could help solve the Kagezi murder puzzle. Asked about Kagezi’s case, Kajuga said the DPPs’ office is waiting for the police’s findings. “We cannot prosecute a matter when we have no basis,” Kajuga said. “We can only work after police has made arrests and done investigations.” When contacted about the latest on police findings on the case, the Kampala Metropolitan Police spokesperson, Emilian Kayima, said he needs at least a week to find out how far the force has gone with its investigations. BADRU KATEREGGA The murder trial involving city businessman Andrew “Desh” Kananura started in November this year, four years after he was charged with killing Badru Kateregga. Kananura is on trial for the alleged September 30, 2012 killing of Kateregga, his bar attendant Badru Kateregga at his Panamera bar, a restaurant found in Naguru, a Kampala suburb, for stealing Shs 30,000. He appeared before Musene together with his brother Raymond Kananura, Cyrus Maganda, security guard Samuel Muzulewa and Jacob Onyango. Kananura’s trial has not been an easy one, with reports often being peddled around that security agencies wanted to kill the case. On January 19, 2013, there was a public outcry when information trickled in that Kananura had sneaked out of the country after Kateregga’s death. The flamboyant Kananura was then arrested at Entebbe airport on his return from the UK. Three days later, he was charged and remanded to Luzira prison for murder. In February, 2013 the High court released Kananura together with others suspects on a Shs 20 million bail. On March 15, 2016, Justice Wilson Masalu Musene withdrew from hearing the case, citing a story written in a local tabloid claiming that the judge had a personal interest in the case. He was replaced by Justice Joseph Mulangira and hearing of the case continued. So far, the prosecution has produced five witnesses before the court. DONAH BETTY KATUSABE Nine people are supposed to face trial in the High court for their role in the brutal murder of business lady Donah Betty Katusabe in 2015. The highest profile of them is Aaron Baguma, the former Kampala Central police station commander, and Muhammed Ssebuwufu, the owner of Pine car bond, where Katusabe was allegedly murdered from. Others are Godfrey Kayiza, Philip Mirambe, Stephen Lwanga , Paul Tasingika, Yoweri Kitayimba, Shaban Otuddu and Damaseni Ssentongo. The DPP avers that in 2015, the suspects killed Katusabe using sticks and a panga for failure to clear a Shs 9m debt which was the balance of money left for a car that she had bought from Ssebuwufu’s car bond. Of the nine, Baguma and Ssebuwufu are currently enjoying unfettered freedoms owing to the sympathy of Justice Wilson Masalu Musene, who gave them bail. In granting the duo bail, Justice Musene had indicated that their trial would start on October 7. However, this never happened. The judiciary says that Ugandans will have to wait until the next “convenient” criminal session for the accused to face trial. JOHN AHIMBISIBWE After spending a year in Luzira prison, Ivan Kamyuka, who is being accused of murdering John alias Ahimbisibwe, was granted bail by the High court on October 28, 2016. In granting Kamyuka bail, Justice Wilson Masalu Musene tasked him to deposit cash bail of Shs 5 million after presenting substantial sureties, and to report to court after every two months. However, reports recently indicated that Kamyuka had flown to Sweden, although The Observer could not independently verify these claims. Kamyuka is supposed to report to court on December 28, 2016 to fulfil his bail requirements, but it remains to be seen whether he will indeed turn up. According to prosecution, on August 2, 2015 at club Guvnor found in Industrial area, Kamyuka killed Ahimbisibwe during a scuffle. Ahimbisibwe reportedly sustained a cut from a broken glass in the neck, and bled to death. It’s not clear when Kamyuka will be tried, as court is currently waiting for a “convenient” criminal session to schedule his case for trial. ERIA BUGEMBE (KASIWUKIRA) The October 12, 2016 judgment by Justice Wilson Masalu Musene brought relief and joy for Sarah Nabikolo, the widow, who was acquitted of murdering her husband Eria Bugembe Ssebunya aka Kasiwukira in 2014. But Justice Musene didn’t spare Sandra Nakungu, Nabikolo’s cousin and Jaden Ashraf, a police officer, who got 20 years in prison each for thief varying roles in Kasiwukira’s murder. Kasiwukira was murdered on the morning of October 17, 2014 as he was jogging in the neighbourhood of Muyenga, a Kampala suburb. He was overrun by a car, which sped off after the incident. In the ruling, Justice Musene was only able to resolve two questions. On who owned the killer vehicle, he said it was Nakungu. And Jaden, he said, drove the killer vehicle. But in letting Nabikolo walk, questions about who financed the plot remained unanswered. Prosecution had maintained that Nakungu and Jaden were the foot soldiers as Nabikolo worked behind the scenes, providing the needed cash. After the judgement, the DPP filed a notice of appeal in the Court of Appeal, challenging Nabikolo’s acquittal. dkiyonga@observer.ug Sign up and get daily updates right to your inbox. Link Copy link"
The Observer,https://observer.ug/news/wolokoso-nambooze-scares-mps-off-alcohol/,Wolokoso: Nambooze scares MPs off alcohol,2016-12-05,"The Observer When Mukono Municipality MP Betty Nambooze suffered food poisoning, she started working on a legislation to regulate the consumption of liquors. Much as she has so far not succeeded in convincing her parliamentary colleagues to grant her permission to table the bill, her efforts have not been in vain. At least MPs exercise some caution when asking for the drink that Nambooze is opposed to. At a cocktail last Wednesday to launch the 16 days of activism against gender-based violence at Parliament’s parking lot, several MPs feared to touch alcohol lest they get noticed by Nambooze. But some, like Lubaga North’s Moses Kasibante, could not miss something to soothe the throat; this saw MPs Mathias Mpuuga and James Kakooza warn Kasibante that he risked getting in trouble again with the Mukono municipality legislator. Kasibante eventually walked away with his Makindye West counterpart Allan Ssewanyana, as if in fear of looking bad. Wondering why most of the hard drinks that she had stocked had not been consumed, the chairperson of Uganda Women Parliamentary Association (UWOPA), Monicah Amoding, went around asking MPs to feel free and consume all the “wine” in stock but less than 10 MPs remained in the tents to empty the stock. This should please Madame Teacher – as Nambooze is sometimes called. When Hon Nandala suspected Byandala For the feasibility study and designs of Entebbe Expressway, Chinese officials said last week, $15m was used. This was revealed by the China Communications Construction Company (CCCC) managing director, Zhong Wei Dong, when he appeared before the Committee on commissions, Statutory Authorities and State Enterprises (Cosase). Hearing the eyebrow-raising figure, former works minister and now committee member Abraham Byandala asked: “Did you say $15m or it was $1.5m?” This forced Budadiri West MP Nathan Nandala-Mafabi onto his feet: “But you Byandala, haven’t you heard him say $15m? Why do you now want him to say $1.5m and how did you know that, yet they were the ones in charge?” The committee members started whispering to each other, reminding colleagues how Byandala is in court over Katosi road fraud. Sensing danger for his member, Cosase chairman Abdu Katuntu moved in: “But Hon Nandala, Byandala is an engineer.” It was after Katuntu’s intervention that committee members stopped murmuring. But they had been clearly given something to talk about outside the committee. ‘Dr’ Anywarach on Makerere When some MPs last week launched a fundraising drive for money to pay Makerere University lecturers’ arrears, each had chance to justify his/her involvement in the drive. However, when it came to Padyere MP Joshua Carter Anywarach, it was all laughter for his colleagues when he emphasized his point. “Government ought to know that closing Makerere was uncalled for. That wasn’t a solution at all. The decision to close Makerere [university] is like a doctor treating diarrhoea closing the behind of the sufferer. And a doctor can’t of course close the behind because it will mean tampering with the whole internal system and, therefore, failing all internal organs, which is called internal organ system failure,” Anywarach made his point amid laughter. Given the expertise with which he explained the matter, some colleagues were heard joking that Anywarach would have made a good doctor. Not too late for a career change, Honourable. Sign up and get daily updates right to your inbox. Link Copy link"
The Observer,https://observer.ug/news/kasese-crops-versus-cattle-and-the-politics-of-kingdoms/,"Kasese: Crops versus cattle, and the politics of kingdoms",2016-12-05,"The Observer This is the second part of an extract from a 2014 report by the CROSS-CULTURAL FOUNDATION OF UGANDA (CCFU), explaining the conflict in the volatile Rwenzori region. The first part, published on Friday, dwelt on the cultural roots of persistent tensions. Part 2 tackles economic issues and delves into the politics of cultural institutions. Closely connected to the ‘cultural narrative’ is one related to land and its original occupancy. The Basongora, for instance, claim to be one of the oldest kingdoms in the region, with a chronology of 23 kings, which was forcefully absorbed by its neighbours. They are proud of a genealogy which they claim makes them one of the oldest indigenous communities inhabiting the rift valley and the foothills of what is now known as the Rwenzori mountains, long before the colonial era. They also claim that the Bakonzo later migrated and were accommodated by the Basongora, eventually relocating to the mountains while the lowland grazing areas were called ‘busongora’ from which the ethnic group derives its name. With time, the Bakonzo, aided by their larger numbers, came to believe, according to the Basongora interviewed, that they were the original inhabitants of the region, a claim that has fuelled conflicts with their neighbours: “Many young Bakonzo believe that the Basongora never existed before and are an invasion force”. A similar narrative prevails among the Banyabindi, according to whom there is evidence of long occupation of the land, including land agreements dating back to the 1930s and photographs of their forefathers who guided the first European explorers to the area over 100 years ago. They point to the names of places in Runyakitara – as testifying to their original occupancy of the region – although, with the establishment of the OBR, there have been recent attempts to change these names into Lhukonzo. The Banyabindi also claim to have welcomed the Bakonzo in their midst. With time, because of their larger population, the latter have come – according to the Banyabindi respondents – to believe that the land is theirs and that the Banyabindi are the immigrants. In contrast, some of the Bakonzo retorted that “In the 1960s the Banyabindi sold their land willingly – we never chased them”. In an attempt to reclaim their land, the Banyabindi took legal action, were successful, but their lives were threatened when they attempted to return to the land they claimed. As a minority group with 15,000 people in the region, the Banyabindi have been protected from harassment by the state but generally continue to feel marginalised. LAND OWNERSHIP Connected to the history of settlement, current land use and distribution also provide important sources of conflict in the Rwenzori region. The chairperson of the Kasese Land Board thus points out that the conflict is between economic and occupational activities within the same area where there are cultivators and cattle keepers: “Crops and animals have never been friendly. The problem is between the activities, and not the people; for example, wild animals and crops, cows and maize”. With regard to cultural identity and land ownership, gazetting land for conservation purposes by the Uganda Wildlife Authority has, for a start, led to conflicts and to the loss of cultural references. New conflicts have emerged as a result of the displacement of people from their ancestral land, resistance from ‘hosting’ communities and conflicts between the conservation authority and communities living on the boundaries of the protected areas. It was also noted by several respondents that the demarcation of protected areas does not accommodate population growth and the consequences of relocation. In addition, conflicts have emerged in respect to restricted access to heritage sites, although there are now attempts to allow access, under specific circumstances. The expectation of valuable oil resources in the lowlands is a further source of friction, as it is accompanied by claims of ownership and demands for compensation. In addition, as the Basongora, who are predominantly nomadic pastoralist communities in the lowlands, traditionally did not mark land ownership by their permanent physical presence, some Bakonzo descended from the mountains and made claims on large tracts of their land in their absence. Finally, what is often considered as the politics of division promoted by politicians has deepened conflict related to access to allocation of land. A traditional cultural head (‘ridge leader’) for instance stated that “Government is responsible for introducing an ethnic dimension to land, by allocating more land to the Basongora as “pastoralists”. POLITICS AND KINGDOMS While the colonially-supported recognition of the Tooro kingdom eventually led to violent resistance, the establishment of the OBR led to the expectation that conflict in the region would subside. Yet, the underlying historical and latent conflicts are not easily erased, as evidenced, for instance, in the uneasiness with which the news of the King of Tooro’s recent visit to Kilembe, within the Rwenzururu kingdom, was received by the Bakonzo and the OBR. It would indeed appear that the leadership of the different cultural institutions in the region – recognised or not by the state – have recreated systems and structures that suit their purpose but contribute to intra-ethnic tensions and divided loyalty. The establishment of cultural institutions was perceived by some respondents as a mechanism to reduce ethnic tensions and conflicts or as a defence mechanism. Thus a ridge leader interviewed stated: “It is a relief to have our own kingdom now” while a Musongora felt that “Declaring our own institution is a useful mechanism; we feel proud and fight the image of the Basongora as bad”. The genesis of these institutions, their growing numbers and their contested legitimacy, however, nourishes scepticism. One observer thus queried: “How many anthems can we sing?” In the case of OBR, the Bakonzo were earlier governed through a decentralised leadership system, where people on four or five mountain ridges constituted a ‘chiefdom’ whose affairs were overseen by a ridge leader. This system has now been converted into a centralised kingdom in which the ridge leaders have lost much of their power. The OBR has in effect established a new parallel governance structure of traditional but ‘modern’ educated leaders in each sub-county: “there is only one ridge leader now – the king”. The OBR and other such institutions are thus to an extent ‘re-invented’, as one head-teacher interviewed observed: “Cultural leaders are new here and OBR is not inclusive; it was rushed and misconceived, and has to some extent left behind the lower level cultural leaders, as did the rebellion. Now even youth in my school are being recruited – what message will they get from OBR?” Secondly, by publicly declaring an unwillingness to parcel out his kingdom, the king not only marked territorial boundaries, but also provided a justification for future resistance to any attempts by the other non-Bakonzo ethnic groups to demand physical or cultural autonomy and by so doing has laid the ground for conflict. Demarcating the ‘territory’ or area of jurisdiction for a given traditional kingdom does not provide a solution to the current conflict, especially where limited impartial information is available. An NGO leader thus observed: “Yes, conflict is around the corner, especially because the youth can be easily misled (they authored the recent violence and they led the demonstrations) and the creation of new cultural institutions provides a fertile ground. OBR actually wants a separate state. Many of the leaders and youth are uneducated and have hate mindsets, and they are killed by poverty.” Third, cultural institutions, such as OBR, can easily appear to be driven by a political and economic agenda, with the promotion and preservation of culture as a secondary objective. In such cases, the cultural legitimacy of the institution wanes in the eyes of the majority of the people, as their concerns for heritage preservation are not addressed, besides state recognition of their cultural identity. Some of the newly-recognised cultural institutions are indeed victims of political agenda (real or imagined) beyond their control. A group of Bakonzo youth interviewed for instance remarked: “Our problem is government manipulation to dismantle OBR”. This leads to insecurity about retaining a newly-found status and access to the associated benefits, and to a reduced concern about conflicts and their consequences. Thus, despite the influential position cultural leaders are thought to hold, their potential role in subduing or managing conflict is sometimes compromised by their actions either by omission or commission. At local level, ‘state politics’ and the politics of the cultural institution are frequently enmeshed, as illustrated in the fact that many ‘cultural’ leaders are simultaneously ‘political’ leaders. In the Rwenzori region, politicians (and some religious leaders) were also frequently blamed for the existence of conflicts. Instead of being impartial with regard to the common concerns of the people, political leaders were seen to exploit historical conflicts to instigate divisions in the community. Some respondents noted that on the one hand the politicians promise benefits and profess to be supportive of unity in one place, and on the other hand emphasise ethnic differences, fuel division, and even discourage intermarriages when they are in a different community. With their political agenda at the fore, politicians also play one ethnic groups against each other – including, as noted above, with regard to land. Some respondents also stated that “To a great extent this is happening because there is a ‘head in the sand’ attitude and the leaders are not directly affected by the conflicts. They will have to be blamed when all this erupts”. As a group of Bakonzo elders shared, “Politicians nourish our conflicts for self-interest; so, they have not taken the initiative to promote peace. They are aloof: they do not give advice to the people”. The hidden hand of central government is also pointed out. A school headmaster explained: “Now government is to blame – by ever splitting districts and wakening selfish interests and demands by people to have their own districts, placing ethnicity at the forefront of any consideration, so leaders dance to their tune and violence is a round the corner. If you do not know how to say a goat with long horns in Lhukonjo, you cannot be a political candidate.” Similarly, the LC-V vice chairman in Kasese notes that the emerging demand for a separate district for the Basongora is an area of contention: “the quest for a separate kingdom for the Basongora has led to the quest for a separate district. [But] Rwenzururu fighters consider that the current Kasese district was granted status after bloodshed and, therefore, should not be divided just like that.” Sign up and get daily updates right to your inbox. Link Copy link"
The Observer,https://observer.ug/news/news-news/meet-mfumukeko-former-refugee-at-the-helm-of-eac/,"Meet Mfumukeko, former refugee at the helm of EAC",2016-12-05,"The Observer Ambassador LIBERAT MFUMUKEKO is the 5th secretary general of the East African Community, a Burundian by nationality. He shared his life story with Capital FM’s Simon Kasyate, the host of Desert Island Discs program. Good evening and welcome to the show! Thank you very much and thank you for inviting me. Who is Liberat Mfumukeko? I am from Burundi. I am 52 years old and I was born in a place called Kinama, actually one of the poorest neighbourhoods of Bujumbura. When I was starting my first year of primary school, there were events in Burundi. There were killings in 1972 and we had to actually fly away and go to DR Congo. So, I started my primary school as a refugee in a place called Sange; that is in the eastern part of Congo. Then from there we went to another place, always in DRC, called Uvira; that is where I finished my primary education. We have always had these stories of refugees, especially in Burundi and Rwanda… You know when you talk about Burundi, and actually even Rwanda, what is happening today is actually historical background. It always feels very, very bad, very sad life to be a refugee. When we left Burundi, although I was very young, I could see that we were going from a normal life to a very precarious life…my father was a merchant; he was doing relatively well in Burundi. So, we arrived in Congo and life was very difficult. So, when you leave your family, when you leave your friends, when you leave your country, it is a very difficult situation. In Burundi, unfortunately, over time, we have lost many people. My father himself had lost all his brothers and his father in 1965. But as a young child then, you must have curiously asked what was going on. I am actually the third in my family and my elder brother has passed away but at that time I had my elder sister and we would really wonder why we were leaving Burundi. We knew that for several months people had been killed; and actually as we went to school in 1972, we could see people being brought to a police station and we could sometimes see people who had died already, but we could not understand exactly what was happening. So, when we arrived in Congo…we would ask our parents. They would tell us in very simple words, as you would tell a child and say; well in Burundi, the Hutus and Tutsis are fighting against each other. That is what the story was. And we would ask: are we Hutus or Tutsis? My mother is a Tutsi and my father is a Hutu…although he is a Hutu who is mixed. So, we have had a history of good relationship between the Hutus and Tutsis in my family. So, it was very hard to understand that the country was suffering because of the two groups. Plays Africa Unite by Bob Marley Isn’t it important to note that despite the circumstances, your dad felt it important to take you through school? Did you actually know what you wanted to be or you just went to school? If I may be clear with you, when you are a refugee in general, you don’t have a country and you don’t have wealth. So, for most of the kids who are refugees, the only way out is education. So, my parents made sure that they make us understand that. My parents would always insist on us studying every day and doing our homework and being in school on time. Were you the kind of subservient kid? When I was a child, I loved to play soccer, what you call football in English. That was really my passion, my hobby. So, for a few years, my dream was to become a professional football player. At that time we wanted to be like [Karl-Heinz] Rummenigge and Johan Cruyff but my father would fight with me as I spent a lot of time playing football. How was the quality of education of a refugee: did your parents pay the fees or the host country? I think education of a refugee has not changed since. In the early 70s, if you were a refugee, your studies would be paid for by the high commissioner for refugees…The turning point for me in my education was the end of my primary school. There was a national competition in Burundi and Congo and most of the French-speaking countries. They would have that competition after primary school and that is the one which determined which junior high school you would go to. I was very lucky, I think God was helping me and I turned out to be one of the best and I was sent to a Catholic school which was actually the best school in the eastern part of Congo. That changed my life. That was College Mwanga in Uvira. It was the best school. It had everything. Nice chairs, good [teachers], good food. From there, I was actually upgraded because I was sent to another school. I was brought back home in Burundi. I was the only child in my family to be brought back to Burundi, coming to school in Burundi in College of the Holy Spirit. That was considered to be the best junior high school in whole of the Great Lakes region. So, that was a luxury for me. It was a very good school. A boarding school. Every student would have a room with a shower, it was really a five-star hotel for me. Requests any song from Jose Chameleone As you were in this college, what did you have your eyes set one? I knew that I was going to a school where they had the best students. I knew I was in a school which had even produced the president of Burundi, and many people of high profile had come from that school. I knew I was in the right place. I started really cultivating new dreams. I would already see myself in a very good university; generally when you came out as the best student in that college, you would get a scholarship to go to Europe, because it was a school owned by the Jesuit priests and so, they have many schools across the world. So, that was my target. I was studying to be one of the best students. Did you ever play any sport? I was playing football for my school and I even played for a team in Burundi; I was in the C (third) division. Do you take time off to play football anymore? Unfortunately I haven’t played for some time. I am still struggling to find time for exercise but when it happens, I think I still have the skills. At this school, were you still in touch with your family? It is very complicated. Because when I went to this college in Burundi, I spent two and a half years before seeing my parents again. They didn’t come to Burundi; I was the one going outside to see them. The journey to go see them was really very difficult. So, I was able to see them when I was doing my fourth year of secondary school and from there I would go to see them once every year. That time was really a time of strengthening my personality, being self-dependent. My classmates generally would go for weekends out of the school and me I would study. I was managing my life alone. That helped me, especially later when I went to Europe. As a father today, I have four children, I have to say I don’t like distancing myself from my children. I try my best to really see them; even when I go to work, they come to see me. Where do they live? They are in Arusha, Tanzania. I try to ensure that my children can see me. On the weekend, I try to be at home with them. Where did you go after this college? There was also a national competition at the end of secondary school. That time I was the best in my class and I think I was one of the three best students in the country. I even enrolled in the faculty of medical studies in the University of Burundi. So, I had applied in three faculties and was admitted in all. But during the holidays, there was an announcement on the radio asking me to go to the ministry of education of Burundi. So, when I went there, I was told that I have a scholarship to go to study in Europe. Ten days later, I caught my flight to go to Europe. Which European country? France. Requests any song from Kidum How was your reaction on learning about the scholarship? I could not believe it. When I went to the ministry, I did not know what for…The scholarships were split between Russia and France. So, actually I spent one year in Russia, in a prep school and then I went to France… How did it feel to set foot in an aeroplane? At that time going in an airplane, you are almost like a minister or a muzungu, it is something which was not common. How did you encounter the coldness in Russia? I went to Russia in August. So, it was really a good summer and I was discovering this big city. Moscow was my first big European city, it really looked beautiful but it was also a cultural shock. I could not really read anything or understand anything. I had a radio in my room but I would [understand] nothing. So, I went to campus, we had a guide actually from the airport and he could speak French. So, anything we needed, we would just call him. So, it took three or four months, we started learning Russian right away. And I was really happy to be taken to Moscow State University, which is really the Harvard of Russia. What had you gone there to study? It was a preparatory school. By the time I finished prep school, I was asked by the Jesuit community in Burundi to go to France. They had a scholarship for me. So, I left Russia to go to France. This time the language was familiar. Right away I enrolled to the university and went to the school of economics. Why economics? I sought advice from a few friends and they could tell I was interested in business but I was also interested in international matters. My dream at the time was to be in a big company…I went up to a master’s degree and specialized in corperate management. Besides the serious side of university, did you not indulge in social life? A student life in France is very funny. You go to school from Monday to Friday and generally on Friday night to Saturday, you party. So, I actually discovered my first clubs and bars; I drank for the first time when I was starting university. What was the first alcohol you took? Beer. But I have never been a big drinker. Until today I don’t drink a lot. But I had a lot of fun. We spent weekends listening to music. Which type of music? For many Africans living in Europe, it was about reggae music. Kool and the Gang, Congolese music. But for me it was mostly reggae music. Were you ever in touch with folks back home? At that time, I am talking about the 1980s. There were no cell phones. Calling with a landline from France to Africa was very expensive. So, we would write letters. It took about one month to get to the place. So, I would expect a letter from home after three months. So, basically I had to manage my life in France by myself. I had a girlfriend who was French. You met her there? Yes. I met her as I was doing my third year of university and she later became my wife. Is she French of African descent? She is French white. During this time, Africa, including Burundi, was going through lots of political upheavals: did you realize that as an African, you needed to come back home and make a contribution? When I finished my master’s degree in France, I had a moment when I started thinking about going back to Burundi. At that time, I was lucky to have an internship there; there was a UNDP program in Rwanda, Kigali. I went there for a few months. My boss was from Sri Lanka, he told me young man, you are coming from France, you speak French, I think you should go to an English-speaking country. I had told him that I wanted to be like him. He told me if I could speak English as well, I would then be bilingual…so, when he told me that, I went to the embassy of the US in Kigali and I picked a few schools and sent applications. By the time I finished my internship in Kigali, I went back to France. …a few days later, I started getting responses from the American universities and I had four admissions. But they were very expensive. The least expensive was Clarke University in Boston, one of the best schools in international development. I had to look for money to go study there. I went to see the Jesuit community in Paris because they had actually helped me a lot. I gave them my letter of admission and explained what I wanted to do… It was 1990 but the tuition was $27,000. It was a lot of money. I actually wrote to many deputies on the French parliament, I wrote to Bill Gates, I really wrote to over 200 people and foundations, telling them my story. I want to do this and I need some help. The Jesuit foundation called me. They said one of the European congressmen received your letter and they asked us to call you and they want to see you in Strasburg. When I went there, I was sent to see a priest and he told me ‘listen, I know Africa, I believe in young Africans with talent’ and he said we have $9,000. So, I needed to have some more money. During my studies at university, I had worked at a bank during every summer. I went to see my boss, who was French and loved me very much. He said we have known you for many years and he believed in me very much. He said you would have more opportunity if you went to the US. So, they gave me a loan of about 25,000 Euros. He said it is a special loan for people who work for the bank and it had a one per cent interest. I had three years of grace period. So, one week later I was in Boston and started my MBA at Clarke University. Requests any song by Kofi Olomide When did you start working? I became a lecturer, almost by accident. Because when I finished my first year of MBA, as I told you I had a loan of 25,000 Euros. So, after one year and a half, that money was finishing. So, I had to find money to pay for my last courses. At that time I was really lucky because the department of foreign languages was looking for two people, someone to teach basic French, and a few months later they looked for someone to teach some programme of Russians. So, I got the job to teach French to beginners. I would do this once or twice a week. I would do the same with Russian. This paid [for] my studies up to the end. When I finished, I had a proposal from the university to stay as a lecturer, this time in the business department. This is how, when I finished in December 1993, I stayed as a lecturer. Two years later, I was assigned a program as the deputy director for international programs but at the same time I started also getting into the corporate world. …in 1996, I started working with Fubu, they were starting at that time. I was their agent in Europe, making money I would never make… in 1994, there was a war in Rwanda and Congo; so my parents and brothers and sisters had to come back to Burundi. They were actually living in a camp. When I knew exactly where they were, I organized their trip to go out of Burundi and I got them up to France. Because I was working, I was able to get a loan to pay for the tickets for an apartment for them and have them in school. For my parents and young sister, I was able to bring them to Cameroon. All of this would never have been possible if I was not given the chance to work. So, by 1996, when I worked with Fubu, I was making enough money to help my parents to live a comfortable place in Douala and my siblings attend a good school in France. Where are your parents now? They passed away. They are buried in Cameroon, Dousla. But really, all the children we were very proud they didn’t have a difficult life in the end. When did you start a family? We got married in December 1993. When I finished school in the US, we got married. If I were to host you to a dinner, what is your favorite dish? I like cassava ugali and fish. How would you love to wash it down? Sometimes with some wine or beer. What gets you angry? When people in Africa start playing with their work. I think that this region is poor enough; so, when I see people playing with their work, not giving enough energy to help East Africans, when I see people trying to ignore the reality we are in today, that gets me frustrated. What makes you laugh? When I am told a good story. When did you return to Burundi? I came back to Burundi by accident. I had a one-month assignment by the UNDP. When I finished it, I had not been in Burundi for 23 years. So, I discovered a very different Burundi which had nothing to do with the Burundi I saw before. It was much more organized, and I saw some of my cousins. I reconnected with my family. I felt I should stay. Friends also asked me to stay. I was given a position at the [UN] Food and Agriculture Organization. I was given a one-year contract to stay as a UN employee for Burundi. In 2005, I was offered my first position as CEO of the Burundi Investment Promotion Agency. I stayed with the agency for two and a half years. Then I went to the presidency where I had a ministerial position as the principal advisor for the president for economic affairs. From there, I was appointed as the director general of the Burundi Water and Electricity Company, the largest company in Burundi. At the same time I was given the chairmanship of the East African power pool; that is all the EAC countries plus five other countries including Ethiopia and Egypt. So, from there last year I was appointed to be deputy secretary general in charge of finance and administration at the EAC and this year in March, secretary general. With all this experience, what are you working on to be your legacy at EAC? To be able to build a very ambitious East Africa. It is much simpler. At an individual level, I was really able to uplift myself. I see that East Africa can as well do that. We have the resources, the people, it is a big market. East Africa can be a powerhouse. So, we are working very hard to ensure that businesses flourish and ensure investors come to East Africa, and employment created. We are working very hard to have high level technology and education come to East Africa…I want to tell all children of East Africa that everything is possible. There is no different between a child here in East Africa and a child in Europe; we have the same potential. It is up to us to uplift ourselves and uplift the region. If you were marooned on a desert island and allowed to take one person or one thing, who or what would you take? My daughter Camelia. Plays any song from Beanie Man. TRANSCRIPT: JOSEPH KIMBOWA Sign up and get daily updates right to your inbox. Link Copy link"
The Observer,https://observer.ug/news/news-news/museveni-mpuuga-faceoff-over-wealth-creation/,"Museveni, Mpuuga faceoff over wealth Creation",2016-12-05,"The Observer President Museveni on Friday found himself in the middle of a political ambush in Masaka, when the municipality MP Mathias Mpuuga dragged him into a heated exchange over the government’s anti-poverty programmes. Before an audience that turned up for the commissioning of the newly-constructed Shs13 billion market at Nyendo in Masaka Municipality, Mpuuga openly criticised NRM’s flagship project, Operation Wealth Creation (OWC), which he said was unlikely to get people out of poverty. “As a leader, I don’t understand it when I see OWC trucks bringing orange seedlings to Masaka. You can’t fight poverty in Masaka by promoting the growing of lime and tangerine. Traditionally, we plant such on the boundaries of our gardens for the children to eat,” Mpuuga said. The country was divided into 10 agricultural production zones during the 2008/09 financial after government developed the Prosperity for All (Bonna bagaggawale) framework. The zoning was intended to provide information and guidance for agricultural investment to local governments and individual farmers, but Mpuuga said NRM vulgarised the programme. “I was planning to notify the Speaker of Parliament about a petition against this [OWC] project… About 10 years ago, Uganda was divided into agricultural production zones but I don’t remember seeing Masaka in the zones for growing citrus fruits,” the opposition MP said. The agricultural production zones were re-confirmed in the National Agricultural Policy, developed in July 2011. However, according to Mpuuga, the plan misallocated resources to Masaka which was a coffee and banana growing area. “When you came in the 1980s you didn’t find orange stores in Masaka. This place is a known coffee and banana-growing area. The money you waste on OWC should instead be spent on helping farmers to fight the [banana] wilt disease that is eating up their plantations,” he said. Mpuuga’s blunt speech excited the crowd. Some people in the largely NRM gathering clapped and cheered on the MP who went as far as reminding the president about the activities of his NRA guerrillas that looted Masaka cooperative Union. “In 1986, Masaka’s economy was flourishing because of the cooperative societies. It is surprising, Mr President, that while you have compensated the other cooperative societies, Masaka Cooperative Union, which was the biggest contributor to your [rebel] activities because it gave you cash and cars, has been left out,” Mpuuga said. DEBT BURDEN While earlier speakers sung praises to Museveni for the construction of the market that will accommodate 2500 vendors, Mpuuga’s message was different. The Democratic Party (DP) politician told the vendors that instead of singing the president’s praises, they should look at it as an addition to the country’s debt burden. “While it is true that this is a government programme, we borrowed this money through Parliament and all of us, including our grandchildren, will have to pay back this money. It is not his [Museveni] personal donation,” he said. Mpuuga’s persistent challenge to Museveni caused discomfort among the presidential protocol staff that had earlier wanted to strike the MP off the list of speakers at the function. In the past, State House would exclude Mpuuga and ask the district Woman MP to speak in the slot allocated to the area legislator. However, this time round, this trick became difficult to deploy since all the Masaka MPs, except the Vice President Edward Kiwanuka Ssekandi, belong to DP. Mpuuga and the State House team were involved in an exchange in which he told them that while they had the capacity to deny him an opportunity to speak, he had the ability to disorganise the event. It took the intervention of Local Government minister Tom Butime for Mpuuga to get the go-ahead to speak at the event. After the re-admission of his speech, Butime then engaged Mpuuga asking him not to embarrass the president. Organisers had in mind Mpuuga’s role in the Walk-to-work protests that followed the 2011 elections, and being that this was the first time Museveni and Mpuuga were appearing at a public event in the Municipality, a stingy attack on the was expected. MUSEVENI REBUTTAL True to their fears, Mpuuga succeeded in diverting Museveni from his prepared speech. The president instead spent most of his time rebutting the opposition MP’s statements. “It seems that this boy [Mpuuga] is out of touch with reality, but it is good that he has made [his] lies in my presence and therefore I have chance to respond,” Museveni said. “He [Mpuuga] is only good at making fun of and ridiculing operation wealth creation. He doesn’t know that in some parts of Masaka like in Kyannamukaaka, pineapples do well. He only stops on the tarmac,” Museveni added. The president defended his four-acre-model of farming, which he said is the best approach to household poverty. At some point, Museveni admitted that Mpuuga whom he frequently called a boy, had got some facts right. However, the president claimed that Mpuuga’s politics had been spoilt by the political ideology that DP follows. “I was also in the DP, and our DP was strong and powerful under Ben Kiwanuka not this current weak DP under [Norbert] Mao where this boy and [Bukoto East MP Florence] Namayanja spend most of the time criticising me,” Museveni said. sadabkk@observer.ug Sign up and get daily updates right to your inbox. Link Copy link"
The Observer,https://observer.ug/news/gulu-locals-panic-over-rising-killings/,Gulu locals panic over rising killings,2016-12-05,"The Observer The spike in criminal activity in the northern Gulu town is starting to worry people. People now fear to move at night lest they are attacked and killed by unknown hit men. Several locals interviewed recently by The Observer said they close their business premises early and fear to move at night. At about 7pm on November 28, 2016, we arrived in Gulu Town. As we drove around the city, it was quite evident that many businesses barely stay open beyond 8pm. Denis Okello, who works at 95.7 Rupiny FM and is known to locals as 2Pee was attacked. He has spent at least 10 days at St. Mary’s hospital Lacor in Gulu. He was attacked on his way home from work at about 3am in the morning. According to Samuel Okaka, the programme producer at Rupiny FM, the attackers beat Okello into a coma. They left him lying helpless in a pool of blood, he said. “He was hit badly [on November 25, 2016],” Okaka told The Observer. “The security situation in Gulu at the moment is not good especially at night. Hit men are everywhere,” Okaka explained. Okaka said on the fateful night, Okello was rushed to Gulu referral hospital in critical condition and in the morning referred to St Mary’s hospital Lacor. “His condition as I talk now is stable,” he said. When we visited him on November 29, at the hospital, Okello was unable to speak. He looked powerless as he lay on the bed. But the doctor said he was much better in that state. Okello sustained three deep cuts on his fore head. MOTHER SEEKS JUSTICE His mother, Lilly Orach, seems helpless as well. She depends immensely on her son. She is taking care of him in the hospital. “Look at my son he is in so much pain,” she told us. Her only request to the government and security personnel was to bring her son’s attackers to book. “We are praying he gets better. But we also hope that police finds the people who did this to him,” she said. The Gulu regional referral principal administrator, Dr Muhammad Mubiru, said police should not take the killings lightly but should find the killers and their motive. “Just last week on Wednesday [November 23, 2016] around Boma hotel, another person was attacked. But he died on arrival at the hospital,” Mubiru said. He explained that the latest attacks have left residents so terrified. One Mc Lucky, who works with Speak FM, told The Observer he was with Okello prior to his unfortunate ordeal. Mc Lucky, however, said the attackers seem hell bent on killing people. “We fail to understand what the purpose of these people are…because even if they hit you, they don’t take anything from you,” he wondered. Lucky said the insecurity ahead of Christmas has paralysed business. “Business is down completely because if you see, Sunday [November 27, 2016] was karaoke night. The turnout was not as usual,” he revealed. “We could have least 500 people attend…last month; five people have been killed [in these attacks]. Even yesterday [November, 28] there were lots of bullets around,” he said. For Vince Okwela, an operator of a mobile money kiosk in Gulu town, he closes early because “In the outskirts of town someone gets you on the way and attacks you. They use hammers…so I have to close early…” Okwela explained. According to the residents interviewed for this story, reported incidents of violent attacks in the district have peaked in the last one month with both police and military personnel stepping up deployment last week. The hit and run tactics used by the attackers, they say, reawakens the turbulent past experienced in the Northern region at the hands of the Lord’s Resistance Army. Interviewed for a comment, Martin Okoyo, the Gulu District Police Commander at the police headquarters in Gulu, said; “The PRO is the right person to respond.” He referred this writer to Patrick Jimmy Okama, the Aswa River Region Police spokesperson. Okama was not in his office either. alitwaha9@gmail.com Sign up and get daily updates right to your inbox. Link Copy link"
The Observer,https://observer.ug/news/keep-off-makerere-ddumba-tells-besigye/,"Keep off Makerere, Ddumba tells Besigye",2016-12-05,"The Observer As Forum for Democratic Change (FDC) activists led by Kizza Besigye prepare to take their fundraising drive for Makerere University staff salaries into a second week, the institution’s Vice Chancellor has warned the opposition not to interfere in the university’s affairs. Speaking to The Observer over the weekend, after Police swatted the opposition fundraiser, Prof John Ddumba-Ssentamu said Makerere University does not welcome the opposition’s efforts because they won’t solve any of the institution’s problems. “I am wondering who told Besigye that Makerere was closed because of lack of money. It was closed because of the many strikes that were at the university,” he said. “We are not party to that fundraiser as management… What could the money he was to collect solve? Would it pay the salary arrears?” he wondered. The Makerere University Academic Staff Association (Muasa) also spoke out against the opposition fundraiser, saying the effort continues a pattern of trivializing the university staff’s course and portraying them negatively before the public. “This is to categorically state that we in Muasa disassociate ourselves from any political activity professed under the support of our cause. The issues that led to our sit down strike are well laid before the Makerere University Council,” said a December 2, 2016 statement jointly signed by the Muasa chairman, Dr Muhammad Kiggundu Musoke, and the public relations officer, Dr Deus Kamunyu Muhwezi. Besigye, the country’s most revered opposition politician, who has stood for president four times, gave the government a 10-day ultimatum on November 22, saying he would organise a mass protest if the government did not open the country’s oldest and largest university. That deadline expired on Friday, December 2. However, by then Besigye and group had altered their strategy to fundraising for the university’s teaching staff, saying they did so after seeking advice from the staff. Efforts to speak to Besigye about the Makerere University leadership’s stand on their fundraising efforts proved futile, as he had not replied our phone calls and messages by the time we went to press. However, the other senior FDC leaders who participated in the aborted fundraising drive insisted that they will continue with their activities this week. Speaking to The Observer on Saturday, the FDC Secretary for Mobilisation, Ingrid Turinawe said attempts by the Police and others to stop them from accessing the Makerere University campus would not discourage them. “The struggle to reopen Makerere is on because clearly you can see that it was not closed for lack of money. We want to understand the real reason why Makerere was closed because if it was for lack money people are willing to come up and offer what they have but we were stopped,” she said. The FDC deputy secretary general, Harold Kaija, said the moves to bar them from accessing Makerere to fundraise were part of calculated moves by the government and the university’s leadership to frustrate efforts to find a quicker solution to the problem at the institution. “We were not stopped from going to Isingiro to give food to the hunger stricken people because the regime acknowledged there was a problem. What we would expect the regime to do is to tell us that they are giving the money to the lecturers but when you stop us and don’t give an alternative it means that there is another reason other than money for closing Makerere University,” Kaija said. DISAGREEMENTS President Museveni closed Makerere University on November 1 due to the strikes that had gone violent. By then, lecturers had laid down their tools over failure by the university management to pay their salary arrears that had accumulated from February to October this year, totalling to Shs28bn. Museveni then appointed a visitation committee led by Dr Abel Rwendeire to investigate the alleged mismanagement of the University’s finances, which has led to nearly 10 strikes over the least five years. Opposition figures such as Besigye, however, believe that effort is a waste of money because the government ignored a report by committees, including one prepared and completed by Prof Francis Omaswa in 2014. On Friday, as Besigye transported a bull from his Kasangati home to auction at the fundraiser, Police blocked him from leaving his residence. They arrested 11 other opposition leaders, including Turinawe, MP Mubarak Munyagwa, KCCA Councilors Doreen Nyanjura and Muhammad Ssegirinya, as well as student leader Simon Wanyera. The spokesperson of Kampala metropolitan police, Emillian Kayima, said they will never allow politicians to access Makerere because it was closed. “They got involved in unlawful assembly and we can’t create any other charge other than that. We had communicated to them and told them that they will not have the fundraising at Makerere,” he said. According to Kayima, the opposition politicians do not have any serious business at Makerere, beyond trying to take advantage of the university’s closure to grab attention. “Their intention was not to fundraise but to get the limelight. They came and got it like they wanted. If their files are sanctioned by the DPP at an appropriate time we will cancel their bond and take them to court,” Kayima said. COVERT ATTACK Despite Prof Ddumba’s warning, the opposition politicians say they plan to return to the university this week, although they will not publicise their plans this time round. KCCA councilor Ssegirinya, one of those arrested on Friday, said the decision to keep their plan under wraps is to ensure that it is not foiled by Police. “We will go back to Makerere but next time we will not announce because we have realised when we announce, we find police already deployed to refuse us yet we had written to them,” Ssegirinya said. “FDC can do something much better. If they fundraise this month, then how about the next one? I am [for] a permanent solution to Makerere’s woes,” he said. Mayombwe added that MPs who flanked Besigye wouldn’t have pushed for the fundraiser, but would have served the nation better if they had used their positions and powers to revise the Public Universities’ Act so as to increase funding to the institution. tusiimechris20@gmail.com bakerbatte@gmail.com Sign up and get daily updates right to your inbox. Link Copy link"
The Observer,https://observer.ug/business/govt-courts-indian-leather-investors/,Govt courts Indian leather investors,2016-12-05,"The Observer After EAC presidents agreed to push for a ban on the export of raw hides and skin at a March, 2016 summit in Arusha, Uganda has intensified search for investors to revitalize the leather industry, writes JUSTUS LYATUU. Uganda is wooing Indian investors to turn around the country’s struggling leather industry. Speaking during a meeting with Indian investors in Kampala recently, Michael Werikhe, the state minister for industry, said government was ready to support them. Werihke said: “I welcome accomplished investors in the leather sector; in the next five years, government will ensure value addition on all raw hides and skins. We want to eliminate export of raw hides and skins.” He said government is to use the national leather and leather products policy to form the regulatory framework of the sector to support value addition. At the 17th summit in Arusha last March, the EAC presidents directed that the bloc speeds up a process to ban the exportation of raw hides and skins outside the East African region. Hides and skins can be used to make footwear, belts and bags. In Uganda, according to the central bank, the country earned $67.55m from the export of raw hides and skins in the 2014/15 financial year, a slight drop from the $74.82m the country fetched in 2013/14. The presidents directed: “The partner states must procure their textile and footwear requirements from within the region where quality and supply capacities are available competitively, with a view to phasing out importation of used textile and footwear within three years. Getting Indians invest in the industry would drastically cut down on the exportation of raw hides and skin. Abdul Hakim Sekandi, the chairperson, Uganda Leather and Allied Industries Association (ULAIA), said the country had nine tanneries with installed capacity to process close to 10,000 hides and 47,000 skins per day. “It is estimated that tanneries are operating at 60- 70 per cent capacity range because of financial constraints and machine breakdowns,” said Sekandi, adding: “ULAIA’s partnering and collaborating with the Indian leather goods manufacture is sector is welcome.” growing – the country has According to Sekandi, six medium-sized foot-footwear and leather wear factories and over 800 small-scale entrepreneurs are already operating in Uganda. “The leather sector is developing; it has a lot of potential in terms of product and technology improvement and investments in value addition; if these are done with government’s support, potential earnings can create employment.” Added Sekandi: “For example, local manufacture of footwear is about two million pairs per annum, but the demand is more than 10 million pairs annually, this is an area with high investment potential.” Faiyaz Ahmed, the honorary secretary of the All Indian Skin and Hide Tanners and Merchants Association (Aishtma), said his 10-man team had come for a fact-finding mission in Uganda on how Indian and Ugandan traders can do business. “I’m leading a delegation of Indian leather traders to visit Kenya, Uganda and Ethiopia; we [want] to develop relationship between the countries in Africa and India with the aim of increasing business value,” he said. In the region, at least three Indian investors have applied to set up tanning factories at Kenya’s leather industrial park in its eastern Machakos county, according to media reports. Nairobi described the move as a major win for “the government which had spent the better part of this year scouting for investors in the leather sector”. Kenya says a competitive leather sector would not just compete with Ethiopia but also create more than 30,000 jobs. The Indian leather industry has an annual turnover of $12bn. justuslyatuu08@gmail.com Sign up and get daily updates right to your inbox. Link Copy link"
The Observer,https://observer.ug/news/kanyamunyu-girlfriend-brother-sent-back-to-luzira/,"Kanyamunyu girlfriend, brother sent back to Luzira",2016-12-06,"The Observer Matthew Kanyamunyu, his brother Joseph Kanyamunyu and girlfriend Cynthia Munangwari are suspected of being behind the shooting Kenneth Akena Watmon on November 12. Akena died hours later at Norvik Hospital. The presiding magistrate, Noah Ssajjabi Norbert, says that since inquiries are still ongoing, they cannot proceed with the case. He says the trio would remain remanded at Luzira prison. The shooting is reported to have happened at or near the Game Stores in Kampala, after the deceased had reportedly brushed a car in which two of the suspects were driving. Present at the court hearing was Kitgum Municipality MP Beatrice Anywar, the uncle to the deceased Gasper Komakech, the brothers and sisters of the deceased among others who were all donned in black T-Shirts calling for justice for Akena. Anywar told URN that although the case might delay, they are glad the suspects are still being held. She says as Members of Parliament, they are planning an impromptu visit to Luzira to ascertain whether the suspects are actually on remand. She also noted that police and the family are sharing information and also leaders are getting updated by police on the matter. Meanwhile although Kanyamunyu’s lawyers wanted the press outside of court, the magistrate requested the journalists only to step out of the dock and behave professionally. In his last words, Akena reportedly pinned Matthew Kanyamunyu and the girlfriend as having shot him. Ever since the shooting, police have said they have not recovered the gun used in the shooting, cartridges and the crime scene is not yet definite Sign up and get daily updates right to your inbox. Link Copy link"
The Observer,https://observer.ug/business/tour-operators-cry-foul-over-kasese/,Tour operators cry foul over Kasese,2016-12-07,"The Observer For some tour operators, there is nothing festive about this year’s Christmas season. While presiding over a tour operators meeting at Nile resort hotel in Jinja recently, James Mbatya, the chairman of hotel managers in eastern Uganda, said that a big number of tourists have cancelled their bookings in hotels since the Kasese clashes broke out nearly two weeks ago. He added that December being a peak season in the tourism sector, the cancellation of bookings creates large losses to their businesses. “December is a peak month in the tourism sector since it sums up the whole year and tour operators harvest money from holidaymakers and tourists from all corners of the world. But instabilities in Kasese district have portrayed Uganda as a danger zone for tourists,” Mbatya said. Kasese district is located in a special region where so much of Uganda’s tourism activities take place. For example, Queen Elizabeth national park is located on the fringes of the district, while other popular places such as Mweya Safari logde are nearby. Mbatya encouraged all stakeholders to ensure that peace returns to Kasese to ease the marketing of the country’s tourism industry. Fred Ameny, the marketing manager of Nile resort hotel, said that on top of the usual challenges that the tourism industry faces, which include poor infrastructure and the limited skilled labour, among others, the Kasese incident has frustrated their plans of reaping returns this month. “Kasese has killed our hopes of harvesting big profits because everyone thinks that Uganda is on fire,” he said. Ritah Kisa of Air masters travel united urged government to employ public relations specialists so as to redeem Uganda’s image in regards to Kasese conflicts. “It is getting late and more clients are declining to tour our country. I think it is time for government to employ more tactful and hardworking public relations officers in a bid to restore Uganda’s international image before our businesses collapse,” she said. Eastern Uganda is home to a number of tourism sites like Bishop Hannington memorial site in Mayuge district, Source of the Nile in Jinja district, Mt. Elgon in Mbale, Kagulu hill, among others. Sign up and get daily updates right to your inbox. Link Copy link"
The Observer,https://observer.ug/business/karuma-to-solve-cracks/,Karuma to solve cracks,2016-12-07,"The Observer The Uganda Electricity Generation Company Limited is confident that the interventions to deal with some of the cracks at Karuma power dam, which created questions and doubt over the 600MW project, and ultimately led to the suspension of top officials at the ministry of energy, are bound to rectify the problem. A cooling system to deal with the high temperatures in cement has been placed at the site as Sinohydro, the Chinese firm building the plant, prepares for concreting, the next phase of the construction. “We don’t expect a reoccurrence [of the cracks],” Albert Byaruhanga, the project manager of Karuma, told reporters recently. Wang Yantao, the executive vice president for Sinohydro in East and Southern Africa, who came to Uganda more than a month ago to deal with the main challenges that the project is facing, intends to stick around until normal operations resume. “We know we are not perfect. And we know there has been criticism [over] the cracks. But that’s on the surface. That’s small and it will not impact on the life of the dam,” he said. Construction works at Karuma are now at 40 per cent. Sign up and get daily updates right to your inbox. Link Copy link"
The Observer,https://observer.ug/business/buganda-kingdom-seeking-investors/,Buganda kingdom seeking investors,2016-12-07,"The Observer The kingdom of Buganda is seeking investors it can partner with to exploit the vast natural resources at its disposal. The kingdom has abundant resources that can support sectors such as real estate, hospitality and tourism. Speaking at the Buganda Investment Forum held in Kampala recently, Charles Peter Mayiga, the kingdom’s premier, said Buganda is looking for potential investors in the different sectors, ranging from real estate, leisure and hospitality, and telecommunication, among others. “Buganda kingdom has a lot of land constituted with water, forests and special stones. Some pieces are in the capital city and other urban centres, very prime for development while the rural areas have big chunks of [arable] land for commercial farming,” he said. Mayiga also said that land has been set aside to construct low-cost housing units in the suburbs of the city, where some 940 units are planned to be built. “We have come up with available opportunities for constructing low-income and affordable homes; we have earmarked 204 acres of land for this project,” Mayiga said. David Kyewalabye Male, the managing director, Buganda Land Board (BLB), said they have the capacity to spur development. “BLB Ltd has necessary structures and programmes in place that can be considered to jumpstart this economic development. Bibanja owners that are financially constrained can get the help of financial institutions to acquire land titles,” he said. EXPERT’S TAKE John Musajjakawa, a senior investment executive at the Investment Promotion Division of Uganda Investment Authority, said Uganda’s population stands at approximately 35 million people, growing at a rate of three per cent annually with an urbanization rate of approximately 5.2 per cent per year. “With investment on housing and construction, the expected impact of Buganda kingdom in housing developments will create affordable and well-planned,” he said. Musajjakawa explained that real estate is one of the fastest-growing sectors in Uganda, which also creates jobs. Judy Rugasira, the managing director, Knight Frank Uganda, said Uganda’s housing deficit stands at 1.6 million units. She explained: “There are challenges in developing affordable housing in Uganda because of the absence of long-term funding schemes within the domestic banking system, while high interest rates continue to constrain the growth of the housing finance. “According to the KPDP 2012, up to 69 per cent of Kampala’s population live in rented accommodation and that is a target market,” she said. Rugasira added; “In total Kampala has to gear up to provide between 700,000 and 800,000 new housing units comprising over 400,000 of middle to high-income houses and 300,000 of affordable standard over the coming decade.” PARTNERSHIPS Ronald Sebuwufu, the chief executive officer of Buganda Investments and Commercial Undertakings Ltd, explained that this would not be the first time the kingdom is seeking investors. “We have had partnerships with companies like Airtel and Uganda Breweries Ltd. In fact with UBL, our target was to sell 54,000 crates [of Engule beer] in the first three months, but we ended up selling 150,000 creates,” he said. justuslyatuu08@gmail.com Sign up and get daily updates right to your inbox. Link Copy link"
The Observer,https://observer.ug/business/land-for-oil-waste-plant-given-illegally-minister/,Land for oil waste plant given illegally – minister,2016-12-07,"The Observer Betty Amongi, the minister of Land, Housing and Urban Development, has said the process of evicting people from Rwamutonga in Hoima district to pave way for the construction of an oil-waste treatment plant was done illegally. She said the people of Rwamutonga are bonafide occupants of land situated at Plot 34, Block 5 known as land at Kakoora, Rwamutonga, Katanga, Buhanguzi and Bugambe – Hoima, measuring approximately 382.797 hectares. She said her findings reveal they were wrongfully evicted from the land. Using documentary evidence such as graduated tax receipts and sale agreements, it was established that some of the community members settled on the land as early as 1982. “They are protected by the constitution and the Land Act as lawful and bonafide occupants,” Amongi told a meeting in Hoima recently. Some 1,051 people were displaced when their houses, gardens and schools were set on fire, forcing them to seek refuge in an IDP camp in a nearby village. The land is being claimed by Joshua Tibagwa, forcing the evicted persons to go to court seeking reinstatement. The land was to be sold off to an American company to construct an oil waste treatment plant in Hoima district where production of oil is set to start soon. The occupants have waited over two years to receive communication from government on their plight. Amongi was meeting the displaced people as part of her fact-finding mission to establish how the people of Rwamutonga were evicted from what they call their land. The plight of the people of Rwamutonga was first brought to light by Global Rights Alert, a civil society organization, when the people woke up to violent evictions in August 2014. With partners, GRA has supported the evicted persons to access justice by going to court and securing the attention of government to intervene. Amongi was led into a grass-thatched school structure sitting amidst dilapidated mud-and-wattle houses. She was visibly distraught by this sight. Lucy Onyer told the minister that the women had been left to beg for food for their families. Some 20 people have died in the past two years that the people have been living in the camp. The camp lacks proper sanitation facilities. When she spoke, Amongi said her research revealed that the people were wrongfully evicted. “I have seen proof that some of you are bonafide occupants of this land. Once I verify this information, I will make my orders and recommend that the people who were legally on land can go back and those who are interested can apply for leasehold land titles from the district land board,” Amongi told the displaced persons. FACT FINDING Her visit to the IDP camp was part of a fact finding mission to Hoima district to mediate in the Rwamutonga land eviction case. At the Hoima district local government headquarters, Amongi met all the parties to the controversial land dispute. The parties present were Joshua Tibagwa and his family, who triggered the eviction two years ago, Robert Bansigaraho, a party to the land dispute and the representatives of the affected persons. Also in attendance were top leaders of Hoima district local government, including the LC V chairperson, the CAO, the RDC and area MP Tophace Kaahwa. Each claimant of the disputed land narrated the history and customary claim to the land. After hearing all sides, Amongi concluded that Bansigaraho had wrongfully acquired a title for 258 acres instead of 40 acres. She said the registrar of titles was going to evoke his powers under section 91 of the Land Act to remedy this irregularity. She added that Joshua Tibagwa, having originated from another sub-county other than Bugambe, where Rwamutonga is located, could not have had customary ownership of land in the area. She added that Tibagwa having been given this land by a muluka (parish) chief in 1972, meant that the said land was public land hence he is entitled to a leasehold land title, as opposed to the free-hold land title, which he processed in 2012. “To this end, therefore, on top of the irregularities that were involved in acquiring the above land title, the title was equally defective and has to be reviewed by the registrar of lands, first to change it to leasehold, but also open boundaries to ascertain the actual size of Tibagwa’s land,” Amongi said. She said the affected community members were not covered under the eviction order that Tibagwa used to evict them in August 2014. The court ordered for the eviction of Bansigaraho’s agents, relatives and servants only. “However, it is probable that some of the affected persons were actually trespassers on the land, hence the need to verify the claims of these community members,” Amongi said. justuslyatuu08@gmail.com Sign up and get daily updates right to your inbox. Link Copy link"
The Observer,https://observer.ug/business/will-south-sudan-influence-pace-of-eac-integration/,Will South Sudan influence pace of EAC integration?,2016-12-07,"The Observer Nine months after South Sudan joined the East African Community, questions have arisen on what kind of pace and approach the bloc will take to accommodate the world’s youngest state, writes JOSEPH OLANYO. At a one day dialogue on “How South Sudan’s Admission to the EAC will Influence the Shape and Pace of the Region’s Integration” organized by Rosa Luxemburg Stiftung East Africa in Kampala on November 25, stakeholders raised various critical viewpoints on the new member of the block, and its implications on regional integration. Policymakers, analysts, academics and civil society contend that South Sudan needs serious structural transformation and stability if it is to influence the shape and pace of EAC integration. “South Sudan does not have functional institutions to qualify it as a state. It is simply being invited to join EAC because of the market,” said Biel Boutros Biel, executive director South Sudan Human Rights Society for Development (SSHURSA) Biel said the South Sudanese are joining the EAC for selfish reasons. He, however, noted that there is a possibility that South Sudan may leave the EAC when it gets a functioning government. “Let’s create stability and institutions, not those that are personalized. The stability should be the implementation of the peace accord. Removing Salva Kiir or Machar will not solve the problem of South Sudan,” Biel said. In his keynote address, Fred Mukasa Mbidde, the chairperson Trade, Investment and Communications Committee at the East Africa Legislative Assembly, said the challenges of EAC integration are not with those invited but with those already integrated. “There are things we are not doing yet we are blaming it on the new entrants. The EAC has now initiated a common protocol on peace and security,” Mbidde said. Mwambutsya Ndebesa, the coordinator of Development Studies Makerere University, argues that the dilemmas and contradictions in the EAC regional integration are caused by the very partner states, which, he argued, join the EAC opportunistically. “South Sudan with its negative GDP and Burundi are failed states and the sick men of East Africa,” he said. Samuel Kasirye, the programme manager Rosa Luxemburg Stiftung East Africa, said the aim of the dialogue series is to provide a platform for expanding the range of critical debate on trade, trade-related issues, investments, regional integration, agriculture and climate change among others. “Politics aside, we need markets and a bigger voice. Integration has always been for economic benefit,” said Elly Twineyo, the executive director of the Uganda Export Promotion Board (UEPB). Even as research and policy analysts stress the need for markets, others still insist that integration is not about trade alone. Lorna Marekaje, the secretary general South Sudan Domestic Engagement Monitoring and Observation Programme (SSUDEMOP), asserts that South Sudan should not join the regional bloc for sympathy but wait to join as an able member. “In the current state, no one can clearly determine the influence of South Sudan’s admission in EAC on regional integration,” she said. Malual Bol Kiir, the executive director African Youth Network, said South Sudan can only be part of the EAC if its people warmed up to the idea of joining the bloc. “Almost 99 per cent of the South Sudanese people are against joining the EAC integration. Illiteracy levels in South Sudan are still a problem and the only vision is fighting each other. It is only the elite who are interested in protecting their status quo,” he said. South Sudan remains troubled by the sporadic violence that tends to erupt as it remains a fragile state. Despite the recent peace efforts and formation of a unity government in April 2016 after a turbulent three year civil war, the landlocked, low income economy has acute constraints in physical, infrastructure and institutional structures. This has been compounded by the dip in world oil prices, its major source of income. The currency devaluation in December 2015 made South Sudan’s financial and economic situation worse. EAC is a regional block with a combined population of 162 million people and a Gross Domestic Product (GDP) of $160 billion. jolanyo@gmail.com Sign up and get daily updates right to your inbox. Link Copy link"
The Observer,https://observer.ug/news/mps-detain-govt-bosses-over-shs-579bn/,MPs detain govt bosses over Shs 579bn,2016-12-07,"The Observer Dr Isaac Mutenyo, the project coordinator of Uganda Support to Municipal Infrastructure Development (Usmid) and John William Ediu, the project procurement officer, spent about seven hours in detention at Parliament. The two officials drew the ire of MPs on the Local Government Accounts committee for allegedly misappropriating $160m (Shs 579bn) meant for infrastructure development in 14 municipalities. The latest auditor general’s report found irregularities ranging from exaggerated costs; delayed implementation of works, shoddy works and roads shorter in length and width contrary to the contract. The MPs called for an investigation into the loan funds and the project managers. The committee chaired by Aswa MP Reagan Okumu started digging into the misuse of the loan funds on Monday. The loan component comprised of $150m (Shs 510b) from the World Bank and $10m (Shs 34bn) in counterpart funding from the government of Uganda for infrastructure development in municipalities under the Usmid programme. The loan was also supposed to enhance institutional capacity of selected municipalities to address urban service delivery gaps in the financial year 2013/14. Usmid projects include mainly road maintenance, installation of solar lights, garbage collection and construction of latrines for public schools and town dwellers. The auditor general’s report details a lot of anomalies in road construction, raising the possibility of government losing huge sums of money. Angered by the blatant fraud, the MPs asked Dr Mutenyo and John William Ediu to record statements with the parliamentary Criminal Investigations and Intelligence directorate, CIID. namuloki16@gmail.com Sign up and get daily updates right to your inbox. Link Copy link"
The Observer,https://observer.ug/news/judicial-officers-blackmailed-katureebe/,Judicial officers blackmailed – Katureebe,2016-12-07,"The Observer Chief Justice Bart Katureebe has suggested to the new judicial service commissioners that most complaints lodged against judicial officials have a tinge of blackmail. In a speech at the inauguration of the new commissioners at the High court in Kampala on Monday, Katureebe said the commission should carefully scrutinize every complainant. The commission is composed of nine members with powers to facilitate and improve the efficiency and effectiveness of justice administration. Any complaint, he said, must be investigated and the rules of natural justice must prevail. Katureebe presided at the swearing-in of Justice Benjamin Kabiito, the new chairman of the commission, who replaces Justice James Ogoola. Kabiito is deputised by Supreme court judge Faith Mwondha. Other members include; former Uganda Law Society president Ruth Ssebatindira, Norah Matovu Winyi, Dr Laban Nnini Kirya, former Sheema Woman MP Rosemary Nyakikongoro and former Teso affairs minister Christine Amongin Aporu. The commissioners will serve a four-year term and will have to hear more than 300 pending cases of indiscipline against judicial officers. Justice Kabiito says most of the cases have not been heard for years. He said the delay in handling complaints expeditiously erodes public confidence in the judiciary. Justice Kabiito said some of the issues the new team plans to tackle include digitizing the case management system, push for better remuneration of judicial officers and getting a permanent home for the commission. Henry Kyemba, one of the outgoing commissioners, urged the new team to tackle the challenge of case backlog within the judiciary. Sign up and get daily updates right to your inbox. Link Copy link"
The Observer,https://observer.ug/news/climate-change-could-fail-middle-income-goal-govt/,Climate change could fail middle-income goal – govt,2016-12-07,"The Observer Uganda’s quest to achieve middle-income status by 2020 has many discernible roadblocks. But one of those that little attention is being paid to is climate change, a senior government official has said. The head of the climate change department at the ministry of water and environment, Chebet Maikut, warns that since the country’s backbone is agriculture, any devastating effects of climate change can hinder economic development leading to food insecurity, low exports, and a reduction in the country’s per capita income. Chebet spoke recently at Colline hotel, Mukono during the opening ceremony of a four-day training of journalists on climate change reporting. “Climate change is not just an environmental issue. It is a development issue. It covers life and death. And if we do not act earlier, it will be difficult to achieve the middle-income status with it,” he said. Authorities concede that due to the irregular changes in temperatures and rainfall reception in various areas of the country, agriculture production is likely to suffer a dip. Chebet blamed the drought and hunger prevailing in different parts of the country on climate change and called upon all Ugandans to take the issue seriously. Currently, due to poor production from the last farming season, the country is experiencing famine in various districts. Chebet, however, said that the government is committed and well-equipped to fight climate change given the measures already put in place. The government adopted a national climate change policy after preparing and submitting intended nationally-determined conditions to end climate change, which followed a six-month period of countrywide inquiries. Uganda is also a member of the Paris agreement on climatic change, which was signed in December last year, to streamline an international framework on climate change. By 2030, government wants to see a reduction of emissions causing climate change. This will be done by emphasizing use of renewable energy sources, as well as replenishing forest cover, and wetlands. The government wants farmers to store food, plant drought and pest-resistant crops, as well as reduce the sizes of cattle herds in dry seasons to mitigate the impact of climate change and ensure food security. But key questions remain on major interventions needed – such the promotion of irrigation to reduce overreliance on unreliable rainfall. kamogajonathan50@gmail.com Sign up and get daily updates right to your inbox. Link Copy link"
The Observer,https://observer.ug/news/here-s-how-vehicle-inspection-will-work/,Here’s how vehicle inspection will work,2016-12-07,"The Observer Swiss firm, Societe Generale De Surveillance (SGS), the contracted official motor vehicles’ inspector, will remit 10 per cent of its total monthly inspection fees to government, officials have said. SGS started the inspections this month after it erected inspection centers in different spots on main routes leading out of Kampala. The firm was awarded the contract in March last year after about four years of squabbles over the transparency of the bidding process. SGS will take 90 per cent of the revenue. One of the inspection centres at Matugga is ready for use while the other three stations around Kampala city suburbs and the mobile units are about to be ready, said a statement from the ministry of works. Inspection centres are situated at Nabbingo along the Kampala-Masaka highway and Namulanda along the existing Kampala-Entebbe highway. Another will be on Kampala-Jinja road. Winstone Katushabe, the chief licensing officer of motor vehicles at ministry of works, told The Observer that the inspections were not aimed at pushing vehicles off the road, but to remind vehicle owners to work on the cars. He said those who fail the test will be asked to fix their cars and hefty fines will be charged for the motorists who will not comply. SGS said in a statement on its website that they “would design, implement and perform roadworthiness inspections nationwide. Vehicles will be subject to safety and emission inspections.” Katushabe said the inspection is to make sure that road-worthy vehicles are on the road to curb accidents caused by vehicles in dangerous mechanical condition. The automated inspection will look out for most sensitive vehicle systems including emissions, brakes, suspension, headlamps, and alignment. And this will not replace Fika Salama, the ongoing campaign launched by police at the height of road accidents on Kampala-Masaka-Mbarara road in the first half of this year. More than 200 people died in less than six months. Buses or vehicles that carry more than 60 passengers will pay just Shs 800. A statement from the ministry of works said the fees payable for inspection of buses and trailers are very low because of the nature and sensitivity of their work. “Buses carry big number of passengers and they are supposed to be inspected twice a year and in future they will be inspected after every three months,” reads the statement. Commercial vehicles will be inspected twice a year and once for private non-commercial vehicles. Private small cars will pay up to Shs 93,000 annually. Some motorists, however, are not happy with the pending inspections. Steven Dunstan Busuulwa posted on his Facebook page: “Am not against the inspection but the way it is done. How can you say you are charging inspection fees on every vehicle and the fees are high? Ugandans already pay taxes on these cars to Uganda Revenue Authority on fuel and spare parts. If the motive is good and in good spirit, do it [for] free.” Uganda last did mandatory inspections in 1997. In a paper last year, Ronald Amanyire, the secretary of National Road Safety Council, said inspections were stopped because the process was flawed. He said it was also de-linked from being a requirement for a road license, lacked transparency, and that results of inspection were subjective (opinion and experience of the Inspector) besides a lack of investment in required modern equipment. All these have been addressed in the new move. SGS has promised to invest at least $12.5m in equipment, development of inspection sites and training of staff, according to Amanyire’s paper. Vehicle type Inspection fees (Shs) Motorcycles 46,000 Cars and dual-purpose vehicles 93,000 Passenger vehicles of seating capacity of more than seven passengers and not exceeding 20 passengers 103,000 Passenger vehicles of 20 to 60 passengers 50,000 Passenger vehicles of over 60 passengers 800 Goods vehicles weight of less than 3.5 tons 93,400 Goods vehicles of 3.5 tons but less than 10 tons 125,000 Goods vehicles of over 10 tons 50,000 Trailers of two axles 16,000 And each extra axle 800 amwesigwa@observer.ug Sign up and get daily updates right to your inbox. Link Copy link"
The Observer,https://observer.ug/news/inside-the-ignored-omaswa-report-on-makerere-university/,Inside the ignored Omaswa report on Makerere University,2016-12-07,"The Observer As the visitation team appointed by President Museveni to investigate financial issues at Makerere University gets down to work, questions are being asked as to why President Museveni ignored recommendations for an earlier committee he set up following strikes in 2011. BAKER BATTE LULE revisits the circumstances that led to the Professor Francis Omaswa report of 2014 and summarizes its ignored recommendations. On November 1, 2016, President Museveni closed Makerere University after a lecturers’ pay-strike that had been joined by students. Museveni later appointed a visitation committee chaired by Dr Abel Rwendeire to look into the causes of such strikes and recommend a way forward. However, activists such as FDC politician Kizza Besigye criticized the move as a waste of resources. Besigye said Rwendeire should just refer to the 2014 Prof Francis Omaswa report that extensively inquired into Makerere University and made edge sound recommendations. OMASWA TASKFORCE The Omaswa-led Task Force was inspired by a September 2011 strike by Makerere University teaching staff over unpaid allowances. In the aftermath of the strike, stakeholders met at the office of the then prime minister, Amama Mbabazi, to chart away forward. The meeting was attended by senior officials from the ministries of Education and Sports as well as Finance; the chancellor, University Council members and other senior university managers. They agreed to set up a taskforce to find lasting solutions to Makerere’s endless strikes. “It was agreed that the long-standing grievances and resultant disputes between the university staff and management should be comprehensively and sustainably resolved. This would mitigate further deteriorating staff morale, and negative industrial relations; given their deleterious impact on the overall performance and pursuit of the core mission of the university,” read part of the 204-paged report released in 2014. The taskforce was composed of notable individuals with extensive knowledge of higher education. These included Prof Francis Omaswa (chairman); Prof Foster Byarugaba, Prof John Kiregyera, Dr Wilberforce Turasingura, Dr Patrick Mangheni, Godwin Kakama, Maggie Kaddu Baliddawa, David Opio Okello, Simon Mugalu Kamya, and Jolly Uzamukunda. KEY TASKS The group was tasked to review the current macro and micro organizational structures of the university towards recommending the most suitable structure for the university to operate efficiently. They were also tasked to conduct a job analysis followed by a job evaluation of all the jobs in the university towards establishing salary levels commensurate with the nature and volume of work, and as informed by best practices. Other tasks were to recommend the optimal establishment for each unit and advise on the required competencies for each unit with a view to recommending the ones to maintain and those to abolish in the university set-up and to develop strategies of improving current financing sources of the university. Among other findings the committee discovered mismanagement of the university’s resources, leadership failure, lack of accountability and failure to teach on the side of lecturers. ALLOWANCES Before Makerere University merged the more-than-30 types of allowances payable to its teaching staff into what is now called the incentive allowance, the Omaswa report had advised that many such allowances should be abolished. The report noted that allowances had been perceived as a way of enhancing salaries that were inadequate to cover the cost of living. It proposed the enhancement of salaries for teaching staff so as to abolish allowances. “With the proposed enhanced salary structure, it is recommended that allowances, with the exception of responsibility and clinical allowance, be pegged to the base pay and a 20 per cent across all grades and consolidated pay,” the report says. According to the report, only those teaching staff that exceed the minimum workload should be paid an extra allowance not exceeding Shs 50,000 gross pay per hour of extra workload beyond the prescribed minimum load. “The taskforce recommends that the university should urgently undertake a comprehensive review of the practice on payment of allowances,” notes the report.“It should develop a policy on realistic categories of activities that will qualify for payments of allowances for work that is beyond and above the prescribed workload of a given position.” COUNCIL REFORMS The committee discovered that the university council, which is the institution’s supreme governing body, needed to be reformed. “To achieve the desired cultural transformation in the governance and administration of the university, the taskforce recommends reforms in the composition and structure of the university council,” the report says. According to the taskforce, it is critical for a university council to have highly-competent, professional and experienced members if it is to operate effectively in a business-like manner. “The current university council is too large to be effective. The constituencies and profiles of members should aspire to provide effective, competent and visionary leadership and modern corporate governance practices to a university of the 21st century,” the report said. Specifically, the report recommended that the university council should consist of 13 members with extraordinary skills and proven excellence in management. It added that members should be past or present holders of responsible positions in society, especially notable personalities in teaching, research and academia,with high moral standing and integrity. The current Makerere University council that is chaired by Dr Charles Wana-Etyem has 23 members, including a vice-chairperson, the vice-chancellor and his two deputies, as well as representatives from the ministries of Education, Finance, Gender, two government appointees, and two academic staff representatives, among others. TRAINING OF LECTURERS The report also recommended that all academic and administrative staff should be provided with induction and ongoing training in the core functions of the university. “The current trends in global higher education are embracing competency-based education as an approach for producing relevant and responsive graduates. The taskforce recommends that it should be extended to the rest of the university,” the report says. The committee also discovered there was a huge gap between student/staff ratios as compared to what is recommended by the National Council for Higher Education (NCHE). Physical facilities such as classrooms, laboratories, libraries, e-learning facilities and operating budget were all not commensurate with the student numbers. The report recommended a gradual reduction in student numbers to suit the available facilities. “The taskforce recommends that the university council, senate and the VC immediately review the policies on students’ intake and take action to ensure that overtime arrangements are made to ensure that facilities and staff are consistent with guidelines promulgated by the NCHE,” the report stated. SPLIT EDUCATION MINISTRY The report also discovered that the current mandate of the ministry of Education and Sports in overseeing Universal Primary Education (UPE), Universal Secondary Education (USE), BTVET, tertiary institutions and sports is bigger than that of neighbouring countries. “Consequently, the coordination and oversight of universities, science, technology and innovations is fragmented, and not synergised. The taskforce, therefore, recommends the establishment of a new ministry for Higher Education, Science, Technology and Industry in order to create necessary synergies and focus attention of universities, higher education, science and technology.” NATIONAL SERVICE The Omaswa report observed that during their consultation with government ministries, a passionate appeal was made for the re-introduction of National Service. “The exposure of students either before or after entry into the university to National Service holds the potential to orient their thinking as responsible citizens and patriots,” it says, adding: “The taskforce recommends that government through the ministry of Information and National Guidance takes up this matter along with the Patriotism Clubs Initiative already in place.” The report also noted that to ensure that graduates and products of Makerere University meet the expectations of prospective and current students, as well as expectations of the labour market, “It is important to undertake regular tracer surveys of Makerere’s graduates and products.” It added that such information will be used as feedback to improve on the quality of teaching, learning and research. GOVT CONTRIBUTION The report further noted that while it is desirable and essential for Makerere as an academic institution to enjoy a degree of autonomy as a public university, there is need for oversight and supervision of the university by government as provided for in the law. “Reciprocity between university autonomy and government supervision has not been mutually reinforcing,” the report noted. VICE CHANCELLOR ROLE The report further noted that there is a conflict of roles between the vice chancellor, the university secretary and the deputy vice chancellor for finance and administration. It recommended that the VC becomes the accounting officer rather than the current arrangement where the university secretary is the accounting officer. “The current law is clearly a source of conflict between the office of the VC and DVC (F&A) on the one hand, and that of the university secretary on the other; regarding oversight, responsibility and accountability for finances and general administration of the university. This is an anomaly that needs to be corrected by possibly merging the office of the university secretary with that of the office of the DVC F&A,” it says. The report also agreed with Prof Ddumba-Ssentamu’s view that the top managers of the university should be appointed rather than elected as is the case now. “In view of the call from the majority of the stakeholders within and outside the university, the taskforce recommends a reform of the electoral process and the amendment of the Act so that all university officers are appointed, and not elected.” bakerbatte@gmail.com Sign up and get daily updates right to your inbox. Link Copy link"
The Observer,https://observer.ug/news/journalists-not-asking-the-right-questions-eric-chinje/,Journalists not asking the right questions – Eric Chinje,2016-12-08,"The Observer Renowed Cameroonian journalist and chief executive officer of African Media Initiative, Eric Chinje, has faulted Ugandan journalists for failing to ask relevant questions so as to set the agenda. Chinje was speaking on Wednesday during the Annual media and politics lecture organised by the African Centre for Media Excellence (ACME) at Golf Course Hotel in Kampala. He noted that he has been dismayed by the poor quality of questions journalists in Uganda have asked politicians, business persons, government officials and donors. Chinje stated that whereas journalists are supposed to set the agenda and be the transformation of their nations and the entire continent, this has not been realised due to shallow research. He added that by asking the wrong question and twisting information, journalists have made authorities give lousy answers and in some cases undermined the media. Chinje said that while supervising projects like Bujagali dam construction during his tenure as World Bank spokesperson for Africa, he was surprised at the level of unpreparedness of Ugandan journalists. He said this lack of research and analysis on the part of journalists in Uganda applies also to other journalists in Africa. “Every time you went out to either announce a loan for a development project…like when I would come here, I came here many times with a delegation from the [World] Bank that was trying to figure out what in the world is happening to Bujagali. For those missions, we would come to Kampala or to different parts of Uganda and at the end of each mission we would organise a press conference. And I almost never heard a journalist ask the right questions. You cannot imagine how frustrating that is for some one who is supposed to promote communications for development. And this happens not only in Kampala [but other parts of Africa].” Chinje said. He said the level of debate by some journalists and government officials in Uganda is wanting with journalists getting political and emotional without facts. He called for journalists to dig deeper and understand the purpose of the media, challenging them to move away from making money and to instead help make the country better through informed reporting. On brown envelopes, a term used to refer to facilitation given to journalists by sources, Chinje stated that there is pride in not taking whatever form of facilitation is given to journalists. He says taking brown envelopes will always make a journalist lose respect. He however implores news organisations not to exploit workers financially. “There are journalists who work and earn their strides and there those who want to earn their strides by not working. It is as simple as that. Any journalist who does not put time to get more information [more] than the public has no business [in] giving the public information. We’ve got to work, we have to research. There is single no well-respected journalist who has not done their homework. This thing is not about going on radio and talking and getting access to a publishing paper and just writing. No. It’s about bringing out facts that help people”, Chinje said. Chinje says that with western influence and agenda, if journalists do not get to do their role, Africans will never realise what they want. He says Africa’s continental agenda will only rise from the national development strategy which needs to be communicated with media. He says Uganda has done little to promote agriculture which is one of the major ways it can become self-sufficient. Dr Monica Chibita, who heads the journalism department at Uganda Christian University, noted that there are many instances when journalists don’t have all the right questions and end up getting shallow information. She said that the culture of depth has died following shot-cuts in the education system. She said although some institutions are not giving journalists practical experience, the poor performance is largely blamed on individuals’ failure to do research. On facilitation, Chibita noted that journalists should maintain integrity no matter what. “It is a little bit of a sweeping statement to say nobody ever asks the right questions. There are many not asking the right questions, I wouldn’t say everybody is asking the wrong questions but there are many instances where we do not ask all the right questions and you see we only get answers to questions that you get. So, if we get shallow information, it is because we have looked for shallow information or it is because we have not looked for deep information. Now, you can blame that on the training institutions at university level but I think you can take it further to where we actually come from to these institutions because I think the culture of depth has died. The culture of shortcuts has taken over”, she said. Vision Group chief executive officer, Robert Kabushega, who was the moderator of the lecture said journalists in Uganda lack curiosity, describing it as a dangerous thing. He said some journalists are merely satisfied with reading a single newspaper of their choice and are hesitant to learn from reading other local and international media. Kabushenga implored journalists to read beyond their articles if they are to make a difference. This was the third annual lecture organised by ACME under the theme “Media and Politics in Africa”. The main purpose of the lecture series is to explore the relationship between media and politics amidst changing technological, demographic, and political circumstances on the continent. Chinje’s lecture focused on the role of the media in development and its ability to effectively moderate social conversations. Sign up and get daily updates right to your inbox. Link Copy link"
The Observer,https://observer.ug/news/hundreds-demonstrate-against-mps-tax-exemption/,Hundreds demonstrate against MPs tax exemption,2016-12-08,"The Observer Hundreds of Ugandans today took to the streets of the capital Kampala to protest against a move by Members of Parliament to exempt themselves from paying income tax off their allowances. Over 500 citizens and activists from different parts of the country assembled at Railway headquarters grounds and matched to UMA show grounds in Lugogo from where they read a statement to the president asking him to stop the ‘greed’ exhibited by Ugandan legislators. With the bolice band in the lead, and several police officers guiding protestors through the journey, they marched through the streets carrying placards and banners, with messages castigating MPs for plotting to evade taxes. ‘I pay my tax why not you,’ read one of the inscriptions on a manila placard, among so many other messages. Protestors told URN that tax evasion is both undemocratic and irresponsible. Mugoya Wilson, a protestor from Iganga district said that by exempting themselves from paying taxes, legislators are proving that they do not care about the welfare of the rest of the country. He adds that payment of taxes should be a responsibility of every citizen, specifically those holding positions of leadership. “The whole country can’t survive without paying taxes. That is why you see everything whether you grow your maize or you want to sell, there is what we call a production tax. The boda bodas they go to a petrol station [and] they also pay taxes. I buy fuel [so] pay taxes. That is why we are here. They are saying they wont pay, why should they not pay?,” Mugoya said. Mary Kazibwe, a protestor from Luwero district says that failure to pay taxes affects the tax base from which government gets resources to extend services to its people. While Ruth Logose, a councillor from Kibuku district asked the electorate to recall those members of parliament who are bent on sidestepping their responsibility. “On the issue of MPs refusing to pay tax like on this Shs 4 million constituency allowance, these people do not even come to the constituencies to talk to people. We want them to pay tax because we want others to also get [social services]. The blood of government is tax,” Logose said. Mbabaali Sulaiman from Lyantonde district says Ugandans need to work collectively to stop the move. “MPs should know that this country is not for them. It is for the purpose of serving the society. So once they were elected to parliament, they should ensure that their mandate is to at least pass laws that are beneficial to all Ugandans. So they should have a Ugandan heart not to exempt themselves because they were voted this year by the same Ugandans. So they should be behind us on this cause. We’re not fighting them but we’re fighting for the cause of the whole nation.” Malik Nyackyirra from the Civil Society Budget Advocacy Group (CSBAG) says that there are good signs that the tax exemption will fail since the president and the public are against it. Omara Olem, from Lira district local government says the MPs should not forget that they were voted into offices by people who still hold the mandate over their stay in office. “For the first time am happy with our president because he has returned it [Income Tax Bill] back to parliament. But if members of parliament make this law automatically, they will also have to meet us in their different constituents. My Member of Parliament is Jimmy James Akena Obore and am appealing to him, he should stop being greedy. Our members of parliament are too greedy. They say if they die, we must burry them [using taxpayers money] but they don’t want to pay tax. They should stop being greedy members of parliament.” Julius Mukunda, the CSBAG coordinator states that whereas the constitution allows for MPs to determine their emoluments, article 93(a) restricts parliament from proceeding upon a bill and or a motion on financial matters especially on taxation unless it is moved on behalf of government. Mukunda says it is unfair that MPs in 2012 passed an amendment where employees who earn over Shs 10 million pay 40 per cent of their taxes in pay as You Earn-PAYE tax. He says the march is a nationwide campaign to support the president’s stand on income tax. The bill has been returned to parliament by the President, for the second time. According to Article 91(5) of the Constitution, when the president returns the bill twice and it is passed for a third time by parliament, with the support of at least two thirds of MPs, the Speaker causes a copy of the bill to be laid before Parliament and the bill shall become law without the assent of the President. Sign up and get daily updates right to your inbox. Link Copy link"
The Observer,https://observer.ug/business/uk-ofers-500m-credit-for-investments-in-uganda-s-oil-sector/,UK offers £500m credit for investments in Uganda’s oil sector,2016-12-08,"The Observer The United Kingdom has at least £500 million in loans for businesses wishing to invest in Uganda’s oil and gas sector. The UK, through its Department for International Trade, is offering the credit especially for the development stage which is already on. Over 6.5 billion barrels of oil and large quantities of gas have been discovered in Uganda. Production licenses have already been issued to the three joint venture partners operating in the Lake Albert Basin – China National Offshore Oil Corporation (CNOOC), Total and Tullow. The credit facility is being offered under the United Kingdom Export Fund (UKEF), which promotes exports from the UK. The Head of the UK Department for International Trade at the British High Commission in Kampala, Eric Olanya, says the development stage of the oil and gas sector will require huge investments. As a result, UKEF revised the country cover for Uganda from between £50 and 100 million to between £250 and 500 million, with the possibility of revising it upwards. The upper limit of £500 million is equivalent to nearly Shs 2 trillion. Speaking in an interview with URN, Olanya says the credit will fetch low interest rates of 0.63 percent. This is massively cheap considering that private sector credit in Uganda is upwards of 23 per cent and for the short term. A number of oil and gas service providers, as well as other borrowers, have been grappling with the burden of repaying high interest rates, with some going belly up. The credit facility requires that any project they fund has at least 30 percent local content, 20 per cent UK content and the rest can come from elsewhere. According to Olanya, Ugandans could offer things like land, construction materials and sub-contracts while the UK could provide high-tech equipment and expertise in the funded projects. Sadly though, so far no Ugandan business has partaken of the credit and neither is UKEF funding a project yet. Olanya says a number of projects are under consideration but he never gave details. He says the uniqueness of Uganda’s oil and gas sector is that it will transform literally half of the country. He says the Albertine Graben is so underdeveloped that it will need literally complete overhaul with huge investments in roads, bridges, airports, oil pipeline, refinery, processing facilities, storage and other facilities that require loads of money. It is estimated that the development stage alone will require investments of up to $20 billion in the next four years. The First Oil is expected in 2020, a date that has been revised from 2018. Sign up and get daily updates right to your inbox. Link Copy link"
The Observer,https://observer.ug/news/uia-touts-natural-waste-treatment/,UIA touts natural waste treatment,2016-12-09,"The Observer The not-so- new natural treatment method of waste-water reduces pollution and cuts costs, the Uganda Investment Authority (UIA) has told owners and operators of factories countrywide. UIA officials noted this during a demonstration of “cost-effective solutions for waste-water treatment in oil and industry” at the UIA offices in Namanve industrial area yesterday. Valentine Ogwang, the authority’s director for investment promotion, said: “Apart from these methods being environment-friendly, they are also relatively cheap for even small-scale companies to use. I urge all manufacturing companies to view this as important and adopt it as soon as possible.” The demonstration was done by Danish firm, Transform 1994 APS, which is spearheading the implementation of the natural rootzone method of sewage treatment without using chemicals. “The interest of using nature to treat nature is rising everyday worldwide. It came up 35 years ago in Europe and it is now spreading,” said Jorgen Logstrip, Transform’s founder and chief executive officer. “We have developed this to make sure that we can transform waste to something valuable, cost- effectively and without using chemicals.” ROOTZONE FILTER SYSTEM This system entails construction of an artificial swamp with a green treatment system known as the reed bed. The bed consists of a particular type of soil carefully selected depending on the type of waste to be filtered and the rhizome plants, which adopt to swamp life. The system minimises waste, cuts pollution, promoting an efficient process of waste-water management through various methods like the soil filter that removes organic wastes and heavy metals, the calcium filter for disinfection and the sand filter for aeration and removal of oil components. The reed bed has rhizomes growing on top of it, making the treatment area look like a garden under which natural treatment takes place. Being waterlogged, they are constructed slanting to prevent mosquito breeding. “We are experimenting this method in Kasese cobalt mine and it is working tremendously. We use local material and we try to construct it locally with local labour,” Logstrup said. The method however, drew mixed reactions from different factory owners in attendance. Interviewed, many said much as the method is cheaper, in the long run the amount of money and material needed to construct the reed bed filter and maintaining it is too much for most small firms. Others welcomed the idea. They said the method would make companies more environment compliant and put them in good stead with local communities around them and regulators. Normal waste treatment plants cost about Shs 700 million to Shs 1 billion to establish and maintain while the reed bed costs below Shs 500 million to set up. kamogajonthan50@gmail.com Sign up and get daily updates right to your inbox. Link Copy link"
The Observer,https://observer.ug/news/museveni-sounds-war-drums-against-environment-degradation/,Museveni sounds ‘war’ drums against environmental degradation,2016-12-11,"The Observer President, Yoweri Museveni has declared ‘war’ on environmental degradation, walking over three kilometers across Mpologoma swamp and bridge along the Mbale-Tirinyi road as the sunset on Friday in eastern Uganda. Museveni who made on spot visits to Kaliro district, then to Namakoko swamp in Namutumba district and later walked across river Mpologoma on the Iganga-Tirinyi-Mbale road on Friday evening, said the country needs to put on new spectacles to address the issue of drought and starvation that are causing death and destruction. To highlight the problem, Museveni invited along Rosa Malango, the United Nations resident coordinator and resident representative for the United Nations Development Programme (UNDP) to support efforts by government to reclaim degraded swamps. “When making an alarm for people to eat food, you are not too loud because you don’t want many people to turn up, but when making an alarm for war, you make it so loud so that many people can come to your rescue,” the president said, explaining why he had to reach out to the United Nations to partner with government to reclaim degraded environs. The president, who used anecdotes to highlight the gravity of the problem, said as the country was pushing the development agenda including construction of roads, electricity, schools, health facilities alongside the campaign for wealth creation for poverty eradication, he got a call that drought has affected crops and the changing climate seasons and little rains have caused destruction. “When you go to the bush and a small stick hits your eye, it is telling you to see properly. This drought and hunger are the stick telling us to see properly,” he said. Museveni urged the communities to restore granaries to store food, grow drought resistance foods and engage in commercial agriculture for both food security and incomes, saying this will help them save. He said foods like cassava and millet can be stored comfortably to fight hunger. He explained that 60 percent of the rains in Uganda come from China and Indian Ocean monsoon winds. He said rain from the oceans is little this season and the cold currents reduced the amount of water, adding that the remaining 40 percent comes from local resources such as lake Victoria, Kyoga, Albert, George, Edward and from the wetlands. “People started invading wetlands and planting rice, maize and making farms like in Kigezi and Ankole. Even the 40% of our water sources are affected. That stick is hitting us in the face. We need to see properly now,” he said. Malango said she accompanied the president to see what is happening with the food security situation and the wetlands and to share areas of cooperation. “We need to protect water sources and reclaim wetlands. Support livelihoods through modern agro production (irrigation), support small business enterprises and build improved storage facilities (granaries/stores),” she said. According to reports, drought has plunged East Africa into the worst food security crisis Africa has faced in 20 years. More than 11.5 million people are currently in need of food aid. In Uganda, finance minister Matia Kasaija, is quoted as saying the ongoing drought in several parts of the country is the largest threat to the projected growth in the economy of five percent. Sign up and get daily updates right to your inbox. Link Copy link"
The Observer,https://observer.ug/news/wolokoso-mp-cries-over-janet-s-inaccessibility/,Wolokoso: MP cries over Janet’s inaccessibility,2016-12-12,"The Observer Parliament on Wednesday commits an hour for question time, where MPs get the opportunity to ask and get immediate responses from the prime minister. Kibuku MP Herbert Kinobere used the chance to question if Prime Minister Ruhakana Rugunda can’t prevail over the minister of Education and Sports, first lady Janet Kataha Museveni, to be accessible like other ministers. Hearing this, the whole House went silent as if an angel had visited – or as if Kinobere had dared to touch the leopard’s anus. Without mentioning her name, Kinobere said: Mr Prime Minister, mine is just a request: the minister of education and sports is not accessible. We have issues to do with education but accessing that minister [Janet] is not possible. She is not accessible at all. We try to go through all formal means to reach her but [it is] impossible. We try to write to her, no feedback. We try all formal mechanisms but we are still blocked. Can you help us and inform her to be like other ministers?” On this, however, the prime minister appeared unable to disturb a leopard, saying, with a brave face: “I was not aware some ministers are not accessible because the ministers are for the public and those [ministries] are public institutions.” But he did not mention whether he would tell “the minister” to be accessible or to remain inaccessible. When the House was adjourned, some MPs were overheard debating whether Rugunda can dare call the first lady to order. But Wolokoso has no qualms addressing Mama Janet most respectfully by saying: “Aaahmm, aahm…” Well, right honourable prime minister, you ought to handle this matter. Gen Otafiire scares House Last Wednesday, justice and constitutional affairs minister Kahinda Otafiire suffered a rare wardrobe malfunction of forgetting to carry a handkerchief. And it’s a day he may want to forget – or at least one he will not be keen to remember. The general got to the House as early as 12:40pm and actually he was the only minister in the House’s about three and half hours of the plenary. To prepare amply for the session, he took a nap in the chambers – even as MPs were rushing to the Parliament canteen for lunch. At about 2:40pm, Kadaga entered the chambers and after her communication, she asked the general to update the House on the preparedness of his ministry for local and women council elections. It was at this juncture that Otafiire was invaded by a running nose, as if the strong AC in the chambers had affected him. No sooner had he finished two sentences than the congestion in his nose became unruly to the extent of escaping and this forced him to “internally pull it back”. But the roaring sound of that ‘pulling’ on the microphone scared MPs such as Jonam’s Emmanuel Ongiertho. Hon Ongiertho shot up, like a kid hit by a fear bomb, but he resumed his seat on looking around and realizing that all was well. Wolokoso empathized with the popular general, who – like a war general – fought on to make his point. Job seekers envy Kalule Ssengo’s girl Getting a job at parliament is not easy, but just as hard is the process of applying for it. Queues of applicants can threaten to be longer than the river Nile and one is often advised to go with a jerrycan of water. But that’s not entirely the case if you are Gomba East MP Emmanuel Kalule Ssengo. The other day, Ssengo was rushing so that he could be in the House for the plenary session, but he had the little issue of beautiful daughter or constituent who also wanted to apply for some job. So, while other job applicants who had lined up for hours waited, Honourable Ssengo passed them with his girl and entered the office. While some applicants thought the MP was being unfair to them, others only admired the lucky girl the honorable escorted to drop an application. “Maama nga I am hungry; I wish I was also related to some honorable, I wouldn’t be suffering in the line for hours. Imagine, Mzee asked me to vote for him and I did, thinking he would help us; but even here where I lined up earlier, he comes to bypass us with his satisfied girl. I wish he knew how hungry and angry I am feeling;” one female applicant told colleagues who replied to “continue voting and admiring. Have you forgotten that blood is thicker than water?” Well, even in the bush war days, some people were more equal than others. When Nzoghu nearly fought Ayo It’s said that ‘once honorable, always honorable’ but for some legislators, this seems untrue as they choose to do what ordinary mortals do. This was evident the other Tuesday, when we witnessed what one would call honorable fight between Busongora North MP William Nzoghu and Kwania MP Tony Ayo at parliament’s south wing car park. MPs often joke and tease themselves on controversial issues but this was no joking subject. The drama played out at the launch of the 16 days of activism campaign at Parliament, although people who left immediately after speaker Kadaga’s speech missed it. It started when Ayo told Nzoghu that Kasese leaders should talk responsibly and sensitize their people about dangers of war: “Condemning the state is not enough. You people do not understand what war is. Those people did not only stop at killing my brother but went ahead to behead him as if killing was not enough.” This upset Nzoghu and, like a wounded lion, he started folding his suit-sleeves in preparation to pounce on Ayo. MPs including Samuel Okwir (Moroto), Hamson Obua (Ajuri), Christine Achen (Alebtong Woman), Atkins Katusabe (Bukonzo West) and Hassan Kaps Fungaroo (Obongi) all watched the proceedings, but sensing how bloody it was about to be, Fungaroo and Katusabe moved fast to cut short the fight. Nzoghu is a little vertically- challenged, and is not the biggest of MPs; Ayo, on the other hand, is something of a giant. Shortly after the separation, MPs were heard musing about how the fight was like a clash between a chameleon and an elephant. Who would have won? We will never know! Sign up and get daily updates right to your inbox. Link Copy link"
The Observer,https://observer.ug/news/dennis-adim-eala-needs-the-voice-of-the-youth/,Dennis Adim: EALA needs the voice of the youth,2016-12-12,"The Observer DENNIS ADIM ENAP, 31, is an aide to Jimmy Akena and a former guild speaker at Makerere University. Through UPC, he recently expressed interest to run for a seat in the East African Legislative Assembly (EALA) elections due in April 2017. He told Edris Kiggundu why he wants to join the regional parliament. What did a young man like you find attractive in UPC? My membership in UPC has more with ideology. Personally I believe in social democracy, I believe in socialism. I believe in doing something that affects the common person. It is only social democracy that factors in the common people. You may believe it or not, I was initiated into UPC by our former school carpenter at Busoga College Mwiri. He was called Wambuzi. He went to school [Mwiri] with Obote and used to play football with him. He told me a lot about Obote. When I joined Makerere, I found it much easier to associate with UPC because of their style of politics and they had an active branch, the Young Congress. What is UPC’s problem? The infighting never seems to end. I don’t want to think it is a UPC problem. UPC is a family that has brothers and sisters who have different views around the same thing. All political institutions across the world have these differences. We are still talking with our members so that we come together. Historically, we have had a tradition of groupings within UPC but what our forefathers succeeded is to unite the different groups around the causes of the party. UPC already has a member in EALA [Chris Opoka] who has said that he will seek re-election. Why should you be chosen ahead of any other party member? You see political contestation does not mean ring-fencing certain positions for some individuals. Opoka’s tenure of office is supposed to be five years; after five years, he is supposed to be subjected to another phase of election. In this phase, whoever is interested picks nomination forms. I don’t want to say my contesting is a vote of no confidence in Opoka. I want to say that I have seen a window of opportunity to seek election to the same office. If elected, what new ideas do you hope to take to EALA? First I want to champion the youth agenda at EALA. I am looking at the East African Community implementing protocols and policies that enhance the effort productivity of the youth. When you look at the Ugandan youths, especially the graduates, they have a big hindrance of crossing over to work in other countries. Of all the current EALA MPs with the exception of Hon Dan Kidega, I have not seen any member trying to champion the cause of the youths. Specifically what do you want EAC to do for the youth? Here we are looking at things like employment at the EAC level. What is it that we can do to improve the Uganda human resource, especially the youth? There is free movement of labour but it is not being observed. I want to push Ugandan government to incorporate the teaching of Kiswahili in schools so that someone gets grasp of the language. This will enhance someone’s communication across the East African countries. Right now, the easiest way of sidelining Ugandans within the region is by the other two countries communicating in Kiswahili. Beyond the youth agenda, why should people choose you? I have the vigour and determination to push every idea that I have as an individual but also when I get elected, it becomes a collective responsibility for all members of EALA. Secondly I have vast experience at various levels of leadership. I have been a leader right from primary school. [I am] Hon Jimmy Akena’s assistant [and] he continues to nurture me. It is this rich background of leadership and my determination that I believe puts me ahead of other people. Many ordinary Ugandans do not see the relevance of EALA in their lives. Why do you think this is so? Interestingly even some local MPs do not know the role of EALA. Its role is to push for the implementation of the East African protocols and the treaty. How do I make relevant the EAC protocols to my mother in Kaliro? Many protocols have been signed in the area of agriculture. I, therefore, have to push for the full implementation of this protocol to benefit the common man. What would you consider to be your main undoing, going into this race? Some people have said it is my age. They think I am immature but I keep telling people that Apollo Milton Obote was voted into the Legislative Council (Legco) at the age of 32. He became prime minister at 37 and he was in the youthful stage. It is this energy that saw Uganda benefitting from his leadership. So, what some people think is my weakest point [age] could be my strongest point. Last word. First, I seek the nomination of my party and I am beseeching members of my party to elect me as flag bearer. I have already written to the party secretary general expressing my interest to contest for EALA. ekiggundu@observer.ug Sign up and get daily updates right to your inbox. Link Copy link"
The Observer,https://observer.ug/news/oil-companies-dumped-waste-on-my-land-and-i-am-still-paying-the-price/,"‘Oil companies dumped waste on my land, and I am still paying the price’",2016-12-12,"The Observer When DOUGLAS OLWOCH, 46, a farmer in Pabit parish, Purongo sub-county, Nwoya district, allowed an oil company to use his land as a waste-dumping ground, he thought it was a good deal. But as Olwoch, who is also the area LC II chairperson, tells Benon Herbert Oluka, he now knows it was a bad idea – and he is still paying the price. On March 3, 2009, an oil company called Heritage came and asked me to offer them a dumping site for the waste extracted from drilling of oil wells. They met me in Anaka and took me in their car to meet the district environment officer (DEO). We [also] went to the sub-county chief, LC II chairperson and environment secretary of the area. All the officials approved the plan. I returned [home] and we had a family sitting. We agreed that we would be paid Shs 1 million. But Heritage refused. Instead, they offered us Shs 750,000. They dumped oil waste for one month, covered the hole, and then, three months later, returned ownership of the site to me. They assured me they would keep monitoring until five months had elapsed. After the five months, they told me I could then plant anything on it. I planted maize and cassava on it. Some visitors later came to me and asked me where the oil waste was dumped. They told me that the waste was very bad. Some of these visitors would pluck the stems and leaves of the maize and cassava and go with it. They told me the waste would affect my children, especially the girls; that they would have abnormal children. When my two wives who had borne me children heard of it, they all left me. One had twins who were one year old and the other had a one-and-half-year-old baby. One has even got married to another man and they already have a child. When I saw the information about the waste being dangerous was overwhelming, I went to the sub-county chief. He summoned the employees of Heritage to explain. The Heritage people refuted the claims. After that, they sold their shares to Tullow Oil. Tullow officials even came here and Heritage handed over the site to them. Then Tullow also sold their shares to Total ENP. We insisted with our public outcry that the waste must be removed, until Total agreed that they would remove it. But they did not. Around 2014, the chairman LC-V of Nwoya district, Patrick Okello Oryema, visited my home and said the only way to resolve the issue was to take them to court. I asked the chairman whether the district would pay [the legal costs] because the money was so much. He assured me that he had found a lawyer who would treat me with a human heart that I could pay after the conclusion of the case. The chairman told me the lawyer was [Aruu MP] Hon Odonga Otto. He told me to write a note to give Otto powers to pursue the case. I told the chairman: “But I am not good at English.” The chairman drafted a letter for me and gave me to write in my own handwriting. I wrote the letter and gave it to the chairman, who took it to Otto. After two weeks, Otto came to my home. He mobilised the neighbourhood and addressed them. Then he went to the dumping site and took photos. Then he went to Paraa primary school where there was a borehole suspected to have been contaminated by the oil waste and also addressed the teachers. Otto went and filed a case against Total. But before the High court could proceed with the case, we were advised to go for mediation, which took place in the presence of the Grade I Magistrate of Amuru. During the mediation, Total ENP refused liability, which was made by me. At that time, there were three complainants; me, the LC-V chairperson Okello Oryema and the MP for Kilak at that time Gilbert Olanya. Immediately after mediation, the Total people approached me and told me that court had given them permission to remove the waste. Unfortunately, shortly after that, I was arrested that I had raped an old lady of 76 years. I was kept in court for six days. But when the complainant refuted the allegation, saying it was not forceful sex, I was acquitted. In my absence, the government valuer and the district officials came here and did verification on the supposed extent of the damage that the waste could have done. The samples were taken and it was discovered that there were a lot of toxins in this place. They recommended that they will relocate my house, the latrine and the crops. The government valuer gave me compensation of Shs 6 million. They gave me the money through Post Bank. After writing their report, the following day a big community meeting was called. The community was assured that they would offer labour for the removal of the waste. A company called Enviroserve was contracted to remove the waste. Enviroserve took all the waste to [the waste management plant in] Hoima. After that, the community was called for another meeting and they were assured that there was nothing bad anymore. They still continue monitoring – Nema [National Environment Management Authority], Total and the district officials. My plan is to plant soya beans on the garden since they removed the waste and have told me that there is no problem. But we are waiting to see if there is any long-term effect. Members of my family have not yet been examined to see if there were any effects.We know that those people are businesspeople and they cannot shoot themselves in the foot by telling me everything. They could have hidden some information from me. hobenon@observer.ug Sign up and get daily updates right to your inbox. Link Copy link"
The Observer,https://observer.ug/news/the-public-needs-to-trust-mps-kalemba/,The public needs to trust MPs – Kalemba,2016-12-12,"The Observer He had worked in the Office of the President since 1986. He then headed the district tender board of Rakai, and was eventually elected LC-III chairman for Kakuuto sub-county. President Museveni would appoint him an RDC for Lwengo, from where he was elected to parliament. In July, Kalemba was kicked out of parliament after court ruled he lacked the requisite academic qualifications. But he remains a honourable MP, having appealed. Josephine Namuloki asked Kalemba about his impressions of parliament and issues in his constituency. What are some of the national issues you feel the 10th parliament needs to urgently attend to? There are some policies I feel that affect service delivery like in the local government. If you look into our structures like the awarding of contracts at the district, the technical team is involved; [it] verifies, makes the BOQ [bill of quantities], supervises, and recommends payment. You find there is a gap. We cannot monitor these projects because it is done by the same people at each level. You find that the councils are not empowered; like at the sub-county level the chief is the accounting officer and you find that the councilor at the sub-county is paid Shs 20,000. How do you feel that you would fight corruption, improve service delivery? The council that has powers to decide on policies, monitor and supervise the activities at the sub-county are not facilitated which encourages corruption even at the district level. So, the performance is not good. You find even other departments where we need the extension workers like at sub-county, missing. You cannot fight poverty when you don’t have extension workers. There is a ban that they are not recruiting more extension workers, you find the sub-county has only one. So, that is a very big challenge I think the government should come in to rectify. What have you found most interesting in the 10th parliament so far? The interaction I have had with different people from the East, North, West and sharing experiences. We have different backgrounds that [combine] experiences and this could help me as a person and my people because even recently I took the committee in charge of East African affairs to meet with leaders of Kakuuto. So, I am lobbying for many more things. What do you feel is not going well in the 10th parliament so far? How the information is disseminated is not really good because you find things in the press which we are not aware of and our electorates are not happy. Really I feel the dissemination of information is not good at parliament here. We need to revisit how we disseminate information, I always appeal to some MPs not to comment where it is not necessary, and you are not supposed to have answers to every question. Are you blaming the media for asking MPs? The gap is with parliament. The media has no problem; that is how I see it because the custodian of the information is parliament headed by the clerk, the office of the speaker and the technical staff. I think they are the people responsible. I think it is these people who talk about the money for cars but have not given [it] to MPs. But you find some staff saying: ‘we have released the money, we have started paying yet it is not true. They release information knowing that it is not true but they just release it; I don’t know why. Which MP or MPs inspire you in the 10th parliament? I cannot specify but many MPs have inspired me and I have learnt a lot how they do things, how they manage. They are many. What are the major issues in your constituency? As a border constituency, it has a lot of issues. We are at the border of Mutukula. Security issues are pertinent in the area because people use this border area to steal motorcycles, cows and cross them to Tanzania. Then another one is that people from across use Lake Victoria to attack our fishermen and steal their fishnets. Our schools are not performing well; we have one health centre IV which is not well-equipped; so, we need government’s support. You mention insecurity as an issue at the border and Kakuuto has always experienced tension between the residents and the immigrants from Tanzania: how do you intend to handle that? Recently, we had some refugees at Lukoma airstrip near Sango Bay. Tanzania always dumps their people. They screen people and return them to Uganda, which is a challenge because we don’t know how they do it. But we are grateful to government that those who were put there were transferred to Kitagwenda. Recently, your constituency was hit by an earthquake. How are your voters coping? We were hit and 995 houses collapsed while 3,186 developed big cracks. Over 20 institutions, including health centers and schools, were affected. As I talk there are many schools that don’t have toilets. Toilets and classrooms collapsed and also operations in our health center IV [Kakuuto] theater were suspended due to very big cracks on the ceiling; it is risky to operate there. What other problems have you encountered in your constituency? Another problem is politics. After elections, people are still divided and you know this affects service delivery because when we bring good programs people do not want to attend to them. Some even avoid meetings; for example, if an MP or chairman calls a meeting and he didn’t support you, people refuse to come or to give you support if he is holding an office. What are you doing to help your people out of poverty? I did this some years ago since we had a big Sacco in the constituency where I participated in its establishment. I have asked the youth to form groups so we can assist them through these groups. We are also looking for funding from other sources. For the women, we have UWESO group where they save money on every Tuesday. I am lobbying the ministry of microfinance to give our people some support in their own groups. Anything you would like to add? I want to appeal to government to bridge this gap, to continue sensitizing the communities to respect their leaders. What is happening on the side of MPs will happen also in the local governments. Now in Uganda you find people don’t trust their leaders at all levels; we cannot serve our people if we are not trusted. If there is a problem, let’s work together everyone needs the other. I really don’t know now because there is a big gap between the leaders and the electorates. Our communities have a lot of problems and we are failing to serve them because we are handling non-issues. For me, I feel that is a every big gap the government must work on with us leaders. Sign up and get daily updates right to your inbox. Link Copy link"
The Observer,https://observer.ug/news/combating-corruption-takes-total-commitment-agaba/,Combating corruption takes total commitment – Agaba,2016-12-12,"The Observer Last Friday was Anti-Corruption day. Corruption is a big challenge within the country and it is increasing daily. Zurah Nakabugo spoke to MARLON AGABA, the information and communications manager at the Anti-Corruption Coalition of Uganda (ACCU), about the challenges and general situation of corruption in Uganda. The judiciary and police top the most corrupt institutions each year, within the country, yet there are other public institutions such as Unra which are cited in big scandals like Katosi which lost billions of shillings, but are not listed among the top corrupt institutions. Why is that? It is mainly about the methodology of research used by Transparency International for people to understand corruption findings. Corruption perception index is about people’s awareness or observations on the level of corruption. Police and judiciary always top the list of corrupt institutions because people interface with these institutions more regularly and they are aware of different methods of corruption in these institutions, unlike in other institutions such as Unra, IGG and other public institutions which are limited to people and they don’t know what is happening behind closed doors. When corruption perception is done, they ask people about corruption and different methods used, which becomes easy for them to identify police and judiciary since they always go there and know how police officers receive bribes to open up cases or release people on bond. Aren’t there other methodologies used in identifying corrupt institutions? There is the East African bribery index, which is used in all East African countries, where they use professional research. Here, they get a sample of the population and interview them basing on the questionnaire, such as ‘what do you think is the most corrupt institution in Uganda, and why?’ What is the general overview of corruption within the country? It is increasing and it is a worrying trend, according to reports coming out daily. Even in the corruption and East African perception index, the trends are going up. The inspectorate of government has data tracking mechanism, like for that of 2014 which showed that more than 70 per cent of people had paid bribes to access judicial services. There is also soft corruption that people don’t know, but use it daily, such as bribes to vote someone and buying sweets for children to give fellow children during school campaigns to vote for them. Which other forms of disguised corruption are in use? Like coming late to work, where you cheat your employer of some working hours; using institution or government resources like vehicles, land and other properties for your private businesses. Bribing to secure jobs for your relatives, when they don’t even qualify, and others. But we have never seen people prosecuted against such cases, yet they are common. Such cases do come and are forwarded to Inspectorate of Government to investigate. These include influencing contract awards, although they are not taken seriously, yet they are killing our country and need to be addressed seriously. What happened to the leadership code; leaders were required to declare their wealth. The previous leadership code had challenges with implementation and several court cases invalidated some of the cases, and there was need to have a tribunal. Right now we are in the process of amending the Leadership Code Act. ACCU has been spearheading the call to put up a tribunal so that when the inspectorate of government investigates you, they can then send the findings to a tribunal which can sit and pass a verdict. What are the challenges of fighting corruption? There are several challenges, and at different levels. When you look at the government level, most institutions don’t have enough funding to handle such cases. Actually, there was a Human Rights Watch report that came out and highlighted issues of influence and lack of political will. As in some cases, the political wing doesn’t have the will to prosecute those cases. Of course even at civil society, the funding we have sometimes isn’t enough, but another unfortunate bit is the whole issue of apathy. If the people are not involved in the fight against corruption, it becomes hard. What does ACCU do? First, ACCU is a non-government organization whose mandate is advocacy for good governance with specific interest in anti-corruption work. It brings together 70 civil society organisations, individuals, religious leaders, academicians, media practitioners and key institutions involved in the fight against corruption in Uganda. It was formed in January 1999 and registered as an NGO under the NGO Statute through which anti-corruption activists can enhance their capacity to tackle corruption and build a strong voice and force that can effectively engage government on issues of corruption. It has been lobbying and advocating for appropriate anti-corruption national policies, punitive measures, research and exposure of corrupt activities, as well as the capacity building, coalition building and mobilization of the Ugandan citizens to fight corruption. zurah@observer.ug Sign up and get daily updates right to your inbox. Link Copy link"
The Observer,https://observer.ug/news/news-news/medical-stores-runs-out-of-malaria-hepatitis-b-drugs/,"Medical Stores runs out of malaria, hepatitis B drugs",2016-12-12,"The Observer National Medical Stores (NMS) says it may not deliver malarial drugs and hepatitis B vaccines to health facilities in January next year due to lack of funds. According to the NMS general manager, Moses Kamabare, the funds shortage came after government decided to divert money meant for artemisinin-based combination therapy (ACTs) to instead procure antiretroviral (ARV) drugs. The decision to divert the money was the result of a request by development partners to government to get more funds to procure ARVs after the introduction of the HIV/Aids test and treatment strategy. Kamabare explained that when the finance ministry failed to get the said funds from other sources, it was decided that money meant for ACTs be diverted to procure ARVs. “We are telling government that if they do not put in more money, we might have a massive stock out of ACTs in the second quarter of this financial year. It’s the biggest concern because of all the diseases that we have in this country, both the outpatients and inpatients, the biggest number have malaria,” Kamabare told journalists gathered at Imperial Royale hotel for an NMS-media meeting on Friday. The ministry of Health estimates that malaria accounts for 27 per cent of all deaths in the country. In Africa, Uganda is one of the top ten countries with high malarial mortality deaths. “They have protected money for about 800,000 or 900,000 Ugandans that have HIV/Aids and left out the rest of the 35 million Ugandans who need ACTs,” Kamabare said. The NMS boss further warned that the stores didn’t have the Shs 10bn needed to procure hepatitis B vaccines for the second and third vaccination exercises. He noted that although NMS has some buffer stock, it will not be able to cover all districts and sustain completion of the vaccination exercise. “If you miss the second and third doses, then you are sure all the investments you have made have gone to waste. It is as if you wouldn’t have carried out the vaccination,” said Kamabare. Karamoja sub-region has the highest infection rates with 24 per cent followed by northern Uganda (20 per cent). The health ministry estimates that 3.5 million people are chronically ill with hepatitis B. Efforts to reach the Health ministry for comment were futile as the known numbers of the public relations officials were off until the time we went to press. However, the finance ministry’s public relations officer, Jim Mugunga, clarified that the ministry had forwarded all the funds due to NMS. He said that money from the ministry is disbursed according to the budget. “Money cannot be released for them to buy only one item. A budget is allocated and they get the money as budgeted for. I am surprised that they are saying that,” said Mugunga. abumay1988@gmail.com Sign up and get daily updates right to your inbox. Link Copy link"
The Observer,https://observer.ug/news/local-govt-ministry-in-shs-5-5bn-scandal/,Local govt ministry in Shs 5.5bn scandal,2016-12-12,"The Observer A number of officials at the ministry of local government are facing a police investigation for fraud after the Auditor General John Muwanga implicated them in an embezzlement. The Observer understands that Patrick Mutabwire, the ministry’s former acting permanent secretary, and John Genda Walala, the head of the ministry’s monitoring and inspection unit, are some of the officials under investigation. The investigation was prompted by Parliament’s Public Accounts Committee (PAC), which is currently scrutinising the ministry’s books of account based on the auditor general’s report to parliament. It runs concurrently with another investigation by the Inspectorate of Government. For the financial year ending on June 30, 2015, the auditor general found that billions of shillings earmarked to buy double-cabin pickup trucks for 111 district chairpersons countrywide in the run-up to the 2016 general election were diverted to individual local government ministry staff accounts without the approval of the Secretary to the Treasury. During the previous financial year, the ministry requested for $4.5m (Shs 16.25bn) but was given Shs 7.01bn to pay in part for the 111 vehicles for LC-V chairpersons and in full for six cars for the ministry headquarters. The cars were handed to the district bosses a few days to the February 18 general election, delivering on the presidential pledge to ease the movement of LC-V chairperson given “their significant role in public service delivery and supervision of government programmes.” The auditor general has, however, discovered that only Shs 1.48bn was spent on buying the vehicles procured from M/S Toyota Ltd. The balance of Shs 5.5bn was diverted. “These funds were subsequently transferred to staff personal accounts,” the auditor general noted. According to the report, Shs 4.3bn was posted on individual staff accounts while Shs 118.2m was spent on last year’s African Day of Decentralisation celebrations held in Kabale district. There are also unexplained cash withdrawals amounting to Shs 120m, while Shs 28m was spent on fuel. Ministry officials also used Shs 110.8m to clear hotel bills, Shs 315.6m to refund money borrowed from District Livelihoods Support Programme (DLSP) project, while Shs 196.8m was used to clear rent arrears. According to the report, the diversions were caused by inadequate releases to fund the key ministry activities yet the procurement process for the vehicles was not concluded within the financial year; thus the need for utilization of funds on unfunded activities. Muwanga, however, noted that such reallocations should have been supported with authority from the secretary to the treasury. MORE DIVERSIONS A further scrutiny of the ministry’s books of account revealed that some targets were partially or not achieved despite the release of funds to the vote functions. This was so because the bulk of funds for the budget items were diverted. For instance, under the Africa Development Bank (AfDB) supported project to construct markets; the markets and agricultural trade improvement project (MATIP), government did not honour its obligation of counterpart funding for activities to undertake consultancies and payment of VAT. Construction of administrative units for some districts was not undertaken. The ministry’s budget had Shs 735m for construction of administrative units for Buvuma Town Council in Buvuma district, Shs 100m, Kibiito Town Council in Kabarole district Shs 20m, Masaka district Shs 23.5m and Kayunga district Shs 100m. Much as the ministry received about 70 percent of the budgeted amount (Shs 514m), the money it sent to the districts was representative of 47 per cent of the total sum it received. The ministry also failed to utilise Shs 75m for consultancy works for the Nakawa-Naguru housing project and another Shs 200m for an international conference on conflict resolution in addition to Shs 338m for workshops on local government’s support to local economic development and the community driven development. BREACH OF INSTRUCTIONS The report also accuses Mutabwire of breach of Sections 227, 228 and 229 of the Treasury Accounting Instructions (TAI), which requires for all payments to be made directly to the beneficiaries. However, more than Shs 10.4bn was deposited to the ministry staff’s personal accounts for them to undertake direct procurements, and to also carry out other ministry activities. A review of the funds that were deposited on personal accounts revealed that the ministry officials failed to account for Shs 3.8bn. “As such, I could not ascertain whether the funds were used for the intended purpose. It was also noted that the unaccounted-for funds were not reflected as advances receivable in the financial statements at the end of the year. The financial statements were, therefore, misstated,” Muwanga stated. The ministry also failed to account for another Shs 2.4bn, which was paid out without the approval of the relevant departmental heads contrary to the TAI. This matter, in addition to depositing of huge sums of government funds on personal bank accounts have been taken up for investigation by the inspector general of government (IGG), according to the report. The report also talks of an official at the ministry who drew Shs 499.5m in excess of the acceptable subsistence night allowances. While the 2010 public standing orders on travel allowances provide for a maximum claim of 150 days in night allowances per year, the unnamed official claimed for allowances for 1,036 nights in one year yet there are 365 nights in a given year. This implies that on average, this official took three foreign trips every day throughout the year. When ministry officials appeared before PAC two weeks ago, committee member Mathias Mpuuga asked them if they were astronauts, that they spent some days on Mars and the moon to have their year extend beyond the 365 days. Muwanga also rejected accountability for Shs 635.6m, which an official claimed to have spent on payment of accommodation and meals for 70 participants of a workshop at a guesthouse. The guesthouse in question denied having hosted any workshops, in addition lacking capacity to host more than 18 guests per night. He also discovered that more than Shs 1.1bn was deposited on staff personal accounts to procure fuel instead of being deposited on the ministry fuel cards. Out of this amount, Muwanga reported, Shs 378.5bn was not accounted for, rejecting explanations that the officials took cash instead of fuel cards because they were going to rural areas. INCONSEQUENTIAL But civil society activists as well as the opposition hold fears that these findings may not be of any consequence. “The findings have never been followed beyond the reports. It is the same thing with many other reports. If action was being taken, these issues wouldn’t be coming up again,” said Cissy Kagaba, the executive director of Anti-Corruption Coalition Uganda (ACCU). Kagaba’s arguments are based on an analysis of the auditor general’s reports covering financial years 2010/11 to 2013/14, which shows a low level of compliance to the reports’ recommendations. “Whereas the [auditor general] has effectively presented the annual audit reports to Parliament, over the years, there is a challenge of backlog of reports submitted. This is a stumbling block in the accountability cycle since it’s upon which [ministry of Finance, Planning and Economic Development] responds through the Treasury Memorandum to Parliament. This creates a situation where the recommendations on some issues raised are overridden by time,” the report by ACCU states. The Leader of Opposition in Parliament, Winnie Kiiza, put the blame on the executive under President Museveni. “For us [Parliament] we have tried our best to do what is required of us as per the Constitution and the rules of procedure… ours is to make resolutions and recommendations to the executive, we only wait to see whether the executive will implement but on many occasions our recommendations are [not considered],” Kiiza said. sadabkk@observer.ug Sign up and get daily updates right to your inbox. Link Copy link"
The Observer,https://observer.ug/news/northern-uganda-s-untold-oil-story/,Northern Uganda’s untold oil story,2016-12-12,"The Observer Is govt neglecting Acholi sub-region? After a protracted process, Uganda granted five production licenses to UK-listed Tullow Oil and three to France’s Total on August 30, 2016. But while this move paved the way for the eventual production of oil from Uganda, complaints from some communities point to simmering undercurrents that could prove problematic later. In Part I of a three-part series, BENON HERBERT OLUKA visits northern Uganda, where some of the loudest complaints are coming from: Nwoya district in northern Uganda has a considerable amount of the 6.5 billion barrels of oil that have been discovered in the country since 2006. But with Nwoya’s oil fields hidden away in the Murchison Falls national park, locals barely get a glimpse of any oil-related activities in their community. On the morning of September 10, I set off by bus from Kampala to seek out some “distant neighbours” of the oil fields. The entire journey, which spanned 456 kilometres, ended at Got Apoli farm in Olwiyo village, one of the many large-scale farming enterprises in the vast lands of Nwoya. A modern ranch owned by Gulu-based businessman Uma Kerubino, Got Apoli sprawls over 1,500 acres of land, with 31 head of cattle, 90 sheep, 60 goats, as well as countless turkeys and chickens. Strewn across the headquarters of the farm are a series of farm implements, including three tractors, three disc ploughs, a mower, a planter, boom sprayer, burrower, rice huller, two trailers and a maize milling machine. Many of Got Apoli farm’s equipment had either gathered dust or were rusty at the bolts and edges, visible signs that they had been disused for a while. Charles Komakech, who has served as the manager of Got Apoli farm for the last four years, said they had laid down their tools for the better part of 2016 due to an inability to combat relentless raids by elephants and other wild animals from Murchison Falls national park, which borders the farm. “In 2013, we planted 100 acres of sorghum but most of it was damaged by elephants. Last year [2015], we also tried 25 acres of maize but it was destroyed totally,” he said. EFFECTS OF OIL EXPLORATION? This year, the management of Got Apoli farm suspended planting of any crops as they sought a better strategy for fending off the rampaging wild animals. “The target is to resume next year [2017],” he said. “We have been thinking of planting crops that elephants do not eat, like sunflower. Otherwise, wild animals have become a big problem for farmers here.” Komakech says they have raised their complaints with authorities because they believe the elephants are being driven out of the park by human activity, especially oil exploration. The oil fields are about 20 kilometres from the boundary separating the park from Got Apoli farm. “We have tried to raise this issue with the people in charge but these people are not serious,” he lamented. “We have requested that they bring park rangers here but they have not done so.” A 16-month study around four drill pads, which was done by Wildlife Conservation Society (WCS) Uganda and Uganda Wildlife Authority (UWA), confirms Komakech’s fears. Titled Impact of oil exploration on wildlife in Murchison Falls Park, the study says activities at the oil pads are leading to lower densities of the large mammals and birds in the park. “Most large mammals were negatively affected by the activities at a drill pad site, even pad maintenance where there is not much activity but a presence of people and some vehicle traffic,” notes the study. “Elephants, buffalos and giraffes were most negatively affected with avoidance up to 750-1,000 metres being exhibited.” Yet the marauding elephants are not the only concern that oil exploration activities have brought onto Nwoya district. At Pabit parish, Purongo sub-county, 46-year-old Douglas Olwoch narrates a vexing story of his two-year battle against oil companies that used his land as a waste dumping site. [See Olwoch’s full testimony in the side bar] The LC-V chairperson for Nwoya district, Patrick Okello Oryema, told The Observer that some of the problems could have been avoided if the government had prepared the people in northern Uganda for the disruptions brought about by the oil exploration and development activities. DEVELOPMENT IMBALANCE Oryema also complained that the government and oil companies had not set up the requisite infrastructure that would enable locals in the north to tap into the opportunities sprouting out of the nascent oil industry. “When you go to Buliisa and Hoima, there are a lot of construction developments that are physically visible and people really appreciate. Health centres, schools, roads, and very many other things were constructed,” he said. “When you look at all those facilities, you realise that on our side as Nwoya district, little was done.” In fairness to government, the Uganda National Roads Authority (Unra) has contracted a Chinese company to upgrade the Gulu-Nwoya road to tarmac. Construction work on the road is ongoing. The government is also offering a leadership scholarship scheme for vulnerable children to complete secondary education, and plans to set up a petroleum institute in the district. However, the head of the Acholi Technical Working Group on Oil and Gas (ATWCOG), Prof Morris Ogenga-Latigo, says such token offers like a petroleum institute do not equate to the resource that will be extracted from the region. “We asked for the pipeline and it has been rejected. Are we supposed to just be [the] land from which they extract oil without development to our people? When we mention that, they say they are going to build a technical school. Can you imagine equating 70 per cent ownership of oil with constructing a technical school?” he asked. Oryema, for his part, argues that the scholarship programme should fund the education of vulnerable children until they complete university education. In addition, according to Oryema, the government should work out a way of compensating people who lose their property to wild animals being destabilised from their natural habitat by the oil developments. “There should be some special audit on how the oil issue is affecting the animal habitat,” he said. “We are also saying, ‘can Parliament amend the wildlife Act to take care of compensation of people whose farms are damaged by animals?’ Right now, they are not compensating people.” BATTLE FOR OIL SHARE The leaders in northern Uganda feel particularly hard done by the government’s decision-making because, according to the Acholi Technical Working Group on Oil and Gas (ATWCOG), the region deserves more since it hosts nearly 60 per cent of the country’s oil deposits. In June 2014, members of the Joint Acholi Leaders Forum (JALF), from which ATWCOG is constituted, handed President Museveni a memorandum containing their observations and queries on “the lopsided planned development of oil and gas infrastructure that leaves Acholi and the North out of the picture.” According to Prof Latigo, also the MP for Agago North, the group wants the government to deal with issues of royalty payments to Acholi, infrastructure development and representation on national oil bodies to engender equity and a sense of share ownership. They also wonder why none of the oil infrastructure (e.g. refinery, pipelines and central processing facilities) will be built in the north yet it will provide the bulk of the country’s oil produce. In an interview with The Observer on Thursday, Prof Latigo said they were yet to get an appointment with Museveni some two years and six months after they submitted their memorandum. “We have not got any response to our memorandum [till now],” he said. “I asked President Museveni about it sometime back [at a public event that both attended] and he promised to get back to me but he didn’t.” When contacted for comment on the matter, the assistant commissioner for Refining in the directorate of Petroleum at the ministry of Energy and Mineral Development, Dozith Abeinomugisha, told The Observer that their engagements are only limited to areas where oil is found. “We do not have oil in Acholi. We have oil in Nwoya. We have no business with Acholi,” he insisted, before referring any further questions on the matter to the energy ministry’s permanent secretary. Prof Latigo, however, says they intend to continue pursuing the matter with the president until they have a discussion since “oil is a long-term issue” and any dialogue on it should not be rushed. He expressed disappointment with the way the government is handling the issue. “Government deliberately created the impression that the oil is in Bunyoro and that justifies and psychologically prepares the population to access the lopsided development,” he said. “The government and the whole country must know that we are stakeholders in the oil since [most of it] comes from our sub-region. Even accepting that fact and letting the country know seems difficult for our government.” In Part II of these series, we visit the oil districts of Hoima and Buliisa to assess whether the complaints by the people and leaders of northern Uganda about negligence of their oil-related issues, in comparison to the handling of similar issues in the Bunyoro sub-region, are legitimate. hobenon@observer.ug This story is a product of The Watchdog, a centre for investigative journalism at The Observer newspaper. It was written as part of the Wealth of Nations programme, a media skills development programme run by the Thomson Reuters Foundation in partnership with the African Centre for Media Excellence (ACME). Sign up and get daily updates right to your inbox. Link Copy link"
The Observer,https://observer.ug/news/ministers-in-ugly-quarrel/,Ministers in ugly quarrel,2016-12-12,"The Observer Nantaba: You are in bed with land grabbers! Namuganza: You are mad, you are fake! A cabinet war of words raged last week, sucking in three ministers and, in the words of one of them, tarnishing government’s image. With President Museveni having declared kisanja hakuna mchezo’ (term for no fooling around) these ‘palace fights’ will be disconcerting for the head of state. At the center of the bitter exchange are junior ministers Persis Namuganza (lands) and Aidah Nantaba (ICT). Nantaba has also dragged in her senior minister for ICT and National Guidance, Frank Tumwebaze – although he appeared keen to keep himself above the fray. Namuganza, the MP for Bukono in Namutumba district, has not been seeing eye-to-eye with Nantaba, who she replaced as junior lands minister in June. However, the latest cause of friction followed Namuganza’s Thursday trip to Kayunga district, reportedly to investigate land disputes. Nantaba, the Kayunga Woman MP, was angered that Namuganza went to her district without her consent. Speaking to CBS radio on Friday, Nantaba accused Namuganza of aiding land grabbers. “It seems Namuganza was brought to the ministry of lands to quicken the work of land grabbers. She has come with a known land grabber to Kayunga at Nkokonejru village, where she even promised to bring more army officers,” Nantaba said. DIFFERENT INTERESTS Nantaba appeared to be referring to Moses Karangwa, who defeated her in 2015, to become the district NRM chairperson. Nantaba has clashed with Karangwa several times, accusing him of grabbing people’s land. “I am warning [Namuganza] that she will not play with Kayunga land. I have protected the land of my people; if the minister is bringing to us people who we have been fighting with; we warn her it won’t happen,” Nantaba said. “My interest and those of Namuganza are different. I used that office to mainly protect people’s land but she is using that office to give people’s land to those calling themselves investors. She [should know that she] is not the first person to be used to grab people’s land; whoever has been used to grab people’s land also ends up [buried] in the same land.” When The Observer spoke to Namuganza about these accusations, she did not hide her contempt for her fellow minister. “She is mad; she is fake; I used to respect her thinking that she understands, but I think she has a mental problem. At a level of a minister when you make such allegations which are false and baseless what does that mean?” Namuganza said, Friday – sounding rather angry. She said she was sent to Kayunga by speaker Rebecca Kadaga, after Bbaale county MP Kumama Nsamba petitioned parliament over some 20,000 people facing imminent eviction from their land. “Madhvani, under his Kayunga Sugar Works, had been given that land to grow sugarcanes but it had so many squatters on it; he couldn’t afford to compensate all of them so, he lost interest in the land,” Namuganza said, adding that the speaker asked her to report to parliament before Christmas. “Nantaba came to my office and told me I shouldn’t go there, arguing that there are no land disputes in Kayunga,” Namuganza said. She claimed that when she insisted on going to Kayunga, Nantaba used money to mobilize people not to attend the meeting. “To her shock, people came in very big numbers because they were yearning to know the status of their land,” Namuganza said. She added that as the meeting was about to end, Karangwa and other LC chairpersons joined but they were not given an opportunity to speak. Namuganza claimed that people told her that Nantaba was behind the threats of eviction, because she wanted to turn around and claim to be fighting those threatening to evict the same people. “I got shocked when the people started revealing that she is the source of the threats, which is why she never wanted me to go to Kayunga. She doesn’t want this issue to end because she is benefiting from it politically,” Namuganza says. DO YOUR WORK Namuganza advised Nantaba to concentrate on her ministry of ICT and leave land matters to the minister of lands. “Her only program is spreading lies and causing discomfort which is tarnishing the image of government. Am I the one who chased her from the ministry of lands? What I know is that she has become irrelevant as far as land issues are concerned,” Namuganza said. She claimed that President Museveni appointed her to lands docket because she is the one with “brains to dig deeper” into land matters: “Let her go to the appointing authority and tell him that she does not like the ministry where she was deployed or let her resign.” FREE INTERNET On CBS radio, Nantaba also blamed her senior minister, Frank Tumwebaze, for launching free WiFi internet for the public in selected areas of Kampala and Entebbe yet, in her view, the government can’t afford it. This followed complaints by some people that the free internet was not working. “I don’t know why Frank [Tumwebaze] launched a program when he knew that government has no money to give people free internet. As a country we haven’t reached the status of giving people free internet,” Nantaba said. Efforts to speak to Frank Tumwebaze were futile, as he neither answered nor returned our numerous phone calls and messages. However, in an interview with The Observer, a senior government official said the government was not spending any money on the free internet. Mr James Saaka, the executive director of National Information Technology Authority-Uganda (NITA-U), said free public internet is only available at night and on weekends – because then, government offices are closed and the already-paid for internet is redundant. “We are creating more WiFi sites so that citizens can access this internet which is already paid for.” QUARRELS NORMAL President Museveni’s senior press secretary, Don Wanyama, rejected claims that the government image was being tarnished by such quarrels. “It’s OK for people to have different views on a matter. It’s you trying to show that there is animosity in cabinet; but all the ministers are working amicably under the supervision of the prime minister,” Wanyama said. For some observers, however, public disagreements between ministers not only reflect lack of cohesion, they also have potential to confuse users of government services. Recently, finance minister Matia Kasaija and junior minister Evelyn Anite each appointed a separate chair for the board of the Uganda Electricity Generation Company. Anite said she would not withdraw her nomination unless Kasaija explained to her in writing why she should do so. Kasaija eventually withdrew his appointee. Earlier, when Nantaba was junior lands minister, she was reported to be at loggerheads with her senior minister, Daudi Migereko. At one point Nantaba also clashed with police chief Kale Kayihura over land issues in Kayunga. Some of her critics speculated that she would be fired, but the president knew better. bakerbatte@gmail.com Sign up and get daily updates right to your inbox. Link Copy link"
The Observer,https://observer.ug/news/e-a-largest-solar-power-plant-commissioned-in-soroti/,E.A largest solar power plant commissioned in Soroti,2016-12-13,"The Observer With the commissioning of East Africa’s largest solar power plant yet in Opuyo parish, residents of Soroti now have hope that they can enjoy more affordable and stable power supply. Located on 33-acre land, the $19 million (about Shs 67 billion) power plant generates 10MW with potential to increase capacity output by a further 20MW. It is the country’s first grid-connected solar plant and is expected to generate clean, low-carbon, sustainable electricity to 40,000 homes, schools and businesses in the area. The project was developed under the Global Energy Transfer Feed in Tariff (“GET FiT”), a support scheme for renewable energy projects managed by Germany’s KfW Development Bank in partnership with the Electricity Regulatory Agency (ERA). State minister for Energy Simon Dujang who inaugurated the project yesterday says that the solar plant would help stop further environmental degradation and grant citizens efficient and reliable energy. He says Uganda has vast potential for solar which will be harnessed. The European Union head of delegation to Uganda, Kristian Schmidt said in his speech that Uganda is a good place to invest in solar energy as the regulatory framework is conducive and government rightly recognizes Uganda’s energy future must be renewable. “It is great that this is now triggering private sector interest in solar power generation. The European Union is proud that our grant contribution ensures the realization of the Soroti Solar Plant, and I hope this is only just the beginning for many more to come.” he says Reda El Chaar, executive chairman, Access Power says “the project in Soroti raises the bar on what can be achieved through teamwork and we look forward to more collaborative efforts to expand the footprint of clean energy across this mighty continent.” Sign up and get daily updates right to your inbox. Link Copy link"
The Observer,https://observer.ug/news/besigye-drags-civil-aviation-authority-to-court/,Besigye drags Civil Aviation Authority to court,2016-12-13,"The Observer Dr Kizza Besigye has dragged the Civil Aviation Authority (CAA) to court over his recent arrest at Entebbe airport by security operatives. In his suit filed by his lawyers of Rwakafuuzi & Co advocates, Besigye states that on October 3 this year, he was plucked off a Kenya Airways plane by security who connived with CAA officials and that he was driven against his will through remote routes from Entebbe airport to his home in Kasangati. He says the arrest contravened his right to free movement as a Ugandan citizen. He further states in his suit that he was also denied the right to meet and move from the airport in the company of his waiting family, friends, associates and supporters, hence violating his freedom of association. In support of his suit, the top opposition politician in his sworn-in affidavit before the court says that on August 22, he left Uganda and addressed conferences in London, Geneva and Boston and returned on October 3 using Kenya Airways aircraft which landed at Entebbe. He adds that on that day, he noticed that the plane had parked unusually far from the terminal and when he got out; he suspiciously noticed a bigger presence of CAA staff on the tarmac and a CAA vehicle driving closer to the aircraft. Besigye adds that before he could disembark from the staircase, a staff of CAA wearing a reflector jacket pulled him from the last step of the staircase and grabbed him by his trouser towards the CAA vehicle which drove him away before he could even go through immigration procedures at the airport. To that effect, court has summoned the CAA to file in its defense within 15 days from the date of receipt of summons and should they fail, judgment will be passed in their absentia. The file case has been allocated to Justice Patricia Basaza for hearing. Sign up and get daily updates right to your inbox. Link Copy link"
The Observer,https://observer.ug/business/insurance-firms-to-pool-funds-for-oil-industry/,Insurance firms to pool funds for oil industry,2016-12-14,"The Observer Accused of not being aggressive enough, insurance companies in Uganda have come together to try and insure the biggest industry in the country, and wrestle a revenue stream that is dominated by foreign firms, writes JUSTUS LYATUU. At least 17 local insurance companies and a reinsurance company have come together to pool their resources in an effort to cover risks in the oil and gas sector. The pooling initiative, which began this year, aims at making local insurance players more capitalized to handle any risks in the oil and gas sector, according to insurance players. Azim Tharani, an executive member of the Uganda Insurers Association (UIA), said insurers are ready to insure some of the activities in the oil and gas sector. Tharani was speaking to the press about developments in the sector and the plans for 2017 in Kampala recently. CONSORTIUM “We have formed a syndicate or what you can call a consortium to ensure that we are able to handle any risks in the sector. We understand the sector is risky and sometimes it can be hard for one insurer to handle. So, we are cooperating to see that premiums are not taken abroad,” he said. He added: “Through the local ‘content policy,’ we have to be prepared. It would be bad to ask for local content yet we don’t have the capacity. This is also an opportunity to increase our penetration which currently stands at 0.85 per cent, the lowest in the region.” “Once the oil sector takes off, we expect to see an investment of over $10 billion, and as insurers, we believe that we can collect over $100 million (Shs 335 billion) as premium income,” he said. Deepak Pandey, the chairperson of UIA, said the resources from the oil and gas sector will spur the industry’s market growth development plan which intends to see insurance penetration grow to three per cent by 2025. Tharani said insurers have signed a memorandum of understanding with a foreign consultant to guide the industry on how to underwrite risks in the oil and gas industry. The consultant, Total Risk Solution (TRS), is headquartered in Scotland. Uganda has discovered about 6.5 billion barrels of oil, with the country targeting to produce its first barrel in 2020. Some of the oil wells are found in environmentally-sensitive areas such as game parks, making exploration and production a risky venture, especially towards the tourism potential of the country. Also, Uganda is executing a number of infrastructure projects such as a crude oil export pipeline to Tanzania, which will run for 1,445km over different pieces of land. The security risk for such a long pipeline will be one of the main concerns for both countries. Insurance companies will have to pay attention to these risks and see what kind of products they can design for the oil companies. Sign up and get daily updates right to your inbox. Link Copy link"
The Observer,https://observer.ug/business/insurers-urged-on-being-professional/,Insurers urged on being professional,2016-12-14,"The Observer Insurance players have been urged to invest in building and upholding high levels of ethical standards and professionalism, saying it is the answer to the low insurance penetration levels in the country. Speaking at the Insurance Institute of Uganda (IIU) end-of-year dinner in Kampala recently Ibrahim Kaddunabbi Lubega, the chief executive officer of the Insurance Regulatory Authority, said developing and strengthening professionalism will boost sector confidence among the insuring public and encourage more people to buy insurance. Uganda’s insurance penetration stands at 0.86 per cent, the lowest in East Africa. Despite having potential of becoming one of the vibrant sectors that can contribute to job creation, Uganda’s insurance industry is still constrained by low levels of professionalism and a wide skills gap. Following the introduction of the training levy a few years ago, IIU is trying to bridge the skills and professionalism gaps through continuous trainings. It graduated 501 students last week with a certificate in insurance and a certificate in proficiency. Kaddunabbi also urged the institute to broaden the course units to include bancassurance, medical, pensions and agriculture, among others. The approval of the Financial Institutions (Amendment) Act early this year provided for the introduction of bancassurance, where banks will be allowed to sell insurance products on behalf of insurance companies. Ronald Zake, the IIU chairman, governing council, acknowledged the skills gap and promised to introduce more trainings. To uphold professionalism, Zake said the institute will soon operationalise the continuous professional development programme that will require all insurance agents to undertake the course before renewing their annual operating licenses. “For any agent to get IIU clearance, they should prove that they have had continuous professional development in the previous year,” Zake said. Zake also urged the graduands to uphold a high level of ethical standards and professionalism. Finance Minister Matia Kasaija, who was the guest of honour, urged the insurance sector to sensitize government about the importance of insuring its assets, saying that it may be ignorant about its value. “Why doesn’t government insure its assets? Educate it why insurance is important,” Kasaija said. Sign up and get daily updates right to your inbox. Link Copy link"
The Observer,https://observer.ug/business/uganda-launches-east-africa-s-largest-solar-power-plant/,Uganda launches East Africa’s largest solar power plant,2016-12-14,"The Observer If Uganda is to provide cheap and clean electricity, the government should invest more in solar technology, a European Union envoy has said. Kristian Schmidt, the head of delegation at the European Union in Uganda, said the country is a good place to invest in solar energy, and that the private sector should be supported in order to make more investments. Speaking during the inauguration of a 10MW solar plant in Soroti recently, Schmidt observed that solar energy is an alternative to hydroelectric power, which is expensive to set up and takes longer to be connected to the grid. “Solar energy may be a good alternative to hydropower which may fluctuate with water availability. If the grid stability is enhanced, allowing more solar plants to be connected to the grid, we are sure this technology will represent a very good option for affordable energy in Uganda,” he said. Schmidt said the regulatory framework should be conducive to attract more investments. “It is great that this is now triggering private sector interest in solar power generation. The European Union is proud that our grant contribution ensures the realisation of the Soroti solar plant, and I hope this is only just the beginning for many more to come,” he said of the project, which is the largest in East Africa. Christophe Fleurence, the vice president of Eren Renewable Energy, said the country has vast renewable energy resources for energy production and solar alone can produce an estimated 30 per cent of the country’s energy needs. Simon D’Ujanga, the minister of state for Energy and Mineral Development, said Uganda is set to fast-track up to 15 small-scale renewable energy generation projects (1MW-20MW). “We have policies to attract more investors in the sector. While we focus on hydroelectric investments, the private sector should come and take on smaller renewable energy,” he said. THE PROJECT The $19 million Soroti solar plant is part-funded by the European Union under the Africa Infrastructure Trust Fund through the GET FiT solar facility, an initiative between the government and development partners. The plant is made up of 32,680 photovoltaic panels. It is the first grid-connected solar plant and will generate clean, low-carbon, sustainable electricity to 40,000 homes, schools and businesses in the area. The project was developed under the Global Energy Transfer Feed in Tariff (“GET FiT”), a support scheme for renewable energy projects managed by Germany’s KfW development bank in partnership with Uganda’s Electricity Regulatory Agency (ERA) and funded by Norway, Germany, the United Kingdom and the European Union. Eng. Ziria Tibalwa, ERA’s chief executive officer, said the GET FiT programme helps renewable energy sources become affordable. “The project [in Soroti] is financed by a mix of debt and equity with the senior debt facility being provided by the Netherlands Development Bank and the Emerging Africa Infrastructure Fund (EAIF); as government, we will continue getting partnerships to increase our electricity on the national grid,” she said. Uganda has joined countries such as Rwanda and Kenya, which have commissioned similar solar projects with an aim of improving quality and reliability of power to spur development. Vahid Fotuhi, the managing director of Access Power Uganda Ltd, the firm that constructed the Soroti project, said that EU contributed $9 million while Access Power and Eren Renewable Energy contributed $10 million. The two companies will manage the project for 20 years. Sign up and get daily updates right to your inbox. Link Copy link"
The Observer,https://observer.ug/business/solar-interest-grows-as-soroti-project-takes-off/,Solar interest grows as Soroti project takes off,2016-12-14,"The Observer The race to have more solar power projects in Uganda is on after the launch of first such energy to be connected on the national grid, writes JEFF MBANGA. The government’s rural electrification scheme has not yet pulled hydro-electricity to Okorom trading centre in Ngora district, but the area residents have learnt to make do with the next best alternative. In the evenings, parts of the trading centre is lit using solar electricity units that some residents have purchased, due to their growing accessibility. Some homes whose owners can afford the units are also well lit. In addition, the solar panels help residents charge their mobile phones. Unlike the past when the cost of installing a solar system and the wiring system ran into millions of shillings, today locals can purchase a “self-contained unit” (comprising a solar plate, a battery, a phone charging facility and three light bulbs) for as low as Shs 250,000. The growth of solar energy from such small settings has evolved into the big stage with the Soroti project being the first to connect units on the national grid. The launch of the 10MW solar power plant in Soroti on Monday, the biggest in East Africa, is expected to spur more investments in this particular renewable energy segment, especially now that the costs of equipment are said to be falling. Fears that solar energy needed higher tariffs for investors to recoup the money they intended to spend on power projects have been dispelled, especially now that the prices of solar equipment have dropped by a half over the last five years. Godfrey Turyahikayo, the executive director of Rural Electrification Agency, explained that China, one of the largest producers of solar equipment, has influenced the movement of prices. “There are quite a number of things that have developed with regards to solar. One is that the costs have actually drastically reduced over the last five years. The cost of solar has gone to about a half over that period. The cost of production of panels in China has reduced; so, the market is flooded. Also, the efficient gains that have been achieved through scientific research have shown solar is less expensive. So, there has been a number of innovations that have made solar cheaper. “Right now, we are actually looking at incorporating it into our system. If you look at the small hydro power projects, the unit cost of energy is about 12 US cents. But solar is also between 12 US cents and 15 US cents, right now, although that is without batteries,” he said. MORE INVESTMENTS Plans are already underway to construct bigger solar projects as more Ugandans, especially those living in the rural areas, switch to using solar. For example, Tororo PV Power Company Limited has already applied for a licence to construct, generate and sell electricity from its proposed 50MW solar power plant in Tororo district. MSS Xsabo Power Limited intends to generate 20MW of electricity from a solar power plant in Gomba, although the company ran into trouble with the regulators over its other planned 20MW wind power project in Tororo. Emerging Power Limited plans to build a 15MW solar power project in Mayuge district at a cost of nearly $30 million. On a lower scale, more homes and public spaces are switching to solar. This financial year, Uganda has set for itself a target of installing at least 20,000 solar systems in eight districts, plus also putting up solar-powered pumps in areas facing water shortages. Maintenance of solar equipment in more than 500 schools is already being undertaken under the Energy for Rural Transformation program. The Joint Energy and Environment Project Uganda installed a solar micro grid, where at least 100 households have been connected to power. Absolute Energy Ltd plans to set up a solar 230kW PV mini-grid at Kitobo island on Lake Victoria to supply more than 400 households and businesses. The increase in the interest in solar power, and other cleaner energies, has brightened Uganda’s international stature. For example, according to the 2014 Climate Scope report, an initiative by Bloomberg, Uganda was ranked 10th out of the 55 countries in the world ranked for attracting clean energy investments, and third in Africa. The report noted that Uganda’s non-large hydro clean energy sector attracted $307m between 2006 and 2013. GOVT STRATEGY As part of its strategy to attract more investments for strictly solar energy, Uganda, in January 2015, changed tact when it stopped using the feed-in tariff – an inbuilt tariff that the investor and private firm negotiate on – to competitive bidding for on-grid projects. Before, investors demanded for a particular feed-in tariff that the Electricity Regulatory Authority had capped at 11 US Cents per kWh for grid connected solar PV energy. But now, with the change to competitive bidding, the tariff can go even lower. “Continuous technological advancements have resulted into cheaper and more efficient solar photovoltaic technology worldwide. Benefits from these improvements can only be realized through effective management of the cost of production of electricity from this resource. Competitive procurement of such capacity is one of the most effective means of guaranteeing reasonable and fair pricing of solar power, as well as harnessing the benefits of such modular technologies, including system loss reduction and voltage stability,” the Electricity Regulatory Authority noted in 2014. Still, government is calling for caution. “From a technical perspective, solar photovoltaic generation is associated with frequent power swings owing to its intermittent nature. This, therefore, calls for accurate determination of the extent to which the national electricity grid can accommodate power from solar without adversely affecting the quality of power supply,” ERA noted in 2015. Investors say that government might need to consider tax incentives for more investments in solar on-grid projects. Kristian Schmidt, the head of delegation for the European Union in Uganda, while at the ground-breaking launch of the Soroti project in March this year, said: “For grid-connected solar projects, for instance, the applicable tax treatment and standard contractual agreements already agreed could be improved to keep Uganda’s reputation as a stable, reliable and attractive environment for private sector investment.” Government used to offer tax incentives for solar equipment for off-grid projects but scrapped that when the prices for equipment started declining. Nevertheless, a number of financial institutions, such as Centenary bank and Post bank, are increasing their lending to those who need solar power. jeff@observer.ug Sign up and get daily updates right to your inbox. Link Copy link"
The Observer,https://observer.ug/news/undp-belgium-partner-to-monitor-service-delivery/,"UNDP, Belgium partner to monitor service delivery",2016-12-14,"The Observer The BelgianTechnical Cooperation (BTC) and the UN Pulse Lab Kampala have partnered to develop mobile applications to monitor public services in Uganda. The Belgian ambassador to Uganda, Hugo Verbist, and UN resident coordinator Rosa Malango last Thursday signed the 12-month partnership, dubbed “Real Time Information and Delivery to Support the Quality of Public Service Delivery in Uganda”. The project will develop six applications, focusing on geographical areas where BTC and the education and health ministries are running joint programmes. “In Uganda, our priority is education and health and we are looking at technological innovations that fall in this line and, therefore, this partnership is a major step for us,” said Verbist. “One of our priorities is how much we can use digitalisation to enhance development.” For instance, in case of disease outbreaks, maps detailing particular entries are produced per health facility on a daily or weekly basis based on health centre reports. “This allows [one] identify very quickly clusters of infection and rates and it makes allocation of medicines and medical personnel more efficient and also ensures quick response to the disease outbreak,” said Erwin De Wandel, the head of cooperation at the Belgium Embassy. The project set to start on January 13, 2017 will cost at least Shs 1.5bn. UNDP boss Rosa Malango said: “We chose Uganda because it is the hub of Africa’s future. It is at the heart of Africa and has over 70 per cent of its population as under the age of 30; so, this type of technology innovations is relevant in this country,” Malango said. The UN Pulse Lab brings together partners from academia and the private sector to develop innovations towards the 17 sustainable development goals. kamogajonathan50@gmail.com Sign up and get daily updates right to your inbox. Link Copy link"
The Observer,https://observer.ug/news/uganda-crop-scientists-get-global-recognition/,Uganda crop scientists get global recognition,2016-12-14,"The Observer Three crop scientists in Uganda, based at the National Crops Resources Research Institute (NaCRRI), have earned international recognition for developing disease-resistant varieties. Dr Goretti Ssemakula, Dr Stanley Nkalubo and Dr Charles Kasozi have been named global ambassadors for biofortification of major staple food crops, including sweet potatoes, maize and beans. The biofortification campaign enlists scientists producing high-yielding, virus-resistant and drought-tolerant crop varieties through multiple crossing of conventional plant breeds. Dr Ssemakula is the brains behind the orange sweet potatoes, commonly-known as kipaapali, which harvests tubers for consumption within four months after planting. The variety, whose vines have been distributed by Harvest Plus to selected farmers in Mpigi and Rakai districts, has been warmly received. Dr Nkalubo is responsible for breeding high-iron beans while Dr Kasozi produced the orange maize (rich in vitamin A). Both the bean and maize varieties have come in handy for as many 200,000 households in districts where indigenous crop breeds failed due to disease and long drought spells. The government has partnered with the US-based Harvest Plus, International Food Policy Research Institute (IFPRI) and International Centre for Tropical Agriculture (CIAT) to promote and avail clean planting material of the aforesaid resistant breeds to farmers. The US and UK development agencies; USAID and DFID respectively, support the campaign as donor partners. Harvest Plus chief executive officer Bev Postma, who attended the dinner at Imperial Royale hotel in Kampala last weekend, was hugely impressed by the three scientists’ work at NaCRRI. It is against such background that Postma has invited the three Ugandan scientists to speak for their breakthrough innovations at the fourth global biofortification conference due next year in India. In recent years, scientists at the Namulonge-based NaCRRI have also had major breakthroughs in producing matooke (Mpologoma) and cassava varieties that defy the deadly wilt and mosaic diseases. The new varieties are ready for harvest within twelve months, giving high and quick returns to farmers. Postma says promoting such varieties will not only boost the country’s food security but also avail nutritious components in vitamin A, iron and zinc that pregnant women and mothers need for proper health. Harvest Plus has registered success in Rwanda, Zambia, DR Congo, Pakistan, India and the Caribbean through the same biofortification campaign. However, government officials and other concerned stakeholders in Uganda have had to convince farmers to embrace such varieties in the face of an ongoing controversial debate on genetically-modified (GMOs) breeds. Anti-GMO campaigners and some parliamentarians have blocked the passing of the GMO bill, which was shelved last year. mugalu@observer.ug Sign up and get daily updates right to your inbox. Link Copy link"
The Observer,https://observer.ug/news/ugandans-to-pay-to-use-busega-mpigi-highway/,Ugandans to pay to use Busega-Mpigi highway,2016-12-14,"The Observer A parliamentary report has found that Ugandans will pay to use the proposed Busega-Mpigi expressway. Though the road toll is not bad, the report dated December 6, 2016, written by the committee on national economy says there was no study to assess the toll’s viability. Syda Bbumba heads the committee. “The committee observed that it is proposed to toll the road in order to supplement the operation and maintenance costs yet the study to assess the willingness of road users’ to pay and how much has not been concluded,” said the report. The project will be implemented over a period of three years beginning 2018. The total cost of the road is $192m (Shs 694bn) and will be financed by the African Development Bank (ADB), African Development Fund (ADF) and the government. ADB will contribute $91m (47.34%) of the total project costs. It will have added 23.7km of super highway, with four grade separated interchanges, the report said. Other roads set to be tolled include the soon-to-be completed Kampala-Entebbe expressway and the proposed Kampala-Jinja expressway. KIBUYE-BUSEGA MPs said the operation and functionality of the Busega-Mpigi expressway is dependent on the availability of the Kibuye-Busega section. The two roads must be finished at the same time, said the report. “The committee recognizes that the Kibuye-Busega section should be fast-tracked to ensure that the two road sections are completed at the same time to derive the benefits of the highway and derive the benefit to decongest the city,” added the report. The MPs have, however, given government a go-ahead to borrow the money for the project. amwesigwa@observer.ug Sign up and get daily updates right to your inbox. Link Copy link"
The Observer,https://observer.ug/news/court-trashes-mabirizi-in-kabaka-land-case/,Court trashes Mabirizi in Kabaka land case,2016-12-14,"The Observer The High court has thrown out objections by petitioner Hassan Male Mabirizi Kiwanuka to Shs 500m security of costs application, writes BAKER BATTE LULE. Alex Ajiji, the deputy High court registrar, yesterday rejected all the three grounds on which Mabirizi had based to object to an application filed by lawyers of the Kabaka of Buganda. Mabirizi sued the Kabaka in August challenging his ownership of land in Buganda. Mabirizi claims that the Kabaka is illegally collecting fees (through Buganda Land Board) from tenants occupying what is commonly known as ettaka lya Kabaka (Kabaka’s land). He wants court to issue a permanent injunction stopping these transactions. But before the main suit could be heard, Twaha Mukasa, Kabaka’s legal officer, filed an application in which he wanted Mabirizi to deposit Shs 500m as security of costs. On October 19, Mabirizi raised preliminary objections stating that Mukasa, who had previously represented the Kabaka, cannot be a witness in the same case. He also argued that although Mukasa works for the Kabaka, he had not been given powers of attorney to represent him in that particular case. He argued that as a corporation sole, the Kabaka can only represent himself or be presented by others, provided he authorizes them in writing. Mabirizi further argued that even the advocates for the Kabaka led by Isaac Mpanga had not been instructed to file the application. He further added that David Mpanga, Buganda’s attorney general, who instructed the lawyers to file for the security of costs, was a stranger to the case as the constitution doesn’t recognize his role as a Buganda attorney general. However, while delivering his ruling, Ajiji said that Mukasa had never appeared anywhere in court as Kabaka’s lawyer and, therefore, there was no problem in him swearing an affidavit supporting the application. He added that there was also no evidence to show that Kabaka’s lawyers and Mukasa were not acting on his [Kabaka’s] behalf. That in the event that there are costs to be met, the Kabaka would be willing to foot them. Mabirizi had based on this to show that the Kabaka might not be willing to pay costs in case he loses as those prosecuting it and the witnesses were not acting on his behalf. In the end, Ajiji ordered that the main application be heard. However, Mabirizi objected and said he is going to appeal the ruling. “This determination should be referred to the judge who is a court of record; so, that the interest of justice can be greater served…” Mabirizi told court. He also asked the registrar to refer the Shs 500m security of costs application to the High court judge, reasoning that with its magnitude, it cannot be left to the registrar to determine. However, Isaac Mpanga objected, saying a High court judge Henrietta Wolayo had ordered that the application be heard by the registrar. “If Mr Mabirizi is not satisfied with this ruling, it is his right to make that reference. However, when this application was put before the justice, she referred it to the registrar of this court. This court has no powers to reverse this order…” he told court. He added that they were ready to proceed with the main application. Ajiji agreed with Mpanga, insisting that he would hear the application although Mabirizi insisted that the case should be referred to a judge. bakerbatte@gmail.com Sign up and get daily updates right to your inbox. Link Copy link"
The Observer,https://observer.ug/news/agaba-s-last-thoughts-on-luzira-deaths-jennifer-musisi-kcca/,"Agaba’s last thoughts on Luzira deaths, Jennifer Musisi & KCCA",2016-12-14,"The Observer Before his sudden death from a road accident last weekend, I met George Ninsiima Agaba in August through a mutual friend at a hangout in a city suburb. He appeared cheerful but reserved. “I have never been comfortable around journalists,” Agaba said, his eyes darting from one direction to another, as if he was on the lookout for something. For the most part of our conversation, Agaba appeared shy and rarely made direct eye contact. Our conversation lasted about an hour and spanned several subjects from politics to business to his controversial life at KCCA, where he served as director for physical planning. He boasted about how he had created an organized city during his tenure. “I handled street vendors. You could not build some of the buildings I see in the city today under my watch,” he said, adding that he had come up with a list of buildings that were to be demolished because they did not comply with the KCCA approved plans. “Why didn’t you demolish them? Were you just bluffing?” I asked him. “You know these things. The people above intervened,” he said, admitting that his authority was limited and that decision-making in this country has become much politicized. He had a low opinion of people who had replaced him at the physical planning directorate, saying they could not do the things he did because they did not have the experience. In fact he had gone to court challenging KCCA’s decision to appoint Moses Atwine as his successor, saying he lacked qualifications. “You need to do that story,” he told me, promising to get documents to press his case. LUZIRA INCIDENT Did he ever regret the Luzira incident in 2012 in which his bodyguard shot and killed a person during an operation to demolish illegal structures? “Not at all,” he told me. “I was doing my work. My life was in danger. How would you have handled it?” he threw back the question at me. “I would have called off the operation,” I said, before Agaba interjected: “Then you are not a firm person.” About Jennifer Musisi, the executive director of KCCA, Agaba said she had “lost direction” the moment she allowed politicians to dictate how the authority works. “She is intelligent and hardworking but she plays too much into the hands of politicians, including those in the NRM,” Agaba said. He said Musisi had been misled to sack him by people who were fighting him. Our conversation was brought to an abrupt end when Agaba received a phone call and excused himself. When he came back, he said he needed to go and meet someone urgently. “We shall continue the conversation,” he said as he bade farewell. A second meeting never took place. Agaba died in a motor accident on Saturday. Other passengers in the vehicle, including President Museveni’s sister Violet Kajubiri Froelich, her bodyguard and the driver, Joseph Kyaligonza, escaped with injuries. WHO WAS AGABA? Agaba was born on October 25, 1976 in Nabitanga, Ntuusi sub-county, Sembabule district. He was a protégé of Sam Kutesa, the minister for Foreign Affairs, and he gladly fought the minister’s political wars against Theodore Ssekikubo, the Lwemiyaga MP. For instance, in 2010 after violence dogged the NRM primaries in Lwemiyaga, police investigated Agaba for allegedly threatening to shoot Ssekikubo’s supporters. He denied the charges. In 2011 when he was appointed director for physical planning at KCCA, there were claims he didn’t have the requisite qualifications and experience. Agaba had been the deputy director for planning during the defunct KCC. His most controversial moment came in January 2012, when he was accused alongside his bodyguard, Santos Komakech Makmot, of shooting and killing one person and injuring five others during a KCCA eviction exercise in Luzira. Agaba and Makmot were later cleared of the murder charges by High court at Nakawa and in April 2013 he was reinstated as director for physical planning at KCCA. But he was sacked a year later by Musisi over allegations of corruption. ekiggundu@observer.ug Sign up and get daily updates right to your inbox. Link Copy link"
The Observer,https://observer.ug/business/eprc-wins-accolade/,EPRC wins accolade,2016-12-16,"The Observer The Economic Policy Research Centre (EPRC), a think tank at Makerere University, has received an award from the United Nations for its research on the economic potential of northern Uganda. The report, titled “Unlocking the development potential of Northern Uganda” emerged among the four winners of the 2016 awards for excellence in human development reporting. The report assessed the region’s road to resuscitation after more than two decades of ruin by the Lord’s Resistance Army rebels. In a statement, the UN said: “[It] represents an outstanding example of how human development report teams can engage with communities, organisations and institutions to develop the reports, and communicate findings in ways to influence political debate in countries.” Helen Clark, the UN Development Programme (UNDP) administrator, presented the award on December 6, 2016 at the UN Headquarters in New York. The Uganda National Human Development rRport (NHDRUg) 2015 was the only piece from Africa to win this year. Almaz Gebru, the UNDP Uganda country director, said since the study’s launch in December 2015, it has changed the narrative on northern Uganda from insurgency to a focus on its developmental potential. “It changes the perception from a dark picture to one of progress and continues to make huge impact in shaping policy, strategy and programming for Northern Uganda,” Gebru said. In a statement, EPRC said: “[We are] committed to providing evidence that supports government in implementation of the sustainable development goals”. Sign up and get daily updates right to your inbox. Link Copy link"
The Observer,https://observer.ug/business/bou-lowers-key-rate-as-businesses-face-tough-times/,BOU lowers key rate as businesses face tough times,2016-12-16,"The Observer Perhaps a reflection of how tough business has become, Bank of Uganda has said economic growth decelerated in the month of October as the private sector’s spending power remained largely weak. A combination of the volatility in the exchange rate and a build-up of bad debts has created an aura of caution among the private sector – usually the engine of growth – as many business people hold back on committing more funds. In the monetary policy statement that it issued for November, Bank of Uganda did not say how far growth had dropped, but predicted that “the outlook for private sector investment remains subdued, although measures of business sentiment remain above average.” To spur private sector investment, Bank of Uganda has lowered the Central Bank Rate by a percentage point to 12 per cent in order to entice banks, whose interest rates average 24 per cent, to follow a similar trend. Bank of Uganda, however, usually says that the impact of the reduction in the CBR takes months for consumers to feel its impact. For now, the private businesses have to battle with a spike in fuel prices, while homes have to deal with an increase in such vital commodities like sugar. Annual headline inflation, a measure of the changes in the prices of goods and services, rose to 4.6 per cent in November from 4.1 per cent. An increase in inflation increases the costs of production, distorts the pricing of products in a market that craves for uniformity and few price adjustments, and also weakens the spending power of consumers. There are other risks that could emerge from across the borders, Bank of Uganda warns. “There are downside risks to the projected growth path largely emanating from the uncertain global economic developments. The economies of some of our trading partners are expected to grow at a slower rate than previously assessed, which will continue to weigh on Uganda’s exports,” BOU warned. Uganda’s real gross domestic product is expected to grow at five per cent this financial year, 5.5 per cent in financial year 2017/2018, and six per cent 2018/2019. This growth is expected to be boosted by the construction in the transport and energy sectors. jeff@observer.ug Sign up and get daily updates right to your inbox. Link Copy link"
The Observer,https://observer.ug/business/govt-receives-shs-340bn-for-45-mw-muzizi-power-project/,Govt receives Shs 340bn for 45 MW Muzizi power project,2016-12-16,"The Observer Finance Minister Matia Kasaija has announced that government has secured about 90 million Euros (nearly Shs 342bn) as a concessional loan for the construction of Muzizi hydropower plant project. The concessional funds have been provided by the French Development Agency (AFD), contributing Euros 45m (Shs 171bn) and German Development Bank (KFW), contributing Euros 40m (Shs 152bn). Additionally, KFW is also providing a grant of Euros 5.24m to the same project. Speaking during the signing of the loan financing agreement at the finance ministry headquarters recently, Kasaija said that power generated from Muzizi will be fed into the national grid via the proposed Hoima Fort portal-Nkenda 220 kilo volts (kV) transmission line. “The project is critical for the achievement of growth targets set out in Uganda’s National Development Strategies,” Kasaija said. However, government is expected to inject about Euros 20m (Shs 76bn) to ensure full financing of the project. It is estimated to cost about Euros 110m (Shs 418bn) according to Kasaija. The projected will be developed by Uganda Electricity Generating Company (UEGCL) with expected total capacity of 45MW. According to information from the official, UEGCL has already contracted Austria-based international consultant, ILF Consulting Engineers, to complete the technical design of the project and support the procurement of a construction company. According to Kasaija, construction works are expected to commence in 2018 and commissioning of the power plant in 2021. “I want to draw the attention of UEGCL and the ministry of energy and mineral development on the need to keep track of the implementation schedule,” Kasaija said. Stephanie Rivoal, the French Ambassador to Uganda, said the aim of this concessional loan is to support the government of Uganda in infrastructure development in the energy sector. “It is known that the burning of renewable resources provides approximately 90 per cent of the energy in Uganda, while much of the hydroelectric potential of the country largely remains untapped,” Rivoal said. The Muzizi project will increase the current power generation capacity in Uganda by about five per cent. It is estimated to supply about one million people with clean electricity from hydro power. This creates an important precondition for rural electrification and economic development in the project area. alitwaha9@gmail.com Sign up and get daily updates right to your inbox. Link Copy link"
The Observer,https://observer.ug/news/transcripts-light-up-kyambogo-graduation/,Transcripts light up Kyambogo graduation,2016-12-16,"The Observer When the 13th graduation ceremonies at Kyambogo University end this Friday, one of the memorable highlights for graduands will be walking home with their transcripts. As deans of faculties read out names of graduands at the first session on Wednesday, university staff were busy distributing transcripts in the students’ tent. Bonnie Busingye, a deaf graduand from the faculty of Special Needs and Rehabilitation, could not hide her excitement upon receiving one. “In the history of Kyambogo, I have never seen this happen. I cannot believe that I am going back home with my transcript. Whoever came up with this plan, may God reward them abundantly,” Busingye said, talking through an interpreter, Emmy Orech, who showed me the transcript. Busingye is one special-needs student who was recognised for graduating with a master’s degree in Vocational Pedagogy despite her disability. She is among the 7,157 graduands that have received certificates, diplomas, bachelor’s and master’s degrees this year. Of these, 3,467 are male and 3,590 female. The three-day graduation ceremony which ends today, Friday, has seen at least 294 students receive first-class degree honours in various bachelor’s programmes. The chief guest and minister for Education and Sports, Janet Museveni, commended the university management for its ICT innovations that have enabled graduands go home with transcripts on graduation day. “We are excited to learn that the graduands’ transcripts are ready and can be picked today,” Janet said. She said issuing transcripts on graduation day must turn into a culture rather than a one-off event. By Wednesday, more than 1,000 transcripts had been printed. The Observer has learnt that transcripts for today’s graduands from the faculties of Science, Education and Engineering are also ready. Prof Eli Katunguka, the university acting vice chancellor, read a report on the university’s major achievements before asking the minister to support them with close to Shs 40bn to recruit senior lecturers and professors, clear salary arrears, upgrade the out-dated sewerage system and the hazardous asbestos roofs across the university, among others. Chancellor John Ssebuwuufu urged graduands not to shun opportunities that can enable them earn a living as they look forward to fulfilling their expectations. “As a fresh graduate, you are unlikely to realise these expectations immediately. Keep a positive outlook to life, do not let your frustrations bog you down. Never indulge in excessive self-pity because that is the surest way to defeatism,” Ssebuwufu said. nangonzi@observer.ug Sign up and get daily updates right to your inbox. Link Copy link"
The Observer,https://observer.ug/news/minerals-key-says-kasaija-as-uncdf-marks-50-years/,"Minerals key, says Kasaija as UNCDF marks 50 years",2016-12-16,"The Observer To make Uganda’s economy more self-sustaining, government is putting emphasis on exploitation of the country’s mineral resources, finance minister Matia Kasaija has said. Kasaija spoke to The Observer at the Kampala Serena hotel on Tuesday, on the sidelines of events to mark the 50th anniversary of the United Nations Capital Development Fund (UNCDF). “Uganda is very rich in minerals and in large quantities all over the whole country. If these are exploited very well, our economy will become better than it is today,” the minister said. He added that despite having minerals such as gold, cobalt and copper, the government was now concentrating on oil, which it wants to start flowing not later than by 2020. “As a country, we don’t have enough financial resources to exploit all these minerals effectively. We also don’t have the right technical support,” Kasaija said, “As you can see, we are still struggling to see that we exploit the oil, build a pipeline, a refinery and so on.” Over the last 50 years in Uganda, UNCDF has supported projects in areas like food security, women economic empowerment, climate change and poverty eradication. On climate change, UNCDF has spearheaded the use of renewable energy resources such as solar, as well as wood-saving cooking equipment. Over the years, the agency has also supported the financial sector through facilitating access to financial facilities like banks, insurance companies and mobile money services. “This is a story of women and men being empowered to build a better tomorrow for themselves and their families,” said Alhaji Momodou Jallow, the representative of the Food and Agriculture Organisation in Uganda. “This is to promote access to a variety of financial services to un-banked households and businesses to improve on their saving spirit and investment capacity.” UNCDF is currently working with Airtel and MTN, to ensure that mobile money services reach even the remotest parts of Uganda. According to Mr Phrase Lubega, the MTN general manager for financial services, through UNCDF funding, the telecom company has been able to do research on the viability and implementation of MoKash service with now over three million subscribers. The service allows them to borrow and save money on their phones. “Some innovations will succeed, some will fail. That is the nature of UNCDF’s work in seeding innovations at the last-mile. But when these ideas do work, we can empower the lives of millions of Ugandans,” said Dmitry Pozhidaev, the UNCDF regional technical advisor. kamogajonathan50@gmail.com Sign up and get daily updates right to your inbox. Link Copy link"
The Observer,https://observer.ug/news/go-slow-on-palace-redevelopment-mayiga-told/,"Go slow on palace redevelopment, Mayiga told",2016-12-16,"The Observer The recently-published plan to redevelop the 200-acre Kabaka’s palace (lubiri) in Mengo, Kampala, has drawn mixed reactions, with prominent Baganda either critical or tightlipped about it. On November 29, Buganda Katikkiro Charles Peter Mayiga used the Buganda Investment Forum at Serena hotel to unveil plans to turn the lubiri into a modern facility with leisure parks, a teaching hospital, five-star hotel, conference center and education complex. The plan also includes a new and modern Twekobe, (Kabaka’s house), with the old one – built in the 1950s – becoming a museum. Mayiga was upbeat that investors would provide the money needed for the redevelopment. “These projects will be done under a joint venture and we are looking for partners to invest with. The kingdom will provide the land while the investors will contribute the other resources,” said Mayiga, as quoted by the New Vision newspaper. This is the second such plan for the palace. In 2008, the then new katikkiro JB Walusimbi announced redevelopment plans that included an airfield, but he left before implementing them. Critics claim Mayiga’s plan is inconsistent with Buganda’s tradition of consultation before any major project is undertaken. “The biggest problem with institutions like Buganda kingdom is that it has so many stakeholders with divergent views and elongated cultural norms which must be safeguarded,” Mukono Municipality MP Betty Nambooze Bakireke wrote in an open letter to Mayiga – suggesting that Mayiga had only consulted a few businessmen. Former katikkiro Dan Muliika said besides the official palace (Twekobe), the lubiri had other houses with different functions. For him, any development of the lubiri should aim at rebuilding such specialized units. “There is no reason why you should bring up a plan before it is discussed in the lukiiko [traditional parliament] so that all people are given an opportunity to contribute,” said Muliika, whose confrontational relations with the Museveni government contrast sharply with Mayiga’s strategic-engagement approach. “It means that now you’re emulating the ‘Above of Uganda [President Museveni]. All the mistakes committed by Uganda’s ‘Above’ stem from the fact that he thinks he is the only one who is knowledgeable.” Muliika said that traditionally, Buganda used to make her decisions through various councils: “Subject the plan to the people’s contribution and we will not have any quarrel if the people endorse it.” Like Nambooze, Muliika said he was concerned about norms that govern the palace. “For example, when you go to the palace with your wife, she ceases being yours the moment you approach the palace gate,” Muliika said, wondering whether such norms would be protected if a hotel were built in the palace. JUST A PLAN Some of the other prominent Baganda appeared hesitant to speak for or against the plan. Former Katikkiro Joseph Mulwanyammuli Ssemwogerere said he would comment once he got more details. Omutaka Namwama, the head of the Kkobe clan, also declined comment on the “tough” issue. He referred us to Omutaka Kayiira Gajuule, the Mbogo clan head, who speaks for all clan heads. But Kayiira said: “We will be meeting next week and I can’t comment [on it] now until we have finished meeting as clan heads.” Contacted for a comment, Buganda information minister Noah Kiyimba suggested that the critics’ concerns were premature. “The katikkiro is going to talk about those issues in details in the next Buganda Lukiiko that will sit in January next year. But what was presented was just a plan that awaits people’s views only that it was misrepresented to appear as if we were inviting investors to come and redevelop the palace,” Kiyimba said. He added that the katikkiro was acting on a report by the Francis Kamulegeya committee, which was appointed by the Kabaka to look into the redevelopment of the palace. bakerbatte@gmail.com Sign up and get daily updates right to your inbox. Link Copy link"
The Observer,https://observer.ug/news/police-called-in-as-new-omugabe-claims-ankole-throne/,Police called in as new ‘Omugabe’ claims Ankole throne,2016-12-16,"The Observer Two Ankole factions have accused one another of being impostors as they each claim to be the rightful leaders of the defunct kingdom. This brings to life an age-old dispute over whether to have the controversial kingdom restored or not. George William Katatumba, the ‘recognised’ Enganzi (prime minister) of Ankole kingdom, which has all along held out Aryaija Charles Rwebishengye, son of the late Prince John Barigye, as heir to the throne, has written to Inspector General of Police Gen Kale Kayihura, accusing one Umar Asiimwe Ntare, who recently laid claim to the throne, of being an impostor. He claimed Asiimwe has been soliciting money from the public to fund his illegal scheme. Asiimwe’s photos appeared on social media early this month amid claims that he had been crowned Omugabe (king) of Ankole. Asiimwe purportedly named his cabinet, with former Makerere University vice chancellor Prof Venansius Baryamureeba as Enganzi (prime minister). Reacting to the development, Katatumba said Asiimwe and one Max Muhumuza, who was named as speaker in the cabinet, “have been impersonating the kingdom, obtaining money by false pretense, spreading harmful propaganda and, above all, dividing the people of Ankole.” However, Muhumuza told The Observer that Prince Rwebishengye, who Katatumba holds out as the rightful future king, has never come out openly to claim the throne. Muhumuza further claimed that Rwebishengye’s grandfather, Charles Godfrey Rutahaba Gasyonga II, who was Omugabe in 1967 when kingdoms were abolished, had stolen the throne. “It was because he was educated at that time, that’s why he was favoured to be king,” Muhumuza said. He accused Katutumba, who heads the Nkore Cultural Trust, of failure to unite the institution. “Katutumba spent 20 years without calling any meeting at all, and he thinks that he is representing Banyankore,” Muhumuza said. “Our part is to see that Obugabe is there.” He added: “There is no competition; Rwebishengye has never been our king.” NO HEADWAY As other monarchies were restored in the early 1990s, Ankole was left out because of disagreements about its raison d’etre. In 1993, after Prince John Patrick Barigye was secretly crowned king in Mbarara, President Museveni came out and dismissed the coronation as a sham. In 1971, Ankole elders wrote to President Idi Amin advising that as he contemplated restoring monarchies, Ankole should be left out because it was divisive and not supported by the majority. After the restoration of other kingdoms in 1993, two organisations were formed in support and against the Ankole institution – Nkore Cultural Trust (NCT) and Banyankore Cultural Foundation (BCF) respectively. When The Observer published a series of articles on Ankole kingdom in 2011, Makerere University law don Prof Jean John Barya, a member of BCF, said: “Firstly, Ankole kingdom has no historical legitimacy; it is a colonial creation. At the time of colonization in 1901, Nkore kingdom comprised of the present Kashaari, part of Isingiro and Nyabushozi; there were also kingdoms like Mpororo, Igara, Buhweju, and Buzimba. The British annexed them to Nkore kingdom and called it Ankole.” Therefore, Barya said, it would be very difficult for Rwebishengye or any other person claiming to be Ankole king to lay claim on the kingship. QUIET PRINCE Since he was declared his father’s heir in 2011, Rwebishengye has been quiet. The Observer understands that he has been studying at the University of Portsmouth in the United Kingdom. He last posted something on his Facebook page on November 7, 2015, sharing a link to luxury designer jewelry for men. On the other hand, very little is known about Asiimwe and his claim to the Ankole throne. Muhumuza told us that he is a great grandson of Ntare V, who he says was the Ankole king up to 1888 when the whites started fighting local leaders. Ntare is not related to Gasyonga as the latter made a king through a court process presided over by whites. He added that they are ready for a DNA test to prove Asiimwe’s royalty. amwesigwa@observer.ug Sign up and get daily updates right to your inbox. Link Copy link"
The Observer,https://observer.ug/news/makerere-dons-fail-to-vote-on-reopening/,Makerere dons fail to vote on reopening,2016-12-16,"The Observer A meeting expected to draw a sigh of relief from Makerere University collapsed last evening, with lecturers storming out before a key vote. The Makerere University Academic Staff Association, (Muasa) had hoped to decide whether to accept a government offer that would have paved way for the institution to reopen, possibly next month. Instead, the meeting at the university main hall degenerated into pushing and shoving, as members accused each other of being politically influenced. Coming 45 days since the university was closed following a lecturers’ strike over unpaid allowances, the meeting started well. An upbeat Muasa chairman, Dr Muhammad Kiggundu Musoke, outlined what his executive squeezed out of the university council. His prayer was that members should accept the offer and get the university reopened, as they push for more. However, towards the time of the would-be vote, Dr William Tayeebwa, the head of the department of journalism and communication, wondered at whose behest the dons were about to vote. “Who asked us to do what we are going to do today? Do we have another force that you are not telling us, say the visitor [President Museveni]?” Tayeebwa asked. He added that according to the way Kiggundu was directing the debate, it was as if someone had given him orders to see that lecturers suspend the strike so as to reopen the university. Short of full disclosure, Tayeebwa would not vote. In response, Kiggundu denied being influenced by anyone. He had not even talked to the president or any other government official. “You’re more connected to the president than I am. My station is Makerere; I have not got any phone call from the president. I’m color-free (political party) that is why I have managed to achieve what I have achieved,” Kiggundu said. He added that closure of the university had not helped the striking staff, and there was no need for the strike to continue. Building on Tayeebwa’s submission, law don John Jean Barya who is the legal adviser to Muasa, guided that, before the vote to suspend or continue striking, there was need for a vote on whether voting should be there at all. “We don’t have sufficient proposals on which to vote. Secondly, council has not asked us to vote. It is premature to vote until we get proper proposals from council,” Barya said. With this, several members stormed out, accusing their chairman of trying to arm-twist them into voting. It took almost 30 minutes for the remaining members to calm down and let Kiggundu formally close the meeting. In a December 13 letter to Muasa, the university council chairman, Dr Charles Wana-Etyem, had indicated that the university was ready to pay the salary and incentive for November immediately, whereas the incentives for four months would be paid before June 30, 2017. The letter also indicated that the payment of incentive arrears after June 2016 would be discussed after consultations with relevant authorities. This deal, which is not different from what council was offering even before the university was closed, angered lecturers who reasoned that if they accept, it the public would take them as unserious. “This is an insult; this is the offer we had before the strike. It shows lack of competency on the side of the executive in articulating our issues,” Said Dr James Ochita, a literature lecturer. Others argued that there was no reason for calling off the strike before their issues are addressed because in the end they will strike again. “It is not the money we want; we want to end these perennial problems. People have high regard for us but we suspend today only to resume later,” an elderly female lecturer for 27 years argued. “Please, I’m begging you, let’s do it the right way once and for all so that there won’t be another strike by teachers for a very long time.” Others, however, wanted the university reopened to give room for negotiations. “Even if we decide to continue with the strike, we will not get the money; even the head of state has said it categorically,” said Robert Kakuru, from the college of Humanities and Social Sciences. His views were echoed by Professor Baker Nyakaana, who added that the university should be reopened so as to give chance to the Abel Rwendeire-led visitation committee to do its work. “How are we going to conduct a headcount of the staff and students when we are scattered all over the country? It is us who have been crying that Makerere should be audited. We have also lost much of our credibility; let’s suspend the strike and create a conducive environment for the visitation to do its work,” Nyakaana said. bakerbatte@gmail.com Sign up and get daily updates right to your inbox. Link Copy link"
The Observer,https://observer.ug/news/it-s-not-just-acholi-even-bunyoro-decries-govt-neglect-on-oil-matters/,It’s not just Acholi; even Bunyoro decries govt neglect on oil matters,2016-12-16,"The Observer The maiden article of these series, published on Monday, captured complaints by locals and leaders in northern Uganda that the government has neglected oil-related issues raised by the sub-region yet it’s home to a considerable amount of Uganda’s 6.5 billion barrels of oil. The leaders said the government has, instead, favoured the Bunyoro sub-region. In Part II of these series, BENON HERBERT OLUKA visits Bunyoro’s oil districts of Hoima and Buliisa to assess whether the complaints are legitimate: – The 92-kilometre drive from Hoima town to Kaiso-Tonya on the shores of Lake Albert, where the Kingfisher oil field is located, is one of the smoothest that a Ugandan can enjoy. Costing $125 million (about Shs 450 billion), the two-lane road has extensive shoulders for motorcycle riders (boda bodas) and cyclists, as well as paved walkways for pedestrians. Yoramu Nsamba, the former principal private secretary to the Omukama of Bunyoro, says the Hoima-Kaiso-Tonya road has eased travel to the oil fields below the rift valley escarpment, which were previously only accessible by air. “I was able to drive down to Kaiso [from Hoima] within an hour because [the distance across] the rift valley has been reduced. Before [the construction of the paved road], climbing that hill would take you three or four hours,” he told The Observer recently. Stephen Rwamukaga, the LC I chairman for Buhuka village, says the road has already changed the livelihood of some people in his community. “Because the road has been constructed, more people are coming here,” he said. “They have brought more business to the area.” The Hoima-Kaiso-Tonya road is just one of several roads the government will tarmac in the Albertine region. According to plans from the Uganda National Roads Authority (Unra), in the next five years, the government will upgrade at least 500 kilometres of roads in the Bunyoro sub-region. These include the Fort Portal-Bundibugyo-Semliki road; Masindi-Kigumba-Hoima; Kabwoya-Kyenjojo; Kyenjojo-Hoima-Masindi-Kigumba; Hoima-Wanseko and Masindi-Bukakata. The assistant commissioner for refining in the energy ministry, Dozith Abeinomugisha, describes the roads as part of the “support infrastructure” that the area will need in order to ease oil production activities. “The roads must be developed and we have been in discussions with the ministry of works to ensure that the roads are developed,” he said, adding that they are also developing a master plan involving other critical infrastructure. The master plan is expected to be in place early 2017. In addition, there is an industrial park in the works, which will comprise an international airport, a refinery, an oil central processing facility,a storage hub, export hub, petro-chemical industries, an oil waste management plant, and at least two hydro-electricity projects. LOCALS UNIMPRESSED But not even this wide array of developments impresses some locals such as Topher Irumba, a resident of Hoima town. Irumba fears that from what he has observed, most locals will not benefit from the developments because the system was rigged to exclude natives of the Bunyoro sub-region. “They are compensating people for land [to be used for the various developments but if you look critically, the beneficiaries are not Banyoro,” he said. “They are [immigrants like] Alurs and Acholis and people who came from Kampala. They knew much earlier what would happen; so, they came, bought land cheaply and, when compensation [time] came, they are the people who benefitted. The impact on us is very little.” Nsamba shares Irumba’s view. Using the Hoima-Kaiso-Tonya road to illustrate his argument, Nsamba said he does not see ordinary people in Bunyoro making the most of the improved infrastructure. The reason, he says, is largely due to a failure by the government and oil companies to educate the people about opportunities the oil industry will bring. “Whether people are benefiting from that good road, I am not sure because other necessary things have not been made to empower people to benefit. Okay, a road can be there but they need to also put other things in place; say, a means of livelihood with the capacity to invest. The investment capital and so on, these things are lacking. So, there is a good road we look at every day, we move on every day but that road is not yet an engine for development,” he argued. Instead of benefits, Irumba says the only visible results so far are the repercussions of mismanagement of some initiatives that should have minimised the negative effects of oil exploration on Bunyoro. However, the acting head of the directorate of Petroleum at the ministry of energy and mineral development, Robert Kasande, told The Observer that the government had already made a number of interventions. “We are working with GIZ [German international development agency] to train people at artisan level, people who will work as heavy goods drivers. We are training people who will be able to do welding, which is very, very key in our industry, and also scaffolding,” he said. According to Kasande, the government is also helping institutions in Hoima and Masindi districts, such as St Simon’s Vocational Institute and the Uganda Petroleum Institute in Kigumba, to develop capacity to train people. Government will further train entrepreneurs, especially in agriculture, to produce for the industry. HAVES AND HAVE-NOTS Few juxtapositions illustrate the oil-generated battles between the haves and have-nots that have ensued in the Bunyoro sub-region than the 225 families (comprising some 1,051 individuals) and two businessmen who evicted them from nearly 450 acres of land. On August 25, 2014, the two businessmen, Joshua Tibagwa and Robert Bansigaraho, teamed up to evict the families from the land they were occupying as customary owners. According to the area local councillor, Nelson Tich, the duo processed land titles and violently drove the hapless families from the land, which they sold to an investor for a waste disposal management plant. “These people were customary owners of the land. They were born on that land and grew up from there but they did not have land titles. They had stayed there for so long – for more than 30 years. Even Tibagwa came to acquire land when they were there already,” he said. Members of the evicted community currently live in an internally-displaced persons’ camp in Rwamutonga Bugambe sub county, on land volunteered to them by a good Samaritan. Their chairman, Alex Latim, says their attempts to reclaim the land through the courts have so far not borne fruit. In the meantime, according to Latim, they have spent the last two years living in squalor and deprivation. “We have six toilets but they are not enough because the people here are so many,” he revealed. “Our children fall sick a lot. When they fall sick, the health centre is far, about four miles. We do not have boda boda to take them. We are stuck.” Winnie Ngabiirwe, the executive director of Global Rights Alert, a civil society organisation working to promote good governance of Uganda’s natural resources, told The Observer that land wrangles, especially between private persons or entities, are rampant. “The whole Albertine region is having lots of land issues. [As a result], there are at least five internally-displaced persons’ (IDP) camps in Bunyoro,” she said. The government, Ngabiirwe argues, should have set up systems and mechanisms to deal with land matters rather than leaving poor people to fight it out in the courts when they are unlikely to have the resources for the high cost of hiring lawyers. “Going to court should have been the last resort. It is one way of frustrating peasants [from seeking justice],” she said. “The ministry of energy, the land board and the area land committees need to do their work to very quickly resolve these conflicts and to stop processing fraudulent titles.” Ngabiirwe, however, credits the Hoima local government for sorting out the problems at the district land office, where she says rampant corruption had led to widespread processing of the fraudulent land titles used to grab land. The government is acquiring 29 square kilometres for the refinery and, according to the energy ministry’s Abeinomugisha, most related land issues have been dealt with transparently. “As of now, we have compensated about 98 per cent of the project-affected persons whose land we are taking,” he said. “The remaining two per cent have not been compensated, but these are the people who either didn’t show up or have contested the rates that they were given; so, we are trying to see how this can be resolved.” According to Abeinomugisha, for those who opted to be relocated to other places, the government is building for them houses, which he said “are at 80 per cent completion.” “By the end of this month or next month [January], the houses should be complete and by the end of February, these people should be able to move into their houses,” he said. HISTORICAL INJUSTICES In the week I spent in Bunyoro, a fierce battle raged between the police and army on one side, and an agitated group of locals who were being evicted from gazetted forest land by the National Forestry Authority (NFA). On two occasions in Buhuka sub-county, NTV journalist Emmanuel Mutaizibwa and I were chased away by a group of locals carrying pangas and bows and arrows. They declined interview requests and, instead, accused us of being part of a government conspiracy to evict them from the land. They pointed their bows and arrows at us and threatened to shoot if we didn’t leave. Irumba said such incidents demonstrate the pent-up anger that the people in Bunyoro feel against the government which, he said, has continued the policy of discriminating against the sub-region. “There is no difference between this government and the British government which suppressed us the Banyoro. There is no difference. We are still being suppressed,” he said. The former Omuhikirwa (prime minister) of Bunyoro kingdom, Elisa Kagoro Byenkya, told The Observer that the marginalisation of their sub-region is “historical,” and stems from the time Bunyoro kingdom fought against British imperialists. “When the British came here, they were resisted by Kabalega [so] they began a deliberate policy to take our land away from us. For example, Kibaale was given to the people who helped the British come here and fight us, the Baganda. What remained, still the British worked out a policy of trying to alienate the Banyoro from their land. They refused to give us titles. In Bunyoro there were no individual titles,” the retired kingdom official explained. Another result of those injustices, according to Byenkya, was that the British government gazetted a lot of the land in Bunyoro as national forests in order to deny locals the chance to own it. In addition, he argued, they went slow on constructing infrastructure such as hospitals, roads and schools. “Some of us who studied during those times had to go out of Bunyoro to get good secondary education. I went to Sir Samuel Baker in Gulu for my O-level and A-level in 1958,” he said. In 2004, Bunyoro kingdom threatened to sue the British Monarchy (in particular the Queen of England) for alleged atrocities committed by its soldiers during the colonial period. Bunyoro wanted compensation worth £3 trillion. But according to Byenkya, even after Uganda gained political independence from the British, the subsequent governments continued implementing some of the unfair policies, either deliberately or not. “All post-independence governments have not helped Banyoro,” he said. “Our case is unique and they should really have taken the trouble to first of all study this case and see how they should have helped us to bring us at par with the rest of Uganda.” hobenon@observer.ug In the third and final part of these series, we look at the likely way forward out of these grievances. This story is a product of The Watchdog, a centre for investigative journalism at The Observer. It was written as part of the Wealth of Nations programme, a media skills development programme run by the Thomson Reuters Foundation in partnership with the African Centre for Media Excellence (ACME). Sign up and get daily updates right to your inbox. Link Copy link"
The Observer,https://observer.ug/news/chaos-as-bailiffs-attach-gulu-district-assets-over-shs-4-4bn/,Chaos as bailiffs attach Gulu district assets over Shs 4.4bn,2016-12-17,"The Observer Police foiled an attempt by court bailiffs to attach Gulu district properties over its failure to compensate parish chiefs, who, were unfairly dismissed from office 15 years ago. The 89 chiefs dragged the district to court and won the suit in 2011 when the High court in Gulu ruled in their favour and granted them a compensation package of Shs 2.6 billion. The money, which attracts an interest of 8 percent, has since accumulated to Shs 4.4 billion. In an effort to recover the payment, a team from Select Auctioneers and Court Bailiffs Associates invaded the district headquarters yesterday asking to attach 23 vehicles, several computers and other office furniture. This is the third time that the firm is attempting to attach assets of the district over the same compensation. A scuffle ensued as Gulu chief administrative officer (CAO) Dorothy Ajwang objected to the attachment saying that the district had not seen any court order to this effect. Later, Gulu district chairman Martin Ojara Mapenduzi sought for police intervention to ‘save’ the district properties. However, by the time police arrived the bailiffs had dismantled several computers and office furniture. Mapenduzi accuses the bailiffs of flouting procedures. “Court bailiffs came with an attachment order to attach 23 vehicles, office equipment, tables and chairs and computers without going through procedures. They started the execution in a very violent way, which is very unethical. So, when I heard the noise and the violence, I came from office from where I was having a meeting and found the situation in total chaos. They broke tables. That is not attachment, that is destruction. The court did not order them to destroy. So I have talked to them and indeed they recognise and decided to go and we decided to meet on Monday.” Mapenduzi accuses the bailiffs of plotting to take Shs 1.5 billion donated to the district by Northern Uganda Development of Enhanced Local Governance, Infrastructure and Livelihoods (NUDEIL). “Yesterday [Thursday], they wanted to take Shs 1.5 billion, but we went to court and explained to court that; this money is not for Gulu district local government. It is money for activities in Gulu but it is donor money – project money. Court ruled in our favour that that money can’t be taken. Now, after court ruled, they became very emotional because now they know they can’t take any other money after taking the other one for malaria. The only thing they can get to is the assets, so they immediately went back to court and got an attachment order. We were not given a copy, we just saw them coming. We even did not know what they have come to attach.” Quirino Ovongiu, the executive director of Select Auctioneers and Court Bailiffs said they secured an order to attach the assets. He however adds that they have called off the execution to pave way for negotiations with the district. Sign up and get daily updates right to your inbox. Link Copy link"
The Observer,https://observer.ug/news/utl-licence-should-have-been-revoked-5-years-ago-ucc/,Utl licence should have been revoked 5 years ago – UCC,2016-12-17,"The Observer Uganda Telecom Limited (Utl) is in a position where it can’t be ‘saved’ according to regulatory body Uganda Communications Commission (UCC). UCC however says the troubled company is always protected by government. According to UCC executive director Godfrey Mutabazi, Utl’s operating licence should have been withdrawn more than 5 years ago. Mutabazi, however says every attempt to withdraw the licence has been met with government resistance – most recently a cabinet resolution in April 2015 that agreed that Utl should instead be capitalized. Government owns 31 percent shares in Utl. Mutabazi was appearing before a select committee of parliament which is investigating reports of alleged mismanagement of resources, conflict of interest and illegal sale of company property, among others. In some of the reported cases of mismanagement, Mark Shoebridge, the managing director of Utl is quoted to have been paid a salary advance of Shs 105 million ($30,000) for his personal rent for the first six months of 2017 at a rate of Shs 17.5 million ($5,000) per month, yet he is entitled to only Shs 10 million per month. Shoebridge was appointed in January this year. Also named is James Wilde, the chief financial officer, who is pinned for receiving payment of Shs 105 million ($30,000) for rent for between January and June 2017 at a rate of Shs 17.5 million ($5,000) compared to his entitlement of Shs 7 million ($2000) per month. Mutabaazi told the committee that company executives have on several occasions defied directives to streamline operations. He says that in 2012, Utl was issued with three notices over contract breaches, including using its spectrum illegally without UCC’s approval. Mutabaazi adds that such illegalities should have prompted Utl’s license to be revoked. “From 5 years ago maybe six years ago we have been engaging, engaging, engaging and nothing is changing. And, as a result in my own judgment, Utl is in a position where it cannot be saved. Several times, we have tried to revoke this licence and there are reasons why we are being stopped. So it is a waste of time now, waste of the committee’s time, waste of the country’s time”, he said. However, Mutabazi faced it rough with the legislators, including committee chairman, Phillip Okin Ojara who wondered why UCC, being the regulator, did not stand its ground in saving taxpayers’ money from being injected into the already collapsing company. “You are bound by the law to act. If somebody is actually breaking the law, what are you still waiting for? You know, if you apply the human face more than the legal aspect that’s where you go wrong. If the law says withdraw [the licence], withdraw. Now five years has elapsed, you want another 5 years for that to happen again and that is where we are saying, if there are some invisible hands behind this process.” However, the director of legal affairs at UCC, Abdusalam Waiswa says the decision not to revoke the license was hinged on consideration of the interests of taxpayers and integrity of the sector. Sign up and get daily updates right to your inbox. Link Copy link"
The Observer,https://observer.ug/news/nwsc-wants-shs-90bn-to-avail-water-for-all/,NWSC wants Shs 90bn to avail water for all,2016-12-19,"The Observer Water utility company, NWSC, has asked government for Shs 90 billion to supply clean and safe piped water to every village in the country by 2019. Speaking at their end-of-year thanksgiving dinner at the International Resource Center in Bugolobi on Friday, National Water and Sewerage Corporation (NWSC) managing director Dr Silver Mugisha said they need Shs 30 billion from government per year to achieve the water-for-all goal. Each village should have a public stand post (tap) from where residents can access clean water at an affordable Shs 50 per 20-litre jerrycan as envisaged in government’s ambitious Vision 2040, which aims to take the country into the middle-income bracket by 2020. Mugisha, who has overseen NWSC’s revenues grow from Shs 16 billion to Shs28 billion per month in the last two years, said the utility company is in good stead to supplement the government campaign in availing water to more than 10,000 villages across the country. At the same event, Mugisha also announced the corporation’s plan of continuing to expand physical infrastructure; including pipeline network, geographical and service coverage. In the past year, NWSC has extended its services from 61 to 174 towns and the customer base increased by 495,000 new connections from 418,031. The total distance of pipes laid stretched from 80 to 1,000 kilometres per year between 2013 and end of September, 2016. According to its Strategic Direction 2016-2021, NWSC will take over more upcountry towns. Mugisha disclosed that new areas already earmarked for takeover in 2017 include Kumi and Karamoja regional towns, where a jerrycan of water currently goes for as high as Shs 2,000. A number of multibillion projects such as Katosi treatment plant, aimed at boosting water supply in Kampala Metropolitan area with 160 million litres per day by 2019, will also take off next year. Other major projects to start in 2017 include the Kalisizo-Rakai and Akagera-Isingiro treatment plants, which will provide water to the dry belt in the western cattle corridor districts. Meanwhile, NWSC recognized best performing staff members in various sections during Friday’s dinner. Water and environment minister Sam Cheptoris and third deputy premier Kirunda Kivejinja, who represented vice president Edward Kiwanuka Ssekandi as chief guest, attended the function. mugalu@observer.ug Sign up and get daily updates right to your inbox. Link Copy link"
The Observer,https://observer.ug/news/museveni-akena-killing-upc-bossa/,"Museveni, Akena killing UPC – Bossa",2016-12-19,"The Observer On May 26, 2016, Dr Olara Otunnu formally resigned as president of the Uganda People’s Congress (UPC) and handed the reins to his deputy Joseph Bossa. This plunged the party into a leadership fight pitting Otunnu and Bossa, on the one side, against the James Akena-led faction. In a ruling this month, deputy Chief Justice Steven Kavuma ordered Bossa and his allies (Prof Edward Kakonge and Isha Otto) not to interfere with how Akena and his cabinet run the party. He further ordered that an order made by High court judge, Yasin Nyanzi, in 2015 declaring that Akena was illegally elected should not to be executed until the main application is heard. Days before the ruling, Bossa, a former financial lawyer with Bank of Uganda, spoke to Abubaker Mayemba about the wrangles in his party. Excerpts: What do you make of Akena’s recent assertion that he is running a functioning party? A functioning headquarters? He did it through violence because he got goons who threw out the true leadership of UPC and the entire secretariat [in 2015]. He occupied it and continues to do so with the support of the Uganda police. If you are not a UPC president and you are occupying the party’s headquarters, does that make it a functioning headquarters? You have thrown out the legitimate leadership; so, whatever you are doing there is illegal. This man [Akena] has the capacity to tell lies without any shame. One thing I admire about Akena is his capacity to ignore facts and believe facts of his own creation. The name for that in psychological medicine is, psychotic, a person who lives in a world of his own imaginations. He will even think he is the president of Uganda. Before party elections last year, Otunnu and Akena had ironed out their differences. Akena was even allowed to pick nomination forms after the deadline passed. What happened? We thought he was genuinely interested in seeking the presidency of UPC in a straightforward manner. Mr Otunnu thought that closing him out because the deadline had passed would make him go around the world claiming he had been discriminated against. Of course, he would never have mentioned that the deadline for picking papers had passed. He would simply tell the world he was disqualified because Otunnu discriminates against him. So, Otunnu said, “okay, even though I strongly believe that Akena is not interested in the UPC leadership perse, he is a mole, let him contest and the people decide.” When we had district conferences, by 3:00 o’clock he had invaded the headquarters and held hostage the secretariat and electoral commission staff who were waiting for results from the districts. He and his group were, instead, giving them results. He later decided before arrival of the full results, that since he had won in 65 districts, he had won the election. He came back and confronted the electoral commission and said; “in view of the fact that we have got 65 districts, it’s no longer mathematically-possible for other candidates to get the one-third support; so, I should go to the delegates’ conference. So, only I can go and I’m president-elect.” It was Akena deciding. How did he do that yet the EC had powers to say he was not party president yet? It was physical. They [EC] were virtually, at gunpoint. They had been surrounded; so, out of five commissioners, I think two or three, but excluding the chairman, signed, declaring that he [Akena] was president-elect. We don’t even have that concept in our party constitution. On Monday those of us who had been presidential aspirants filed our complaints about the electoral process with the Electoral Review Board (ERB). We told them that in some of the districts, none of our members had participated in the conferences and in some areas no election took place. In Kampala, my agent told me that he saw non-party members come to vote, people who couldn’t identify themselves on the voting list. Mr Otunnu, the party president then, said that ‘okay let’s meet on Friday June 5 with the EC and ERB members and all candidates and see what we can do.’ We tendered in our complaints. All candidates were asked to step out so that the two organs make decisions. When they were still deliberating, Akena and group stormed the boardroom in huge numbers and dragged the EC members to the press room with cameras flashing and instructed them to declare Akena president. Otunnu declined. He said if they wanted to kill him, they were free to do so but he refused to declare Akena party president. That is when he [Otunnu] walked out, that’s when you saw pictures of people calling him a rat, a rat is running out and all that. From that time, they occupied the headquarters of UPC. Akena says the ERB was a tool created by Otunnu to push his agenda and he couldn’t accept its decision. The Election Review Board never functioned. It did not make a single pronouncement. It was supposed to hear complaints but he didn’t allow it. You said elections were not conducted and there were no people in some places. Don’t you blame that on your party structure? As vice president, do you think you built any party grassroots structures? Grassroots are a difficult issue because of two reasons. In December 2014, when we were trying to prepare for the March 2015 delegates’ conference to elect a new party president, Fred Ebil went to court and obtained an injunction against any party activity. So, we couldn’t even hold elections. But in early 2013, we got some money from our supporters. It was Shs 200m and half of it was to buy furniture and the rest to facilitate elections for new structures. A section of members got hold of the money and started holding fake seminars and some badly- organised elections. In the end, all the money got finished. We went into that election deeply hobbled because we were to meet this deadline of a new leadership. When the date expired, they went to court and said Otunnu’s term had expired, so there was no president. And that’s when Justice Stephen Musota said the party leader remains until after fresh elections.[The judge ruled that there was already an on-going election road map and that Article 26(1) of the party constitution stipulates it clearly that a person shall continue holding office until new elections are held]. When the ruling was issued, that’s when Akena rushed to pick papers. When court said Otunnu still had powers, Akena knew that he would be left out, that’s when he pressured Otunnu to allow him pick nomination papers. When you say the leadership is to blame for not conducting elections, you are wrong. As given in the background, failure of the regime to conduct elections can be pinned on the stealing of money and the court injunction prohibiting party activities. Akena called a consultative meeting of UPC members in Lugogo. When they convened, within five minutes they passed a decision to constitute themselves into a delegates’ conference. Were these people senior members? We don’t know, but some were not. In any case, it wasn’t an organ of UPC and we don’t know in what capacity they were in there. But in any case, the point was that whether they are senior party members or not, they couldn’t convert a consultative meeting into a delegates’ conference. A delegates’ conference, according to our constitution, can only be convened by the party president not any member, be it senior. After that, they went on to make a resolution saying Akena has been elected president. That’s when I went to court asking whether it was true that the electoral commission and UPC [had] declared Akena president. And court agreed with me that whatever document had been signed declaring Akena president was null and void. Akena says he has appealed but when you appeal, the decision of the lower court remains in force until the higher court has reversed it. He will now say he went to the Court of Appeal and court ruled that the status quo remains. Whatever interpretation you may want to put on that ruling, the status quo is: Justice Nyanzi said he is not president. By February 15, 2016, the UPC bank account had already been frozen not on my own initiative but the bank’s. They wrote saying that because the leadership of the party was in dispute; it [bank] had decided to freeze the party’s account. Now Akena says I’m blocking party activities because I went to court and froze the account. That is misinformation. I did not. It was the bank, on its own, which said that it was hard to know who should run the account; so, it blocked it. Akena maintains that because you people blocked the account, the party does not have funds to run its activities. First of all, he is not the president. He should not run the party. Secondly, neither I nor Otunnu ordered that. When we got the Justice Nyanzi order, we went to the bank, saying Akena had no mandate to run the account. We asked them to restore the signatories but the bank decided that neither we nor they[Akena] would be allowed to operate the account. That’s why they froze it. We don’t have access to the account. I went to court to dispute Akena’s presidency and not to block the accounts. 2021 is getting closer and you are still fighting; doesn’t that affect you? It does concern me very much. But for many years, Otunnu was telling the world, diplomatically, that Akena was a mole in UPC, working closely with NRM. He claims he is working with him [President Museveni] to build a better Uganda. We work with NRM after being sanctioned by the party organs. But when you go on your own, after grabbing power, and begin working with Museveni, you are doing so outside the party’s constitution. If they say you have been cooperating as a mole, then their argument is right. For instance, in April 2011 after the general elections, we went to Mukono and the National Council (NC) passed a decision authorising the cabinet to coordinate with any individual or democracy-seeking organisation for the betterment of the country. Even if UPC worked with FDC, DP, CP and Jeema, then that partnership was in line with the mandate given by the NC. How is Akena’s cooperation with NRM affecting the party? Museveni and NRM are using Akena to destabilise the party. They occupy party headquarters; they disrupt our meetings. As the true leadership of the party, we had organised a council meeting of the NC to map the way forward for the party. Akena, using the police, stormed the meeting and disrupted us. The chief organisers like Peter Walubiri and Isha Otto Amizza were locked up in Kireka cells for two days. As the “true leaders of UPC”, have you tried to engage the police? Too much, we complained to the Central police station, Kampala, and said ‘someone is occupying our premises’. They refused to cooperate with us. Otunnu at some moment met with the Inspector General of Police Kale Kayihura and explained the situation to him. He pretended he was not aware and asked Otunnu to write to him but when Otunnu wrote, he got no reply. The Milton Obote Foundation (MOF), the owners of Uganda House, went to CPS and said an unrecognised group has thrown out their clients and refused to leave the premises, the police did nothing. MOF even opened a criminal trespass case against the Akena faction, the director of public prosecutions (DPP) took it up but later gave it up. Not only we as leaders of UPC but even the owners of Uganda House have engaged police and went to court. NRM through police have frustrated all our efforts. They say you are being used by MOF, that during your tenure in office, you failed to monitor MOF’s spending. He should not mix issues. The accountability between UPC and MOF, that has nothing to do with the leadership of UPC. It has nothing to do with the succession in UPC. Whether we did or did not, has nothing to do with Akena being the UPC president now. We are saying ‘Akena, you should have allowed the election to take its course. You disrupted it by making yourself president of UPC and you should have followed the party constitution. We don’t care who you are and where you are from. We are just saying that’s not the way leadership of UPC is determined.’ Courts have said he didn’t follow the party constitution, don’t colour that with anything else. Don’t say we are fighting him, we are fighting the process. How are preparations to replace Otunnu progressing? I have gone very far with the elections. As soon as I was elected, I set up a committee to organise elections. One thing they have started with is to organise a national council meeting [due soon]. The NC will give us guidance on how and when to hold a delegates’ conference to elect a party president. The NC meeting will determine for us who qualifies to stand for president and how the election will run. What have you achieved so far as party president? I have survived. The party is still here. My main aim at the end of the day is to ensure that before the six months I was given expire, the party would have elected a new president. Are you going to contest? As far as I am concerned, the party constitution doesn’t bar me. We are going to pass new rules that if the national council meeting decides that I shouldn’t run, even if I wish, that would be it. The NC will determine who is eligible to stand. Before Christmas this year, UPC will have elected a new president. Won’t the Akena faction disrupt the process? If Akena, the NRM and police decide to disrupt the process, let the blood be upon them. Let them tell the world why they did it. But that should not be the reason for failure, on our part, to try. Where are your offices and how do you handle the finances now that Akena’s faction occupies Uganda House? We have offices in Mabirizi plaza on Kampala road. That is where we are operating from. But I have been telling members that UPC is not about the physical place, the 6th floor of Uganda House is not UPC. In fact, since its inception, UPC moved into Uganda House in 1980 but it remained a political force. UPC has even operated outside Uganda, when Milton Obote was in Tanzania. Don’t put too much emphasis on the physical floor at Uganda House. We are operating minimally, the little money that we have has been frozen by the bank. abumay1988@gmail.com Sign up and get daily updates right to your inbox. Link Copy link"
The Observer,https://observer.ug/news/mp-nandala-mafabi-faults-utl-on-shs-670bn-debts/,MP Nandala-Mafabi faults Utl on Shs 670bn debts,2016-12-19,"The Observer Budadiri West MP Nathan Nandala-Mafabi has lashed out at Uganda Telecom Limited (Utl) for mismanagement. Mafabi made these revelations last week while appearing before a probe committee that is investigating the financial malaise in the telecom company. This, he said, includes irregular transactions and sale of some of its properties and land, staff harassment and fraud. Government owns a 31 per cent stake in Utl while Libya African Portfolio Green owns 69 per cent shares. The committee, chaired by Okin Ojara, comprises Michael Tusiime, William Nzoghu, Paula Turyahikayo, Lillian Nakate and Thomas Tayebwa. Mafabi further stated that Utl is “bleeding financially in local and foreign debts to a tune of Shs 670 billion, with no audit done for the last four years.” He said without audits of company accounts and assets, it took long to detect fraud that went on for years where petty cash to the tune of more than Shs 1.5 billion also vanished. He also claimed that Utl’s recently-authorized installation of a superfast high capacity internet link has the ability to tap President Museveni’s phone calls. “It should be noted that such capacity would enable the user with system passwords to do anything with the Utl network including tapping the calls of His Excellency the president and other security agencies,” Mafabi said. Mafabi told the MPs that there is need for Utl managing director, Mark Shoebridge, to explain what the superfast connection, whose installation he authorized, is being used for. The MP claimed Utl management is using bank access rights of former staff to make payments, some of which are highly-questionable. “For instance on December 6, 2016, Shs 50m was paid to URA purportedly signed by John Sendikaddiwa, almost a month after he left the company,” Mafabi told the committee. Last month, parliament imposed a travel ban on Utl’s top management pending investigations but the committee noted that some of the banned managers continue to travel out of the country. According Mafabi, since he exposed the mismanagement of Utl, Shoebridge has fired those he believes are responsible for leaking the information. “Some of the staff who have left include John Sendikaddiwa, Charles Wanume, John Magala and Godfrey Kisekka (who was the acting MD before Shoebridge took over),” Mafabi said. “It is therefore my recommendation that the acts going on in Utl, including the wanton victimization of staff, is stopped with immediate effect.” The committee said the top managers who include Shoebridge, company secretary David Nambale, James Wilde, the chief finance officer; Emmanuel Kasule, the chief human resource officer and Ameer Kamal Arif, the chief commercial officer, be investigated. namuloki16@gmail.com Sign up and get daily updates right to your inbox. Link Copy link"
The Observer,https://observer.ug/news/rugunda-speaks-on-makerere-fighting-ministers/,"Rugunda speaks on Makerere, fighting ministers",2016-12-19,"The Observer Two years since he replaced Amama Mbabazi as prime minister in September 2014, DR RUHAKANA RUGUNDA talks to Sadab Kitatta Kaaya, offering a measured assessment of his own tenure as leader of government business in parliament. Below are excerpts: It is seven months since the new government was inaugurated, how do you rate your cabinet? Since May, government has worked well; it has energetically embarked on a number of projects, basically consolidation and completion of projects that were underway especially in the infrastructure area. It has handled issues of Operation Wealth Creation to ensure that there is increased production in agriculture, leading to increased incomes for the population. It has embarked on special programs for the women, youths, to ensure that they have projects, jobs and increased income. Recently we have had some challenges in the area of food security [but] government has mobilized politically and organized material resources so that we can feed our people. We have done a lot in the region especially with our regional interactions with our neighbours, especially on [the situation in South Sudan]. We have had interactions with our Kenyan neighbours on our regional projects and the northern corridor programs going on, [and] preparations continue for the Standard Gauge Railway. We have looked at a number of challenges in the education sector, which we are dealing with, Makerere [University] is a case in point and [some] other universities. So, in a nutshell, government is on course, it is doing what it promised the nation. Talking about the food security problem, critics say the food relief you are sending to the famine-hit districts is too little. Did you underestimate the problem? It is true that we have sent out food relief [and] we are fully aware that it cannot be enough. The focus, however, has been to concentrate on the very badly-hit, the elderly, [expectant] mothers and the sick, especially those on treatment. Could that be the reason why government is now considering suspending some infrastructural development projects and divert the money to buying food? We will do whatever we can to make sure that the people of Uganda are protected from famine brought on by the drought. If it becomes necessary, yes, government is very ready to reconsider; to review the budget in order to ensure that there is provision for the critically- required food to save lives. Public universities have been striking; Makerere is now closed; are the university problems too complex for government to fix? First of all, most of the universities in the country are stable. They are working, and working well. It is true there has been quite a bit of hassling, quite a number of strikes at Makerere but Makerere is a bit of an exception and should not be used as a standard reflection of what is happening in universities in the country. There are a few others like Kabale, which is a new public university [which] has had a few challenges but really all universities are settled, teaching and doing well. In case issues come up, government through the ministry of education addresses them. Why does government have to wait for the problems to go out of hand? Government does not wait; on the contrary, government tackles some of these issues and sometimes when you hear of a strike, it is more often a reflection of reaching a point of divergence or disagreement between government and some of the people involved. It is not that government has been waiting, government is continuing, and has been addressing some of these issues… That is why President Museveni established a visitation committee for Makerere University to be able to address the fundamental issues holistically. Is there hope that Makerere University will be opened soon? There is no doubt about that. Every one of us wants Makerere University to be opened, and soon. However, certain critical, fundamental issues that have been causing these regular strikes must be addressed. What are the issues? Let’s leave that for the visitation committee. You have been holding the office of prime minister for more than two years now, how have you found it? First of all, it has given me an opportunity to serve the country in a more responsible position. Definitely, I must thank the president for the confidence he entrusted in me. I’m doing what I can to serve both Parliament and the government. A prime minister is a team leader, and so, I serve with my comrades, my political colleagues – the ministers. We work as a team, where one is not available, the other one handles, and I think, our working as a team is very promising. But we see fights between some cabinet members, for example Hon Aidah Nantaba (state for ICT) against Persis Namuganza (state for Lands); the other day your finance minister and his junior made separate appointments for the same position. How are you dealing with these conflicts? I must say that the cabinet we have today is a very cohesive cabinet and work is going on very well. Occasionally, when you have a family, there may be a difference of opinion and quite often, the media cherishes and thrives on such difference of opinion. When such an issue comes up; the individual ministers concerned sort it out, and if necessary, the prime minister comes in or the government chief whip. All in all, the issues are under control. A senior minister making an appointment and his junior also making another does not reflect a lot of cohesion… There is nothing lacking, and the ministers have already sorted out those issues. It is seven months into the term of the 10th Parliament but we are not seeing much business coming to Parliament from the executive. Instead, we are seeing private members’ bills. What’s lacking? There is plenty of business from government in Parliament and there are many bills being considered by the various committees of Parliament. There are also bills that we had saved even from the last Parliament, those are also being considered. A full list of bills was submitted at the beginning of the 10th Parliament, different ministries are at different stages of submitting them [the bills]. Some have already been read for the first time, [and] gone to the committees and we are waiting for them to be read for the second time. Yes there are some bills, but some MPs say there should be much more. Well, the Leader of government business [in Parliament] has a different view. When you look at the order paper, you’ll find that there is a lot of pending business. Secondly, we encourage MPs to be at liberty to initiate private members’ bills. Some of them are under consideration, [and] when some come, we liaise with [the sponsors] and sometimes government takes on some of these bills. It is a question of teamwork, [between] government and members of the backbench. You yourself have been accused of missing many parliamentary sittings – maybe what you never miss is the prime minister’s question time! First of all, that is false. I am in the House not just only for the prime minister’s question time. But it is also true that my brother, the 1st deputy prime minister and deputy leader of government business in parliament, Gen Moses Ali, when he is there, I don’t need to be there, I attend to other government responsibilities. When Rt Hon Moses is there, it means that I am also there, and even the Government Chief Whip Hon Ruth Nankabirwa. When she is there, government is [represented]. The critical point is, is there adequate representation of the government? The answer is yes. It doesn’t have to be the person of the prime minister. And, by the way, [government is also represented] by the presence of ministers. Because of the heavy schedule, sometimes one is busy with other things; that is why you and I are having this interview at 8:15pm. It is not because Rugunda planned this in order to impress Kitatta. It is because the schedule of work is heavy and one doesn’t have to be in Parliament when there is adequate representation. There are times when the House has had to be adjourned because there are no ministers to respond to issues raised. That is just a question of coordination, sometimes, ministers may not be adequately informed; there may be some misinformation. If the minister knows that he or she is on the order paper, they will come, but sometimes that information is missing. Can you elaborate on what you mean by misinformation? The order paper may come out late morning or early afternoon. So, sometimes the information on what is on the order paper may not be available to the ministers [in time] and so, the minister may not realize that he or she would be required to be in the House to answer certain questions. But the main point is to encourage the ministers to ensure that they are available but they have very many other demands. Our understanding and our guidance is that if a minister is not in the House, then another colleague must stand in. The minister must [alert] a colleague to stand in for him or her, or to send the minister of state. Do you then think that the leadership at Parliament should change the way they operate? The order paper coming earlier would be perfectly okay. Or even for that matter, the order paper [should be able] to indicate the following day’s business. Our order paper indicates the day’s business and a notice of business to follow. That partly covers it, [and] one can say that we have indeed, and we shall continue to encourage ministers to be in Parliament, but it will have to be reconciled with other schedules. How does it feel serving a government with high corruption ratings? In my assessment, I am aware that there is some corruption in the government, and government is dealing with it head-on. That is why we have in place the auditor general to help government in exposing the problem. That is why we have the IGG [Inspector General of Government] to dig out any corruption so that government deals with it. That’s why we have the CID [Criminal Investigations Directorate of the police] to deal with the investigations so that the necessary legal measures can be taken. That’s why we have the DPP [Directorate of Public Prosecutions] to prosecute corruption cases; that is why we have the Anti-Corruption court to deal with the problem straight on. All in all, yes, there is corruption but government has taken extraordinary steps to deal with it and I am sure, we have the upper hand in the fight against corruption. What are the extraordinary steps, because there are cases of corrupt officials in the auditor general’s reports not being given due attention. I would be interested in hearing from my son Kitatta in relation to who is corrupt and has been shielded. Can you educate me? Have you not heard people being prosecuted because of the auditor general’s revelation or CID and IGG? There is no small or big fish. So long as you are accused, the law will take its course, and as you are very well aware, both the big and small [fish] have appeared in courts of law. That will, indeed, be the order of business. Is government, therefore, ashamed of the rampant corruption? Government is very proud that it is facing corruption head-on… We are dealing with it with no compromise, and we’ll intensify our efforts to make sure that we defeat this monster but we would like the public not to be shy but to come out and give us information so that we can deal with this scourge of corruption. sadabkk@observer.ug Sign up and get daily updates right to your inbox. Link Copy link"
The Observer,https://observer.ug/news/couple-sues-marie-stopes-over-unplanned-child/,Couple sues Marie Stopes over unplanned child,2016-12-19,"The Observer A couple has sued Marie Stopes-Uganda, an organisation that, according to its mission allows women have children by choice, not by chance, for giving them false assurance on birth control. Jackson and Mary Okiring filed the suit before the High court in Kampala. They say that they were advised by Marie Stopes, to undergo a bilateral tubal litigation, a surgical procedure that involves blocking the fallopian tubes to prevent the ovum from being fertilized. The procedure, considered a permanent form of birth control, is be done by cutting, burning or removing sections of the fallopian tubes. On the basis that they already had a sizeable number of children and faced financial constraints, the couple took the advice of the health service provider and underwent the procedure with an assurance that Mary would never conceive again. However, the ‘distressed’ couple says in early 2016, they were shocked to learn that Mary was pregnant. The couple says it has so far incurred a cost of Shs 2.5 million as expenses of raising the unplanned child and that they have been subjected to stress and pain resulting from the negligence and false assurances. They now want court to order Marie Stopes to compensate them with the Shs 2.5 million that they have so far spent and take over the responsibility of raising the child in question. Marie Stopes Uganda is part of the Marie Stopes international non-governmental organisation providing contraception and safe abortion service in 37 countries around the world. Sign up and get daily updates right to your inbox. Link Copy link"
The Observer,https://observer.ug/news/fifa-fines-uganda-shs-17m-burundi-shs-55m/,"FIFA fines Uganda Shs 17m, Burundi Shs 55m",2016-12-20,"The Observer World football governing body, FIFA has sanctioned several East African states including Uganda for various incidents during the 2018 FIFA World Cup qualifiers. In a circular released on Monday, by the Federation of International Football Associations disciplinary committee said Ugandan fans were seated in an ‘improper place’ during the game with Togo at the Mandela national stadium, Namboole on November 15, 2015. The Ugandan federation has received a warning and has been asked to pay a fine of Shs 17,502,155 (5,000 Swiss Francs). Federation of Uganda Football Associations (Fufa) deputy CEO Humphrey Mandu said they are yet to receive the communication. Burundi who will pay Shs 35,004,306 (10,000 Swiss Francs) for infringement of media and marketing regulations when they hosted Ivory Coast and another Shs 20,957,037 (6,000 Swiss Francs) for fielding an ineligible player (Gael Bigirimana) in the away game to the same team. Kenya were also fined Shs 35,004,306 (10,000 Swiss Francs) for the late arrival of their team in Cape Verde which resulted to a late kick-off in the 2018 World Cup qualifier on November 13, 2015. South Sudan has also fined 7,500 Swiss Francs for a direct red card by Aluck Mabior in the game against Mauritania. Many other nations around the world including England, Chile and China among others were also fined for incidents during the World Cup qualifier and international friendlies. The other African nations sanctioned and fine include; Angola, Benin, Chad, Congo, Guinea, Mali, Mozambique, Senegal and South Africa. Sign up and get daily updates right to your inbox. Link Copy link"
The Observer,https://observer.ug/business/residents-protest-against-delayed-unra-pay/,Residents protest against delayed Unra pay,2016-12-21,"The Observer Residents of Kitgum and Pader districts have held a peaceful demonstration to protest delayed compensation by Uganda National Roads Authority (Unra). More than 50 people from Pader and Kitgum took to the streets on Monday to express their dissatisfaction with Unra. Last month, residents affected by the Gulu-Acholibur-Musingo road works convened a meeting at Acholibur in Pader district in the presence of Unra engineers and district officials. They gave the authority a two week’s ultimatum to respond to their grievances. However, Unra didn’t respond to the concerns, prompting residents to storm the streets. Alfred Okwera from Labongo-Layamo sub-county blames Katuramu and Company for continuing to issue the affected persons with payment vouchers for undervalued property despite their repeated complaints. John Ocan, 78, says he has failed to maintain his home after the only commercial house from which he earned Shs 1.7m each month was demolished to pave way for the road works. Charles Nyeko, the chairperson of the affected persons, said this was the last time they would be demonstrating peacefully. He cautions Unra to comply with their concerns and demands or else prepare for court action. Sign up and get daily updates right to your inbox. Link Copy link"
The Observer,https://observer.ug/business/chinese-company-sues-govt/,Chinese company sues Govt,2016-12-21,"The Observer A decision taken by a parliamentary committee to suspend operations of Blue Wave Beverages Limited has been challenged in the courts of law. Blue Wave Beverages, the manufacturers of Blue Wave purified water, has dragged the Attorney General and Uganda National Bureau of Standards (UNBS) to court to challenge a decision by Parliament’s committee on Equal Opportunities, chaired by Kampala Central MP, Mohammed Nsereko, to order for its closure. In a suit, filed by WEB Advocates and Solicitors, Quan Liu, the managing director of Blue Wave, the applicant stated that on November 23, 2016, he appeared before the committee following an invitation to interact with MPs on its operations. Liu states in the affidavit that after interacting with the committee, they left Parliament, only to learn later that Nsereko had paraded bottles bearing a brand of Blue Wave from a carton, which he publicly denounced as unfit for human consumption. Liu says that prior to the public denouncement of the product, he was never shown the bottled water to verify that the batch numbers, the bottles and products were from the factory. The affidavit says that on 23rd November 2016, inspectors from Uganda National Bureau of Standards (UNBS) went to the factory, carried out on-site inspection and found the production line and systems compliant. The company was later shocked to receive a letter from UNBS Executive Director Dr Ben Manyindo suspending their production. Blue Wave says the decision to suspend their operations was wrong, in spite of a report issued by UNBS on November 21, 2016, two days before its appearance in Parliament, stating that the company was compliant. The company is seeking damages amounting to Shs 8bn on grounds that it has lost public goodwill and confidence; loss of sales revenue for the days since its closure; cancelled contracts. Justice Mugambe has given the parties two days to hold negotiations out of court and reconvene on Thursday, 22nd December 2016 with a decision. If it fails, the court will start hearing the application. Sign up and get daily updates right to your inbox. Link Copy link"
The Observer,https://observer.ug/business/cement-industry-in-huge-leaps-as-public-projects-push-up-demand/,Cement industry in huge leaps as public projects push up demand,2016-12-21,"The Observer Huge government projects and construction at- tract top dollar in the cement industry as old players expand while new entrants take a bet, writes ALON MWESIGWA. At Namawojolo, Mukono district, off Jinja-Kampala highway, rising structures dot the skyline. A massive chunk of land – 131 acres – is under development, with graders chipping away the ground while workers place final touches on construction. The sound of the grinding mills can be heard from a distance. This is home to Kampala Cement Limited, the latest addition to Uganda’s cement industry, where the company says it has the capacity to produce more than one million tonnes annually. City lawyer MacDosman Kabega, one of the company owners, told The Observer that they had so far invested 110m euros (Shs 412bn ) in the project, which opened officially in September last year. Less than two years old in operation, Kampala Cement scooped a major deal to supply cement to the 800MW Karuma plant, ahead of older firms such as Hima Cement, which is yet to officially supply cement to the same power plant. In September, it supplied 1,200 tonnes of cement to Karuma. To prop up local content requirements, the Karuma contractors needed a producer of quality cement. They had said that most local producers did not meet the standards. They turned to Kenya, where they got supplies from Savanna Cement Limited. Kampala Cement Managing Director Bob Baryaw said the firm has already had officials from the standard gauge railway test its cement to see whether it meets the quality. Baryaw said they employ 450 people, 29 of these being expatriates. In a brief profile memo, the company says it started operations with a capacity to produce 20,000 tonnes a year. However, company officials said the plant was upgraded to produce one million tonnes per year. Kampala Cement’s factory represents one of the big movers and shakers in the cement industry. As government embarks on major infrastructure projects, cement producers are taking positions to cash in. The market is witnessing strong appetite from new cement players while the older firms expand their production capacities. NEW PLAYERS While the old players are consolidating their positions in the sector, the country is getting appetite for new entrants. Last year, Kenya’s National Cement announced that it was to spend at least $200m to build a new plant in Mbale. It said construction would start by the end of 2016, although it has not started. Also, in 2012 Afghan investors said they had plans to set up a multi-million cement factory in Moroto district. The firm, Moroto Cement (U) Ltd, is expect- ed to produce one million tonnes annually. In October, government announced it would set up a cement factory in Karamoja through a public- private partnership with Moroto Ateker Cement Co Limited. There have been reports that Africa’s richest man Aliko Dangote was also eying the Ugandan market. Some of these pronouncements are yet to materialise. MOVEMENTS In September, Lafarge’s Hima Cement announced it was to spend $40m on a new plant in Tororo Nyakesi, Rubongi sub-county, a small distance from its main rival – Tororo Cement Limited. Rubongi sub-county is one of the areas where Guangzhou Dongsong Energy Group Ltd is expected to mine phosphates and build a $620m fertilizer plant. Hima Cement signed an MOU with Guangzhou to supply it with cement. Daniel Pettersson, the chief executive officer, said then: “We are embarking on several capacity building projects starting with the construction of a grinding station at the end of 2016; we are in final stages of exploration of limestone positions in northeastern Uganda to support clinker position.” In 2010, Hima Cement invested $120 million at its Kasese plant, which saw production capacity move to 900,000 metric tonnes per annum. On completion, the expansion to Tororo expansion will further increase Hima Cement’s capacity to 1.9 million tonnes per year. Hima Cement is also preparing to launch Ready Mix Concrete operations in Kigali, Rwanda, within the first quarter of 2017, which will be followed by similar operations in Uganda. “We are very positive about the long-term prospects of the cement industry in Uganda,” Patterson told reporters in September. Meanwhile, Tororo Cement, the country’s biggest cement manufacturer, last year announced it would spend $25m on plant expansion. It said its capacity would upgrade from 1.8 million tonnes to three million tonnes, maintaining its position as the biggest cement manufacturer in the country. Brij Mohan Gragrani, Tororo Cement’s CEO, said last year: “The expansion is proposed in view of market demand in Uganda and the neighbouring countries.” He said they would construct more cement grinding mills, cement storage silos, rotary packers, and clinker feeding system and clinker sheds. Tororo Cement has also gone to Moroto, where they are expected to put up a new plant. The firm is already supplying cement to Isimba dam. Uganda will become an oil-producing country by 2020/2021, according to government’s target. Combined, the biggest projects in the oil and gas sector – the refinery, pipeline and storage facilities, etc – will cost more than $10bn. Uganda is finishing compensation for the Standard Gauge Railway (SGR) and construction could begin later in 2017. The Jinja-bridge construction has also started. Most major roads are undergoing construction, including mega projects such as the Kampala-Entebbe expressway. Parliament has given government a go-ahead to borrow $136m for the Busega-Mpigi expressway, expected to start in 2018. Government has also proposed to build the Kampala-Jinja express- way. CONSTRUCTION Aside from public projects, the real estate sector has been growing, although demand has waned in recent months. For instance, although rental demand has flattened, according to Knight Frank report for 2016, the real estate sector “registered an increase in the number of properties which came onto our books for sale first half of 2016. These properties are mainly in the greater Kampala Metropolitan areas of Kira, Naalya and Najjeera, which are becoming increasingly popular for middle-income home owners.” Many people are taking salary loans to construct houses. Last financial year, the construction sector did not perform well partly as a result of high interest rates. The sector grew by only 0.5 per cent, according to Bank of Uganda figures. Developers, however, are optimistic about the future. The central bank has been easing its key rate, which is expected to give bankers room to cut interest rates. This will boost borrowers’ confidence and spur activity in sectors such as construction. The regional market is also open. In 2015, Uganda exported cement worth $80.13m, a drop from $89m in 2014. RAW MATERIALS Production of limestone, a key raw material in cement production, continues to grow. According to Uganda Bureau of Statistic’s abrastract2015, the production of limestone increased by 18.2 per cent from 922,000 tonnes in 2013 to 1,090,000 tonnes in 2014 and the quantity of Pozzolana increased by 19.1 percent from 623,000 tonnes in 2013 to 742,000 tonnes in 2014. The remaining viable limestone deposits are in the Karamoja sub-region – where many cement companies have rushed to. The exploration process is usually marred by land disputes. Kampala Cement is importing clinker from China, company officials said. In Uganda, they get pozzolana, another main component in cement production, from Kapchorwa in northern Uganda. amwesigwa@observer.ug Sign up and get daily updates right to your inbox. Link Copy link"
The Observer,https://observer.ug/news/chinese-firm-cccc-aids-st-mary-s-college-kisubi/,Chinese firm CCCC aids St Mary’s College Kisubi,2016-12-21,"The Observer China Communications Construction Company has completed the construction of walkways at St Mary’s College Kisubi (SMACK), so as to facilitate a good learning environment. According to Joseph Zheng, the acting country manager of CCCC, they embarked on the project with the aim of improving the education environment in the area they operate in. He noted that CCCC is passionate about improving communities and that they would continue to promote people’s welfare through such projects. Construction of the walkways took 40 days and cost the construction firm Shs 324 million ($90,000). “We decided to build new walkways that were in a sorry state at St Mary’s College [in Wakiso] to ease movement by students as they study and also ensure their safety,” said Zheng at the handover ceremony held at the school campus last week on Tuesday. The SMACK head teacher, Brother Deodati Aganyira, thanked CCCC for its gesture, saying: “After the facelift, the school got a totally-new look and for this we are grateful. On behalf of the school administration, I pledge out total commitment in ensuring that this facility is put to best use for the benefit of the community.” SMACK has a student population of more than 1,360. This is an increase of nearly 70 per cent compared to 20 years ago, and the college has been upgrading its facilities. Sign up and get daily updates right to your inbox. Link Copy link"
The Observer,https://observer.ug/news/higher-education-council-calls-for-govt-support-on-compliance/,Higher education council calls for govt support on compliance,2016-12-21,"The Observer The executive director of the National Council for Higher Education (NCHE), Prof John Opuda-Asibo, has called for government support in ensuring that universities and other tertiary institutions follow regulations. Prof Opuda-Asibo said some universities operate under the instructions of courts of law, something that does not make their operations legitimate. “Whereas we may recommend the revoking of an institution’s license, effecting closure is very difficult to implement as those universities tend to run to courts of law. This conflicts with our mandate while regulating higher education,” Opuda-Asibo said during the inauguration of NCHE’s new premises in Kyambogo on Monday. NCHE was established in 2003 as a result of the Universities and Other Tertiary Institutions Act to guide, support and enhance access to relevant quality higher education at both public and private institutions. Dr Alex Kagume, the NCHE deputy executive director, told The Observer that the council was still battling a court case with privately-owned Fairland University, based in Walukuba-Masese zone in Jinja. In March 2013, NCHE revoked Fairland’s license after it failed to meet minimum requirements to be recognised as a fully-fledged university. These included having no staff, infrastructure, or accredited programmes but the university is still operational. “We had refused to give them a license but they went to court and got it through a court order. Court also gave us interim orders to stop us from implementing our duties until the matter is settled,” Kagume said. “This is where we want government to help us to execute our mandate.” According to Opuda-Asibo, the need to enforce compliance is vital since access to higher education has increased form one public university in 1986 to nine, and 47 private universities – 38 on provisional licenses and nine chartered. Today, there are 214 licensed tertiary institutions. “Now, if all these institutions run to courts all the time, how shall we be operating if they don’t follow our guidelines?” he said. Meanwhile, in a speech read for him by vice president Edward Kiwanuka Ssekandi, President Museveni said with a new home, NCHE needs to be more active in shaping the direction and destiny of higher education. “I still emphasize that our education must be made and seen to be relevant. We should continue to invest more in sciences, technology and Engineering which are bedrock disciplines on which we need to anchor our development,” Museveni said. The state minister for higher education, Dr John Muyingo, urged NCHE to only accredit programmes that are relevant and competitive for the labour market both locally and internationally. He said NCHE’s new home would give it a better leverage to perform its mandate as required by the law. The new three-storeyed building, on Kigobe road in Kyambogo, was constructed by China Nanjing Uganda Ltd at a cost of Shs 5.5bn. It comprises of staff offices, a library, data center, 100-seater conference room, printery, boardrooms and restrooms. nangonzi@observer.ug Sign up and get daily updates right to your inbox. Link Copy link"
The Observer,https://observer.ug/news/parliament-halts-utl-financial-transactions/,Parliament halts UTL financial transactions,2016-12-21,"The Observer Parliament’s select committee investigating the affairs of Uganda Telecom Limited (UTL) has halted all financial transactions by the company. The committee issued the directive in a meeting with the top UTL managers led by managing director Mark Shoebridge, chief finance officer James Wilde and corporation secretary David Nambale. Speaker Rebecca Kadaga appointed the committee led by Chua West MP, Philip Okin Ojara, following a whistleblower’s report presented by Budadiri West MP Nathan Nandala-Mafabi citing alleged mismanagement in UTL. UTL is reported to have a local and foreign company debt amounting to Shs 128 billion. Some of the claimants include Uganda Revenue Authority (Shs 58bn); MTN Uganda (Shs 8bn), UCC (Shs 22bn) Huawei Technologies (Shs 24bn) and NSSF (Shs 16bn). While appearing before the committee, Shoebridge admitted that the current debt stands at over Shs 500 billion, but says the company is slowly clearing its debt. Government owns a 31 percent stake in UTL while Libya African Portfolio Green owns 69 per cent shares. During the meeting, MPs demanded for audit reports from UTL managers in vain. Michael Tusiime, the Mbarara Municipality MP, wondered why the managers allowed the debt to accumulate, noting that it was improper and dangerous for the fate of the employees. The committee directed the company to stop any financial transactions and present audited reports of the company from 2000. It also ordered the company not to fire any employee until the probe is complete. Sign up and get daily updates right to your inbox. Link Copy link"
The Observer,https://observer.ug/news/three-years-later-recalling-the-night-death-captured-juba/,Three years later…recalling the night death captured Juba,2016-12-21,"The Observer December 15, 2016 marked three years ever since violence broke out in South Sudan, Africa’s 54th and the world’s youngest state. What started as a political contest between President Salva Kiir and members of his SPLM party soon escalated into armed war that drags on with no end in sight. A civil war majorly fought along ethnic lines has uprooted more than one million people from their homes to neighboring countries, especially Uganda. Meanwhile, about three million others are displaced within the country, including at least 200,000 sheltering in United Nations Protection of Civilians sites. BAKER BATTE LULE was in Juba when the first shot was fired, and recalls the night the euphoria of a new nation ended. It is Saturday December 14, 2013 and I’m at home, not thinking of going out for anything. I am relaxing with colleagues after a long and exhausting week full of political and military jockeying. Around midday, I receive a call from my boss telling me to cover the Sudan People’s Liberation Movement party (SPLM) national convention taking place at the Nyakron cultural center in Juba. I shrug a bit because my mind is not in working mode, considering it is a Saturday, my day off. But after some consideration, and reflecting on the previous week, I reluctantly agree to attend. I recalled the electrifying December 6 press conference where SPLM top honchos led by Riek Machar spat fire, accusing Kiir of being a despot, and the rebuttal that came in handy from the flamboyant vice president, James Wani Igga, two days later, accusing the Machar group of being disgruntled and corrupt only coming out against Kiir because they had been fired. I prepare to go and rub shoulders with the who-is-who in the country’s ruling party. I arrive at Nyakron Cultural Center a stone’s throw away from Kiir’s office. Security is unusually tight, access restricted. With a lot of haggling and frantic phone calls, I’m allowed to get near the venue – but far enough from the meeting room. Fair enough, I say to myself, at least I can interact with a few delegates moving in and out of the meeting. Moments later, I saunter out before even the convention ends. By then, though, I have been told of the verbal exchanges between Kiir and the Machar group that nearly ended in physical confrontation. SUNDAY DEC 15 Like the Machar group that had lost on many of their crucial points, I don’t bother going back to the meeting, partly because I have an end-of-year party to attend later in the afternoon. At the party, all is well; we eat, we drink. It’s soft drinks for me, but I I can’t convince my colleague, who guzzles hard drinks to immerse himself into the night. By 9:30pm, the guy is gulping bottle after bottle. I get worried when it approaches 10pm owing to the fact that people at home don’t know my whereabouts and my phone is off. With a lot of haggling and threats of walking back home, my friend caves in. He is drunk and tired but insists on driving, ignoring my offer to do the job. Somehow, he manages – albeit not without incidents, as he almost gets involved in three different accidents. Obviously, he is not aware of the rule: ‘Don’t drink and drive.’ On the road, you feel the tension and uncertainty. The vehicles are very few, as are pedestrians. Getting home, I find the whole neighborhood has gone to sleep. The usually-noisy bars and video halls are dead. Not bothered, I let everything slide to the back of my mind and slope home ready to jump into my bed. In my compound, everybody is very worried about me. I guess for no good reason, after all it is not the first time that I have come back after 10pm. Anyway, I explain to them what has happened. Just as I finish closing the door behind me, the guy with whom I was, calls asking whether I’m at home and particularly in the house. I say yes. Immediately his phone goes dead. That’s all he wanted to know. Suddenly, as if on cue, all hell breaks loose. Juba is drowned in all sorts of bombings only seen in movies, maybe also in Syria and Iraq. At first I think that it is the usual firing by either drunken security officers or security running after thieves – common phenomena in Juba. But from the intensity and persistence of the shooting into the morning, this is clearly not excitement or criminality. I attempt to telephone my trusted sources in the military but in vain. All phone lines are dead. As a journalist I, too, am dead. I can’t communicate. I don’t know what is happening. No one knows. My roommates ask me, for they think the journalist should know. Nothing! MONDAY DEC 16 Two of my neighbors have been murdered and no one is at their homes to mourn them. This morning, I’m supposed to have an interview with the deputy head of UNMISS, Toby Lanzer. This interview was scheduled some days earlier. I call Toby’s media handler, Claire Santry. She tells me it is extremely unsafe for anyone to move out and that they have been advised to remain at their residences until the situation is studied properly and conclusions made. She pushes the meeting to another day if the situation improves. (It never improved and the meeting never happened as Toby’s priority shifts to humanitarian aid response plans.) She asks whether I know what is happening, I tell her I’m as green as she is. A few hours later, I get a phone call inviting me to a presser by President Salva Kiir, who is to shed light on what is happening in the country. Security is extremely tight along all the roads leading to the presidential office. Mr Kiir, in his full military attire, tells scribes that his former deputy Riek Machar, with others, had tried to overthrow him. TUESDAY DEC 17 I move around the streets of Juba to see what is happening. The streets normally bustling with people plying their different trades are empty. All the shops and major markets are closed. You only see uniformed people driving like crazy in all sorts of cars. From BMWs, to V8s to Land Cruisers to small cars to police and SPLA trucks all laden with soldiers brandishing all sorts of weapons. It is quite a spectacle seeing people you have known for a long time as civilians now clad in full military fatigues with the famous Kalashnikovs. Suddenly, this is a war zone meant only for the strong-hearted. Yesterday, the frail and the vulnerable were seen with luggage on their heads. On foot and all sorts of locomotives, they poured into UN compounds and into villages outside Juba. Others moved out of the country altogether. In my neighborhood, only about five houses still have people. The security situation continues to be very fragile throughout the coming days and news of the falling of Bor, Malakal and Bentiu – capitals of Jonglie, Upper Nile and Unity states –trickles in. Initially, Riek Machar, on the run, had told BBC radio that he never attempted a coup, and that the narrative is being coined by government to discredit him. However, he acknowledges that he is leading a resistance against Kiir’s government and that it’s a matter of days before his forces walk to Juba. This will not happen, not with the UPDF joining the battle immediately, and pushing back Machar forces. THURSDAY DEC 19 I visit Juba hospital to see firsthand how they are coping with the crisis. It’s heart-wrecking. All kinds of patients –children, pregnant women, men, soldiers, civilians – are lying on the floor in harrowing pain due to gunshot wounds. I can’t see anyone attending anyone. The hospital is ordinarily under-staffed, but it now stretched to breaking point. The blood bank is empty and there are no ready blood donors. Being a regular blood donor, I suspend my journalism to donate blood, hoping it can save a life. After donating half a litre of my blood, a one litre of Splash mango juice and a T-shirt are also donated to me to ‘replenish’ what I have lost. FLOWING MORTUARY At the mortuary, I am welcomed by a terrifying sight and piercing stench. The now-dilapidated morgue has bodies packed like firewood. The refrigerators are dead and no one is claiming the bodies. It’s frightening to the thin-hearted. Days later, these bodies are bundled in military trucks en route to mass graves. There are no tombstones here – signs of euphoria-turned-tragic-mire. FRIDAY DEC 20 I am mourning. Confused. Angry. Some of my colleagues belonging to the Nuer tribe were targeted simply because they are members of their tribe. It is heartbreaking and unexplainable how, in a matter of days, neighbors turned against each other simply because they don’t belong to the same tribe. Lost in these futile thoughts I wander around Juba – to know what else is happening. I’m caught up in crossfire at the Airport road near the presidential office. I can’t explain what prompts the shooting that lasts more than 30 minutes. When it dies down, I summon all the courage I can muster to get out of my hiding ground (inside someone’s compound) and walk back home. I’m terrified! On the road, I’m the only civilian; Quite a feat. Three years later, I think, in pain, about the close to 100,000 people so far killed by politicians proud to have liberated the same country they are destroying. bakerbatte@gmail.com Sign up and get daily updates right to your inbox. Link Copy link"
The Observer,https://observer.ug/news/review-committee-wants-ubc-overhauled/,Review committee wants UBC overhauled,2016-12-21,"The Observer The Uganda Broadcasting Corporation review committee yesterday submitted a damning report showing how the state-owned television and radio ‘has been mismanaged, chronically- underfunded, and not treated like a public institution of strategic value.’ At the handover of the report to Frank Tumwebaze, the minister for ICT and national guidance, the secretary to the committee, Andrew Kibaya, said they had found a glaring lack of clarity within government or the corporation itself on the role and place of UBC. “Many continue to look at it at best as a state or government broadcaster and at worst as a ruling party mouthpiece,” lawyer Kibaya said. “The character of the public broadcaster envisaged in the Broadcasting Policy of 2006 is not fully embraced by the legislation and operations of UBC.” The UBC review committee was appointed by Tumwebaze in August 2016 to study “the current situation of UBC with a view to unearthing the root cause of its shortcomings and reviewing the structure, products and processes to come up with recommendations that will enable UBC to realise its maximum potential.” This followed a series of management and financial problems that crippled activities at UBC, including failure to pay staff salaries and benefits. The review was chaired by the executive director of the African Centre for Media Excellence, Dr Peter Mwesige. Its three-month inquiry gathered and analysed views and evidence from the government, UBC, regulators, industry, political parties, civil society, and the general public. According to Kibaya, the report highlights the likely causes of UBC’s current challenges, identifies the manifestations of the problems the corporation is faced with, and proposes a comprehensive set of recommendations on how to improve the public broadcaster. The committee found that the UBC board and management have flouted best practices in corporate governance, by operating without a strategic plan, failing to implement approved policies, and the board involving itself in the day-to-day management of UBC. In addition, the committee found that UBC lacks a clear editorial policy to inform its decision-making and content strategy, while ensuring the independence of its newsrooms, with little attention being paid to programming and content. The committee also found that UBC’s radio broadcast infrastructure is completely run down and obsolete, with some UBC stations broadcasting from Kampala without being received in parts of the country. Kibaya said although they have made several recommendations in their report, they believe the most important and most urgent broad reforms required at UBC include a change management process to help the board, management and staff to appreciate better and together embrace the true mandate of a public broadcaster. Other key recommendations include amendment of the UBC Act to turn UBC into a true public broadcaster that is independent, serves the public interest, and is accountable to the public; the establishment of a predictable and adequate public financing mechanism to support UBC’s long-term planning; and the restructuring of the corporation. Kibaya told the minister that the recommendations “should be looked at holistically” since “it will be counter-productive to pour public money into UBC without addressing the legal, technical, governance, management and human resource, as well as programming challenges” that the review committee has identified. “Some of those challenges require money, of course, but others revolve around fostering the right mind-set. Restructuring and change management are critical,” he said, further recommending a more inclusive decision-making process on the future of UBC that ropes in Cabinet, Parliament, political parties, civil society and the general public. Tumwebaze welcomed the report and said the government is committed to revamping UBC, including guaranteeing the editorial independence at a corporation hitherto seen as the mouthpiece of the ruling NRM party. But he warned that independence should not translate into immunity from supervision. “We shall immediately do a government White Paper from the report,” he said. “This report will be my guide as we start our revamp of UBC.” hobenon@observer.ug Sign up and get daily updates right to your inbox. Link Copy link"
The Observer,https://observer.ug/news/mathias-nsubuga-s-death-has-dp-s-bridge-collapsed/,Mathias Nsubuga’s death: has DP’s bridge collapsed?,2016-12-21,"The Observer There are activist politicians who do anything to get media attention and those who are passive and rarely speak out their mind. Mathias Nsubuga, the fallen DP secretary general who died from a stroke on Sunday night, fell in neither category. He was neither the in-your-face kind of politician nor was he the dormant, passive leader. He was a calculative leader who knew when to raise his voice or when to shut up. His look of innocence helped conjure an image of calm, but beneath this demeanor lay a shrewd politician. Suleiman Kidandala, DP’s organizing secretary, says Nsubuga had been scheduled to travel to the UK and spend the festive period with his daughter who had just delivered. “This was one of the reasons he called me to brief me what they had recently discussed in the DP top meeting which included building the DP headquarters at the small part plot in Lubaga,” Kidandala said. Another relative told us that Nsubuga had recently become restless over debts he incurred during the last two parliamentary elections (2011 and 2016). They are said to have accumulated to at least Shs 100 million. In parliament where he served for ten years as Bukoto South MP, Nsubuga rarely made headlines. But this does not mean he was not effective. In 2012, he took on the then leader of opposition, Nandala-Mafabi, after the latter sacked DP members from the shadow cabinet after they reportedly reneged on an agreement not to field candidates for the East African Legislative Assembly (EALA). FDC had called upon other opposition parties to boycott the elections after it disagreed with NRM on sharing the nine slots allocated to Uganda. But Nsubuga thought this was not a practical move. “We are not going to be bullied by anyone to take decisions which we don’t agree with as a party,” Nsubuga said on the floor before announcing that DP will field a candidate, Fred Mukasa Mbidde. Within DP circles, Nsubuga was known for his moderating influence. When tempers flared at the party’s delegates’ conference in Mbale in 2010 after supporters of presidential hopefuls Nasser Sebaggala and Norbert Mao almost fought, it is Nsubuga who restored order. Later, when a group of supporters broke away protesting Mao’s election as party president, Nsubuga worked tirelessly behind the scenes to bring them back into the fold. For instance, against the wishes of other party members, he stood his ground and ensured that Betty Nambooze (Mukono municipality) and Medard Sseggona (Busiro East), who had fallen out with mainstream DP, secured party tickets in the 2011 parliamentary elections. In 2015, he was among the people who convinced Nambooze to return to the DP main fold, where she serves as vice president for Buganda. “He was a moderate politician,” Paul Kakande, the DP spokesperson, said on Monday. “He believed that every political contest could be solved through talking,” he added. Kakande said he had known Nsubuga for many years and regarded him as a political mentor. SEBAGGALA CONNECTION Nsubuga cut his political teeth as a political assistant; first to Nasser Ntege Sebaggala, when he was elected mayor in 1998, and then to John Ssebaana Kizito, who succeeded Sebaggala at City hall. The two mentored him. Sebaggala said he first met Nsubuga in 1980 in London, UK where the latter had a food and vegetable product shop at Upton Park area. “At this time Nsubuga was working with the Uganda Airlines and he was one of the first Ugandans to export foodstuffs to London. It is here that I and Nsubuga met the late Yusuf Lule who convinced us to join politics in 1980,” Sebaggala said yesterday. Yet intriguingly, Nsubuga’s political break came when Sebaggala was arrested in the United States in 1999 for allegedly being in possession of fake traveller’s cheques. Nsubuga had travelled with Sebaggala for a supposed mayor’s conference and as the inquisitive media in Kampala tried to get to grips with the story, he became the conduit between the media and the embattled mayor. He constantly gave updates about Sebaggala’s predicament and his life as a prisoner. Till his death, Nsubuga maintained a cordial relationship with journalists and in some media circles; he earned the nickname “500500, which stands for the last six digits of his cell phone, one of the easiest to memorise. Ssebaana told The Observer on Monday that Nsubuga’s death was a big blow not only to DP but to the country. “He was a straightforward politician. If he did not like anything, he would tell you,” Ssebaana said. Muyanja Mbabaali, who defeated Nsubuga in Bukoto South, described him as a person who accepts defeat quickly and who works with everyone irrespective of political affiliation. Even after he lost his parliamentary seat, Nsubuga did not completely give up on politics. He immersed himself in the activities of the interparty organisation for dialogue (Ipod), a body established to foster unity amongst political parties. In July this year, he attracted the wrath of FDC when he led Ipod executive members into a meeting with President Museveni at State House, Entebbe. They accused him and other members of being opposition sellouts. But in an interview with The Observer, he shot back. “There is something wrong with some people in FDC. They are hypocrites. We agreed [that we shall go for the State House meeting] and they even sent names to the protocol department of State House. Now they are attacking us for attending the meeting. That is not fair,” he said. Betty Nambooze, the Mukono municipality MP, described Nsubuga as a person who believed in building consensus by talking to even those he disagreed with. “The DP bridge has collapsed. Nsubuga believed in dialogue and would establish a relationship with everyone,” said Nambooze, who is also the DP president for Buganda. Nsubuga was born on November 26, 1956 in Ngereko-Manja, Lwengo district. He is survived by a wife, eight children and grandchildren. Today (Wednesday), there will be a memorial mass for Nsubuga at Lubaga cathedral and thereafter his body will be transported to Ngereko-Manja village, where it will be laid to rest on Thursday. ekiggundu@observer.ug slubwama@observer.ug Sign up and get daily updates right to your inbox. Link Copy link"
The Observer,https://observer.ug/news/justice-kavuma-amends-his-age/,Justice Kavuma amends his age,2016-12-21,"The Observer With retirement nine months away, Uganda’s second most senior judge has asked judicial authorities to reduce his official age, a step that would make him four years younger. But The Observer has learnt that Justice Steven Kavuma’s prayer – still a subject of corridor whispers – is becoming controversial in a country where more seniors appear short of appetite for retirement. Insider judicial sources claim deputy chief justice Kavuma has sworn an affidavit contesting his birthday and current age of 69 years, which would make him a candidate for retirement in September next year. If the judiciary accepts Justice Kavuma’s affidavit, he will keep his job for another four years. A reliable source close to the Judicial Service Commission, said Justice Kavuma, whose judicial career spans 12 years, had earlier written notifying the chief registrar of the Judiciary that he was about to retire. Before the change of heart, Justice Kavuma had officially stated that he was born on September 29, 1948. But according to a source conversant with his new affidavit, Kavuma says he is actually about four years younger. Asked on Monday by telephone whether he had sworn an affidavit changing his birthday, Justice Kavuma, who sounded rather shocked, said, “Yeah…but where did you get this information from?” Prodded further, he said: “I’m not ready to discuss those matters through the press, as of now.” It’s a constitutional requirement for judges of the Supreme court and the Constitutional court, which doubles as the Court of Appeal, to retire at 70 years of age while judges of the High court retire at 65 years. As deputy Chief Justice, Kavuma heads the Court of Appeal/Constitutional court. On March 5, 2015, Justice Kavuma was appointed as substantive deputy chief justice and Bart Katureebe as chief justice. Until then, he had controversially acted for two years as chief justice and deputy chief justice. Justice Kavuma was supposed to retire next year alongside Augustine Nshimye, Jotham Tumwesigye, both Supreme court justices, and, Justice Ezekiel Muhanguzi and Justice Elizabeth Nahamya, both judges at the International Crimes Division[ICD] of the High court. Contacted about the matter yesterday, Justice Katureebe denied knowledge of his deputy’s affidavit. According to Katureebe, it is the judicial service commission, which keeps particulars of every judge. “I haven’t heard of it,” Katureebe said. “I even don’t know if he [Justice Kavuma] is supposed to retire because it’s the Judicial Service Commission with such data.” The JSC’s communication officer, Maria Nabulya, said the commission hadn’t received any affidavit from Justice Kavuma. “The Judicial Service Commission is a recruiting and disciplinary commission. We recruit judicial officers in Uganda and also review their terms and conditions of service,” Nabulya said, adding that normally such an affidavit would be handled by the judiciary’s Chief Registrar Paul Gadenya. Gadenya himself told us he still expected Justice Kavuma to retire next year. “Justice Kavuma wrote to the judiciary earlier this year indicating that he will retire,” Gadenya said. “So, we expect him to write to us again before the year ends showing clearly that he is going to retire such that we plan accordingly.” But with murmurs growing louder, critics are accusing the JSC of lacking full transparency. Isaac Kimaze Ssemakadde, a lawyer from the Centre for Legal Aid, wondered why the JSC should be permitted to continue handling “vital public functions” in secrecy. “The new constitutional order stresses transparency and accountability. Is that how they will promote public confidence in the judiciary?” Ssemakadde asked. Throughout his career, Justice Kavuma has had a rocky relationship with the political opposition, which has accused him severally of being an NRM cadre, a charge he roundly denies. The opposition has on many occasions sharply criticised Justice Kavuma’s judgements. For instance on April 30, 2016, Kavuma issued an order banning FDC, Uganda’s biggest opposition party, from carryingout its “defiance activities,” including the weekly prayers at the party headquarters at Najjanankumbi on Entebbe road. Kavuma also ordered that any media, which would cover activities relating to the “defiance” campaign, would be held liable. With that, on June 16, 2016, former FDC presidential candidate, Colonel Kizza Besigye petitioned the JSC over Kavuma’s conduct. According to Besigye, Kavuma is not fit to be an appeals court judge. Besigye complained that instead of doing judicial work, the judge works for President Museveni and the NRM government. On August 26, Justice Kavuma also issued an order stopping the anticipated criminal trial of police chief Kale Kayihura and half a dozen other senior police officers at Makindye Chief Magistrate’s court. In July, a group of private lawyers instituted criminal proceedings against Kayihura and six other senior police officers accusing them of participating or sanctioning the highly-condemned public beating of Besigye’s supporters in Kampala in June. NOT NEW If Justice Kavuma pulls off this move, he wouldn’t be the first judge to change his age, a year before retirement. According to sources, two other retired justices did the same without a challenge. “It has now become a norm in public service that before somebody retires, all of sudden he/she swears an affidavit changing his/her years,” a lawyer, who is familiar with the judiciary, said. “But it has become too much. It has to be stopped,” he added. Though he is nearing retirement, Kavuma’s appointment as deputy chief justice is still under legal challenge in the Supreme court. On March 20, 2015, Gerald Karuhanga, the Ntungamo municipality MP and city advocate Eron Kiiza challenged Kavuma’s appointment on grounds that the Judicial Service Commission, which by law picks judicial nominees, did not nominate and recommend Justice Kavuma for appointment by President Museveni as deputy CJ. Ordinarily, the duo should have filed the case in the Constitutional court but it went to the Supreme court after the Constitutional court registry staff refused to receive their petition. On March 18, 2015, there was drama at the Constitutional court when a frustrated retired Supreme court judge Prof George Wilson Kanyeihamba publicly wept after the registry staff tossed him and colleagues around as they tried to file the initial petition, hours before parliament approved Justice Kavuma as deputy chief justice and head of the Constitutional court. Justice Kanyeihamba claimed the court’s leadership ordered the registry staff to reject any anti-Kavuma petition until he was vetted and approved by Parliament. The petition is yet to be heard. Justice Kavuma was appointed Justice of the Court of Appeal/Constitutional court on 29 October 2004. He has since March 2013 served as acting deputy chief justice, following the demise of then acting deputy chief justice, Justice Constance Byamugisha, and subsequently as acting chief justice, following the retirement of former Chief Justice Benjamin Odoki, mid-2013. dkiyonga@obsever.ug Sign up and get daily updates right to your inbox. Link Copy link"
The Observer,https://observer.ug/news/unra-achievements-more-accidental-than-deliberate-katuntu/,Unra achievements more accidental than deliberate – Katuntu,2016-12-21,"The Observer Recent achievements registered by the Uganda National Roads Authority (Unra) were accidental rather and not caused by the much transformation efforts of the body. According to parliamentary committee on commissions statutory authorities and state enterprises (Cosase) chairman Abdu Katuntu, Unra is an “extremely sick” body – with all sampled projects riddled with fraud and incompetency. Katuntu today presented the report to parliament after 3 months of probing. The report, that was adopted by parliament recommends further probing of all projects under Unra. “This institution can be described as extremely sick. Whatever can go wrong in an institution indeed went wrong in Unra. Fraud coupled with incompetency was the order of the day. Any achievement was more of an accident than deliberate.” Katuntu told parliament. Katuntu further said that Unra’s negligence has seen contractors demand for compensation as a result of idle time on site and that consultants sent on sites were found to be incompetent, with some of them confessing not being well conversant with the laws of Uganda. Parliament now wants Unra to tighten up the processes used to recruit the consultants. Katuntu singled out the Kampala-Entebbe expressway as one of the projects that embody gross mismanagement. The cost of the 51.4km project is $479 million (Shs 1.7 trillion) which translated into a cost of $9.3 million (Shs 33 billion) per km. According to the report, the contractor solicited the bid, conducted the feasibility study and design and eventually won the contract without any competitive bidding. The oversight, according to Katuntu led to inflated costs. “This is one of the most expensive roads in the world. Rt Hon speaker there was no competitive bidding at all. And this in our view resulted in inflated costs making the project unbelievably expensive. The consultant engineer to supervise the project was also offered by the same Chinese. The committee further learnt that Unra had to hire another consultant in addition to the one procured by the Chinese to carry out some supervision. Katuntu also reported to parliament how six Chinese companies traded in Shs 47 billion meant for land compensations. Parliament now wants Unra to take over the management of compensating project affected persons and has warned the entity against contracting any outsider. Katuntu however told the House that government needs to keep a close eye on this exercise revealing that some Unra employees rush to purchase land in areas where new roads are planned to pass and later come to demand for compensation. MPs demanded that all contractors, consultants and staff named in defrauding Unra be blacklisted and banned from conducting business with government for five years. “The issues of Unra need to be looked into deeper, even the current management aren’t angels. I don’t think they were genetically modified not to steal.” said Kasambya county MP Mbwatekamwa Gaffa. Kampala Central MP, Mohammad Nsereko blames Unra woes on government which he accused of mortgaging Uganda in the name of attracting investors. Sign up and get daily updates right to your inbox. Link Copy link"
The Observer,https://observer.ug/news/parliament-reject-shs-117bn-supplementary-budget-for-unra/,Parliament reject Shs 117bn supplementary budget for Unra,2016-12-22,"The Observer Parliament has rejected a supplementary budget request of Shs 117 billion tabled by government for the construction of roads in the oil-rich Bunyoro region. Finance minister, Matia Kasaija tabled the supplementary budget request yesterday – seeking approval to withdraw the funds from the Petroleum Fund and allocate it to Uganda National Roads Authority (Unra) for the construction of roads in Bunyoro. Kasaija, in his justification, explained that the funds will go a long way in fast-tracking roads construction by 2019 in anticipation of oil production expected to start in 2020. However, the request drew protests from a number of legislators including speaker Rebecca Kadaga who stated that this requires parliamentary scrutiny and must be handled by the Budget committee. “You want to withdraw money from the Petroleum Fund but at the same time you want a supplementary of equivalent amount to Unra. I think that one has to go to our [Budget] committee and they can examine it and report back,” Kadaga said. Bugweri county MP Abdu Katuntu and Roland Mugume, the Rukungiri municipality MP demanded that government requests for the supplementary budget using the Appropriations Act and not for only the roads sector. “You need to address your mind [on] how you come here [in parliament] to seek that permission. It will not be a casual motion [that] you bring and we allow you. You just need to address yourself, or the attorney general should address you on the provisions of the law,” said Katuntu. While Mugume said: “There is a procedure when you want to withdraw funds from petroleum for petroleum. Section 58 of the Public Finance Act requires that withdrawals from Petroleum Fund shall be made under authority granted by an Appropriations Act to the consolidated fund. Withdrawals from consulted fund should only be done to fund annual budget not to fund a single sector budget.” But an adamant Kasaija insisted that the request was straight-forward. “It may not absolutely be right to go to the [Budget] committee, the issue is straight but of course subject to the rules of Parliament Act and subject to whether we’re sitting rightly. I would need your guidance on this matter. But we thought that this was a straight forward matter.” Kasaija said. The speaker has directed the minister to go back and correct the legal loopholes before re-tabling the request. Sign up and get daily updates right to your inbox. Link Copy link"
The Observer,https://observer.ug/news/police-we-can-t-place-desh-at-murder-scene/,Police: We can’t place Desh at murder scene,2016-12-23,"The Observer A month into the murder trial of Andrew ‘Desh’ Kananura, state witnesses have so far failed to place the businessman and his four co-accused at the scene of crime. They are accused of fatally beating Badru Kateregga, a former employee of Panamera bar and restaurant on September 30 2012. The bar is owned by Kananura. Kateregga was beaten for allegedly stealing Shs 30,000. Kananura is charged along with his brother Raymond Kananura, Cyrus Maganda, a security guard Samuel Muzulewa and Jacob Onyango.` In his testimony on Thursday, Davis Pande, the lead police investigating officer, told High court trial justice Joseph Murangira that police never collected blood samples, foot and fingerprints from the scene. Such samples would have been relevant to place the accused at the scene of crime. Pande, who was being cross-examined by defence lawyers led by the former director of criminal investigation, Chris Bakiza, blamed the omission on the scene of crime officer. “The scene of crime officer didn’t collect blood, fingerprints or footprints,” Pande said. “It was very difficult to collect the blood samples since unknown people had tampered with the scene.” Earlier, during his evidence-in-chief, Pande said that on arriving at Panamera bar, they found small dots of blood since there were attempts by the accused to wash it away. “The scene of crime had been tampered with but the body [Kateregga’s] had body bruises,” Pande said. Asked by Bakiza if he collected footage from the Panamera bar cameras, Pande said the day Kateregga was killed, the cameras were disconnected. But when pressed by Bakiza on how many cameras where at the bar, Pande said, “I saw one [camera].” “But we did not care about the camera that much,” he added. Pande also revealed that from the scene, they recovered a wallet owned by one Kenneth Kirenzi who survived the scuffle. “Kirenzi came at police [Kira Road] and said it was his because he survived the beating.” PERSONAL INTEREST Pande denied Bakiza’s accusation that he personally investigated the murder because he had an axe to grind with Kananura. Bakiza asked him why, in his police statement, Pande had dubbed the case “high-profile.” “The case involved a person [Kananura] who is famous in the county,” Pande explained. “That’s why I called it high-profile. I have nothing personal against Desh.” Kananura’s trial has not been an easy one, with reports often being peddled around that security agencies wanted to kill the case. On January 19, 2013, there was a public outcry when it emerged that Kananura had sneaked out of the country after Kateregga’s death. Kananura was then arrested at Entebbe airport upon his return from the UK. Three days later, he was charged and remanded to Luzira prison for murder. In February, 2013, the High court released him, together with the other suspects, on a Shs 20 million bail. On March 15, 2016, Justice Wilson Masalu Musene withdrew from hearing the case, citing a story written in a local tabloid claiming that the judge had a personal interest in the case. He was replaced by Justice Murangira and hearing of the case continued. So far, the prosecution has produced eight witnesses before the court. dkiyonga@observer.ug Sign up and get daily updates right to your inbox. Link Copy link"
The Observer,https://observer.ug/news/unra-wants-heavy-fines-against-overloading/,Unra wants heavy fines against overloading,2016-12-23,"The Observer Uganda National Roads Authority (Unra) has drafted regulations to reduce destruction of roads due to overloading. Key among the new measures is to increase the court fines for culpable drivers. During Unra’s year-ending press briefing at Nakawa on Wednesday, executive director Allen Kagina said the problem was common on new roads in Karamoja, Tororo and Kasese. These are areas with heavy trucks transporting mainly stones and pozzolana for cement. “We have been having challenges at the axle load control with drivers who overload. Our biggest problem is the court fines which range from Shs 200,000 to Shs 300,000 and when you take someone to court, they will easily pay off the fine and do it again,’ Kagina said. According to the Unra director for roads infrastructure protection, Engineer Reuben Tumwebaze, management had already approved the deterrent regulations. “We forwarded them to the minister and we wait for her to assent to them,” Tumwebaze said, adding that Unra was considering using the East African Axle Load Act which has higher penalties. Kagina, however, said the long-term solution lay in construction of railways, which would see more goods transported by train instead of the road-destroying trucks. Highlighting the main activities of Unra’s year, Kagina mentioned recruitment of new staff, moving headquarters from Nakasero to Nakawa, and accounting to parliament’s committee on Commissions, Statutory Authorities and State Enterprises (Cosase). The Cosase meetings since August, Kagina said, had positives, but it was time-consuming for top management to be answering queries that arose before they took office. “The exercise has been rigorous; we have learnt what not to do, what to do and where to improve. The queries raised were an eye-opener to the weak areas, fraud loopholes, irregularities and inefficiencies, that we found very helpful,” Kagina said. Unra is constitutionally mandated to construct and maintain national roads and Kagina said that this year, over 116km have been added to the paved roads network. Like many government entities, Unra says it could do much more if it had more money. Besides budgetary allocations from government, Unra gets money for road maintenance from the Uganda Road Fund. But it is still short. Unra has also had to pay a debt of Shs 259 billion, carried forward from the last financial year. “Payment of such outstanding debts takes priority in the new financial year and, therefore, immediately reduces the available money,” Kagina said. “We now have to start a new financial year with less than what we budgeted for.” Even after having absorbed all the funds released to it in the past five months, Unra currently needs Shs 109 billion to complete ongoing projects. On December 11, 2016, President Museveni directed that some of the money meant for roads should be diverted to buy food for millions of Ugandans on the verge of starvation. Another challenge this year was the continued suspension of funding by the World Bank. On December 21, 2015, the World Bank cancelled funding on Uganda road projects particularly on Fort Portal-Kamwenge road due to social and environmental concerns. “The reducing budget yet the development programmes keep increasing has resulted in Unra not being able to meet its obligations with respect to payments,” Kagina said. “While some projects have run out of budget already, some have suffered delayed payments, attracting interest.” In the next financial year, the authority will embark on construction of roads in the oil-rich Albertine region as government seeks to have oil flowing by 2020. However, on Wednesday, parliament rejected a request by finance minister Matia Kasaija for Shs 117 billion for these roads, which he said are supposed to be in place by 2019. kamogajonathan50@gmail.com Sign up and get daily updates right to your inbox. Link Copy link"
The Observer,https://observer.ug/news/mp-mpuuga-hits-back-at-museveni-over-mad-jibe/,MP Mpuuga hits back at Museveni over ‘mad’ jibe,2016-12-23,"The Observer Masaka Municipality MP Mathias Mpuuga has hit back at President Museveni, after the head of state branded the legislator “mad” for saying that Operation Wealth Creation would never defeat poverty. At the weekend, Museveni used a thanksgiving event for vice-president Edward Ssekandi to call Mpuuga a “real madman [and] a typical liar”. Museveni was reacting to Mpuuga’s terse criticism of the government’s OWC on December 2, when the president opened a Shs 13 billion market at Nyendo in Masaka municipality. But speaking to The Observer on Monday, Mpuuga said Museveni’s statements were an attack on his vice president. He argued that if government programmes worked, Bukoto Central constituency, which Ssekandi has represented for 20 years, would not be drowning in ‘stinking’ poverty. “Insulting me cannot solve the problems and issues I am raising but will further expose his inherent inability to solve the problem of poverty and underdevelopment because he is preoccupied with politics and power,” Mpuuga said. Mpuuga joined Parliament in 2011 as independent MP but was re-elected as a DP candidate. Museveni told his audience in Kyannamukaaka that it is politicians like Mpuuga who have failed DP, a party the president belonged to in the 1960s. Museveni said DP dominated Masaka by rigging elections. MPUUGA WHO? In a signature attempt to put down the MP, Museveni said that when he saw Mpuuga speaking at Nyendo, he did not readily recognise him. “I had never seen him but I was later told that he is the man I had been hearing about…had I known, I would have responded in equal measure,” Museveni said. From his tone and choice of words, it was clear the president was offended by Mpuuga’s attempt to tie the 1980s NRA guerrilla war to the collapse of Masaka Cooperative Union, which had kept Masaka’s economy afloat. “When we were in Masaka, that young man, Mpuuga started talking about the Masaka union especially there in the public,” Museveni, mixing Luganda and English, said. In February’s elections, DP swept all parliamentary seats in Masaka except Ssekandi’s Bukoto Central, with voters later also rejecting NRM in local government elections. At the weekend, Museveni blamed Masaka voters for electing “wrong elements” like Mpuuga. “You must know that electoral politics is not something to joke about…now, I never see Mpuuga…that was my first time, I have never seen this young girl [Mary Babirye Kabanda, Woman MP] who is here today, that time in Masaka was the first for me to see her,” Museveni said. But Mpuuga suggested Masaka voters are too smart for Museveni’s NRM: “I agree with him, politics is not a joke. That is why the people of Masaka will never vote for the kind of jokers that he promotes. Masaka will continue to vote for people with a clear understanding of their history, journey and destiny.” FRUIT FACTORY On his Facebook page on Monday, Mpuuga declared a new fight against OWC. He said that in distributing oranges to farmers, the masterminds of OWC got the district’s priorities wrong in Masaka. “Tonnes of mangoes, passions fruits, pineapples are rotting away, we can’t add oranges…I don’t know [of] any coffee or bananas rotting away! I’ll fight this confusion as long as I live! We need disease-free banana stems, coffee seedlings, cows for zero grazing, pesticides, hand-irrigation pumps; not citrus fruits; stop the confusion, stop misleading our people,” Mpuuga wrote. In his interview with The Observer, Mpuuga also challenged Museveni to deliver the fruit processing plant he promised during the 2001 presidential campaigns. Kyannamukaaka, where Museveni spoke at the weekend, and the neighbouring Buwunga sub-county produce plenty of pineapples and passion fruits. Said Mpuuga: “Many pineapple and passion fruit farmers are stuck because their fruits are rotting without anyone buying. If Ssekandi is his friend, why doesn’t he deliver the fruit processing plant?” sadabkk@observer.ug Sign up and get daily updates right to your inbox. Link Copy link"
The Observer,https://observer.ug/news/ministers-use-museveni-name-to-get-money/,‘Ministers use Museveni name to get money’,2016-12-23,"The Observer When accounting officers of government ministries and agencies gathered at State House Entebbe last Tuesday, they got a stern warning from President Museveni: engage in corruption and the consequences will be dire. At the same meeting, the accounting officers also spilled beans about ministers, their political bosses. Museveni told the PSs that he had information that some accounting officers collude with politicians to swindle public funds. “Someone inflates the cost of a project because he knows there is some benefit. This must stop,” our sources quoted Museveni as having told the permanent secretaries. Museveni told the accounting officers to be at the forefront of routing out graft. “Accounting officers are foot soldiers in this struggle and should do everything in their means to better this country,” Museveni reportedly said. In November, the High court found Jimmy Lwamafa, the former permanent secretary in the ministry of Public Service, and two others, guilty of causing government a financial loss of Shs 88 billion in what famously came to be known as the pension scam. He was sentenced to seven years in prison although he has appealed the judgment. According to our sources, some PSs told the president that they need “his protection” from some of his political appointees who undermine them. The PSs told the president that some ministers invoke his name whenever they want to sign some money, leading to clashes at office. But the president told them to resist any pressure from the political class. “The constitution gives you this protection and I will support you for as long as you are doing the right thing,” Museveni said, adding, “I know how to handle the politicians.” Over the years, a number of PSs have clashed with ministers. When Hilary Onek was minister for Energy and Mineral Development, he clashed with his accounting officer Kabagambe Kaliisa over findings of a commission instituted to investigate Umeme, the power distributor. Onek wanted Umeme’s contract terminated after the commission questioned its investments, a move Kaliisa vehemently opposed. Museveni later moved Onek to the ministry of Internal Affairs. More recently this year, Dr Asuman Lukwago, the former permanent secretary in the ministry of Health, clashed with Ruth Aceng, the senior minister over a number of issues. Lukwago was recently moved to the Education Service Commission. In the meeting with Museveni, the PSs also complained about the sporadic budget cuts which make it difficult for them to implement some planned programmes. Museveni lectured the officers on the economy and reiterated his desire to have the country achieve a middle-income status. He said this effort must be led by, among others, permanent secretaries. “We can’t keep a peasant population in a modern era; otherwise we risk extinction. We can’t have a generation of peasants produce another generation of peasants,” he said. A statement from State House said during the meeting, Museveni implored the accounting officers to source some of the goods locally. This, he said, would save the foreign exchange that is used to import foreign manufactured goods. Museveni said that accounting officers occupy a special place in the civil service because they are the controllers of government money, contracts and supervisors of personnel. Don Wanyama, the senior presidential press secretary, told The Observer yesterday that he could not readily confirm Museveni’s comments on graft and other issues discussed in the meeting. “I will need to see the video recording [of the meeting] to confirm what you are saying,” Wanyama, who is out of the country, said. ekiggundu@observer.ug Sign up and get daily updates right to your inbox. Link Copy link"
The Observer,https://observer.ug/news/neglecting-local-communities-in-oil-districts-a-time-bomb/,‘Neglecting local communities in oil districts a time bomb’,2016-12-23,"The Observer In the first and second of these three-part series, The Observer travelled to the oil sub-regions of Acholi and Bunyoro to assess the level of support that the central government and oil companies are offering to communities in Uganda’s oil belt. Both communities complained of neglect by the duo. Today, in the final part of these series, BENON HERBERT OLUKA looks at the likely way forward out of these grievances: – During a December 13, 2016 workshop organised by the ministry of energy and mineral development to update journalists on the latest activities in the oil and gas sector, the assistant commissioner for Refining in the directorate of Petroleum, Dozith Abeinomugisha, explained why Uganda must ensure that its citizens actively seek out opportunities in the nascent industry. “National content has to be developed at a critical level because countries that have benefitted are those countries whose citizens have participated in the sector,” he said. “There is money in royalties, in the sharing of crude [oil], this mainly will go to the government. But if you need money, you have to participate in the sector, especially in the provision of goods and services. That is where money to the citizens is.” To illustrate the potential impact of citizen participation, Abeinomugisha said investment in the development phase alone will be between $15 billion (about Shs 54 trillion) and $20bn (about Shs 71tn), which is way more than Uganda’s current national budget of Shs 26tn. He said only a fraction of that money could enable Uganda reach middle-income status, before oil production even starts. “The development phase is for three to five years. If only 40 per cent of the money that will be spent in that phase remained in the country, Uganda would be more than a middle-income [nation]. What we have to do is to make sure that a substantial amount of that money remains in Uganda,” he said. Yet, if the most recent candid internal assessment from another arm of government is anything to go by, Uganda is likely to miss that opportunity. On March 31, 2015, the Office of the Auditor General submitted an audit report on government efforts to ensure that communities in the oil belt and Ugandan businesses play an active role in the oil industry. The value for money audit report, titled, Implementation of national content in the oil and gas sector by the ministry of energy and mineral development,” signed off by the auditor general, John Muwanga, addressed four major areas. These include direct state participation in the oil and gas industry, provision of goods and services, employment and training by oil companies, training of government officials, as well as the coordination, monitoring, evaluation and follow-up of efforts to implement national content in the sector. While the 80-page report noted fluctuations in the efforts to improve national content on the different areas, it was consistent on the failure by both the government and oil companies to involve local communities in the oil and gas industry activities. LOCALS SIDELINED Regarding the provision of goods and services, the report said that in the 2010-2013 period, the value of procurements from Ugandan service providers in the oil and gas sector represented 28 per cent of the total spend for all the companies ($1,171.8 million) yet the Ugandan companies comprised almost 73 per cent of approved suppliers. “From field visits and document review, it was established that only one of the three oil companies is procuring food from the host community area,” said the report, which defines the term ‘host’ as those communities which are adjacent to, or impacted by, a company’s operations. “Farmers are required to match up to the required international standards on quality, health and safety. In addition, they are expected to have the capacity to deliver the right quantities of supplies upon demand; and ensure timeliness and consistency in this. Sometimes, the foods required in the camp like broccoli, lettuce are not native to the area. Consequently, many times, farmers in the host communities were not able to meet the service providers’ requirements, and so produce was got from other parts of the country, or even abroad,” explains the report. The auditor general also reports that there was inadequate supplier development to enhance the capacity of local service providers to participate in the sector. On the employment and training offered by oil companies, the report said that while the proportion of Ugandans that the oil companies directly employ in the sector rose from 69 per cent in 2012 to 80 per cent in 2014, absolute numbers dropped over the same period (due to job cuts). “No special consideration is given to host communities or women during the recruitment of skilled personnel,” the report says. “Without deliberate efforts to increase the recruitment of skilled persons from host communities, some community members expressed skepticism about the benefits that would accrue from oil, because their youth and children are likely to be employed largely for casual jobs. Such sentiments could eventually breed dissatisfaction within host communities.” Even for Ugandans who have already found employment in the sector, there is another handicap – they are so poorly paid compared to expatriate staff. “In some cases, expatriates, on average, earned five to 10 times more than nationals (CNOOC & Total E&P). Tullow Uganda Operations Pty had more Ugandan nationals in managerial positions than TEP and CNOOC. For employees in middle management, the average ratio of an expatriate’s salary to a national’s stood at 3:1 [for Tullow], 7:1 [Total] and 6:1 [CNOOC],” the report says. The auditor general concludes that Uganda and its private sector partners are still grappling with the teething problems of getting more locals to tap into the opportunities in the sector. “[The] overall management of national content by the ministry of energy and mineral development has not been adequate and, as a result, there are challenges in realising the national content objectives of the Oil and Gas Policy (NOGP), 2008,” says the report. The government, the report said, needed to develop a clear regulatory framework, performance targets and indicators for national content; determine the level of state participation. Other areas included local supplier development; employment and training of nationals by the oil companies and government; ensuring gender parity and involving host communities. GOVERNMENT EFFORTS Following a flurry of complaints to Parliament over the alleged non-participation of host communities in the developments taking place in the oil and gas industry, Speaker Rebecca Kadaga asked energy minister Irene Muloni to update MPs on the government’s efforts. On December 8, 2016, Muloni reported that the government used the period of low activity (from late 2012 to-date) to “put in place the right legal, regulatory and institutional framework” to ensure that Uganda makes maximum gains from its oil. “The government has been and continues to undertake specific actions that will result into increased participation by nationals in the oil and gas sector both in employment and service delivery,” Muloni told Parliament. In an interview with The Observer last week, the acting director for Petroleum, Robert Kasande, said interventions were already underway to ensure that the oil region benefits from the resource. The head of the National Content Unit in the directorate of Petroleum, Bernard Ongodia, said part of the reason they have not achieved their targets in the past was because each ministry was working in isolation. He said his unit is now working to ensure a coordinated effort. “A lot of other government entities such as ministries of trade, education, and labour have a role to play in ensuring that the capacity of Ugandans is developed,” he said. “We have created a steering committee that brings together all the ministries that have a role to play.” According to Ongodia, studies have attribute the low participation of Ugandans in the sector to uncertainty about the oil industry, limited access to finance and high cost of finance, poor infrastructure, shortage of skilled people, high standards and numerous certification requirements, as well as low capacity of supplies. “Our desired situation is to have everyone who is employed in the oil and gas sector to be a Ugandan. But our challenge has been shortage of skilled people and lack [the requisite] certification, and for us that wasn’t a surprise because oil and gas is new in our country; so, even our institutions did not have this at the back of their minds,” he said. Ongodia says the government, with support from the World Bank, has since undertaken a skills capacity needs analysis that has helped them to diagnose the challenges, identify the skills needs and develop a workforce skills development strategy and plan. “This plan has four categories of persons it seeks to ensure that capacity is built. It has level four for graduates and managers, level three (technicians), level two (craftsmen) and level four (people with basic skills),” he said, adding that they are now training people along those lines. LOCALS UNITE But after years of feeling like the central government is not paying attention to their needs, a number of district leaders from oil districts decided that they needed to fight together. On May 6, 2016, the district leaders launched the Albertine Graben Oil and Gas Districts Association (AGODA), chaired by Nwoya district chairperson Patrick Okello Oryema. So far AGODA has been funded by the Democratic Governance Facility. “We believe that through this forum, we should be able to handle the employment aspect, the business opportunities, the corporate social responsibility, the issue of royalties and other aspects that are very key to local governments,” Oryema told The Observer recently. He argued that with expected oil production date still at least four years away, there is sufficient time for local governments to iron out their several differences with the central government. “Our plea is for the government to really listen and be accommodative,” Oryema said. Should the government turn a deaf ear to the glaring needs of the local communities in the oil regions, Oryema warned, it will face inevitable dangers ahead. “Any problems must be handled at the initial stage,” he said. “When the local communities perceive oil as a curse, you are going to see a lot of problems associated with this resource all the way to the national stage.” hobenon@observer.ug This story is a product of The Watchdog, a centre for investigative journalism at The Observer newspaper. It was written as part of the Wealth of Nations programme, a media skills development programme run by the Thomson Reuters Foundation in partnership with the African Centre for Media Excellence (ACME). Sign up and get daily updates right to your inbox. Link Copy link"
The Observer,https://observer.ug/news/some-top-nrm-leaders-were-badly-brought-up-lumumba/,Some top NRM leaders were badly brought up – Lumumba,2016-12-23,"The Observer Secretary general reveals party source of cash Two years ago today, December 23, JUSTINE KASULE LUMUMBA became the first appointed secretary general of the ruling NRM after her predecessor Amama Mbabazi was sacked. Her ascendency to the third highest office in the ruling party followed a delegates’ conference at Namboole stadium that, among other changes to the NRM constitution, allowed the party’s chairman, Yoweri Museveni, to appoint the hitherto elected secretary general after his political fallout with Mbabazi. Two years into the job, Lumumba in a Tuesday interview with Sadab Kitatta Kaaya discussed her not-so-smooth tenure as head of the NRM secretariat. Below are excerpts: How do you assess your tenure so far at the NRM secretariat? We started by first of all taking over office. By then, the [secretariat] used not to pay staff salaries and rent. We started paying staff salaries and rent. Secondly, we went on to register members and generated a register in four months. We went into constituting the leadership in the party. We organised both the elections of party structures and the primaries, and we held the national conference, which elected national leaders and the presidential candidate. We presented flag bearers for nomination for all elective positions at presidential, parliamentary and local councils, and we presented flag bearers for all posts unlike our competitors; the other political parties and individuals. We went into elections and won at all levels from presidential to local councils. At the presidential level; the mandate was renewed at a sweeping 60.62 percent while at the parliamentary level, NRM fielded candidates for all available parliamentary seats and we got 12 unopposed NRM MPs and the total outcome was an overwhelming majority in parliament, standing at 70.43 percent, with 298 representatives in the august House, out of 431 seats. We were able through the NRM principle of harmonious approach, to win the post of speakership and deputy speakership of the 10th Parliament. At the local government level, a total of 15 NRM district LC-V chairpersons were unopposed, and NRM in total got 83 district chairpersons elected out of 112 districts in Uganda. We had [election] petitions. We won the presidential election petition by an unprecedented 9:0 decision. There were Parliamentary and local council [elections] petitions. Some have been concluded, some are still going on but we have so far won the majority, [about] 70 percent of the parliamentary petitions [although] some have [been] appealed [against]. We have had a retreat for NRM MPs to tell them what we expect of them as a party; we constituted government, [and] had a retreat for the ministers, permanent secretaries and the central executive committee of the party [CEC] at Kyankwanzi [National Leadership Institute]. We went for elections in the new districts and we are preparing for elections in the new municipalities and LC-I. We have done quite a lot in this short time as a team, and we thank everybody who has made it possible. What do you consider to be your biggest challenge so far? Our biggest challenge is indiscipline in the party, followed by little resources vis-a-vis the high expectation of the members. Most of the NRM members instead of thinking about contributing to the party, they think it should be the party to give, which is uncommon for political parties. My biggest challenge is to change that attitude. You just talked about indiscipline yet at the same time, your name has been mentioned in many fights at the secretariat. I don’t have any fight with anybody; it is you in the media that are making it a fight because I have never had any exchange with anybody as secretary general. I just read [about] it in the newspapers. You have never heard that Lumumba and so and so have had an exchange. Secondly, when somebody decided not to respect authority, the problem is not me, the problem is the person who doesn’t respect authority. Everywhere in whatever community, even a malwa group, there is protocol. So, if somebody doesn’t know that the word protocol exists, I don’t think it is my role to educate that person about protocol. If somebody doesn’t know that in administration, there are guidelines and administrative structures that are followed, it’s not my work because these are guidelines that we developed as a team and are in black and white and understandable. It is not my work to bring that person to order. But what I would want to say, these are all manifestations of poor parenting; it is a long holiday, I would really request parents to have time with your children so that when they go to work in the communities, they can work with everybody. Are you one of the people that need to be sat down by their parents because at least there are two letters by the chairperson of the NRM Electoral Commission accusing you of promoting divisions and favouritism in the party? When top management sits and takes a decision, anybody who wants to challenge that decision should write to the secretary general. Instead of writing to the secretary general, one writes to the media. I don’t think we shall run the party activities, especially administrative issues, in the media. When Dr Tanga Odoi wrote those letters, we took the administrative action as top management of the party and invited him for a meeting to discuss with him as chairman of the [NRM] electoral commission. He said, he cannot meet the top management. I don’t want to say that he defied but I took the initiative to say let’s invite [him] to a meeting, and he wrote back like we had written, stating that he cannot meet the top management. Once the top management has taken a decision, it does not require us to go seek permission from the Central Executive Committee as the policy- making body. If it is to do with finances, the people in the finance [department] take action, [and] they took action [in regard to the salaries.] Sometime last year, the party had a fundraising at which you raised Shs 16bn for the construction of the NRM house whose construction was to commence in September last year. Surprisingly, one year on, everyone in the party is silent about it. What went wrong? We had a fundraising and people pledged Shs 16bn; as we talk now, we have been able to gather Shs 5bn. We already have the plot [of land] on Nile avenue next to Crested towers; we have the land title, which confirms that it is a property of the party. We have been working to make sure that we mobilise more funds so that construction can commence. We want to construct a tower for commercial purposes and another for the party’s administrative offices. It will have different components; I can’t go into details because the Central Executive Committee has not yet approved our proposals. Do you want to mean that the NRM donors have defaulted on their pledges thus slowing the project? No, the people who made pledges are paying slowly; pledging did not mean that they were supposed to pay within a day or two. They’ll pay at their own convenience, it is voluntary, and we don’t push it. The party’s big plans and heavy expenditures beg a question: what is the source of your finances? Where does NRM get the money to do and pay for all its activities? When we were given responsibility to do the work of the party, you may recall that we have the Political Parties and Organisations Act under which government has to fund political parties based on their numerical strength in Parliament. As parties, we went and sat with government and agreed that government starts funding political parties. In the financial year 2014/15, government gave political parties Shs 10bn and out of that, NRM got Shs 7bn. In 2015/16, political parties were given Shs 15bn, out which NRM got Shs 12bn. For this financial year, political parties were not included in the budget but we went and discussed with the minister of finance and the political parties were considered for supplementary funding. So, this financial year, the parties will be given Shs 10bn. Political parties did not get money in the first quarter, we got Shs 3bn in the second quarter, and out of the Shs 3bn, NRM got Shs 2.5bn. So, that is one source of funding – it is in the legal framework. The second source is through donations. As a party, we follow the law, and we fall within the amounts stipulated within the law to get donations from outside the country. You recall that we also had a fundraising when we had just come into office and people pledged Shs 16bn, and more and more members are still contributing. So, if you observe, the fundraising we had, it majorly attracted people from Kampala. We want to go out and mobilise resources and get whatever contribution any member can contribute to the party. I am complaining about party members looking to the party to give then money. Quite a number of our cadres think that they should be getting from the party instead of them contributing to it. It is our responsibility [the secretariat] to make sure that we change that attitude. Many NRM members are already gearing up for next year’s East African Legislative Assembly (EALA) elections against a backdrop of fears that the party leadership is likely to deny its members the right to choose their representatives to the regional Parliament. We already have set guidelines and rules that have to be followed. According to the rules of procedure of the NRM parliamentary caucus, time will be declared, people will express interest in writing and then the names of whoever will have expressed interest will be forwarded to the Central Executive Committee, which will take a decision and communicate to the individuals and the caucus to take the next step. As a party, it is not yet time to handle issues of the EALA elections; when the time comes, we shall communicate, and all the guidelines will be set out and even the place where they will have to take their letters expressing interest will be communicated to them in time. Details emerging from a State House meeting held last week with your party MPs indicate that the government is moving to gag the media. Why? The issue about the media is, as of now, government has little say about the print media because they sit and regulate themselves but government must have an input. We currently have a weak law. Secondly, if somebody originates false information, which may even cause insecurity to the country or which can cause problems to business in government, affecting the economy, the existing law does not address how courts should handle that particular individual. This was not addressed in the laws concerning IT. We want that to be brought up because if somebody originates wrong information, he/she should be held responsible for his or her own words. Does this target only journalists or even social media users? Internet and the [print] media are the same. sadabkk@observer.ug Sign up and get daily updates right to your inbox. Link Copy link"
The Observer,https://observer.ug/business/food-prices-stay-up-as-drought-ravages-villages/,Food prices stay up as drought ravages villages,2016-12-23,"The Observer The current rise in commodity price shows no signs of receding as markets are expected to enter into a slowdown mode. Goods are to remain highly priced, writes ALI TWAHA. The long dry spells and high fuel pump prices are all driving retail food prices to their biggest annual increase at a time when one of Uganda’s regional markets, South Sudan, remains shaky as a result of political unrest. As a result of the increasing commodity prices on the market, cash-strapped consumers and some traders are lately finding it difficult to pay for meals as the prices of key ingredients such as sugar shoot through the roof. “The whole year has been drought-prone. The rains have not been persistent and agriculture has not performed to expectations. So, it created a shortage in food supply,” says Dr Fred Muhumuza, an economist working with the Financial Sector Deepening Project Uganda. For instance, Salim Jamadah, a trader in Nakasero market, is among those who have stopped selling commodities such as sugar to customers due to recent hikes in prices. “I stopped selling sugar three weeks ago. A kilogram goes for Shs 5,000 [up, from Shs 3,200]. It’s a lot of money which I don’t have at the moment [to get stock],” Jamadah says. At Nakasero market, it’s not business as usual, according to Jamadah, despite it being the busiest season in the year for the traders. Jamadah says “consumers are tight on their money and they are spending sparingly” because the highly-priced goods have weighed down on their consumption power. His frustration with the current state of doing business cuts across with other traders we interviewed for this story. The traders throw the blame of high prices on Ugandan traders exporting food to neighboring countries such as South Sudan. However, experts are now worried that the food shortages in Uganda, especially in the northern region, have peaked and created a situation of extreme poverty. Recently-released statistics from Uganda Bureau of Statistics (Ubos) indicate that poverty indices for northern Uganda have worsened over the past 12 months, with 23.9 per cent of households being classified as chronically-poor. SOUTH SUDAN IMPACT The current food shortage in Uganda has been worsened by the unrest that resumed in the world’s youngest nation, South Sudan. According to a statement from the European Commission, nearly three million people have been displaced, causing a crisis situation. Uganda alone now hosts more than 30,000 refugees who have escaped the fighting that intensified in July. “Most food is channeled to the refugee camps in South Sudan; so, it’s straining the little that is available in the market,” Muhumuza explains. “In South Sudan, people had started growing food on their own but now Uganda has to feed all those people. Those who have remained in Juba can’t grow food [because of the unrest]. So, we do not see any change in the next quarter of 2017.” A combination of the long dry spells and the refugee influx from South Sudan has sparked an increase in commodity prices of items such as maize flour, which has gone up to Shs 2,500 from Shs 1,800, rice (Shs 2,400 to Shs 3,000 Kaiso) and beans (Shs 2,000 to Shs 2,900 Nambaale). Meanwhile, economists expect inflation, the change in the prices of goods and services, to rise further because of higher fuel and food prices. In May, 2016, pump prices dropped to their lowest level over the last five years, averaging about Shs 3,150 for a litre of petrol and Shs 2,450 for diesel. The drops were then attributed to the fall in global oil prices. However, prices have since gone up, with a litre of petrol now going for Shs 3,450, while diesel trades at Shs 3,010. The cost of transporting food from farms to the market influences the price of food. While presenting the monetary statement for November, 2016 recently, Bank of Uganda (BOU), said annual headline inflation rose to 4.6 per cent from 4.1 in October 2016, driven by a sharp rise in food crops and related items. Emmanuel Tumusiime-Mutebile, the BOU governor, said inflation picked up due to bad weather. He, however, said the rate is expected to stay within single digits and the medium-term target of five per cent. “Inflation is focused to remain around the medium-term target of five per cent over the next 12-month,” Mutebile said. Adam Mugume, the executive director of research at BOU, explained that the food prices are expected to rise but the harvesting time is projected to lift commodity prices in the first quarter of 2017. “Food pricing is temporary phenomenon,” Mugume explained. “We are likely to see further increases in food supplies. So, as those food prices start edging lower because of the good harvest that we expect in the first quarter of 2017, obviously that will have an impact.” PRICES TO PERSIST On the other hand, Muhumuza says although inflation is expected to slow down in 2017 as effects of drought ease, high food prices might persist for commodities such as beans, grains and maize flour. “A lot of schools may buy food because they normally stock food in January, which might push prices up a lot more.” alitwaha9@gmail.com Sign up and get daily updates right to your inbox. Link Copy link"
The Observer,https://observer.ug/business/unbs-starts-inspecting-umeme-power-meters/,UNBS starts inspecting Umeme power meters,2016-12-28,"The Observer Customers’ complaints over some of the electricity meters from Umeme Limited, the main power distributor in the country, have finally gotten to the attention of the national standards body. The Uganda National Bureau of Standards announced recently that it will inspect and test Umeme’s electricity meters to ensure that they operate efficiently. Ben Manyindo, the executive director at UNBS, said the move was to improve standardisation in the electricity sector and give consumers value for their money. “As stipulated in our mandate, [UNBS] has embarked on verification of electricity meters in a bid to ensure consumer protection and fair trade; our biggest interest will be Umeme and West Nile Rural Electrification Company Limited (WENRECO),” he said. There have been a number of complaints about Umeme’s meters, with some customers saying their estimation are usually not accurate. A number of customers complain that Umeme, oftentimes, estimates the bills on these old meters, which has resulted into over-estimation. UNBS wants to deal with this issue too. Manyindo said: “Customers have in the past accused Umeme of estimating bills, which has made them either lose money by paying more although at times they gain by paying less; Testing of the electricity meters will enable accurate and precise readings.” UNBS says it is testing about 3,000 samples to determine their accuracy. Also, private importers are submitting models for approval. Manyindo said none of the samples they have tested so far meets the standards it desires. UNBS is already holding talks with the importers to see how they can improve the standards. John Paul Musiimami, the legal metrology manager at UNBS, said the intervention will in the long run protect customers and also reduce on power losses on the network. Selestino Babungi, the managing director, Umeme Ltd, welcomed the move but said it won’t be the first time the standards body will be carrying out tests. “We don’t have any problem with that, after all, UNBS carries out spot-checks at our offices, we have internal laboratories and they also go to our suppliers Conlog (Pty) Ltd and test from there,” he said. Babungi said that sometimes the problem of over-billing is as a result of landlords installing sub-meters in order to bill tenants individually hence the complaints of poor billings. “Our Yaka meters are standard. We don’t encourage people to use sub-meters but we don’t have control over them. Sometimes billing problems start from there, but not from Umeme,” he said. Yusuf Ssebabi, a dealer of assorted electronics at Kiyembe Lane in Kampala, said the sub-meters he sells are imported from China and believes the tests and verifications are done from there. “Our work is to sell these equipments. We hear UNBS is doing import verification. Actually, we expect them to have done that already. We don’t have any problem with that as long as they don’t charge or delay with our merchandise,” he said. justuslyatuu08@gmail.com Sign up and get daily updates right to your inbox. Link Copy link"
The Observer,https://observer.ug/business/mps-raise-red-flags-on-railway-concession/,MPs raise red flags on railway concession,2016-12-28,"The Observer Members of Parliament have called for a forensic audit on the concession given to the regional rail operator Rift Valley Railways (RVR), saying all signs point to a project that has failed to work and that government is bound to lose a lot more money. In a report, read to the House before Christmas break, MPs on the committee of Commissions, Statutory Authorities and State Enterprises (Cosase), said: “There are short-comings in regard to RVR’s compliance with the set timelines, targets and deliverables in the concession agreement.” The 25-year concession, entered into in 2006, aimed at improving railway services in Uganda and Kenya. Kenya disbanded its public railway corporation while Uganda maintained the Uganda Railway Corporation (URC) as an overseer. Among other things, the concession required that RVR declare gross income earned every month to URC, upon which 11.1 per cent of the money would be paid to the latter. The agreement further empowers URC to perform independent audits of the concessionaire to establish and confirm the gross revenue earned from which 11.1 per cent concession fees are computed. MPs found that URC did not audit RVR with the latter making its own computations as a basis to raise invoices. “There is a risk of under-declaration of concession income by the concessionaire thus potential loss of revenue,” the report said. Egypt’s Qalaa Holding’s subsidiary, Africa Railway, increased its stake in RVR to 85 per cent in 2014 after it acquired shares from Kenya’s TransCentury. It announced it would inject $42.2m in RVR. In 2010, when Qalaa, formerly known as Citadel, first acquired a minority stake in RVR, it announced a five-year $287m turnaround program for what was then an ailing railway. This money was expected to improve the railway line’s performance in addition to increasing cargo carried on railway in the two countries. MPs say URC has an inadequate system to track the income from the concession. There have been claims that RVR has so far not made any major investments in maintenance both in Kenya and Uganda. Transportation of railway cargo in the region has not made much headway despite signs that there could be high demand for the services. “The committee was informed that government has now issued a notice of default for failure to meet contractual obligations,” said the report. RVR says it operates 2,541.44km of rail network, linking the shores of the Indian Ocean to Kenya and Uganda. It says its vision is to become a leading transport and logistics solutions provider in Africa by year 2020. RVR says it has rehabilitated the line between Mombasa and Nairobi, rebuilt culverts between Tororo and Kampala in Uganda and reopened the 500km line from Tororo to Gulu. In a statement in July, responding to articles that ran in Finance Uncovered and The Observer, Qalaa holdings, said it had for the past five years supported RVR’s management and its local partners to implement a turnaround for the concessionaire. It added that it had also increased its haulage capacity through the acquisition of 20 locomotives and up to 240 high-capacity wagons. It said the transit time between Mombasa and Kampala (one way) had been reduced by 29.8 per cent and that it introduced the most advanced train operating technologies. It said it had paid $66m in concession fees to both Kenya and Uganda. Meanwhile, the committee also voiced concerns over URC’s failure to value its properties for more than two decades. “It was also noted that URC properties are in various parts of the country but have no proper protection which put the assets at the risk of encroachment if no steps are puts in place to protect the assets,” the report said. URC reflected a balance of Shs 106bn in its financial statements for the year ended December 31, 2014 as being property, plant and equipment. The last valuation was done in 1988. “URC should endeavor to value their assets to avoid misuse and abuse including asset stripping,” the report said. amwesigwa@observer.ug Sign up and get daily updates right to your inbox. Link Copy link"
The Observer,https://observer.ug/business/parliament-blacklists-ferdsult-ltd-on-govt-electricity-contracts/,Parliament blacklists Ferdsult Ltd on govt electricity contracts,2016-12-28,"The Observer Ferdsult Engineering Services limited should be blacklisted from taking government contracts after it failed to pay Shs 2.7bn to Rural Electrification Agency (REA) as per the terms, legislators have directed. In a report by the committee on Commissions, Statutory Authorities and State Enterprises (Cosase), MPs said: “Ferdsult should pay all the funds owed to REA and should not be allowed to enter any contractual obligation with government before they pay the funds to REA.” The company’s managing director is Ferdinand Mugisha but it has been associated with John Byabagambi, the Karamoja affairs minister and Ibanda South MP. The money was supposed to be paid to REA in rental lease fees for operating distribution networks in some rural areas. Ferdsult says on its website that it is currently maintaining and operating Kakumiro–Kibaale–Kagadi; Rukungiri–Kanungu; Ntugamo–Kitwe–Isingiro; Kyotera–Mutukula–Kasensero; Masaka–Bukakata; and Rugombe–Kyenjojo–Katooke electricity distribution concessionaires. Asked why the company was not paying, REA officials said Ferdsult never made a profit since it entered a deal with government in 2007 and that it had failed to break even, and therefore it could not pay money it did not make. The contract was supposed to expire in 2017. It is not clear whether government has already given it an extension. “The agreement signed by Ferdsult with the Uganda government in 2007 through the Electricity Regulatory Agency (ERA) is to maintain and operate the electricity distribution in the above mentioned concession areas for a period of ten years extendable to fifteen years,” reads a statement on its website. Ferdsult says on its website that it has total number of 5,000 consumers connected to its power distribution network through prepayment metering system. Ferdsult also says it failed to meet their connection targets against which the lease rentals are pegged. This has not yet been verified by REA, MPs said. “They should have done due diligence before they were contracted. It is illegal to continue holding on the funds of REA because they failed to break-even. It was their duty to know what they were going for,” the MPs report said, adding “Ferdsult should pay all the funds owed to REA and be blacklisted for failing to implement the terms agreed upon.” Byabagambi has been mainly in the background, but in a company profile on its website, he is named to have been the general manager in 2002 when it was working on a Shs1bn contract for Songhdoh Films Factory Ltd. In 2014, during a fundraising for the construction of the Namugongo shrine in preparation for the Pope’s visit, Ferdsult’s Mugisha delivered a Shs 10m contribution on behalf of Byabagambi. Ferdsult has been lobbying to take over the Umeme concessionaire. In 2011, the company is reported to have written to energy minister Irene Muloni calling for review of the main power distribution concession in Uganda. On its website, it says it has invested in a pole treatment plant at a cost of $2.5m in Lugazi. Meanwhile, UETCL has been ordered to also pay REA Shs 44.2bn that it owes in respect of the five per cent transmission levy on bulk purchases of electricity from the generation companies. The money owed by UETCL and Ferdsult is almost 50 per cent of the agency’s annual budget, according to the report. amwesigwa@observer.ug Sign up and get daily updates right to your inbox. Link Copy link"
The Observer,https://observer.ug/news/kibanzanga-urges-kasese-leaders-to-preach-peace/,Kibanzanga urges Kasese leaders to preach peace,2016-12-28,"The Observer Rwenzururu chief prince Christopher Kibanzanga has challenged local leaders in Kasese to preach peace to their people, if sanity is to return to the western Uganda district. Kibanzanga, the Bughendera MP and state minister for agriculture, spoke recently at Springs International hotel in Kasese town, during a workshop to discuss recommendations earlier released by civil society organisations in the area. He urged leaders to go beyond boardroom meetings and mobilise the masses against radicalisation, and promote reconciliation and respect for cultural diversity. Dozens of people, mostly Rwenzururu kingdom loyalists, were killed in November, when security forces raided the palace of Omusinga Charles Wesley Mumbere. The king and dozens of his subjects have since been charged with treason, terrorism, and other offences. The latest killings in Kasese have renewed the question of how to pacify the volatile Rwenzururu sub-region. During the Kasese meeting, district chairman Geoffrey Sibendire Bigogo concurred with Kibanzanga, that all citizens have a role to play in bringing peace. But he argued that the bigger responsibility lay with the government in which Kibanzanga is minister. “You see, you can’t say it’s only us to resolve this violence, yet most of the problems that are responsible for this conflict can only be handled by the central government,” Sibendire said. For instance, he charged, the government has failed to address the contentious land question. Local Bakonzo complain that during land redistribution exercises, government favoured the Basongora, who are ethnically linked to the Bahima of Ankole. Nelson Ndungu, executive director of the Rwenzori Peace Bridge of Reconciliation (RPBR), said the “Rwenzori question” rotates around several issues, including the law governing cultural institutions. “Whereas the constitution does not set boundaries of cultural institutions, the mindset of the people is that these boundaries exist. It should either be amended or more awareness created about the same,” Ndungu said. He also argued that the recent violence in the area was a result of a power struggle between the cultural institution and central government: “What we saw on the 26th and 27th of November was just a climax of a longstanding conflict for loyalty of the Rwenzori people by the two parties.” A recurrent factor in the Rwenzururu conflict has been the argument that some Bakonzo in Uganda dream of a Yiira Republic linking them with their kinds across the border in the Democratic Republic of Congo. Without backing secession, Ndungu admitted that many people in Kasese nurse the Yiira idea. Indeed, former Rwenzururu kingdom spokesperson Patrick Nyamunungu described Yiira as a reality they grew up with: “The idea of a state is not tenable but if it comes, it’s also okay.” This forced Kibanzanga to urge local leaders to tell the masses that Yiira state will never become a reality. “Let us make peace with ourselves, let us reawaken the minds of the people to the fact that United Rwenzururu Kingdom of 1962 is a shattered dream,” the prince said, adding that once people forgot about Yiira, the violence would end. But according to the Kasese assistant chief administrative officer, Johnson Mutungwanda, government should demonstrate willingness to preserve peace by releasing king Mumbere. This was also part of the joint communique by CSOs, which called for the cases against Mumbere to be expedited. However, David Ngendo Tshimba, a PhD student at Makerere University, argued that prosecuting Mumbere would not resolve the Rwenzururu problem. “In 1921 when Kapoli, Nyamutswa and Tibamwenda started a fight against Tooro administration, they were summarily tried for treason, convicted and executed,” Tshimba said. “In 1962 Isaya Mukirania, Kawamara and Mupalya jumped bond to survive the same, when they also stood against the Tooro establishment; this was not justice.” Tshimba argues that Rwenzori is experiencing political violence with criminal manifestations and thus treating it as a purely criminal matter would be missing the point. Mumbere and 151 other suspects are expected back in court today, December 28. Sign up and get daily updates right to your inbox. Link Copy link"
The Observer,https://observer.ug/news/oil-should-over-dominate-uganda-s-economy-wb-chief-advises/,"Oil should not over-dominate Uganda’s economy, WB chief advises",2016-12-28,"The Observer HENRY RUPINY KERALI hails from Erussi in Padyere county, Nebbi district, but was born in Arua hospital in 1957. Now the World Bank country director for Ghana, Sierra Leone and Liberia, Kerali was born to a forester father and a teacher mother. He grew up ‘around the country’ – as his father was transferred from one place to another. He recalls attending primary school in Moroto, secondary school in Teso College, and then going to Makerere University to study civil engineering. After a teaching-assistant stint at Makerere, Kerali did his master’s and PhD at the University of Birmingham in England. He would spend 20 years in Birmingham, rising to professor of transport economics – with more than 100 publications. In 2002, Kerali joined the World Bank in Washington, before becoming a regional director for the South Caucasus (Armenia, Georgia and Azerbaijan) and then going to West Africa in mid-2015. As one of the highest-ranking Ugandans in the World Bank, Kerali is this year being recognized by the Uganda Diaspora Network for helping to promote the country abroad, Richard M Kavuma & Ronnie Mayanja spoke to Kerali about his journey from Erussi to the oil-exporting country of Ghana, and about the economics of oil and development Let’s start at home, what kind of environment did you grow up in? Home kept shifting; we moved as dad was moving and also as he moved up the ranks, until he became a regional forestry officer based in Gulu. So, yes, home kept shifting, although our home village in Erussi was where the real home was. We visited every year for holidays. That’s where the grandparents lived and you know, the African sense of home is the home village. What are your earliest vivid boyhood memories? I think running around in the village. We had big market days – Thursday and Tuesday. It is a small trading centre but particularly for the Thursday market, the population almost tripled because everybody came to sell their produce to buy something from the village market. The whole area was coffee-growing; it’s high altitude; so, we had Arabica coffee as the main cash crop as we used to call them. And of course it’s very fertile; so, we had lots of food – bananas, sweet potatoes… If you look back at the little boy in Erussi, did you have an early sense of what you wanted to be? Probably it was too early to think of what I wanted to be. But I know I wanted to be successful in school. I was one of those who were studious. I would study. I wasn’t talented in sports, but I played a lot of squash and badminton [from secondary school]. I was good with rackets in general. Your parents? We were very close. I would put them on the strict side, but not very strict. Very religious. God-fearing, Catholics. So they imbued in us that sense of being God-fearing, righteous, upright. Every day we had a prayer at home and every Sunday we went to Church. So in that sense, a very strict Christian upbringing. You have been away for some 30 years, do you still feel Ugandan or do the ties loosen over time? Very much so. Despite being away for so long, I have maintained a home. I have a house in Kampala. I visit every year once or twice. In those 30 years, I may have missed two or three years when I didn’t come, but I maintain… and every time, I make it a point to go to the home village to recharge the batteries – my feeling of belonging to Uganda. To me it’s home. As the old adage goes, home is where the heart is. As a high-level Ugandan expatriate, do you feel there are enough of you, or could there be more at that level? We definitely could be more – when I look at other African countries and I see the numbers – for example, Senegal, Nigeria, Cameroon. Particularly Senegal and Cameroon where the population numbers are [not very different from] Uganda, then the answer is yes, we could have a few more. Is there anything that could help to make Ugandan professionals more competitive internationally? The one thing that comes to mind immediately is language. When I look at why Senegal or Cameroon or even Ivory Cost nationals have been successful, it is that they speak both English and French. I think it is very important for international jobs holders to have that ability to speak another international language. So, I would encourage young Ugandans to always take advantage when you have an opportunity to learn another language. I speak French. I can’t say I am very fluent but I do speak a bit of French. But I think our young generation should take this as a cue. We do have a number of Ugandans at the World Bank and IMF that are on the up and I do hope that they too will rise up to that level. You are here with your family… Yes. My wife and son are here. My daughter who is a medical doctor in the UK will be coming. The third one, unfortunately, cannot make it this time. She works in the United States. Do they share your sense of home? A little bit, maybe not as much. The unfortunate part of being part of the diaspora is that the next generation, your children, don’t have as much attachment as you do to your home country. It is a common theme for most of us in the diaspora that we always lament about how to ensure that our children, and maybe grandchildren, will have the same level of attachment. I have tried to always come with them to Uganda but I don’t think they will ever have the level of attachment that I do. They may develop it gradually but it will take time. Let’s now turn to issues related to your work at the World Bank. Ghana is an oil economy, and Uganda is preparing to pump oil; give us a sense of how oil in Ghana has impacted on the ordinary person. Ghana discovered oil about [15] years ago and it’s only [in 2011] that they started to produce oil. The fortunate thing is that they have had time to prepare for it, to [make] laws on how to use revenues from oil and gas, and how to invest some of that revenue in future. But they have also agreed to be part of the Extractive Industries Transparency Initiative (EITI). All that has helped Ghana because it is a much more transparent system than we have in other [oil-producing] countries in Africa. In terms of how it has benefitted the ordinary person, it is still too early because it’s only in the last five years that they have really gone into producing oil and gas. And then you have had the impact of the downturn in commodity prices. So, the revenue stream from oil and gas has not been as much as probably expected. But it has also had a negative impact because there was so much expectation that oil and gas would produce revenues. [And] in a way, the government started to spend on the expectation [of those high] revenues. So, this effectively resulted in very high debt levels in Ghana – now close to 70 per cent of GDP. The unfortunate side is that this has driven a lot of the macro-economic and monetary policies in Ghana at the moment. Because of such very high debt levels, they have had a very high base rate or policy rate by the central bank – [around] 20 percent. This means interest rates at local banks are also going to be high; inflation is now coming down but it has been high – just under 20 percent for over two years. In view of that, if you were to advise Uganda as regards oil, what would you say? First and foremost is transparency, regarding the revenues from oil and gas. Second, diversification; let’s not get into the trap of what is commonly called the Dutch disease, of having one single commodity dominating the economy to the extent that all the other productive sectors are overshadowed. It is very important for Uganda to maintain its levels of production – in fact increase its levels of production – in agriculture, tourism and so forth. Oil should not become the single most dominant factor in our economy. That would be putting ourselves in a very straitjacket – which is what Ghana is going through at the moment in that there was overdependence on oil that was beginning to creep up. And so the drive in Ghana is to diversify. They are lucky they have land, and most of it is fertile. They are not as lucky as Uganda; they don’t have as much rain [or] water. You mentioned tourism; do you think Uganda should be doing more to benefit from tourism? Definitely a country like Uganda has a lot of endowments which at present are underutilized. But tourism is very much a private sector-driven industry. It will require that there is the business environment – the regulatory framework, the licensing, permits, etc – that encourages investment by the private sector. The government’s role will be to regulate and provide that environment where businesses can thrive – particularly the small and medium enterprises. Tourism, when you look at it in terms of per capita, is one of the highest employers that you can get anywhere in the world. So, I would suggest that Uganda should look at its tourism strategy, and try to see: what are the bottlenecks that the private sector faces in investing in tourism facilities? What are the factors that at the moment limit the numbers that want to come to Uganda? And then it is the role of government to address these factors. In Ghana at one point, GDP per capita was growing by 43 per cent but poverty headcount was falling by only 10 percent. How best would a country ensure that the benefits of oil-driven growth are shared more equitably? To be fair to Ghana, they have been successful in reducing extreme poverty – incomes less than $1.75 per day. The challenge is what the World Bank [calls] sharing prosperity: how do you make sure that those in the bottom 40 percent of the income distribution also see their income increasing as the economy is growing? So, what kind of strategies would you recommend? Making sure that the revenues are used to benefit the masses. So, public investments in infrastructure, for example, in health and education, are some of the things that these revenues should give a priority to. Those investments that will underpin growth that benefits the majority of the people. The second aspect – all these extractives have a lifespan, 20 or 30 or 40 years and you run out. So, being able to create a reserve for future generations, a sovereign wealth fund, so that after you run out of oil, future generations can benefit from this. You mentioned infrastructure, and we are big on infrastructure in Uganda. But when you do a road, for example, is it automatic that the new road will lead people out of poverty? There are tools that we use to be able to assess whether a road or any other infrastructure will have a net economic benefit. The issue then is, is the investment implemented efficiently? In some cases you end up with the road costing two or three times more than was envisaged. So, what are the causes of those inefficiencies that result in doubling or tripling of costs? Some of it is pure and simple corruption – let’s not get away from that. The second aspect is, if you build a road and you do not do anything else – you don’t help the farmers to increase their productivity; you don’t help the industries to improve their efficiency; that road will be there and you will have a few vehicles running up and down but it will never really generate the economic benefits that were intended. So, it’s not a question of just building [infrastructure] for the sake of it; it’s got to be a package of other things that have to be done in order to ensure economic returns. What do you think about Uganda’s economic prospects? I am not an expert on Uganda’s economy. But what I have observed is that we need to focus on and improve what is generally referred to as the business environment. How easy is it particularly for small and medium enterprises to thrive and to grow? Statistics show that most jobs are created by the private sector. Out of that, the vast majority is small and medium enterprises. These are the companies, the shops, the small farms that employ anywhere up to 100 people. But if you have a million of these and each is employing just 20 people, that means you have 20 million jobs. So, Let’s think of it in those terms: what will it take for us to improve the business environment for small and medium enterprises to be able to expand? You also mentioned agriculture, but how do you modernize and commercialise agriculture in a place like Uganda as you know it? I see this as a significant potential and that leads me into what I hope to do when I retire. A part from tourism, we have an endowment in terms of land, very fertile land. We have a second endowment in terms of water in lakes and rivers and rainfall. [Let us] focus on increasing the productivity of our agriculture, particularly for the poor. We have a major issue anywhere in Africa – not just in Uganda – where our inheritance system is such that the landowner divides the land among the children, and so you have an ever-decreasing parcel of land which leads to inefficiencies in production. So, let’s think of a way of helping particularly the poor and the rural communities to be able to aggregate the land. And by so aggregating, they are not selling the land; they still own it but they cooperate in what they produce, which will then allow people to mechanize. And once you mechanize, once you have proper inputs, then you begin to increase productivity. So, the concept of getting people to always sell their land [and] move out so that an industrial-scale farmer comes in, we need to revisit that. Don’t throw the [rural poor off the land] because if you do, they will end up in the slums in the towns and become another problem. So, let’s work together. We are doing this in Ghana and Sierra Leone, where we help commercial farmers to work with individual smallholders and help them to aggregate the land and they all produce the same thing – whether it is rice, maize or cocoa. I know it’s working here, for example in the sugar industry, but let’s try and expand it to other crops. What does it take to organize this? It is getting people to understand what you are trying to do. If people misunderstand the concept, maybe they think you are trying to grab their land, then you get a lot of resistance. So, being able to get the people to understand, particularly the small farmers to understand that this is being done for their benefit and you are not here to steal from them, is the most critical part. Then the second is being able to provide the inputs initially. The initial investments are quite high and farmers won’t have the kind of money. So, being able to assure them of that is very important. Sign up and get daily updates right to your inbox. Link Copy link"
The Observer,https://observer.ug/news/lukwago-fdc-councillors-clash-over-basalirwa-job/,"Lukwago, FDC councillors clash over Basalirwa job",2016-12-28,"The Observer Last week’s election of Asuman Basalirwa to head the Kampala Capital City Authority’s Valuation court has created a rift between Erias Lukwago, the lord mayor, and some councillors of the Forum for Democratic Change (FDC), his main backers at City Hall. Basalirwa is president of the opposition Justice Forum (Jeema). The KCCA Valuation court is charged with handling disputes arising from assessments of licenses and other taxes levied by the city authority. His name was put forward by Lukwago. Speaking to The Observer last week, Faridah Nakabugo, an FDC councillor from Lubaga North, said they opposed Basalirwa’s appointment because he did not support Dr Kizza Besigye, during the presidential elections. Basalirwa backed former prime minister, Amama Mbabazi. “Why should we reward those who abandoned us at a time we needed them most? We support only those who stand with our good colonel at all times regardless of the circumstances. That was our main contention,” Nalubega said. Other FDC councillors that are said to have opposed Basalirwa’s nomination are: Ismael Damba (Lubaga South) and Doreen Nyanjura (Makerere University). Damba told us last week that he opposed Basalirwa because he feared that in the execution of his role, he is likely to be biased against NRM supporters. Damba wondered: “He is a senior member of the opposition. Would it be possible for him to consider, with impartiality, matters brought before him by people like [Hassan] Basajjabalaba?” There are some FDC councillors who did not agree with their colleagues. They are: Mohammed Ssegirinya (Kawempe division) and Abubaker Kawalya (Lubaga North). These two tried to convince their colleagues to support Basalirwa but in vain. When Lukwago, to his disappointment, realised that the debate was not heading anywhere, he decided to put the matter to a vote. In the end, 19 councillors, largely from the NRM and DP, voted in favour of Basalirwa. Eleven, from FDC, voted against. Sources say Lukwago was angered by the character exhibited by some of the FDC councillors. The debacle surrounding the election of Basalirwa is the latest sign that the relationship between Lukwago and some FDC councillors has developed some cracks. Those privy to the disagreement claimed that it all started when Lukwago decided not to select any FDC member for the position of deputy lord mayor, despite a reported “gentleman’s agreement.” Sources told us that the verbal agreement was reached when Lukwago formally sought FDC’s support during the mayoral elections. In the end, sources said, Lukwago and the FDC leadership agreed that in exchange for their support, the position of deputy lord mayor will go to an FDC councillor. Lukwago instead chose Sarah Kanyike Sebaggala, a DP member. Some FDC members had expected that Nyanjura would be selected for the position. Nakabugo disputed this assumption. “I know that amongst us there were those who wanted to be deputy lord mayor but a decision was taken and we supported it. As of now, we don’t have any squabbles with the lord mayor. He personally fought me but I support him in the council,” she said. Damba said that the disagreements they have with the lord mayor are not personal. “We just disagree on ideas. That is all. For instance, he was opposed to the idea of the Kampala Land Board appearing before our committee but when we convinced him, he agreed with us. So, as we engage, we agree,” he said. In separate interviews with The Observer last week, Ssegirinya and Kawalya defended their decision not to side with their fellow FDCs. “I cannot oppose Lukwago. Secondly, Basalirwa is more than qualified for the job. He has a master’s of law degree and is a lawyer. Besides, he is a comrade in the struggle. Even if he did not support Dr Besigye, he has explained to him why and the latter understood,” Ssegirinya said. On his part, Kawalya said political disagreements cannot get in the way of competence. “Whatever they were saying was minor and inconsequential,” he said. Talking to The Observer last week, Basalirwa said he heard of what happened but decided to leave it at that. “What I can only say is that we should know how to work together as opposition. Let’s not be divided by small things,” he said. Basalirwa added that he is surprised by the type of cadre-ship the opposition is building. He said: “This is the highest level of intolerance. I can’t believe that some people doubt our commitment to the struggle just because we don’t agree with their choices. Dr Besigye knows why I didn’t support him and in any case I did not commit any offence.” skakaire@observer.ug ekiggundu@observer.ug Sign up and get daily updates right to your inbox. Link Copy link"
The Observer,https://observer.ug/news/how-police-raided-nakasero-mosque/,How police raided Nakasero mosque,2016-12-28,"The Observer At about 1am yesterday, an Adhan, the Islamic call to prayer was made at Nakasero mosque in Kampala. The Adhan was not necessarily calling Muslims to prayers but to come to the rescue of the mosque from intruders who were breaking in. Outside, breaking into the locked mosque were operatives from the Joint Anti-Terrorism Task Force (JATT) and the police. Inside the mosque were 13 men who secure the mosque. One of them, Yusuf Musuda, was making the Adhan. When they finally broke in, the security men asked him to stop making the Adhan but he refused. He was kicked and he fell to the ground but continued with the call to prayer forcing the security men to disconnect the mosque’s public address system. “Prior to the raid, there was heavy police deployment around the mosque,” a member of the Jamu-i-yyat Da’awah As-salafiyya executive committee who preferred not to be named told The Observer. All the 13 men inside were instantly arrested. Their hands were tied to their backs as the officers continued to break into the mosque’s administrative, treasury, da’wah, hijja and ummah house offices, and the stores from where they picked a desktop computer, some vital documents and cash worth more than $4,820 (Shs 16.1m). “Of the 13 [mosque guards] two, Musuda and Hassan Kaaluma, were bonded by the police so that they take care of the mosque till morning,” the Muslim leader said. The raid comes weeks after the arrest of top leaders of Jamu-i-yyat Da’awah As-salafiyya including the acting Amir Ummah, Sheikh Yahya Ramathan Mwanje, and general secretary Ayub Nyende in connection with the November 26 killing of a Muslim cleric Sheikh Maj Muhammad Kiggundu. Kiggundu, who was a leader of a group opposed to the Nakasero leadership, was shot dead together with his bodyguard Kenneth Mukasa by unidentified gunmen riding on a motorcycle at Masanafu, a Kampala suburb. Since his murder, at least eight people, mainly sheikhs from either Nakasero or William street mosques, have been arrested. TENSION On Tuesday morning when The Observer visited the mosque, several Muslims stood in small groups, some looking suspiciously at journalists who were asking questions about the raid. Inside the ransacked offices, some Muslims were counting the cost, with some speaking bitterly against the raid. “Is there anything like lawful robbery? What explanation is the police going to give us for this action?” one of the Muslims wondered. Habib Buwembo, the mosque’s publicity secretary, told journalists that the raid could be connected to the proposed Shs 10bn Ummah house project, which is a brainchild of Sheikh Muhammad Yunus Kamoga, the group’s jailed leader. Once completed, Ummah house will host the group’s administrative headquarters, a library, health and recreational facilities. Buwembo explained that each time any of their leaders or members is picked up by security, they are questioned about the Ummah house project. A coat of dust that covers the furniture in the Ummah house project office inside the Nakasero mosque showed it had not been in use for some time. Envelopes and stickers that were being used to mobilise money for the project were left scattered on the floor by the security personnel who broke into the mosque. POLICE SPEAKS Emilian Kayima, the Kampala Metropolitan Police spokesman, told a press conference that the raid followed credible intelligence information suggesting that some of the weapons used in the murder of Muslim clerics were being kept at the mosque. From the mosque, Kayima said, they recovered three magazines, 138 rounds of ammunition, two knives, one bow and seven arrows. Others included 20 audio tapes and an assortment of documents that could be linked to the murders. While the mosque’s leadership maintained that 11 people were taken from the mosque, Kayima put the number at 18 who he said are being kept at different police stations around the city. The police’s list of detainees had some men with Christian names. Kayima said they are going to be screened and those found with no connection to the ongoing investigations will be set free. PROTEST Meanwhile, sections of the Tabliq Muslims are protesting the continued detention without trial of Sheikh Mwanje, their acting Amir Ummah. Since his arrest on November 27, Mwanje is still detained at Nalufenya police station in Jinja, the same facility where high-calibre terror suspects such as ADF’s Jamil Mukulu were once kept. Kifampa Siraje Nsambu, the group’s acting spokesperson, blamed the police for arresting their leaders in a “dehumanizing and humiliating” manner, wondering why the police always wait for the fall of darkness to go after their leaders. “Muslims are law-abiding citizens who can be called upon to any security agency at any time…We would like to inform police that these are leaders who deserve respect in society; otherwise, professional police doesn’t act like that,” Kifampa said. The Tabliqs, through lawyer Fred Muwema, have written to the director of public Prosecutions (DPP) expressing dissatisfaction with Mwanje’s continued detention. The letter dated December 16 was also copied to police chief Kale Kayihura. It described Mwanje’s continued detention and police denying him permission to talk to his relatives as an abuse of the law. “Despite Sheikh Yahaya Mwanje’s protestations of his innocence and the absence of any incriminating evidence against him to date, he reports suffering continuous torture whilst in illegal detention at Nalufenya and as a result his life is in danger,” Muwema’s letter to the DPP, Mike Chibita, reads in part. It added that ever since the police started arresting Muslim leaders after the death of Kiggundu, many are living in great fear. They think, he said, they are next in queue to be arrested. “The Muslim Tabliq community in Uganda is now living in uncertainty and extreme fear for their safety and they feel discriminated against by the Uganda police. They don’t feel that their rights and freedoms guaranteed under the law are protected…” Muwema wrote. Since the arrest of the group’s leader, Sheikh Muhammad Yunus Kamoga in January 2015, at least 28 Muslims have been arrested in connection to the mysterious murder of Muslim clerics. Speaking to The Observer on Saturday, Kayima said the Tabliqs should not try to teach the police how to do its work. “They should not pretend to be more knowledgeable than the security agencies. These are sophisticated cases that take a lot of planning on the side of the perpetrators to execute. So, it’s hard to investigate them,” Kayima said. sadabkk@observer.ug bakerbatte@gmail.com Sign up and get daily updates right to your inbox. Link Copy link"
New Vision,https://www.newvision.co.ug/category/agriculture/kasana-luweero-diocese-launches-climate-chang-NV_231584_042026,"Kasana Luweero Diocese launches climate change adaptation, mitigation project",2026-04-10,"________________ The Catholic church has been commended for being a powerful community mobiliser capable of influencing values, behaviours, and development pathways. The Catholic church is not only a spiritual authority, but also a powerful mobiliser of communities capable of influencing values, behaviours, and development pathways, a senior government official said in Luweero on Thursday. Edward Ddamulira Sengonzi, who is the accounting officer /undersecretary, Ministry of Finance, Planning and Economic Development, made the remarks while closing a one-day conference on economic empowerment of small holder farmers in low-emission agricultural production and sustainable renewable energy. Edward Ddamulira Sengonzi exchanges gifts with Kasana Luweero Catholic Bishop Lawrence Mukasa. (Photo by Frederick Kiwanuka) The conference, whose theme was "" productive use of renewable energy for profitable and low-emission farming in Uganda"" , was organised by Karitas Kasanaensis, a social development arm of Kasana Luweero Catholic diocese. The function synchronised with the launch of a climate change adaptation and mitigation project, which is to be spearheaded by Karitas Kasana Luweero Catholic diocese. Sengonzi said the Catholic Church holds a unique position in guiding society towards responsible stewardship of creation that is grounded in faith and moral responsibility. Sengonzi, who is also the Vision Group board chairman, said the Catholic church has played a transformative role by promoting sustainable land use, supporting planting, encouraging adoption of clean energy technologies and even participating in emerging opportunities, such as carbon markets. He said the conference, which brought together farmers, development partners, government officials and the clergy, was timely because climate change had become a serious economic and macro fiscal risk. ""Climate change is not only an environmental concern, but a serious economic and macro fiscal risk,"" he said. Quoting the country climate and development report, Sengonzi said Uganda annually spends over USD 140 million on climate change-related issues. He said the increased frequency of climate change shocks like droughts, floods, and landslides was eroding people's livelihoods and reversing development gains. ""It is therefore fitting that today's dialogue focuses on the intersection of renewable energy, agriculture and climate resilience,"" Sengonzi said. He said productive use of renewable energy, through solar irrigation, agro processing and clean cooking, offers a pathway to increase agricultural productivity, reduce emissions and enhance household incomes. ""This is not only a technical solution, but also an economic and moral imperative,"" he said. Sengonzi said his ministry had, in response to the climate change crisis, established a climate finance unit (CFU) to mobilise climate change finance, ensure efficient allocation of the mobilised finances and utilisation, as well as strengthen coordination between the government and partners. At the sector level, Sengonzi said the government had established the clean cooking unit within the Ministry of Energy and Mineral Development to promote access to clean and efficient energy technologies. He said the measure was particularly critical for rural households where reliance on traditional biomass contributes to deforestation, health risks, and low productivity. In other measures, Sengonzi said the government had capitalised the Uganda development bank with significant resources to finance green investments. He said this was in addition to mobilising over USD 504m from external sources to support mitigation and adaptation efforts across key sectors. Kasana Luweero Catholic bishop Lawrence Mukasa said there was a need to promote mindset change so that the communities can embrace sustainable practices and technologies. Mukasa said that issues like: affordability, equitable participation and access to information, which were raised during the conference, should be addressed so as to achieve meaningful progress. The national pastoral coordinator of the Uganda episcopal conference, Fr. John Baptist Kaganda, said that caring for the environment was among the basic values of the catholic Christian faith. ""The environment is God-given, and we must use it responsibly. Environmental destruction is hence morally wrong,"" he said, quoting messages issued by the successive popes. Kaganda said the Catholic Church considers climate change as one of the basic challenges facing humanity. A farmer’s representative, Robert Mayengo, said farm production had more than tripled after switching to solar energy. ""I used to earn only 4m per acre of cabbage, but now I am earning between shillings 10 and 16m per acre,"" Mayengo said. Mayengo said that apart from increased production, the use of renewable energy sources, like solar, has many other advantages, like environmental protection and preservation of soil nutrients. He, however, said that solar installation costs were too high for most farmers. Edward Ddamulira Sengonzi exchanges gifts with Kasana Luweero Catholic Bishop Lawrence Mukasa. (Photo by Frederick Kiwanuka)"
New Vision,https://www.newvision.co.ug/category/agriculture/uganda-to-launch-space-climate-monitoring-cam-NV_231506_042026,Uganda to launch space climate monitoring camera,2026-04-09,"________________ Uganda is set to launch its first space-based climate monitoring camera on Friday, April 10, 2026, to improve early warnings for floods, drought, and changing weather patterns across the country. The camera, known as ClimCam, has been sent to the International Space Station aboard a rocket and will begin sending back data later this year. This is a joint project between Uganda, Kenya, and Egypt, supported by the United Nations Office for Outer Space Affairs and Airbus. “It was supposed to be launched on April 8, but because of some weather conditions, tomorrow it will be launched. It will be launched tomorrow, (April 10), and it is going to be taken to the International Space Station, where we expect it to be commissioned in August,” Dr Monica Musenero, the Minister for Science, Technology and Innovation, said as she opened the National Science Week at Serena Hotel on Thursday (April 9). “Once commissioned, this camera is going to pass over East Africa four times every 24 hours and is going to be able to collect real-time data which we will be able to download at our POMA station, analyse and build interventions to help us manage not just the climate but also the associated scares like what we had in Kiteezi, and this will help us to prevent disasters,” she added. Once operational, the camera will pass over East Africa up to four times a day, capturing detailed images that can help scientists and governments detect risks earlier. Uganda has in recent years faced increasing climate shocks, including floods and prolonged dry spells that have affected farming, destroyed homes, and displaced communities. Dr Monica Musenero said the new system will strengthen early warning tools, allowing authorities to respond faster and reduce damage. “This technology will help us see floods before they happen and track drought as it develops. The data collected will also support agriculture by helping farmers better understand weather patterns and plan planting seasons,” she said in a visual statement. She highlighted that Uganda contributed to the project by training and sponsoring four engineers who helped design parts of the camera at the Egyptian Space Agency, marking the first time Ugandan scientists have directly contributed to building a space technology system. “It shows that Uganda is building its own scientific capacity,” Musenero said. For years, Uganda has depended on foreign satellite data to monitor weather and climate. With ClimCam, the country will now have more direct access to information about its own environment. Musenero said this will improve decision-making in disaster response, farming, and environmental protection, and also believes it will not only help the country respond better to climate change but also position it as an emerging player in space technology in the region."
New Vision,https://www.newvision.co.ug/category/agriculture/kabarole-mandatory-fmd-vaccination-to-boost-l-NV_231502_042026,"Kabarole mandatory FMD vaccination to boost livestock health, exports",2026-04-09,"________________ Kabarole district has intensified efforts to combat livestock diseases following the rollout of a nationwide compulsory vaccination campaign against foot and mouth disease (FMD), targeting all farmers keeping cattle, goats, sheep, and pigs. Speaking during a stakeholder engagement meeting held on April 8, 2026, at the district headquarters in Kitumba, the principal veterinary officer, Dr Dean Kusiimakwe, said the government directive requires all districts to mobilise farmers for registration and vaccination of their animals. He explained that the exercise will be conducted every six months over a period of three years, with the goal of completely eradicating the disease and boosting Uganda’s livestock sector. Dr Kusiimakwe noted that controlling FMD is critical not only for improving animal health but also for enhancing the country’s export potential. He emphasised that disease-free livestock would open up international markets, thereby increasing national revenue and improving household incomes for farmers. “This is a compulsory exercise for every livestock farmer,” he stressed, adding that success will depend heavily on coordinated efforts among local leaders and technical staff. He called upon town clerks, sub-county chiefs, parish chiefs, and extension workers to work as a unified team in mobilising farmers and ensuring the smooth implementation of the programme. According to district projections, Kabarole is targeting a total of 190,000 ruminants and pigs for vaccination every six months. Dr Kusiimakwe expressed confidence that if the targets are met consistently over the three years, the district will be able to eliminate FMD entirely. To facilitate transparency and accountability, farmers will be required to pay sh8,000 per head of cattle or pig and sh4,000 per goat or sheep. Payments will be made through formal channels, including PostBank Uganda (Pearl Bank), Housing Finance Bank, and mobile money platforms. He cautioned that no government officer is permitted to handle cash directly, urging farmers to strictly use the designated systems. Meanwhile, the district production officer, Dr Henry Mulondo, highlighted the pivotal role of parish chiefs and agricultural extension workers in ensuring the success of the campaign. Dr Mulondo tasked them with spearheading grassroots mobilisation, sensitising farmers on the importance of vaccination, and monitoring progress at the parish level. The stakeholder engagement brought together local leaders and technical officers, who pledged to support the exercise as part of broader efforts to strengthen livestock production, safeguard farmer livelihoods, and position Kabarole as a disease-free zone in Uganda’s agricultural landscape."
New Vision,https://www.newvision.co.ug/category/agriculture/uganda-seeks-win-win-solutions-as-livestock-e-NV_231479_042026,Uganda seeks ‘win-win’ solutions as livestock emissions come under focus,2026-04-09,"__________________ Scientists and policymakers are intensifying efforts to address greenhouse gas emissions from Uganda’s livestock sector, with new research highlighting the need to balance environmental concerns with farmers’ livelihoods. Researchers say livestock manure, widely used as a natural fertiliser, also represents a significant source of emissions, particularly nitrous oxide, underscoring the urgency of improving how it is managed. The issue came into focus during a two-day Livestock Monitoring, Reporting and Verification capacity-building workshop held at the Sheraton Kampala Hotel on April 8, 2026. The event, supported by the World Bank in partnership with the Government of Uganda, brought together scientists and sector stakeholders to examine emission sources, targeted interventions, and data gaps, and to chart a way forward for reducing the country’s greenhouse gas emissions. Group disscussion with MAAIF, World Bank officials during the Stake Holder engagement at Sheration Hotel in Kampala on April 8, 2026. (Photo by David Lukiiza) Dr Ibrahim Wanyama, a scientist at the International Livestock Research Institute, said his work focuses on generating data to support Uganda’s climate reporting obligations under the Paris Agreement. “Manure is an important resource. It can be used to fertilise our soils, but it also has negative environmental impacts, as it is one of the major sources of greenhouse gas emissions in Uganda,” Dr Wanyama said. He noted that ongoing studies in southwestern Uganda are examining how farmers manage manure from cattle, goats, and sheep, with the aim of identifying practical improvements that can enhance soil fertility while reducing emissions. “Farmers are not interested in greenhouse gas emissions, so we are looking at how they can manage manure in ways that improve its fertiliser quality while reducing emissions,” he said. Among the solutions being explored are composting, covering manure, and innovative practices such as rearing worms on manure to produce protein-rich animal feed. “We are coming up with technologies that benefit farmers but also reduce greenhouse gas emissions—it’s a win-win,” he added. Dr Wanyama also cautioned that poorly managed manure can carry disease-causing pathogens, calling for safer handling practices that improve both environmental and public health outcomes. Fixing data gaps At the policy level, Uganda is working to strengthen its systems for measuring and reporting emissions, particularly from livestock. Prof. Samuel Majalija of the National Agricultural Research Organisation said climate change is already affecting households, agriculture, and land systems across the country, prompting a shift towards climate-smart practices. “Climate change is affecting everybody… at household level, agriculture level, and the land in general,” he said. He revealed that the National Agricultural Research Organisation is leading efforts under a World Bank-funded project to develop a national measurement, reporting, and verification system to track emissions more accurately. Currently, Uganda relies on global estimates to quantify emissions from livestock, particularly methane produced by ruminant animals such as cattle, sheep, and goats during digestion. “We don’t have [a system] in place… right now we are going to determine how much it is,” Prof. Majalija said. The research is also expected to guide farmers on improved livestock management practices, including better feeding and reduced animal movement, both of which can help lower emissions. “When animals feed on rough grass and move a lot, they emit more gases… we are trying to see how we can minimise this,” he said. Climate finance prospects Meanwhile, development partners say strengthening data systems is critical for Uganda to meet its climate targets and potentially unlock climate financing. Merel Moleman, a researcher with the World Bank, said Uganda is seeking to move from basic “tier one” emission estimates to more accurate, data-driven “tier two” methods. Current estimates place Uganda among the region’s largest emitters in the agriculture and food sector, but these figures remain broad and require refinement. “The goal is to move to more accurate estimates and build a system that can measure, report, and verify emissions reductions,” Moleman said. She added that a credible measurement, reporting, and verification system could enable Uganda to access climate finance tied to verified emission reductions, although such mechanisms are still in early stages. “If the money flows back to the farmers, that will be amazing, but we’re not there yet,” she said. Drawing lessons from the region, Bernard Kimoro of Kenya’s Ministry of Agriculture said reducing emissions does not necessarily require cutting livestock numbers, but improving productivity and management. “In most countries, the easiest option is reducing livestock numbers. But we have gone beyond that,” he said. Kenya has instead focused on improving feed quality and animal productivity, which lowers emissions per unit of output while maintaining farmers’ incomes. “If we improve milk production, we reduce emissions per kilogram of milk,” Kimoro said. He emphasised the importance of strong data systems and institutional coordination, noting that Uganda could replicate similar progress with the right technical capacity and stakeholder alignment. Group disscussion with MAAIF, World Bank officials during the Stake Holder engagement at Sheration Hotel in Kampala on April 8, 2026. (Photo by David Lukiiza)"
New Vision,https://www.newvision.co.ug/category/agriculture/farmers-urged-to-lead-climate-action-as-lives-NV_231417_042026,Farmers urged to lead climate action as livestock emissions face scrutiny,2026-04-08,"_______________ Livestock farmers must be placed at the centre of efforts to tackle greenhouse gas emissions if Uganda is to effectively respond to climate change. Dr Joseph Ruhinda Kagoro, chief executive officer of the Uganda Meat Producers Cooperative Union Ltd, said the livestock sector, while critical to livelihoods and the economy, must transition into part of the solution through deliberate mitigation and adaptation measures. “We need to approach this problem from both a mitigation and adaptation angle,” he said, noting that Uganda is already experiencing the effects of climate change through erratic weather patterns that are affecting farm productivity, animal growth, and reproduction. Kagoro was speaking during a two-day Livestock Monitoring, Reporting and Verification (MRV) capacity-building and action planning workshop at the Sheraton Kampala Hotel on April 7, 2026. The event, which focuses on understanding livestock MRV frameworks, emissions sources, targeted interventions, and data gaps, brought together scientists and sector stakeholders to chart a way forward on reducing Uganda’s emissions. Data presented at the meeting indicates that the livestock sector contributes about 20 percent of the country’s greenhouse gas emissions. The workshop is supported by the World Bank in partnership with the Government of Uganda. “It takes two to tango. We cannot do without livestock, but we must also play our part in reducing emissions,” Kagoro said. He noted that livestock remains the backbone of rural livelihoods, particularly across the cattle corridor, which spans nearly half of the country. According to Kagoro, the sector supports an estimated 71 percent of households and contributes about 4.5 percent to Uganda’s Gross Domestic Product, making it indispensable despite its environmental impact. Climate cost He said farmers are ready to engage in climate action but require support through knowledge sharing, financing, and technology transfer. Kagoro called for targeted investments in animal nutrition, noting that improved feeds and pasture quality can significantly reduce methane emissions while boosting productivity. “We need better pastures and feeding systems that increase nutritive value while lowering emissions per unit of production,” he said. He also highlighted the need for improved manure management, describing it as a major but often overlooked source of emissions. “With the right infrastructure and knowledge, manure can be better managed to reduce emissions while producing organic fertiliser to improve soil fertility,” he added. Kagoro further emphasised the importance of genetic improvement and better breeding practices to enhance feed conversion efficiency and shorten the time animals take to reach market weight. “If we reduce the growth period of a bull from two to three years to about one and a half years, we achieve higher output with lower emissions,” he explained. He urged the government to scale up ongoing interventions in the livestock sector, particularly those spearheaded by the Ministry of Agriculture, Animal Industry and Fisheries, noting that current efforts, though commendable, remain too slow to match the urgency of the climate challenge. “We need intentional, large-scale financing, not small pilot projects if we are to make meaningful progress,” he said. Kagoro also pointed to gaps in data collection, saying most farmers lack the tools and knowledge to measure their emissions, making it difficult for the government to generate accurate national data. He called for investment in monitoring systems and deployment of trained personnel, including veterinarians and ICT specialists, to support data collection at the farm level. Fixing the system Looking ahead, he stressed the importance of addressing emissions across the entire livestock value chain, from production to processing and export, through traceability and carbon footprint tracking. “We must be able to mitigate emissions at every stage of the value chain if we are to achieve real impact,” he said. John Ilukor, official at the World Bank. (Courtesy) Kagoro welcomed support from development partners, including the World Bank, and reaffirmed farmers’ willingness to be part of the solution. “We believe we have a role to play, and we are ready to play that role for the betterment of Uganda and the world in the fight against climate change,” he said. Dr Emmanuel Zziwa, climate change expert Food and Agricultural Organization. (Courtesy) Dr Emmanuel Zziwa, a climate change expert at the Food and Agriculture Organisation (FAO), said while emissions in Uganda come from multiple sectors, including transport, energy, agriculture, and land use change, the livestock sub-sector alone represents a substantial share that cannot be ignored. He explained that much of these emissions come from cattle, particularly through a biological process known as enteric fermentation, where methane gas is released during digestion. “About 83 percent of emissions from cattle come from enteric fermentation, mainly through belching. Another 11 percent comes from manure management, while around 5 percent is linked to feed production and transportation,” he said. Rethinking emissions strategy Despite the figures, Zziwa cautioned against simplistic solutions such as reducing livestock numbers, noting the sector’s critical role in Uganda’s economy, food systems, and social fabric. “We cannot say that reducing emissions means reducing the number of animals. Livestock supports livelihoods, provides food, and has social value. Cutting numbers would have economic consequences, including job losses,” he said. Instead, he advocated for a shift from estimation-based emissions tracking to a more robust system based on measurement. According to Zziwa, Uganda currently relies largely on estimation methods, which calculate emissions based on animal numbers and standard emission factors. While useful, such methods limit the country’s ability to implement targeted mitigation strategies. “What we are advocating for is moving from estimation to actual measurement. When you measure emissions, you can identify practical interventions to reduce them without compromising productivity,” he said. Among the recommended interventions are improving livestock breeds and enhancing feeding practices. Zziwa explained that higher-yielding breeds can produce more milk or meat using the same resources, thereby reducing emissions intensity. “For example, if one animal produces 10 litres of milk instead of two animals producing the same amount, you reduce overall emissions,” he said. He also highlighted the importance of better feeding, noting that improved feed quality can reduce methane emissions generated during digestion. “When animals are fed better-quality feed, they emit less methane. This not only reduces emissions but also improves productivity,” he said. Other mitigation measures include improved manure management systems, such as the use of biogas digesters, which can convert waste into energy while reducing emissions. Tracking livestock emissions Zziwa revealed that Uganda is working to establish a Monitoring, Reporting and Verification (MRV) system for the livestock sector, with support from the World Bank and implementation under the Ministry of Agriculture, Animal Industry and Fisheries. The system is expected to help track emissions more accurately and assess the effectiveness of mitigation interventions. “We want to measure, report, and verify emissions so that we can promote sustainable livestock production. This will ensure that what we produce today does not compromise future production,” he said. While acknowledging that developing countries like Uganda contribute relatively less to global emissions, Zziwa stressed that every contribution matters. “Greenhouse gases accumulate over time. What we emit today adds to what was emitted decades ago. Methane can stay in the atmosphere for up to 30 years, while carbon dioxide can persist for up to 200 years,” he explained. He likened emissions to a “black spot” on a road that causes accidents, saying even small contributions should not be ignored. Zziwa added that reducing emissions in livestock systems could also boost productivity, as energy lost through methane emissions could instead be used for growth and milk production. “When you reduce emissions, you actually improve efficiency. An animal will produce more when less energy is lost,” he said. He called on stakeholders in the livestock sector to embrace climate-smart practices that both enhance productivity and reduce environmental impact. “This is an opportunity for Uganda to adopt interventions that will not only mitigate climate change but also increase production and improve livelihoods,” he said. John Ilukor, official at the World Bank. (Courtesy) Dr Emmanuel Zziwa, climate change expert Food and Agricultural Organization. (Courtesy)"
New Vision,https://www.newvision.co.ug/category/agriculture/kikuube-residents-want-lasting-solution-to-ab-NV_231379_042026,Kikuube residents want lasting solution to abandoned gold site,2026-04-07,"__________________ Residents of Kirimbi and Mugabi villages in Mussaijamukulu parish, Buhimba sub-county in Kikuube district, are demanding that the National Environment Management Authority (NEMA) restore an abandoned gold exploration site. The site, located in Kirimbi and Mugabi villages in Mussaijamukulu parish, was excavated and later abandoned by Mechanised Agro (U) Limited. The open pond was created in 2020 after tycoon Joseph Garuhanga leased 10 acres of land to Mechanised Agro (U) Limited, which began operations after receiving approval through a certificate from NEMA. A NEMA official carrying out an assessment of the abandoned gold exploration site. (Photo by Peter Abaanabasazi) NEMA issued a certificate of approval of environmental and social impact assessment (NEMA/ESIA/13264) on March 17, 2020, valid for two years. However, Mechanised Agro (U) Limited abandoned the site after six months of operation without restoring it, contrary to requirements. Following a story in New Vision of March 12, 2026, highlighting how the site had turned into a death trap, a team of NEMA officials led by Cypriano Nsabimana, the mid-western region inspector, visited on March 13, 2026, and assessed the area. Three days after the assessment, NEMA officials returned and cordoned off the site with tape, leaving behind an open pond filled with water. Residents have opposed the move, arguing that cordoning off the area is insufficient given the size and danger posed by the pond. Deadly pond Speaking to New Vision on April 3, 2026, Sepiriya Kyalingonza, the chairman of Mugabi village, said the site remains a serious threat to the community and requires full restoration. He noted that the pond has so far claimed seven lives and called for fencing or proper restoration to prevent further tragedy. Joseph Garuhanga, the landlord, also demanded that NEMA restore the land to ensure community safety. He said he leased the land on the understanding that the company would restore it, but it left before doing so, rendering the land unusable. Garuhanga added that as a livestock farmer, he has lost more than five cows which drowned in the pond, estimated to cover one and a half acres and reach a depth of about 60 feet. Naome Karekaho, head of corporate communications at NEMA, said cordoning off the site was a temporary measure, noting that full restoration requires significant funding and time. Cypriano Nsabimana NEMA mid-western region inspector (right) sharing with Joseph Garuhanga who rented 10 acres of land to Mechanized AGRO (U) Limited. (Photo by Peter Abaanabasazi) She added that NEMA is investigating the company responsible for the exploration activities so that it can be held accountable for failing to restore the site. However, she said NEMA is considering restoration but must first secure funding. The existence of the site came to wider public attention following the death of four family members, a mother and her three children. The incident occurred on March 2, 2026, involving Harriet Tumusiime, 32, wife of Charles Mbabazi, and her children Joy Alinaitwe, four years, Philbert Akonyora, six months, and Travin Ahumuza, two years. A NEMA official carrying out an assessment of the abandoned gold exploration site. (Photo by Peter Abaanabasazi) Cypriano Nsabimana NEMA mid-western region inspector (right) sharing with Joseph Garuhanga who rented 10 acres of land to Mechanized AGRO (U) Limited. (Photo by Peter Abaanabasazi)"
New Vision,https://www.newvision.co.ug/category/business/museveni-approves-ugandas-wooden-crockery-NV_231622_042026,Museveni approves Uganda's wooden crockery,2026-04-11,"________________ President Yoweri Museveni has declared support for locally made wooden food containers, describing them as safe and durable. His approval on Saturday, March 11, was shared on social media via X. To support his endorsement, Museveni also shared scientific research findings on wooden crockery. Museveni's posts via X read: ""Fellow Ugandans, especially the Bazzukulu, following a scientific assessment by our CBRN team, I have written to Matongo Wood Works Company confirming that traditional wooden food containers made from omunyama (mahogany) and omusisa (albizia) are safe and durable. I have directed support for this initiative so that we free ourselves from the colonial habit of relying on fragile and unsafe ebyatika (the breakables). Our indigenous knowledge systems served our people well for generations. It is time to consciously revive and promote them as part of building a self-reliant and modern Ugandan economy."" Wooden Plates. (Courtesy) Currently, the Ministry of Gender, Labour and Social Development is implementing the Chemical Safety and Security Project (CHESASE) to manage Chemical, Biological, Radiological, and Nuclear (CBRN) risks in the industrial and health sectors. Last year, President Museveni hosted a delegation from Matongo Wood Works led by Ms Stella Teromu and her partner, Ms Elizabeth Karunga. During the meeting at Mbale State Lodge, the ladies showed Museveni and his daughter, Mrs Natasha Karugire, an assortment of wooden crockery from their outlet. A post on various social sites stated that President Museveni praised their creativity and commitment to reviving authentic wooden and clay utensils that once defined African homes. “I want to congratulate you, people. You have resurrected the African heritage of our people, which I have been trying to preserve since the 1940s,” he said. “We used plates ( Esiwani , clay bowls (Ebakuli), traditional pots ( Enstimbo ) and other traditional items. They were strong, durable and part of our identity,” he added while appreciating Matongo Wood Works for ‘modernising traditional craftsmanship without losing authenticity.’ Matongo Wood Works Company Limited's website states that the firm in Naalya, Kampala city suburbs, produces wooden and clay household items inspired by ancestral African designs adapted for modern living. Wooden Plates. (Courtesy)"
New Vision,https://www.newvision.co.ug/category/news/museveni-outlines-priorities-to-expand-uganda-NV_231600_042026,Museveni outlines priorities to expand Uganda’s economy tenfold,2026-04-11,"KYANKWANZI - President Yoweri Museveni has outlined ten strategic priorities aimed at expanding Uganda’s economy tenfold, urging leaders to focus on wealth creation and solving real societal problems. Addressing participants at the ongoing retreat of newly elected Members of Parliament (MPs) and the party-leaning independents at the National Leadership Institute (NALI), Kyankwanzi, President Museveni on Friday said the priorities are guided by the Fourth National Development Plan (NDPIV). These, he added, are critical for transforming Uganda into a modern economy. “To achieve the NDPIV objectives, the government will prioritise strategic interventions that expand the economy and improve livelihoods,” President Museveni said, according to a release from the Presidential Press Unit. Ramathan Ggoobi, the permanent secretary Ministry of Finance, Planning and Economic Development and Secretary to the Treasury remarks during the retreat. The President emphasised commercial agriculture and value addition as central to economic growth, noting that Uganda must move away from exporting raw materials. “If we add value to products like coffee—through roasting, grinding and packaging—we can earn much more compared to exporting it in raw form,” he explained. He also highlighted the need to monetise the economy through initiatives such as the Parish Development Model (PDM) and Emyooga, to bring more Ugandans into the money economy. Museveni's remarks, according to PPU, followed presentations by officials from the National Planning Authority (NPA), including Executive Chairperson Dr Pamela Mbabazi and Executive Director Dr. Joseph Muvawala. The President also underscored the importance of investing in the knowledge economy, particularly science, technology and innovation. “We must invest in science and technology, including producing vaccines, automobiles and electronics,” he said. He further pointed to key infrastructure investments, including high-speed rail, the metre gauge railway, and energy systems to support industrialisation, as well as industrial parks and export processing zones. The President also stressed the need to reduce the cost of borrowing through institutions such as the Uganda Development Bank (UDB) and Uganda Development Corporation (UDC). On social services, he called for cost-effective interventions to expand access to education and healthcare. “We must ensure every parish has a primary school and every sub-county has a secondary school, while strengthening preventive healthcare,” he said. Other priority areas include investment in the creative industry, preparations for the African Cup of Nations (AFCON), and infrastructure development in the Greater Kampala Metropolitan Area. President Museveni also addressed urban challenges, particularly traffic congestion. “Traffic jams in Kampala require significant investment, but we shall solve them,” he assured, adding that corruption must be decisively tackled. In his presentation, the Senior Presidential Advisor on Political Mobilisation, Mr Moses Byaruhanga, who presented a paper on mobilisation and service delivery, emphasised that leadership requires a practical approach to problem-solving. “Leaders must diagnose societal challenges and provide solutions, just like a doctor treats a patient,” he said. Byaruhanga urged legislators to focus on identifying and solving community challenges. “As leaders, you must understand the problems affecting society and work towards providing solutions,” he advised. Ramathan Ggoobi, the permanent secretary Ministry of Finance, Planning and Economic Development and Secretary to the Treasury remarks during the retreat."
New Vision,https://www.newvision.co.ug/category/business/minister-musenero-rallies-women-entrepreneurs-NV_231543_042026,Minister Musenero rallies women entrepreneurs to embrace technology,2026-04-10,"KAMPALA - The Minister of Science, Technology and Innovation, Dr. Monica Musenero has reiterated government deliberate steps to strengthen the innovation ecosystem and bridge gaps between policy and practi c e. The minister made the remarks on Thursday (yesterday) at Sheraton Kampala Hotel as she launched the 2nd cohort of the Stanchart Women in Tech Program. She noted that the Women in Tech programme aligns with Uganda’s national priorities as it contributes directly to building a knowledge-based economy and advancing the country’s broader economic transformation agenda. “We have established dedicated structures, including an economic unit for Science, Technology and Innovation metrics, to bridge the gap between policy and knowledge. Through STI, we are rolling out town halls and platforms to improve access to information, facilities, and innovation spaces,” she noted. Speaking at the launch, Standard Chartered Bank Uganda Chief Executive Officer, Sanjay Rughani, urged women founders to take advantage of the opportunity, noting that the programme is designed to address structural challenges that hinder enterprise growth. “Persistent inequalities across Uganda and the region continue to limit the growth of women-led businesses. Yet empowering women is critical to economic development and the prosperity of communities. This accelerator goes beyond skills development to provide mentorship, networks, and funding needed to build resilient, revenue-generating enterprises,” he said. First launched in April 2025, the Women in Tech program is part of Standard Chartered’s global Future Makers initiative. It is specifically designed to support women-led micro and early-stage businesses by equipping them with the tools, resources, and networks needed to scale. The program addresses systemic challenges such as limited access to finance, mentorship, technical support, and markets that disproportionately affect female entrepreneurs, particularly in underserved communities. Over the next three years, the program will support up to 42 women-led businesses, preparing them to thrive in Uganda’s rapidly evolving digital economy. By fostering long-term collaboration through the Community of Practice, the initiative encourages ongoing mentorship, shared learning, and peer networking across all participating cohorts. The Women in Tech program reflects a broader commitment by Standard Chartered and its partners to address gender disparities in business leadership and innovation. While women make up a significant portion of Africa’s informal and micro-enterprise sector, they remain underrepresented in formalised, tech-driven environments."
New Vision,https://www.newvision.co.ug/category/business/imf-to-cut-global-growth-forecast-due-to-mide-NV_231530_042026,IMF to cut global growth forecast due to Mideast war,2026-04-10,"WASHINGTON - The International Monetary Fund will lower global growth forecasts due to the Middle East war, its chief said Thursday, warning of the conflict's ""scarring effects"" despite a fragile ceasefire. ""Even in a best case, there will be no neat and clean return to the status quo ante,"" IMF managing director Kristalina Georgieva said. Georgieva said that -- even in the fund's ""most hopeful scenario"" -- spiraling energy costs, infrastructure damage, supply disruptions and a loss of market confidence meant growth would be less than expected. The IMF also anticipates having to provide up to $50 billion in immediate financial assistance to countries affected by the war, with food insecurity set to affect at least 45 million people. ""Given the spillovers from the war, we expect near-term demand for IMF balance-of-payments support to rise by somewhere between $20 billion and $50 billion, with the lower bound prevailing if ceasefire holds,"" Georgieva said. The IMF chief was kicking off the annual Spring Meetings co-hosted by the International Monetary Fund and the World Bank in Washington, which bring together top economic policymakers from around the world. Speaking on Bloomberg TV on Thursday, World Bank President Ajay Banga said his institution could put up as much as $25 billion ""very quickly"" in financing to developing countries affected by the war. He said as much as $60 billion may be made available over the longer term, if countries need it. The US-Israel war on Iran, launched on February 28, has engulfed the Middle East in violence, snarled supply chains and sent oil prices surging after Tehran virtually blocked the Strait of Hormuz. Tehran and Washington have traded accusations of violations of the ceasefire terms, with talks aimed at a more durable peace slated for Saturday. Georgieva highlighted the ""asymmetric"" effects of the crisis, hitting low-income energy importers much harder than others. ""Spare a thought for the Pacific Island nations at the end of a long supply chain, wondering if fuel still reaches them in the wake of such a severe disruption,"" she said. Global inflation On Wednesday, the World Bank said the Middle East -- which has seen retaliatory Iranian strikes hit countries across the Gulf and Israeli attacks in Lebanon -- saw ""a serious and immediate economic toll"" from the war. Excluding Iran, overall regional economic growth was expected to slow to just 1.8 percent in 2026 -- a downgrade of 2.4 percentage points from before the war, the Bank said. The IMF is also expected to revise global headline inflation upwards due to the oil price and supply chain shocks associated with the war. On Wednesday, the heads of the IMF, World Bank and World Food Programme (WFP) met in Washington to discuss the economic and food security impacts of the conflict. ""Sharp increases in oil, gas, and fertilizer prices, together with transport bottlenecks, will inevitably lead to rising food prices and food insecurity,"" said a joint statement on the meeting. The IMF and World Bank have also formed a coordination group to address the energy market impacts of the war. A top-level meeting of that body will take place on Monday. As part of the meetings, the IMF will release its annual Fiscal Monitor report, which is expected to flag rising government debt as countries tackle repeated economic shocks. In a new report this week, the IMF detailed the economic costs of war, estimating that output in countries where fighting takes place drops by three percent at the outset, ""and continues falling for years."" An earlier report on the Iran war said ""all roads lead to higher prices and slower growth,"" and highlighted the impact of a severely disrupted fertilizer supply chain on food security. ""Low-income countries are especially at risk of food insecurity; some may need more external support -- even as such assistance has been declining,"" the report said."
New Vision,https://www.newvision.co.ug/category/business/shilling-trades-firmer-on-thursday-NV_231520_042026,Shilling trades firmer on Thursday,2026-04-09,"______________ The Uganda shilling closed marginally firmer on Thursday, closing the day’s session at 3687/3697 compared to the opening level of 3690/3700. Traders said market activity remained subdued, largely driven by interbank selling pressure amid weak corporate demand for the dollar. In the near term, market analysts project that the shilling will continue trading within the 3660–3800 range. Money markets were sufficiently liquid, according to Absa data with overnight and one-week rates averaging 9.63% and 10.31%, respectively."
New Vision,https://www.newvision.co.ug/category/business/bou-to-secure-global-custodian-for-gold-reser-NV_231516_042026,BOU to secure global custodian for gold reserves – governor,2026-04-09,"_______________ The Bank of Uganda (BOU) has signed contracts with two gold suppliers, and the next move is to secure an international custodian to hold Uganda’s gold reserves, Governor Michael Atingi-Ego, said. This comes after the central bank finalised deals with EuroGold Refinery Ltd and Feldstein Trading Limited to start buying gold locally. “These are the two gold refineries that have been licensed by BOU. We have signed contracts with them. So, they will be the ones that will be refining the gold that we will be buying,” Atingi-Ego told New Vision on April 9. “The gold suppliers will be taking the gold to these refineries, where the BOU will be meeting them to buy. Suppliers deliver gold to the two refineries for initial testing to confirm it is mined locally and meets purity standards.” International custodians play a central role in managing central bank gold reserves, offering secure storage that supports liquidity, limits geopolitical risk and boosts credibility in global markets. The Bank of England is the most widely used location, holding gold for 64% of surveyed central banks, according to reports. The signing of the two contracts also marks the start of the Domestic Gold Purchase Programme. The central bank aims to buy its first 100 kilograms of refined gold, worth about $160m (sh592b), and use the programme to add value to Uganda’s gold industry while building official reserves. In recent years, gold has regained its importance as a financial asset, with many investors using it as a hedge against inflation and market volatility. Globally, central banks and other financial institutions continue to hold significant amounts of gold as part of their reserve assets. The most recent data from April 2023 reveals that international organizations, including the International Monetary Fund (IMF) and the Bank for International Settlements, possess approximately 9% of the world’s official gold holdings. Artisanal and small-scale mining (ASM) plays a significant role in gold production. ASM is the second largest employer after agriculture and employs 10 times more miners than the large-scale mining sector, producing 18% of Africa's gold. However, the sector remains largely informal and unregulated. Uganda’s proximity to conflict torn countries such as the Democratic Republic of Congo and South Sudan, both major sources of smuggled minerals, has compounded the problem. Precious stones and metals enter the country illegally and are moved on to global markets through licensed refineries, often without proper oversight."
New Vision,https://www.newvision.co.ug/category/business/npa-partners-launch-ug-catalyst-summit-to-acc-NV_231480_042026,"NPA, partners launch UG Catalyst Summit to accelerate enterprise-led growth under NDP IV",2026-04-09,"__________________ The National Planning Authority, in partnership with Innovation Village Hub, has officially launched the UG Catalyst Summit, a national execution platform designed to accelerate the delivery of Uganda’s growth agenda under the National Development Plan IV (NDP IV), with enterprise at the centre of implementation. The Summit, slated for June 25th-26th this year, is structured to translate national priorities into enterprise-led growth, linking businesses to markets, capital, and coordinated support systems. It is anchored in the ATMS priority sectors of Agro-Industrialization, Tourism Development (including Creative Industries), Mineral Development (including Oil & Gas), and Science, Technology and Innovation. Speaking during a media briefing in Kampala on Wednesday, Dr Asumani Gulobi, Senior Manager Development Planning at NPA, noted that Uganda’s ambition to achieve tenfold economic growth will be supported by a strong policy framework. He highlighted that the opportunity now is to translate this into enterprise-led outcomes by unlocking market access, aligning capital, and strengthening participation across priority sector value chains. “From a national planning perspective, the priority is ensuring that enterprises can contribute directly and measurably to NDP IV outcomes. This requires stronger alignment between policy, enterprise development systems, and investment flows.” Asumani noted. Rita Ngenzi, Executive Director of Innovation Village Hub, added that the priority now is ensuring that enterprises are effectively positioned to deliver measurable results. “Uganda’s growth agenda is grounded in a clear and robust national plan. This, however, requires deliberate alignment of enterprise pipelines with market opportunities, capital, and coordinated institutional support.” The UG Catalyst Summit serves as a national platform that connects enterprise pipelines to markets, capital, and coordinated ecosystem support across priority sectors. A central feature of the Summit is the Opportunity Dashboard, a national intelligence platform providing real-time visibility into enterprise pipelines, sector opportunities, and performance. The platform enables data-driven decision-making, more effective capital allocation, and tracking of enterprise contribution to national growth outcomes."
New Vision,https://www.newvision.co.ug/category/business/afro-arab-youth-council-inks-partnerships-to-NV_231469_042026,Afro-Arab Youth Council inks partnerships to boost youth empowerment,2026-04-09,"_____________________ The Afro-Arab Youth Council (AAYC) has signed three Memoranda of Understanding with the Uganda National Students Association (UNSA), the National Youth Council (NYC), and the United Nations African Institute for the Prevention of Crime and the Treatment of Offenders (UNAFRI), in a move aimed at strengthening youth empowerment, leadership development, and regional cooperation. The agreements with UNSA and NYC were signed on April 8, 2026, at BMK House in Kampala, while the UNAFRI partnership was formalised at the institute’s headquarters in Naguru. Speaking during the signing with UNSA at BMK House, AAYC secretary general Abbas Agaba described the partnership as a formalisation of a long-standing relationship. “UNSA was part of the founding team of AAYC in 2004 in Khartoum. Today we are simply strengthening and formalising that relationship,” he said. Agaba noted that the MOU will focus on joint programmes, training, capacity building, and youth mobilisation within schools and universities. UNSA president Shillah Ainembabazi welcomed the agreement, saying it will expand opportunities for students. “This partnership will strengthen leadership development, expand training opportunities, and increase student participation in national and international platforms,” she said. At the same venue, the National Youth Council also signed its MOU with AAYC, with NYC chairperson Jacob Eyeru welcoming the partnership while stressing the need for implementation. “This partnership should not remain on paper. It must be translated into real programmes that directly benefit young people,” he said. He called for joint initiatives focused on skills development, opportunity creation, and improved youth livelihoods. AAYC president Abdulhadi Ibrahim Lahweej said the agreements reflect a shared commitment to empowering young people across Africa and the Arab world. “These MOUs are not just formalities, they are a commitment to work together for youth empowerment, unity, and development,” he said. In a separate ceremony at UNAFRI headquarters in Naguru, AAYC signed another MOU focused on cooperation in crime prevention, research, and youth rehabilitation. UNAFRI director general Andrew Munanura said the partnership will enhance training, research, and knowledge sharing to address emerging crime challenges, especially those affecting young people. He noted that cybercrime, terrorism, and online exploitation continue to pose major risks to youth, calling for stronger preventive action and awareness. AAYC secretary general Abbas Agaba said the collaboration will help empower young people to contribute to solutions in addressing crime and social challenges. Agaba said young people are part of the solution, not the problem, and should be empowered to drive positive change and development in society. The agreements are expected to enhance youth engagement, leadership development, and cross-regional cooperation between Africa and the Arab world, with leaders expressing optimism that the MOUs will be translated into practical programmes benefiting young people."
