source,url,publication_date,title,sentence,is_relevant,label_content,pred_content,conf_content,pred_semantic,conf_semantic,pred_final,conf_final,fusion_rule,month
The Observer,https://observer.ug/news/police-recover-gun-used-in-soroti-mobile-money-agent-murder/,2026-04-12,Police recover gun used in Soroti mobile money agent murder,"Kokunda’s smartphone was later discovered abandoned in a bush in Kichinjani Ward, Soroti City.",True,,land_row_dispute,0.42371801724725205,delay_time_overrun,0.09316491335630417,land_row_dispute,0.5,content_preferred,2026-04
The Observer,https://observer.ug/news/court-jails-ex-minister-nandutu-for-four-years-over-iron-sheets-theft/,2026-04-12,Court jails ex-minister Nandutu for four years over iron sheets theft,"The court noted that out of 10,000 iron sheets under the programme, only 1,000 reached the intended beneficiaries. “These are offices held in trust for the good of the people and the country,” Kajuga said. “The project was aimed at supporting disarmament and restoring peace.” The court applied the Constitution (Sentencing Guidelines) Practice Directions of 2013, weighing aggravating and mitigating factors.",True,,land_row_dispute,0.3248252762714697,procurement_irregularity,0.22604244947433472,land_row_dispute,0.5,content_preferred,2026-04
The Observer,https://observer.ug/news/court-jails-ex-minister-nandutu-for-four-years-over-iron-sheets-theft/,2026-04-12,Court jails ex-minister Nandutu for four years over iron sheets theft,"It also held that, as a minister, she had a duty of the highest order to ensure proper implementation of public policy.",True,,delay_time_overrun,0.33222991495485626,governance_oversight_failure,0.20064295828342438,delay_time_overrun,0.5,content_preferred,2026-04
The Observer,https://observer.ug/news/food-prices-rise-in-nebbi-after-vendor-evictions/,2026-04-10,Food prices rise in Nebbi after vendor evictions,The Observer Food prices in Nebbi town have risen following the eviction of street vendors by municipal authorities.,True,land_row_dispute,land_row_dispute,0.4594797188264768,payment_financial_dispute,0.13271187245845795,land_row_dispute,0.5,content_preferred,2026-04
The Observer,https://observer.ug/news/food-prices-rise-in-nebbi-after-vendor-evictions/,2026-04-10,Food prices rise in Nebbi after vendor evictions,"Residents say the eviction has affected food accessibility and affordability, forcing many to move longer distances in search of cheaper meals.",True,land_row_dispute,land_row_dispute,0.49916035488127003,land_row_dispute,0.15356364846229553,land_row_dispute,0.6631810008358914,agree,2026-04
The Observer,https://observer.ug/news/food-prices-rise-in-nebbi-after-vendor-evictions/,2026-04-10,Food prices rise in Nebbi after vendor evictions,"Jeremy Akenda, a resident of Nebbi town, said accessing affordable food has become difficult since the eviction. “The established places where we used to eat local food at Shs 3,000 have raised the price to Shs 5,000, and it is likely to go higher because the local eating joints are no longer in town,” Akenda said.",True,land_row_dispute,land_row_dispute,0.4795919828611987,delay_time_overrun,0.09827085584402084,land_row_dispute,0.5,content_preferred,2026-04
The Observer,https://observer.ug/news/food-prices-rise-in-nebbi-after-vendor-evictions/,2026-04-10,Food prices rise in Nebbi after vendor evictions,"Alice Giramiah, a food vendor along Arua Road in Nebbi municipality, said the eviction of kiosks in the town business centre has affected her business, noting that most of her customers were kiosk operators.",True,land_row_dispute,land_row_dispute,0.5026799864347409,land_row_dispute,0.17736640572547913,land_row_dispute,0.670011598040055,agree,2026-04
The Observer,https://observer.ug/news/food-prices-rise-in-nebbi-after-vendor-evictions/,2026-04-10,Food prices rise in Nebbi after vendor evictions,"She added that despite rising prices elsewhere, she has not increased her charges due to reduced customer turnout. “Before the eviction, I used to sell 5kg of meat daily, but after the eviction, I hardly sell 2kg because most of my customers are no longer available.",True,land_row_dispute,land_row_dispute,0.3782190675707736,contract_management_failure,0.23005443811416626,land_row_dispute,0.5,content_preferred,2026-04
The Observer,https://observer.ug/news/food-prices-rise-in-nebbi-after-vendor-evictions/,2026-04-10,Food prices rise in Nebbi after vendor evictions,"Another vendor, Evelyn Acen, said prices have increased significantly since the eviction.",True,land_row_dispute,land_row_dispute,0.37883225987290814,contract_management_failure,0.21579810976982117,land_row_dispute,0.5,content_preferred,2026-04
The Observer,https://observer.ug/news/food-prices-rise-in-nebbi-after-vendor-evictions/,2026-04-10,Food prices rise in Nebbi after vendor evictions,"Although authorities say the eviction is part of efforts to restore order and improve sanitation, vendors argue they play a vital role in providing affordable meals and are appealing for alternative spaces to operate.",True,land_row_dispute,land_row_dispute,0.3500594603240521,contract_management_failure,0.17844273149967194,land_row_dispute,0.5,content_preferred,2026-04
The Observer,https://observer.ug/news/food-prices-rise-in-nebbi-after-vendor-evictions/,2026-04-10,Food prices rise in Nebbi after vendor evictions,"The eviction of kiosks and makeshift structures in the central business district is intended to pave way for infrastructure development, including the installation of streetlights, walkways and drainage systems along the 33-kilometre Alwi–Nebbi town road currently under construction by China Railway 18 Bureau Group.",True,land_row_dispute,land_row_dispute,0.4378501842736265,delay_time_overrun,0.22004130482673645,land_row_dispute,0.5,content_preferred,2026-04
The Observer,https://observer.ug/news/nandutu-apologises-to-museveni-over-iron-sheets-theft-pleads-for-non-custodial-sentence/,2026-04-10,"Nandutu apologises to Museveni over iron sheet theft, pleads for non-custodial sentence","The prosecution team of state attorneys pushed for a deterrent sentence, arguing that Nandutu’s actions constituted a clear abuse of office and breach of public trust.",True,,land_row_dispute,0.2705276046507599,contract_management_failure,0.24961024522781372,land_row_dispute,0.5,content_preferred,2026-04
The Observer,https://observer.ug/news/nandutu-apologises-to-museveni-over-iron-sheets-theft-pleads-for-non-custodial-sentence/,2026-04-10,"Nandutu apologises to Museveni over iron sheet theft, pleads for non-custodial sentence","The state argued that although Nandutu is a first-time offender, the “premeditated and sophisticated” nature of the offence — including moving the iron sheets to a private farm for nine months — negated any claim of mistake. “This was not an impulsive act, but a carefully orchestrated course of conduct designed to evade scrutiny,” the prosecution submitted.",True,,land_row_dispute,0.5658245809122712,procurement_irregularity,0.13393019139766693,land_row_dispute,0.5658245809122712,content_preferred,2026-04
The Observer,https://observer.ug/news/nandutu-apologises-to-museveni-over-iron-sheets-theft-pleads-for-non-custodial-sentence/,2026-04-10,"Nandutu apologises to Museveni over iron sheet theft, pleads for non-custodial sentence","They argued that since government had been made whole through recoveries and compensation, a prison sentence would be unnecessarily punitive.",True,land_row_dispute,land_row_dispute,0.999999998158402,land_row_dispute,0.23789271712303162,land_row_dispute,0.8094731788203584,agree,2026-04
The Observer,https://observer.ug/news/mubende-goats-introduced-in-zombo/,2026-04-09,Mubende goats introduced in Zombo,"Under the initiative, NARO trained the initial 15 beneficiaries under the Zombo Town Council Goat Farmers’ Group to pilot the project.",True,,land_row_dispute,0.2158987363073124,land_row_dispute,0.17758533358573914,land_row_dispute,0.5983710174732629,agree,2026-04
The Observer,https://observer.ug/business/africa-pushes-for-new-global-financial-order-as-aid-models-face-scrutiny/,2026-04-10,Africa pushes for new global financial order as aid models face scrutiny,Analysts argue that this imbalance has left governments across the continent grappling with difficult choices between servicing external debt and funding essential public services such as healthcare and infrastructure.,True,,land_row_dispute,0.21908346864941286,governance_oversight_failure,0.2683800756931305,land_row_dispute,0.5,content_preferred,2026-04
The Observer,https://observer.ug/business/africa-pushes-for-new-global-financial-order-as-aid-models-face-scrutiny/,2026-04-10,Africa pushes for new global financial order as aid models face scrutiny,"With more than 60 per cent of the continent’s population under the age of 25, there is growing pressure to bridge the gap between youthful demographics and traditionally older political leadership structures.",True,,land_row_dispute,0.16206752562981078,governance_oversight_failure,0.14201384782791138,land_row_dispute,0.5,content_preferred,2026-04
The Observer,https://observer.ug/business/euro-gold-to-refine-gold-for-bank-of-uganda/,2026-04-09,Euro Gold to refine gold for Bank of Uganda,"The Observer The Bank of Uganda (BoU) has signed a contract with Euro Gold Refinery to commence supply of refined gold under the Domestic Gold Purchase Programme, a move aimed at strengthening the country’s reserves and promoting value addition.",True,,procurement_irregularity,0.40017392943345975,payment_financial_dispute,0.1967003345489502,procurement_irregularity,0.5,content_preferred,2026-04
The Observer,https://observer.ug/business/euro-gold-to-refine-gold-for-bank-of-uganda/,2026-04-09,Euro Gold to refine gold for Bank of Uganda,"According to Benard Feni, director of Euro Gold Refinery, the contract was awarded following a competitive bidding process open to eligible refineries. “The central bank made an open call for bids, and Euro Gold has won the contract.",True,,procurement_irregularity,0.5120846062050204,procurement_irregularity,0.2674219310283661,procurement_irregularity,0.6948766343083466,agree,2026-04
The Observer,https://observer.ug/business/euro-gold-to-refine-gold-for-bank-of-uganda/,2026-04-09,Euro Gold to refine gold for Bank of Uganda,Feni described the contract as a major milestone for the refinery and a boost for local participation in the gold value chain. “We are very happy.,True,,procurement_irregularity,0.3678861769124578,contract_management_failure,0.21394005417823792,procurement_irregularity,0.5,content_preferred,2026-04
The Observer,https://observer.ug/business/euro-gold-to-refine-gold-for-bank-of-uganda/,2026-04-09,Euro Gold to refine gold for Bank of Uganda,"He added that the refinery aims to position Uganda as a regional gold hub. “By 2030, we want Uganda to be known as a gold hub, not just exporting raw materials, but producing high-quality, 24-karat bullion for the global market,” Feni said.",True,,land_row_dispute,0.3081276212165225,contract_management_failure,0.0759754404425621,land_row_dispute,0.5,content_preferred,2026-04
The Observer,https://observer.ug/business/euro-gold-to-refine-gold-for-bank-of-uganda/,2026-04-09,Euro Gold to refine gold for Bank of Uganda,"To strengthen the value chain, Euro Gold Refinery has partnered with local mining communities.",True,,land_row_dispute,0.16206752562981078,land_row_dispute,0.10397959500551224,land_row_dispute,0.5665117801588307,agree,2026-04
The Observer,https://observer.ug/business/euro-gold-to-refine-gold-for-bank-of-uganda/,2026-04-09,Euro Gold to refine gold for Bank of Uganda,The refinery has also supported Kakoka artisanal miners in Abim to obtain a mining licence and signed agreements to supply gold.,True,,land_row_dispute,0.16206752562981078,payment_financial_dispute,0.15439604222774506,land_row_dispute,0.5,content_preferred,2026-04
The Observer,https://observer.ug/business/euro-gold-to-refine-gold-for-bank-of-uganda/,2026-04-09,Euro Gold to refine gold for Bank of Uganda,"Feni said the refinery’s operations have created employment opportunities, with more than 70 per cent of its workforce comprising Ugandans trained to meet international standards. “We are helping miners move from raw gold to refined products so they can fetch better prices on the international market,” he said.",True,,land_row_dispute,0.3385514268360904,payment_financial_dispute,0.11093555390834808,land_row_dispute,0.5,content_preferred,2026-04
The Observer,https://observer.ug/business/euro-gold-to-refine-gold-for-bank-of-uganda/,2026-04-09,Euro Gold to refine gold for Bank of Uganda,"This contract is a sign of trust in our ability to deliver quality,” Feni said.",True,,delay_time_overrun,0.3086079407740278,contract_management_failure,0.3645789623260498,delay_time_overrun,0.5,content_preferred,2026-04
The Observer,https://observer.ug/business/euro-gold-to-refine-gold-for-bank-of-uganda/,2026-04-09,Euro Gold to refine gold for Bank of Uganda,"Euro Gold Refinery (U) SMC Ltd, Uganda’s first fully locally owned gold refinery, was launched in Kampala in July 2025 by the minister of Energy and Mineral Development, Ruth Nankabirwa.",True,,land_row_dispute,0.32605756444239564,governance_oversight_failure,0.04516288638114929,land_row_dispute,0.5,content_preferred,2026-04
The Observer,https://observer.ug/business/musicians-should-think-beyond-miming-at-kwanjula-and-weddings/,2026-04-01,Musicians should think beyond miming at kwanjula and weddings,"Congolese musicians ruled the airwaves and the stages at Gaba beach, Nakivubo stadium and the beaches of Entebbe.",True,,procurement_irregularity,0.24392959668315842,delay_time_overrun,0.04077233374118805,procurement_irregularity,0.5,content_preferred,2026-04
The Observer,https://observer.ug/business/totalenergies-revamps-lpg-filling-plant-in-jinja/,2026-03-31,TotalEnergies revamps LPG filling plant in Jinja,"The Observer TotalEnergies has commissioned a revamped Liquefied Petroleum Gas (LPG) filling and storage plant in Jinja, aimed at boosting supply of clean cooking energy in Uganda.",True,,delay_time_overrun,0.39480873690287405,payment_financial_dispute,0.12136489152908325,delay_time_overrun,0.5,content_preferred,2026-03
The Observer,https://observer.ug/business/totalenergies-revamps-lpg-filling-plant-in-jinja/,2026-03-31,TotalEnergies revamps LPG filling plant in Jinja,"The facility, originally constructed in 2016 and scheduled to begin operations in 2017, reached full operational completion in December 2025 following refurbishment.",True,,land_row_dispute,0.20625424800733747,delay_time_overrun,0.335686057806015,land_row_dispute,0.5,content_preferred,2026-03
The Observer,https://observer.ug/business/totalenergies-revamps-lpg-filling-plant-in-jinja/,2026-03-31,TotalEnergies revamps LPG filling plant in Jinja,"The upgraded plant is equipped with automated filling technology and enhanced safety systems designed to ensure accurate cylinder filling, prevent leakage and provide tamper-proof sealing.",True,,land_row_dispute,0.16206752562981078,quality_technical_defect,0.1747368723154068,land_row_dispute,0.5,content_preferred,2026-03
The Observer,https://observer.ug/business/totalenergies-revamps-lpg-filling-plant-in-jinja/,2026-03-31,TotalEnergies revamps LPG filling plant in Jinja,"The facility sits on approximately five acres, part of which is currently used for production, with additional space reserved for future expansion.",True,,land_row_dispute,0.18864821291452943,delay_time_overrun,0.16424807906150818,land_row_dispute,0.5,content_preferred,2026-03
The Observer,https://observer.ug/business/totalenergies-revamps-lpg-filling-plant-in-jinja/,2026-03-31,TotalEnergies revamps LPG filling plant in Jinja,"It has a storage capacity of up to 140 tonnes of marketable gas before cylinder filling and can produce more than 40 tonnes per day, up from about 30 tonnes previously.",True,,procurement_irregularity,0.6777813394312968,delay_time_overrun,0.07537594437599182,procurement_irregularity,0.6777813394312968,content_preferred,2026-03
The Observer,https://observer.ug/business/totalenergies-revamps-lpg-filling-plant-in-jinja/,2026-03-31,TotalEnergies revamps LPG filling plant in Jinja,"Daily cylinder output ranges between 40 and 50 tonnes depending on demand, with additional capacity available for other product lines.",True,,procurement_irregularity,0.5088779744580577,quality_technical_defect,0.06442523002624512,procurement_irregularity,0.5088779744580577,content_preferred,2026-03
The Observer,https://observer.ug/business/totalenergies-revamps-lpg-filling-plant-in-jinja/,2026-03-31,TotalEnergies revamps LPG filling plant in Jinja,"Olufemi Babajide, managing director of TotalEnergies Marketing Uganda Limited, said the investment reflects the company’s long-term commitment to supporting Uganda’s energy transition and expanding access to cleaner cooking solutions. “This refurbished plant reaffirms our commitment to deliver quality, reliable and clean energy to Ugandans, especially as the country prepares for local production of LPG in the oil region,” Babajide said.",True,,land_row_dispute,0.4965877628098058,procurement_irregularity,0.11208231747150421,land_row_dispute,0.5,content_preferred,2026-03
The Observer,https://observer.ug/business/totalenergies-revamps-lpg-filling-plant-in-jinja/,2026-03-31,TotalEnergies revamps LPG filling plant in Jinja,"Biova Agbokou, executive vice president for TotalEnergies East and Central Africa, said the expanded facility supports the company’s ambition to provide 100 million people in Africa and India with access to clean cooking by 2030.",True,,land_row_dispute,0.3970004105065676,delay_time_overrun,0.07250213623046875,land_row_dispute,0.5,content_preferred,2026-03
The Observer,https://observer.ug/business/totalenergies-revamps-lpg-filling-plant-in-jinja/,2026-03-31,TotalEnergies revamps LPG filling plant in Jinja,"He noted that wider adoption of LPG could reduce reliance on charcoal and firewood, cut carbon emissions and lower health risks associated with indoor air pollution.",True,,contract_management_failure,0.1248078580705557,governance_oversight_failure,0.07626499235630035,contract_management_failure,0.5,content_preferred,2026-03
The Observer,https://observer.ug/business/totalenergies-revamps-lpg-filling-plant-in-jinja/,2026-03-31,TotalEnergies revamps LPG filling plant in Jinja,"Ben Kagonyera, manager for business development at the Uganda National Oil Company (UNOC), said the commissioning marks an important step in strengthening Uganda’s clean energy supply. “This investment is timely and complements efforts to promote clean cooking solutions and sustainable energy use,” Kagonyera said.",True,,land_row_dispute,0.26135692789143816,payment_financial_dispute,0.13348373770713806,land_row_dispute,0.5,content_preferred,2026-03
The Observer,https://observer.ug/business/totalenergies-revamps-lpg-filling-plant-in-jinja/,2026-03-31,TotalEnergies revamps LPG filling plant in Jinja,"He added that UNOC’s partnership with TotalEnergies in the upstream sector could support future domestic LPG supply once oil production begins. “With the commencement of oil production, gas will also be produced.",True,,land_row_dispute,0.31131241052481873,contract_management_failure,0.14583313465118408,land_row_dispute,0.5,content_preferred,2026-03
The Observer,https://observer.ug/business/totalenergies-revamps-lpg-filling-plant-in-jinja/,2026-03-31,TotalEnergies revamps LPG filling plant in Jinja,"This presents an opportunity for Uganda to supply locally produced gas to its citizens and improve access to LPG,” he said.",True,,land_row_dispute,0.348338236792015,land_row_dispute,0.09589842706918716,land_row_dispute,0.6110591659653005,agree,2026-03
The Observer,https://observer.ug/business/totalenergies-revamps-lpg-filling-plant-in-jinja/,2026-03-31,TotalEnergies revamps LPG filling plant in Jinja,"Kagonyera explained that LPG production will be linked to oil output, with excess gas expected to come on stream once oil production starts.",True,,land_row_dispute,0.3069812403748371,payment_financial_dispute,0.0905882865190506,land_row_dispute,0.5,content_preferred,2026-03
The Observer,https://observer.ug/business/totalenergies-revamps-lpg-filling-plant-in-jinja/,2026-03-31,TotalEnergies revamps LPG filling plant in Jinja,TotalEnergies Marketing Uganda Limited has operated in Uganda since 1955 and currently runs more than 200 service stations across the country.,True,,land_row_dispute,0.29633636026046617,procurement_irregularity,0.06514701247215271,land_row_dispute,0.5,content_preferred,2026-03
The Observer,https://observer.ug/business/totalenergies-revamps-lpg-filling-plant-in-jinja/,2026-03-31,TotalEnergies revamps LPG filling plant in Jinja,Your email address will not be published.,True,,land_row_dispute,0.16206752562981078,procurement_irregularity,0.11131931096315384,land_row_dispute,0.5,content_preferred,2026-03
The Observer,https://observer.ug/business/totalenergies-revamps-lpg-filling-plant-in-jinja/,2026-03-31,TotalEnergies revamps LPG filling plant in Jinja,"Required fields are marked * Comment * Name * Email * Website Save my name, email, and website in this browser for the next time I comment. Δ Sign up and get daily updates right to your inbox.",True,,delay_time_overrun,0.3429546201998245,quality_technical_defect,0.07187946140766144,delay_time_overrun,0.5,content_preferred,2026-03
The Observer,https://observer.ug/business/uganda-has-enough-fuel-stock-until-may-govt/,2026-03-31,Uganda has enough fuel stock until May – govt,"The ministry added that incoming shipments scheduled for April will boost national stocks, with more than 350 million litres of petroleum products expected to arrive through Kenya’s coastal infrastructure.",True,,land_row_dispute,0.06749148602994397,delay_time_overrun,0.13652221858501434,land_row_dispute,0.5,content_preferred,2026-03
The Observer,https://observer.ug/business/economics-of-forgiveness-a-final-chance-to-reset-your-business-debt/,2026-03-29,Economics of forgiveness: A final chance to reset your business debt,"It is, in many ways, a bridge between enforcement and cooperation, a recognition that while compliance is mandatory, achieving it sometimes requires flexibility.",True,,land_row_dispute,0.16206752562981078,governance_oversight_failure,0.2760767340660095,land_row_dispute,0.5,content_preferred,2026-03
The Observer,https://observer.ug/business/investments-in-small-scale-industries-could-lead-to-improved-incomes/,2026-03-29,Investments in small-scale industries could lead to improved incomes,We have always had one international airport at Entebbe and some airfields in many parts of the country.,True,,land_row_dispute,0.21331414004992613,delay_time_overrun,0.020685212686657906,land_row_dispute,0.5,content_preferred,2026-03
The Observer,https://observer.ug/business/investments-in-small-scale-industries-could-lead-to-improved-incomes/,2026-03-29,Investments in small-scale industries could lead to improved incomes,Construction of an international airport is underway in Kabaale just outside Hoima ostensibly to support the oil and gas sector.,True,,land_row_dispute,0.2907803441993912,delay_time_overrun,0.13093718886375427,land_row_dispute,0.5,content_preferred,2026-03
The Observer,https://observer.ug/business/investments-in-small-scale-industries-could-lead-to-improved-incomes/,2026-03-29,Investments in small-scale industries could lead to improved incomes,The proposers of the airport claim that this is an existing gap.,True,,land_row_dispute,0.32603604220991717,delay_time_overrun,0.2897990345954895,land_row_dispute,0.5,content_preferred,2026-03
The Observer,https://observer.ug/business/investments-in-small-scale-industries-could-lead-to-improved-incomes/,2026-03-29,Investments in small-scale industries could lead to improved incomes,I am also not sure whether it makes sense to build an international airport whose main business is refueling flights from South America.,True,,land_row_dispute,0.23754946724012357,delay_time_overrun,0.09006432443857193,land_row_dispute,0.5,content_preferred,2026-03
The Observer,https://observer.ug/business/investments-in-small-scale-industries-could-lead-to-improved-incomes/,2026-03-29,Investments in small-scale industries could lead to improved incomes,What else caused debate was the release of the artistic impressions of the Nyakisharara airport.,True,,land_row_dispute,0.16206752562981078,land_row_dispute,0.17774927616119385,land_row_dispute,0.5849542004477511,agree,2026-03
The Observer,https://observer.ug/business/investments-in-small-scale-industries-could-lead-to-improved-incomes/,2026-03-29,Investments in small-scale industries could lead to improved incomes,Some people claimed the airport looked exactly the same as one somewhere in the Middle East.,True,,land_row_dispute,0.3135331689816443,delay_time_overrun,0.06329743564128876,land_row_dispute,0.5,content_preferred,2026-03
The Observer,https://observer.ug/business/investments-in-small-scale-industries-could-lead-to-improved-incomes/,2026-03-29,Investments in small-scale industries could lead to improved incomes,The infrastructure is poor enabling only small aircraft to operate at these fields.,True,,land_row_dispute,0.17213959420230993,quality_technical_defect,0.1602277159690857,land_row_dispute,0.5,content_preferred,2026-03
The Observer,https://observer.ug/business/namananga-forest-on-brink-and-race-to-save-it/,2026-03-26,Namananga forest on brink and race to save it,"The Observer At the edge of Kayunga district lies the 459-hectare Namananga forest reserve, a once- thriving ecosystem now heavily degraded by charcoal burning, firewood harvesting, and encroachment for construction.",True,,land_row_dispute,0.5861081725895374,land_row_dispute,0.13672620058059692,land_row_dispute,0.6807085932925336,agree,2026-03
The Observer,https://observer.ug/business/namananga-forest-on-brink-and-race-to-save-it/,2026-03-26,Namananga forest on brink and race to save it,"In an effort to restore the degraded landscape, the National Forestry Authority (NFA), in partnership with Uganda Breweries Limited (UBL) and Rotary Club, has launched a Shs 372 million forest restoration project aimed at planting 80,000 indigenous trees.",True,,procurement_irregularity,0.3312299070495861,land_row_dispute,0.14078646898269653,procurement_irregularity,0.5,content_preferred,2026-03
The Observer,https://observer.ug/business/namananga-forest-on-brink-and-race-to-save-it/,2026-03-26,Namananga forest on brink and race to save it,The trees we plant today will do far more than grow into forests.,True,,land_row_dispute,0.16206752562981078,delay_time_overrun,0.1159665659070015,land_row_dispute,0.5,content_preferred,2026-03
The Observer,https://observer.ug/business/namananga-forest-on-brink-and-race-to-save-it/,2026-03-26,Namananga forest on brink and race to save it,"A small seed becomes a tree, a stream becomes a river, and small actions taken together create lasting change,” she said. “As we plant trees, we are doing something simple yet powerful investing in the future of our environment and the well-being of communities that depend on it.” She noted that the company’s operations are closely tied to Uganda’s natural resources, including water and agricultural inputs such as barley, sorghum, and maize, all of which depend on a healthy ecosystem. “True conservation succeeds when organizations, businesses, and communities work together, including the dedicated eco-champions and local communities who protect these forests every day,” she added.",True,,land_row_dispute,0.28083677005838464,land_row_dispute,0.20580139756202698,land_row_dispute,0.6216595419051029,agree,2026-03
The Observer,https://observer.ug/news/wolokoso-kadaga-visitors-worry-busoga-mps/,2016-11-22,Wolokoso: Kadaga visitors worry Busoga MPs,Honourable Sabiiti’s ‘conflict of interest’ Last week was not easy for works minister Monica Azuba Ntege.,True,,quality_technical_defect,0.4392079799531129,contract_management_failure,0.2612898349761963,quality_technical_defect,0.5,content_preferred,2016-11
The Observer,https://observer.ug/news/wolokoso-kadaga-visitors-worry-busoga-mps/,2016-11-22,Wolokoso: Kadaga visitors worry Busoga MPs,"But neither was it smooth sailing for Engineer Denis Sabiiti, who chairs parliament’s physical infrastructure committee.",True,,governance_oversight_failure,0.32225524765028823,procurement_irregularity,0.22432664036750793,governance_oversight_failure,0.5,content_preferred,2016-11
The Observer,https://observer.ug/news/wolokoso-kadaga-visitors-worry-busoga-mps/,2016-11-22,Wolokoso: Kadaga visitors worry Busoga MPs,"Before becoming Rubanda West MP, Sabiiti worked in the ministry of works.",True,,governance_oversight_failure,0.2863166509102935,governance_oversight_failure,0.09818676114082336,governance_oversight_failure,0.5961258530127792,agree,2016-11
The Observer,https://observer.ug/news/wolokoso-kadaga-visitors-worry-busoga-mps/,2016-11-22,Wolokoso: Kadaga visitors worry Busoga MPs,Minister: at least let me finish my tea Monica Azuba Ntege is really the minister for works.,True,,quality_technical_defect,0.38416080010306636,delay_time_overrun,0.11990450322628021,quality_technical_defect,0.5,content_preferred,2016-11
The Observer,https://observer.ug/news/wolokoso-kadaga-visitors-worry-busoga-mps/,2016-11-22,Wolokoso: Kadaga visitors worry Busoga MPs,I mean the minister works so hard she can hardly find time for a bottle of water let alone breakfast at home.,True,,land_row_dispute,0.4173658811675827,delay_time_overrun,0.07982876896858215,land_row_dispute,0.5,content_preferred,2016-11
The Observer,https://observer.ug/news/wolokoso-kadaga-visitors-worry-busoga-mps/,2016-11-22,Wolokoso: Kadaga visitors worry Busoga MPs,"This was the impression you got last week, when the honourable minister met parliament’s committee on physical infrastructure.",True,,land_row_dispute,0.39066663113582456,delay_time_overrun,0.16213549673557281,land_row_dispute,0.5,content_preferred,2016-11
The Observer,https://observer.ug/news/wolokoso-kadaga-visitors-worry-busoga-mps/,2016-11-22,Wolokoso: Kadaga visitors worry Busoga MPs,"Otherwise, our hardworking works minister could have collapsed on the way to the next meeting.",True,quality_technical_defect,quality_technical_defect,0.46805990934222225,governance_oversight_failure,0.25843289494514465,quality_technical_defect,0.5,content_preferred,2016-11
The Observer,https://observer.ug/news/israel-dumps-eritrea-sudan-refugees-in-uganda-rwanda/,2016-11-25,"Israel dumps Eritrea, Sudan refugees in Uganda, Rwanda","Now Al Jazeera has landed on ‘evidence’ in form of Eritreans who claim to have been part of this secret deal, as RYAN BROWN reports: Kampala, Uganda – The sky was still an inky black when the flight from Cairo touched down at Entebbe airport near Kampala, the capital of Uganda, one morning in mid-January, the fluorescent glow spilling from the small terminal providing the only source of light.",True,,land_row_dispute,0.3564328345949647,land_row_dispute,0.11622224748134613,land_row_dispute,0.6181637705190777,agree,2016-11
The Observer,https://observer.ug/news/israel-dumps-eritrea-sudan-refugees-in-uganda-rwanda/,2016-11-25,"Israel dumps Eritrea, Sudan refugees in Uganda, Rwanda","Without a glance from the border patrol officers, he led them around the queue, to the baggage claim where their luggage awaited, and then out of the airport’s sliding-glass doors.",True,,land_row_dispute,0.27100767335162,contract_management_failure,0.09433475881814957,land_row_dispute,0.5,content_preferred,2016-11
The Observer,https://observer.ug/news/israel-dumps-eritrea-sudan-refugees-in-uganda-rwanda/,2016-11-25,"Israel dumps Eritrea, Sudan refugees in Uganda, Rwanda","Often, those who were resettled dispute whether they truly had a choice.",True,,land_row_dispute,0.16206752562981078,contract_management_failure,0.4055112600326538,contract_management_failure,0.5,semantic_override,2016-11
The Observer,https://observer.ug/news/israel-dumps-eritrea-sudan-refugees-in-uganda-rwanda/,2016-11-25,"Israel dumps Eritrea, Sudan refugees in Uganda, Rwanda","According to Interior Minister Gilad Erdan, the voluntary resettlement plan had “encourage[d] infiltrators to leave the borders of the state of Israel honourably and safely”.",True,land_row_dispute,land_row_dispute,0.4105291831093973,land_row_dispute,0.19615790247917175,land_row_dispute,0.6516717713971423,agree,2016-11
The Observer,https://observer.ug/news/we-forced-dr-besigye-to-stand-in-2016-ssemujju/,2016-11-25,We forced Dr Besigye to stand in 2016 – Ssemujju,"Besigye took the FDC flag to The Democratic Alliance (TDA), a loose coalition of opposition political parties where he was abandoned by some of the DP politicians previously allied to the Ssuubi group.",True,,land_row_dispute,0.1824562653587045,governance_oversight_failure,0.18389716744422913,land_row_dispute,0.5,content_preferred,2016-11
The Observer,https://observer.ug/news/un-pins-uganda-for-selling-weapons-to-south-sudan/,2016-11-25,UN pins Uganda for selling weapons to South Sudan,"However, the peace agreement crumbled just three months into its implementation after rival forces loyal to Kiir and Machar clashed in Juba, resulting in more killings and displacement of South Sudanese both within and without the country.",True,,procurement_irregularity,0.2373671826284335,land_row_dispute,0.2446351945400238,procurement_irregularity,0.5,content_preferred,2016-11
The Observer,https://observer.ug/business/business-business/ubl-starts-shs-300m-sanitation-project-for-nakawa-traders/,2016-11-25,UBL starts Shs 300m sanitation project for Nakawa traders,The Observer Uganda Breweries Limited on Wednesday launched a sanitation project that will see the brewery construct public sanitation facilities for traders around Port Bell and Kirombe areas in Nakawa division.,True,,procurement_irregularity,0.35993855363033533,land_row_dispute,0.11259988695383072,procurement_irregularity,0.5,content_preferred,2016-11
The Observer,https://observer.ug/business/business-business/ubl-starts-shs-300m-sanitation-project-for-nakawa-traders/,2016-11-25,UBL starts Shs 300m sanitation project for Nakawa traders,Present at the ground- breaking ceremony was Nakawa MP Michael Kabaziguruka and Nakawa mayor Ronald Balimwezo.,True,,quality_technical_defect,0.2535369381718386,land_row_dispute,0.08739545941352844,quality_technical_defect,0.5,content_preferred,2016-11
The Observer,https://observer.ug/business/business-business/ubl-starts-shs-300m-sanitation-project-for-nakawa-traders/,2016-11-25,UBL starts Shs 300m sanitation project for Nakawa traders,"The three-month project, which is part of UBL’s “Water of Life” initiative, will cost Shs 300 million and more than 15,000 households are set to benefit.",True,,procurement_irregularity,0.3360802933390514,delay_time_overrun,0.217770516872406,procurement_irregularity,0.5,content_preferred,2016-11
The Observer,https://observer.ug/business/business-business/ubl-starts-shs-300m-sanitation-project-for-nakawa-traders/,2016-11-25,UBL starts Shs 300m sanitation project for Nakawa traders,"The project will not only reduce water pollution in the area but also decrease the rampant hygiene-related disease outbreaks amongst the residents, traders and fisher- men of Port Bell and Kirombe villages.",True,,procurement_irregularity,0.3589317870558651,land_row_dispute,0.15293869376182556,procurement_irregularity,0.5,content_preferred,2016-11
The Observer,https://observer.ug/business/business-business/ubl-starts-shs-300m-sanitation-project-for-nakawa-traders/,2016-11-25,UBL starts Shs 300m sanitation project for Nakawa traders,Balimwezo commended UBL for the initiative. “We ought to work with the private sector more often to improve the livelihood of Ugandans.,True,,land_row_dispute,0.16206752562981078,land_row_dispute,0.13873262703418732,land_row_dispute,0.5752000381659995,agree,2016-11
The Observer,https://observer.ug/business/business-business/ubl-starts-shs-300m-sanitation-project-for-nakawa-traders/,2016-11-25,UBL starts Shs 300m sanitation project for Nakawa traders,This gesture by UBL is a demonstration of a good responsibility that should be emulated by other business entities.” Sign up and get daily updates right to your inbox.,True,,delay_time_overrun,0.360691642962857,contract_management_failure,0.07625941187143326,delay_time_overrun,0.5,content_preferred,2016-11
The Observer,https://observer.ug/news/ubos-report-poverty-gets-worse-up-north/,2016-11-28,Ubos report: Poverty gets worse up North,Ubos follows up the same households and the individuals for some years to understand the variation over the years in their livelihoods in terms of income and expenditure.,True,,land_row_dispute,0.34707398887574464,contract_management_failure,0.11288249492645264,land_row_dispute,0.5,content_preferred,2016-11
The Observer,https://observer.ug/business/business-business/fao-lands-ministry-push-for-land-registration/,2016-11-28,"FAO, lands ministry push for land registration","Amongi added that the pilot project in Kasese has demonstrated that implementation of CCOs is within reach in Uganda, opening the way for nationwide rollout. “There will be need to support government to enforce this system in all districts to ensure that it adapts to the different circumstances and specific challenges that may arise,” she said.",True,,procurement_irregularity,0.5805170500510096,governance_oversight_failure,0.22154361009597778,procurement_irregularity,0.5805170500510096,content_preferred,2016-11
The Observer,https://observer.ug/business/business-business/government-plans-for-more-mini-power-dams/,2016-11-28,Government plans for more mini power dams,"PLANNED INVESTMENTS Bena said that a firm, Absolute Energy Ltd, has obtained a letter of intent from government to set up a 230kW PV mini-grid pilot project on Kitobo island on Lake Victoria.",True,,land_row_dispute,0.6624215502396417,contract_management_failure,0.14972689747810364,land_row_dispute,0.6624215502396417,content_preferred,2016-11
The Observer,https://observer.ug/news/police-build-post-to-protect-prisons-boss-disputed-land/,2016-11-28,Police build post to protect prisons boss’ disputed land,The residents claim that President Museveni compensated them with the land following their eviction from different parts of Kampala to pave way for the city’s expansion.,True,land_row_dispute,land_row_dispute,0.5027571441234197,land_row_dispute,0.30680784583091736,land_row_dispute,0.7023912474885843,agree,2016-11
The Observer,https://observer.ug/news/police-build-post-to-protect-prisons-boss-disputed-land/,2016-11-28,Police build post to protect prisons boss’ disputed land,"According to Kampala Metropolitan Police spokesperson, Emilian Kayima, the heavy clashes between Kururagyire’s employees and local residents left police with no option but to come out in full force. “The structure under construction is for the officers who will be protecting that place,” he said. “In that area, it is known for land grabbers to occupy land in the name of whoever they say has given them the authority to use the land.” CONFLICTING ACCOUNTS The decision to construct the police post was prompted by the most recent clash, which took place on October 25.",True,,land_row_dispute,0.5602291977286971,land_row_dispute,0.2717747688293457,land_row_dispute,0.7080009916395107,agree,2016-11
The Observer,https://observer.ug/news/police-build-post-to-protect-prisons-boss-disputed-land/,2016-11-28,Police build post to protect prisons boss’ disputed land,"But Edirisa Mukasa, the leader of the group with whom Kururagyire is fighting for the land, says they too have a legal claim over the property. “We were given this land after Kampala developed its expansion and we got affected.",True,,land_row_dispute,0.5786920785683803,land_row_dispute,0.3638492226600647,land_row_dispute,0.7356353253071113,agree,2016-11
The Observer,https://observer.ug/news/police-build-post-to-protect-prisons-boss-disputed-land/,2016-11-28,Police build post to protect prisons boss’ disputed land,"COUNTER ACCUSATIONS Mukasa believes that top government officials that include Kururagyire, Wakiso RDC Ian Kyeyune and senior police officers want to claim the land so that they can receive compensation when construction of the standard gauge railway starts. “RDC Kyeyune came to me – he was driving a double-cabin pickup [truck] – and asked me to keep quiet about the land.",True,land_row_dispute,land_row_dispute,0.5571260030244767,land_row_dispute,0.30383723974227905,land_row_dispute,0.715240810691689,agree,2016-11
The Observer,https://observer.ug/news/mawale-village-where-amin-museveni-histories-collide/,2016-11-28,"Mawale village, where Amin Museveni histories collide",The residents say that President Museveni has completed plans to construct an army barracks at the site of Mondlane guerilla camp and NRM/A Military High Command at Kitema in Mawale.,True,,land_row_dispute,0.5304184634097854,delay_time_overrun,0.07639474421739578,land_row_dispute,0.5304184634097854,content_preferred,2016-11
The Observer,https://observer.ug/news/mawale-village-where-amin-museveni-histories-collide/,2016-11-28,"Mawale village, where Amin Museveni histories collide","The colonial-period Nubians at Mawale used to borrow pieces of Mailo land from Baganda Landlords to plant cotton but, unlike the Luo who were charged half of harvest, the Nubians paid one third of the harvest.",True,,land_row_dispute,0.3517123093352904,procurement_irregularity,0.163571298122406,land_row_dispute,0.5,content_preferred,2016-11
The Observer,https://observer.ug/news/mawale-village-where-amin-museveni-histories-collide/,2016-11-28,"Mawale village, where Amin Museveni histories collide","Finally, the three old residents talked about the Mawale sons, Baganda and Nubians that became rich in Kampala in 1973 from allocation of businesses abandoned by departing Asians expelled by Amin.",True,,land_row_dispute,0.38453380764639294,land_row_dispute,0.1486499011516571,land_row_dispute,0.6332959271995126,agree,2016-11
The Observer,https://observer.ug/news/anite-defies-kasaija-over-uegcl-top-job/,2016-11-28,Anite defies Kasaija over UEGCL top job,"Or is it because Njuki is from a different region?” Anite threw another spanner in the works, questioning Katusiime’s suitability for the job.",True,,delay_time_overrun,0.4465484185780831,contract_management_failure,0.14183969795703888,delay_time_overrun,0.5,content_preferred,2016-11
The Observer,https://observer.ug/news/anite-defies-kasaija-over-uegcl-top-job/,2016-11-28,Anite defies Kasaija over UEGCL top job,"BIG DEALS AT STAKE Among other things, UEGCL is in charge of managing two headline power dam projects under construction.",True,,contract_management_failure,0.22663770660032567,land_row_dispute,0.1731092780828476,contract_management_failure,0.5,content_preferred,2016-11
The Observer,https://observer.ug/news/anite-defies-kasaija-over-uegcl-top-job/,2016-11-28,Anite defies Kasaija over UEGCL top job,"These are the 600MW Karuma dam, which will cost $1.7bn, and the 183MW Isimba dam that will cost $570m.",True,,land_row_dispute,0.16206752562981078,procurement_irregularity,0.11095713078975677,land_row_dispute,0.5,content_preferred,2016-11
The Observer,https://observer.ug/business/new-land-electronic-card-will-fight-fraud-buganda/,2016-11-30,New land electronic card will fight fraud – Buganda,"But like I said, the project will open up more upcountry centres and the capacity will increase.",True,,procurement_irregularity,0.577393131991901,delay_time_overrun,0.22604155540466309,procurement_irregularity,0.577393131991901,content_preferred,2016-11
The Observer,https://observer.ug/business/banks-ordered-to-install-in-country-data-centers/,2016-11-30,Banks ordered to install in-country data centers,A disaster recovery (DR) site is a facility an organization can use to recover and restore its technology infrastructure and operations when its primary data center becomes unavailable.,True,,land_row_dispute,0.18723420506425892,quality_technical_defect,0.19795995950698853,land_row_dispute,0.5,content_preferred,2016-11
The Observer,https://observer.ug/business/banks-ordered-to-install-in-country-data-centers/,2016-11-30,Banks ordered to install in-country data centers,"A couple of the banks outsource IT infrastructure. “We trust that Stanchart is fast-tracking the implementation of the data center and disaster recovery site and that the PRA will strongly encourage Standard Chartered Bank Plc. to ensure that its subsidiary fully complies with this directive,” Kasekende said.",True,,land_row_dispute,0.24497814932741943,governance_oversight_failure,0.22714075446128845,land_row_dispute,0.5,content_preferred,2016-11
The Observer,https://observer.ug/news/kasese-religious-leaders-call-for-end-to-the-bloodshed/,2016-11-30,Kasese: Religious leaders call for end to the bloodshed,"Speaking at a press conference on Monday, Joshua Kitakule, the IRCU secretary general, blamed the conflict on lack of implementation of government programmes and high poverty rates in the region.",True,,land_row_dispute,0.5095361683067093,governance_oversight_failure,0.36681246757507324,land_row_dispute,0.5095361683067093,content_preferred,2016-11
The Observer,https://observer.ug/news/citizens-challenge-appointment-of-mps-to-cabinet/,2016-11-30,Citizens challenge appointment of MPs to cabinet,The petitioners want the court to rule that MPs who are appointed to cabinet but refuse to resign from their role as legislators are in breach of several provisions of the Constitution.,True,,land_row_dispute,0.23636546098805378,contract_management_failure,0.31544065475463867,land_row_dispute,0.5,content_preferred,2016-11
The Observer,https://observer.ug/news/inspectorate-of-government-loses-shs-18-4m-as-mps-shun-meeting/,2016-11-30,Inspectorate of government loses Shs 18.4m as MPs shun meeting,"Recently, the Parliamentary committee on Commissions, Statutory Authorities and State Enterprises (Cosase) found that government had lost Shs 60bn to Chinese contractors through compensation of persons affected by road construction projects.",True,land_row_dispute,land_row_dispute,0.7131778840312804,payment_financial_dispute,0.3424755334854126,land_row_dispute,0.7131778840312804,content_preferred,2016-11
The Observer,https://observer.ug/news/otunnu-family-seeks-shs-2bn-from-museveni/,2016-11-30,Otunnu family seeks Shs 2bn from Museveni,The Observer The family of former UPC leader Olara Otunnu has appealed to President Museveni to help them get compensation for property lost during the insurgency that followed his government’s rise to power.,True,land_row_dispute,land_row_dispute,0.5152471847477221,land_row_dispute,0.2325456440448761,land_row_dispute,0.6869482071981495,agree,2016-11
The Observer,https://observer.ug/news/otunnu-family-seeks-shs-2bn-from-museveni/,2016-11-30,Otunnu family seeks Shs 2bn from Museveni,"Kamukama told us last week that Ogenga should utilise the ongoing government compensation programme targeting people who lost property during the LRA insurgency in northern Uganda and other parts of the country. “If his claims have been verified, I advise him to contact the ministry of Justice and Constitutional Affairs which is handling the process to know his fate,” she said.",True,land_row_dispute,land_row_dispute,0.5448931408601183,land_row_dispute,0.3124963045120239,land_row_dispute,0.7143473613430356,agree,2016-11
The Observer,https://observer.ug/news/otunnu-family-seeks-shs-2bn-from-museveni/,2016-11-30,Otunnu family seeks Shs 2bn from Museveni,"According to the letter, the family wants Shs 1 billion as compensation for four buses that were lost during the insurgency.",True,land_row_dispute,land_row_dispute,0.5397642033230323,land_row_dispute,0.2094394564628601,land_row_dispute,0.687300914946473,agree,2016-11
The Observer,https://observer.ug/news/otunnu-family-seeks-shs-2bn-from-museveni/,2016-11-30,Otunnu family seeks Shs 2bn from Museveni,"There is also a Mercedes Benz estimated at Shs 200 million, which he says was forcefully stolen by an NRA officer in Gulu. “Many people can verify the claim because my parents drove the car [Benz] for nearly two years in Gulu and Kitgum [districts],” he notes.",True,,land_row_dispute,0.5207518838710258,land_row_dispute,0.15019965171813965,land_row_dispute,0.6677378838972914,agree,2016-11
The Observer,https://observer.ug/news/otunnu-family-seeks-shs-2bn-from-museveni/,2016-11-30,Otunnu family seeks Shs 2bn from Museveni,"In the telephone interview, Ogenga said he had not wanted to make the matter public but after years of unsuccessfully trying to seek compensation as well as audience with the president, he decided to come out. “I want a negotiated agreement.",True,land_row_dispute,land_row_dispute,0.39597864827381185,procurement_irregularity,0.30119243264198303,land_row_dispute,0.5,content_preferred,2016-11
The Observer,https://observer.ug/news/mumbere-charged-as-kasese-killings-raise-more-questions/,2016-11-30,Mumbere charged as Kasese killings raise more questions,Still in dispute is the number of people who have died so far.,True,,land_row_dispute,0.3135331689816443,land_row_dispute,0.15242601931095123,land_row_dispute,0.6164897970731489,agree,2016-11
The Observer,https://observer.ug/news/mps-blame-museveni-for-kasese-clashes/,2016-11-30,MPs blame Museveni for Kasese clashes,"His Busongora South counterpart Jackson Mbadi, a former minister in the Rwenzururu kingdom, also disputed Odongo’s claim that the royal guards were recruited and trained by the Omusinga Charles Wesley Mumbere.",True,,land_row_dispute,0.27558586548813613,governance_oversight_failure,0.12587469816207886,land_row_dispute,0.5,content_preferred,2016-11
The Observer,https://observer.ug/news/kadaga-names-mps-to-probe-utl/,2016-12-02,Kadaga names MPs to probe Utl,The Observer Speaker Rebecca Kadaga has named a seven-member select committee to investigate the mismanagement of the Uganda Telecom Company (UTL).,True,governance_oversight_failure,governance_oversight_failure,0.5114522692752037,governance_oversight_failure,0.1874675750732422,governance_oversight_failure,0.6747299610871115,agree,2016-12
The Observer,https://observer.ug/news/new-anti-narcotics-law-begins-to-bite/,2016-12-02,New anti-narcotics law begins to bite,"On Wednesday, police at Entebbe international airport arrested two suspects, a mother and daughter, who were found with heroin worth Shs 2.6 billion.",True,,land_row_dispute,0.2568273519618767,procurement_irregularity,0.03192232549190521,land_row_dispute,0.5,content_preferred,2016-12
The Observer,https://observer.ug/news/new-anti-narcotics-law-begins-to-bite/,2016-12-02,New anti-narcotics law begins to bite,Kayima added that this is the second time in two weeks that police is arresting foreigners with heroin at the airport.,True,,land_row_dispute,0.240726502377862,delay_time_overrun,0.12981414794921875,land_row_dispute,0.5,content_preferred,2016-12
The Observer,https://observer.ug/news/new-anti-narcotics-law-begins-to-bite/,2016-12-02,New anti-narcotics law begins to bite,"According to Tinka, the next big challenge that Uganda needs to tackle is the lack of rehabilitation policy that would help former drug users who want to clean up their act. zurah@observer.ug Sign up and get daily updates right to your inbox.",True,,delay_time_overrun,0.4836986831508169,governance_oversight_failure,0.23827263712882996,delay_time_overrun,0.5,content_preferred,2016-12
The Observer,https://observer.ug/news/why-rwenzori-region-is-trapped-in-chronic-violence/,2016-12-02,Why Rwenzori region is trapped in chronic violence,"The later colonial period also saw the creation of forest reserves and national parks in the region, resulting in the forcible eviction of many prior residents.",True,land_row_dispute,land_row_dispute,0.4476228510731555,land_row_dispute,0.22209793329238892,land_row_dispute,0.6674301960913861,agree,2016-12
The Observer,https://observer.ug/news/why-rwenzori-region-is-trapped-in-chronic-violence/,2016-12-02,Why Rwenzori region is trapped in chronic violence,"Local leaders reject accusations of unequal provision of services and point out that “there have been deliberate efforts to implement projects in areas of Banyabindi and Basongora communities, such as the construction of valley dams for cattle keepers who are Basongora.” Another “layer” of cultural identity stimulates conflicts amongst the Bakonzo themselves.",True,,delay_time_overrun,0.28079242735766685,land_row_dispute,0.2629384994506836,delay_time_overrun,0.5,content_preferred,2016-12
The Observer,https://observer.ug/news/why-rwenzori-region-is-trapped-in-chronic-violence/,2016-12-02,Why Rwenzori region is trapped in chronic violence,A large sum of money for the construction of the leader’s palace was also allegedly stolen.,True,,land_row_dispute,0.21151725367452323,procurement_irregularity,0.21992816030979156,land_row_dispute,0.5,content_preferred,2016-12
The Observer,https://observer.ug/news/why-rwenzori-region-is-trapped-in-chronic-violence/,2016-12-02,Why Rwenzori region is trapped in chronic violence,"The police intervened, and while the Basongora claim not to have reacted violently, they remain offended and demand an apology from the Bakonzo as the first step towards restoring peace in the region, short of which, in the words of the head of the cultural institution, conflict “will remain a chronic disease”.",True,,land_row_dispute,0.3583295323666291,land_row_dispute,0.2904279828071594,land_row_dispute,0.6621893787934472,agree,2016-12
The Observer,https://observer.ug/news/why-the-state-struggles-to-nail-murder-suspects/,2016-12-02,Why the state struggles to nail murder suspects,"This view; is shared by another criminal lawyer, Isaac Walukagga, who works with MMAKS Advocates.",True,,delay_time_overrun,0.29294870398814615,land_row_dispute,0.21155641973018646,delay_time_overrun,0.5,content_preferred,2016-12
The Observer,https://observer.ug/news/tracing-uganda-s-unresolved-murders/,2016-12-02,Tracing Uganda’s unresolved murders,"After “re-evaluating evidence,” Justice Mukasa ruled that Kalungi tried his level best as a lay person, in his capacity as a procurement specialist, and administered first aid to Nebanda.",True,procurement_irregularity,procurement_irregularity,0.5929641001160075,governance_oversight_failure,0.20102903246879578,procurement_irregularity,0.5929641001160075,content_preferred,2016-12
The Observer,https://observer.ug/news/tracing-uganda-s-unresolved-murders/,2016-12-02,Tracing Uganda’s unresolved murders,The flamboyant Kananura was then arrested at Entebbe airport on his return from the UK.,True,,land_row_dispute,0.16206752562981078,land_row_dispute,0.04820183292031288,land_row_dispute,0.5525673396375309,agree,2016-12
The Observer,https://observer.ug/news/wolokoso-nambooze-scares-mps-off-alcohol/,2016-12-05,Wolokoso: Nambooze scares MPs off alcohol,"When Hon Nandala suspected Byandala For the feasibility study and designs of Entebbe Expressway, Chinese officials said last week, $15m was used.",True,,land_row_dispute,0.25965764609042175,procurement_irregularity,0.1997785121202469,land_row_dispute,0.5,content_preferred,2016-12
The Observer,https://observer.ug/news/wolokoso-nambooze-scares-mps-off-alcohol/,2016-12-05,Wolokoso: Nambooze scares MPs off alcohol,"This was revealed by the China Communications Construction Company (CCCC) managing director, Zhong Wei Dong, when he appeared before the Committee on commissions, Statutory Authorities and State Enterprises (Cosase).",True,,land_row_dispute,0.45601112959673756,payment_financial_dispute,0.2014947384595871,land_row_dispute,0.5,content_preferred,2016-12
The Observer,https://observer.ug/news/wolokoso-nambooze-scares-mps-off-alcohol/,2016-12-05,Wolokoso: Nambooze scares MPs off alcohol,"Hearing the eyebrow-raising figure, former works minister and now committee member Abraham Byandala asked: “Did you say $15m or it was $1.5m?” This forced Budadiri West MP Nathan Nandala-Mafabi onto his feet: “But you Byandala, haven’t you heard him say $15m?",True,,governance_oversight_failure,0.4002210948194546,contract_management_failure,0.1442464143037796,governance_oversight_failure,0.5,content_preferred,2016-12
The Observer,https://observer.ug/news/kasese-crops-versus-cattle-and-the-politics-of-kingdoms/,2016-12-05,"Kasese: Crops versus cattle, and the politics of kingdoms","The Basongora, for instance, claim to be one of the oldest kingdoms in the region, with a chronology of 23 kings, which was forcefully absorbed by its neighbours.",True,,land_row_dispute,0.39387256625725087,contract_management_failure,0.04546531289815903,land_row_dispute,0.5,content_preferred,2016-12
The Observer,https://observer.ug/news/kasese-crops-versus-cattle-and-the-politics-of-kingdoms/,2016-12-05,"Kasese: Crops versus cattle, and the politics of kingdoms","They are proud of a genealogy which they claim makes them one of the oldest indigenous communities inhabiting the rift valley and the foothills of what is now known as the Rwenzori mountains, long before the colonial era.",True,,land_row_dispute,0.32603604220991717,land_row_dispute,0.13238956034183502,land_row_dispute,0.614606400637938,agree,2016-12
The Observer,https://observer.ug/news/kasese-crops-versus-cattle-and-the-politics-of-kingdoms/,2016-12-05,"Kasese: Crops versus cattle, and the politics of kingdoms","They also claim that the Bakonzo later migrated and were accommodated by the Basongora, eventually relocating to the mountains while the lowland grazing areas were called ‘busongora’ from which the ethnic group derives its name.",True,,land_row_dispute,0.33789419993942854,land_row_dispute,0.12936583161354065,land_row_dispute,0.6168150078882423,agree,2016-12
The Observer,https://observer.ug/news/kasese-crops-versus-cattle-and-the-politics-of-kingdoms/,2016-12-05,"Kasese: Crops versus cattle, and the politics of kingdoms","With time, the Bakonzo, aided by their larger numbers, came to believe, according to the Basongora interviewed, that they were the original inhabitants of the region, a claim that has fuelled conflicts with their neighbours: “Many young Bakonzo believe that the Basongora never existed before and are an invasion force”.",True,,land_row_dispute,0.7496101488162381,land_row_dispute,0.12237434834241867,land_row_dispute,0.7179961242896642,agree,2016-12
The Observer,https://observer.ug/news/kasese-crops-versus-cattle-and-the-politics-of-kingdoms/,2016-12-05,"Kasese: Crops versus cattle, and the politics of kingdoms",The Banyabindi also claim to have welcomed the Bakonzo in their midst.,True,,land_row_dispute,0.32603604220991717,land_row_dispute,0.1637876182794571,land_row_dispute,0.6224559151223436,agree,2016-12
The Observer,https://observer.ug/news/kasese-crops-versus-cattle-and-the-politics-of-kingdoms/,2016-12-05,"Kasese: Crops versus cattle, and the politics of kingdoms","The expectation of valuable oil resources in the lowlands is a further source of friction, as it is accompanied by claims of ownership and demands for compensation.",True,land_row_dispute,land_row_dispute,0.3862195708541035,contract_management_failure,0.2522953450679779,land_row_dispute,0.5,content_preferred,2016-12
The Observer,https://observer.ug/news/news-news/meet-mfumukeko-former-refugee-at-the-helm-of-eac/,2016-12-05,"Meet Mfumukeko, former refugee at the helm of EAC","So, I went to campus, we had a guide actually from the airport and he could speak French.",True,,land_row_dispute,0.16206752562981078,delay_time_overrun,0.07045237720012665,land_row_dispute,0.5,content_preferred,2016-12
The Observer,https://observer.ug/news/news-news/meet-mfumukeko-former-refugee-at-the-helm-of-eac/,2016-12-05,"Meet Mfumukeko, former refugee at the helm of EAC",I was given a one-year contract to stay as a UN employee for Burundi.,True,,procurement_irregularity,0.2455533414720166,procurement_irregularity,0.1946173906326294,procurement_irregularity,0.6100426830261615,agree,2016-12
The Observer,https://observer.ug/news/news-news/museveni-mpuuga-faceoff-over-wealth-creation/,2016-12-05,"Museveni, Mpuuga faceoff over wealth Creation","Before an audience that turned up for the commissioning of the newly-constructed Shs13 billion market at Nyendo in Masaka Municipality, Mpuuga openly criticised NRM’s flagship project, Operation Wealth Creation (OWC), which he said was unlikely to get people out of poverty. “As a leader, I don’t understand it when I see OWC trucks bringing orange seedlings to Masaka.",True,,land_row_dispute,0.4834217969831008,procurement_irregularity,0.18673399090766907,land_row_dispute,0.5,content_preferred,2016-12
The Observer,https://observer.ug/news/news-news/museveni-mpuuga-faceoff-over-wealth-creation/,2016-12-05,"Museveni, Mpuuga faceoff over wealth Creation","Traditionally, we plant such on the boundaries of our gardens for the children to eat,” Mpuuga said.",True,,land_row_dispute,0.32417724635491574,land_row_dispute,0.05246099829673767,land_row_dispute,0.5941595611629134,agree,2016-12
The Observer,https://observer.ug/news/news-news/museveni-mpuuga-faceoff-over-wealth-creation/,2016-12-05,"Museveni, Mpuuga faceoff over wealth Creation","The zoning was intended to provide information and guidance for agricultural investment to local governments and individual farmers, but Mpuuga said NRM vulgarised the programme. “I was planning to notify the Speaker of Parliament about a petition against this [OWC] project… About 10 years ago, Uganda was divided into agricultural production zones but I don’t remember seeing Masaka in the zones for growing citrus fruits,” the opposition MP said.",True,,procurement_irregularity,0.3429256258671729,land_row_dispute,0.16911914944648743,procurement_irregularity,0.5,content_preferred,2016-12
The Observer,https://observer.ug/news/news-news/museveni-mpuuga-faceoff-over-wealth-creation/,2016-12-05,"Museveni, Mpuuga faceoff over wealth Creation","DEBT BURDEN While earlier speakers sung praises to Museveni for the construction of the market that will accommodate 2500 vendors, Mpuuga’s message was different.",True,,land_row_dispute,0.3290577303597642,payment_financial_dispute,0.25765442848205566,land_row_dispute,0.5,content_preferred,2016-12
The Observer,https://observer.ug/news/gulu-locals-panic-over-rising-killings/,2016-12-05,Gulu locals panic over rising killings,"Denis Okello, who works at 95.7 Rupiny FM and is known to locals as 2Pee was attacked.",True,,delay_time_overrun,0.29294870398814615,contract_management_failure,0.1379484385251999,delay_time_overrun,0.5,content_preferred,2016-12
The Observer,https://observer.ug/news/gulu-locals-panic-over-rising-killings/,2016-12-05,Gulu locals panic over rising killings,"One Mc Lucky, who works with Speak FM, told The Observer he was with Okello prior to his unfortunate ordeal.",True,,delay_time_overrun,0.37978785923698927,contract_management_failure,0.18063004314899445,delay_time_overrun,0.5,content_preferred,2016-12
The Observer,https://observer.ug/news/keep-off-makerere-ddumba-tells-besigye/,2016-12-05,"Keep off Makerere, Ddumba tells Besigye","Museveni then appointed a visitation committee led by Dr Abel Rwendeire to investigate the alleged mismanagement of the University’s finances, which has led to nearly 10 strikes over the least five years.",True,governance_oversight_failure,governance_oversight_failure,0.3746489738292293,governance_oversight_failure,0.2321893572807312,governance_oversight_failure,0.6517095827774901,agree,2016-12
The Observer,https://observer.ug/business/govt-courts-indian-leather-investors/,2016-12-05,Govt courts Indian leather investors,"In the region, at least three Indian investors have applied to set up tanning factories at Kenya’s leather industrial park in its eastern Machakos county, according to media reports.",True,,land_row_dispute,0.4565196058876282,land_row_dispute,0.08557270467281342,land_row_dispute,0.6355230776401104,agree,2016-12
The Observer,https://observer.ug/news/kanyamunyu-girlfriend-brother-sent-back-to-luzira/,2016-12-06,"Kanyamunyu girlfriend, brother sent back to Luzira","Anywar told URN that although the case might delay, they are glad the suspects are still being held.",True,delay_time_overrun,delay_time_overrun,0.45089002711354287,delay_time_overrun,0.18783731758594513,delay_time_overrun,0.659681836174872,agree,2016-12
The Observer,https://observer.ug/business/tour-operators-cry-foul-over-kasese/,2016-12-07,Tour operators cry foul over Kasese,"Fred Ameny, the marketing manager of Nile resort hotel, said that on top of the usual challenges that the tourism industry faces, which include poor infrastructure and the limited skilled labour, among others, the Kasese incident has frustrated their plans of reaping returns this month. “Kasese has killed our hopes of harvesting big profits because everyone thinks that Uganda is on fire,” he said.",True,,land_row_dispute,0.33751861998051513,governance_oversight_failure,0.1652909219264984,land_row_dispute,0.5,content_preferred,2016-12
The Observer,https://observer.ug/business/tour-operators-cry-foul-over-kasese/,2016-12-07,Tour operators cry foul over Kasese,"Eastern Uganda is home to a number of tourism sites like Bishop Hannington memorial site in Mayuge district, Source of the Nile in Jinja district, Mt.",True,,land_row_dispute,0.36010659157164315,land_row_dispute,0.0181264691054821,land_row_dispute,0.5945582651692813,agree,2016-12
The Observer,https://observer.ug/business/karuma-to-solve-cracks/,2016-12-07,Karuma to solve cracks,"The Observer The Uganda Electricity Generation Company Limited is confident that the interventions to deal with some of the cracks at Karuma power dam, which created questions and doubt over the 600MW project, and ultimately led to the suspension of top officials at the ministry of energy, are bound to rectify the problem.",True,,procurement_irregularity,0.24478052435760847,land_row_dispute,0.28144288063049316,procurement_irregularity,0.5,content_preferred,2016-12
The Observer,https://observer.ug/business/karuma-to-solve-cracks/,2016-12-07,Karuma to solve cracks,"A cooling system to deal with the high temperatures in cement has been placed at the site as Sinohydro, the Chinese firm building the plant, prepares for concreting, the next phase of the construction. “We don’t expect a reoccurrence [of the cracks],” Albert Byaruhanga, the project manager of Karuma, told reporters recently.",True,,procurement_irregularity,0.3432653937729492,quality_technical_defect,0.1488715410232544,procurement_irregularity,0.5,content_preferred,2016-12
The Observer,https://observer.ug/business/karuma-to-solve-cracks/,2016-12-07,Karuma to solve cracks,"Wang Yantao, the executive vice president for Sinohydro in East and Southern Africa, who came to Uganda more than a month ago to deal with the main challenges that the project is facing, intends to stick around until normal operations resume. “We know we are not perfect.",True,,land_row_dispute,0.5744778715331647,governance_oversight_failure,0.16289547085762024,land_row_dispute,0.5744778715331647,content_preferred,2016-12
The Observer,https://observer.ug/business/karuma-to-solve-cracks/,2016-12-07,Karuma to solve cracks,"That’s small and it will not impact on the life of the dam,” he said.",True,,land_row_dispute,0.32417724635491574,land_row_dispute,0.12077515572309494,land_row_dispute,0.6112381005195027,agree,2016-12
The Observer,https://observer.ug/business/karuma-to-solve-cracks/,2016-12-07,Karuma to solve cracks,Construction works at Karuma are now at 40 per cent.,True,,delay_time_overrun,0.274846212252004,quality_technical_defect,0.17061665654182434,delay_time_overrun,0.5,content_preferred,2016-12
The Observer,https://observer.ug/business/buganda-kingdom-seeking-investors/,2016-12-07,Buganda kingdom seeking investors,"Mayiga also said that land has been set aside to construct low-cost housing units in the suburbs of the city, where some 940 units are planned to be built. “We have come up with available opportunities for constructing low-income and affordable homes; we have earmarked 204 acres of land for this project,” Mayiga said.",True,,land_row_dispute,0.5858841697395132,land_row_dispute,0.14192810654640198,land_row_dispute,0.6819530690714788,agree,2016-12
The Observer,https://observer.ug/business/buganda-kingdom-seeking-investors/,2016-12-07,Buganda kingdom seeking investors,"EXPERT’S TAKE John Musajjakawa, a senior investment executive at the Investment Promotion Division of Uganda Investment Authority, said Uganda’s population stands at approximately 35 million people, growing at a rate of three per cent annually with an urbanization rate of approximately 5.2 per cent per year. “With investment on housing and construction, the expected impact of Buganda kingdom in housing developments will create affordable and well-planned,” he said.",True,,land_row_dispute,0.5348441940745012,land_row_dispute,0.10219971090555191,land_row_dispute,0.6592609762450132,agree,2016-12
The Observer,https://observer.ug/business/land-for-oil-waste-plant-given-illegally-minister/,2016-12-07,Land for oil waste plant given illegally – minister,"The Observer Betty Amongi, the minister of Land, Housing and Urban Development, has said the process of evicting people from Rwamutonga in Hoima district to pave way for the construction of an oil-waste treatment plant was done illegally.",True,,land_row_dispute,0.43907004555815954,land_row_dispute,0.27168625593185425,land_row_dispute,0.6776890753725034,agree,2016-12
The Observer,https://observer.ug/business/land-for-oil-waste-plant-given-illegally-minister/,2016-12-07,Land for oil waste plant given illegally – minister,"She said the people of Rwamutonga are bonafide occupants of land situated at Plot 34, Block 5 known as land at Kakoora, Rwamutonga, Katanga, Buhanguzi and Bugambe – Hoima, measuring approximately 382.797 hectares.",True,,land_row_dispute,0.42851280172528583,land_row_dispute,0.20191605389118195,land_row_dispute,0.6576072139041169,agree,2016-12
The Observer,https://observer.ug/business/land-for-oil-waste-plant-given-illegally-minister/,2016-12-07,Land for oil waste plant given illegally – minister,She said her findings reveal they were wrongfully evicted from the land.,True,,quality_technical_defect,0.4839197887589892,land_row_dispute,0.2969757914543152,quality_technical_defect,0.5,content_preferred,2016-12
The Observer,https://observer.ug/business/land-for-oil-waste-plant-given-illegally-minister/,2016-12-07,Land for oil waste plant given illegally – minister,"Using documentary evidence such as graduated tax receipts and sale agreements, it was established that some of the community members settled on the land as early as 1982. “They are protected by the constitution and the Land Act as lawful and bonafide occupants,” Amongi told a meeting in Hoima recently.",True,,land_row_dispute,0.5715834350878257,land_row_dispute,0.327281653881073,land_row_dispute,0.7247162722422247,agree,2016-12
The Observer,https://observer.ug/business/land-for-oil-waste-plant-given-illegally-minister/,2016-12-07,Land for oil waste plant given illegally – minister,"Some 1,051 people were displaced when their houses, gardens and schools were set on fire, forcing them to seek refuge in an IDP camp in a nearby village.",True,,land_row_dispute,0.3135331689816443,land_row_dispute,0.18959277868270874,land_row_dispute,0.6257814869160883,agree,2016-12
The Observer,https://observer.ug/business/land-for-oil-waste-plant-given-illegally-minister/,2016-12-07,Land for oil waste plant given illegally – minister,"The land is being claimed by Joshua Tibagwa, forcing the evicted persons to go to court seeking reinstatement.",True,,land_row_dispute,0.5601201832952868,land_row_dispute,0.37542927265167236,land_row_dispute,0.7338873639867398,agree,2016-12
The Observer,https://observer.ug/business/land-for-oil-waste-plant-given-illegally-minister/,2016-12-07,Land for oil waste plant given illegally – minister,The land was to be sold off to an American company to construct an oil waste treatment plant in Hoima district where production of oil is set to start soon.,True,,land_row_dispute,0.37823125326492485,land_row_dispute,0.21448129415512085,land_row_dispute,0.6481781368550115,agree,2016-12
The Observer,https://observer.ug/business/land-for-oil-waste-plant-given-illegally-minister/,2016-12-07,Land for oil waste plant given illegally – minister,The occupants have waited over two years to receive communication from government on their plight.,True,,land_row_dispute,0.40196707017619154,delay_time_overrun,0.2580360174179077,land_row_dispute,0.5,content_preferred,2016-12
The Observer,https://observer.ug/business/land-for-oil-waste-plant-given-illegally-minister/,2016-12-07,Land for oil waste plant given illegally – minister,Amongi was meeting the displaced people as part of her fact-finding mission to establish how the people of Rwamutonga were evicted from what they call their land.,True,,land_row_dispute,0.6445165992655625,land_row_dispute,0.23156821727752686,land_row_dispute,0.7190212041357723,agree,2016-12
The Observer,https://observer.ug/business/land-for-oil-waste-plant-given-illegally-minister/,2016-12-07,Land for oil waste plant given illegally – minister,"The plight of the people of Rwamutonga was first brought to light by Global Rights Alert, a civil society organization, when the people woke up to violent evictions in August 2014.",True,land_row_dispute,land_row_dispute,0.43754679737654917,land_row_dispute,0.2606009244918823,land_row_dispute,0.6745369304671078,agree,2016-12
The Observer,https://observer.ug/business/land-for-oil-waste-plant-given-illegally-minister/,2016-12-07,Land for oil waste plant given illegally – minister,"With partners, GRA has supported the evicted persons to access justice by going to court and securing the attention of government to intervene.",True,,land_row_dispute,0.4266036010929449,land_row_dispute,0.22967281937599182,land_row_dispute,0.6640691051172342,agree,2016-12
The Observer,https://observer.ug/business/land-for-oil-waste-plant-given-illegally-minister/,2016-12-07,Land for oil waste plant given illegally – minister,Amongi was led into a grass-thatched school structure sitting amidst dilapidated mud-and-wattle houses.,True,,governance_oversight_failure,0.20834295878865114,delay_time_overrun,0.09185415506362915,governance_oversight_failure,0.5,content_preferred,2016-12
The Observer,https://observer.ug/business/land-for-oil-waste-plant-given-illegally-minister/,2016-12-07,Land for oil waste plant given illegally – minister,She was visibly distraught by this sight.,True,,land_row_dispute,0.16206752562981078,quality_technical_defect,0.14230886101722717,land_row_dispute,0.5,content_preferred,2016-12
The Observer,https://observer.ug/business/land-for-oil-waste-plant-given-illegally-minister/,2016-12-07,Land for oil waste plant given illegally – minister,Lucy Onyer told the minister that the women had been left to beg for food for their families.,True,,land_row_dispute,0.30819001110045746,land_row_dispute,0.1397099643945694,land_row_dispute,0.6119749938737568,agree,2016-12
The Observer,https://observer.ug/business/land-for-oil-waste-plant-given-illegally-minister/,2016-12-07,Land for oil waste plant given illegally – minister,Some 20 people have died in the past two years that the people have been living in the camp.,True,,land_row_dispute,0.43399407150027386,land_row_dispute,0.1149197593331337,land_row_dispute,0.6372284577083519,agree,2016-12
The Observer,https://observer.ug/business/land-for-oil-waste-plant-given-illegally-minister/,2016-12-07,Land for oil waste plant given illegally – minister,The camp lacks proper sanitation facilities.,True,,land_row_dispute,0.16206752562981078,governance_oversight_failure,0.17187944054603577,land_row_dispute,0.5,content_preferred,2016-12
The Observer,https://observer.ug/business/land-for-oil-waste-plant-given-illegally-minister/,2016-12-07,Land for oil waste plant given illegally – minister,"When she spoke, Amongi said her research revealed that the people were wrongfully evicted. “I have seen proof that some of you are bonafide occupants of this land.",True,,land_row_dispute,0.49211868267895736,land_row_dispute,0.2461545616388321,land_row_dispute,0.6845683110794474,agree,2016-12
The Observer,https://observer.ug/business/land-for-oil-waste-plant-given-illegally-minister/,2016-12-07,Land for oil waste plant given illegally – minister,"Once I verify this information, I will make my orders and recommend that the people who were legally on land can go back and those who are interested can apply for leasehold land titles from the district land board,” Amongi told the displaced persons.",True,,land_row_dispute,0.6882407570878568,land_row_dispute,0.3302895724773407,land_row_dispute,0.7546325823912994,agree,2016-12
The Observer,https://observer.ug/business/land-for-oil-waste-plant-given-illegally-minister/,2016-12-07,Land for oil waste plant given illegally – minister,FACT FINDING Her visit to the IDP camp was part of a fact finding mission to Hoima district to mediate in the Rwamutonga land eviction case.,True,land_row_dispute,land_row_dispute,0.42978713839537863,land_row_dispute,0.19419769942760468,land_row_dispute,0.6559962094557459,agree,2016-12
The Observer,https://observer.ug/business/land-for-oil-waste-plant-given-illegally-minister/,2016-12-07,Land for oil waste plant given illegally – minister,"At the Hoima district local government headquarters, Amongi met all the parties to the controversial land dispute.",True,,land_row_dispute,0.5924309173857097,land_row_dispute,0.2755870223045349,land_row_dispute,0.7170044849225612,agree,2016-12
The Observer,https://observer.ug/business/land-for-oil-waste-plant-given-illegally-minister/,2016-12-07,Land for oil waste plant given illegally – minister,"The parties present were Joshua Tibagwa and his family, who triggered the eviction two years ago, Robert Bansigaraho, a party to the land dispute and the representatives of the affected persons.",True,land_row_dispute,land_row_dispute,0.8429195365709459,land_row_dispute,0.3026583790779114,land_row_dispute,0.7863944789122144,agree,2016-12
The Observer,https://observer.ug/business/land-for-oil-waste-plant-given-illegally-minister/,2016-12-07,Land for oil waste plant given illegally – minister,"Also in attendance were top leaders of Hoima district local government, including the LC V chairperson, the CAO, the RDC and area MP Tophace Kaahwa.",True,,land_row_dispute,0.5940767181900419,governance_oversight_failure,0.15097558498382568,land_row_dispute,0.5940767181900419,content_preferred,2016-12
The Observer,https://observer.ug/business/land-for-oil-waste-plant-given-illegally-minister/,2016-12-07,Land for oil waste plant given illegally – minister,Each claimant of the disputed land narrated the history and customary claim to the land.,True,,quality_technical_defect,0.46417611861607005,land_row_dispute,0.2903410792350769,quality_technical_defect,0.5,content_preferred,2016-12
The Observer,https://observer.ug/business/land-for-oil-waste-plant-given-illegally-minister/,2016-12-07,Land for oil waste plant given illegally – minister,"After hearing all sides, Amongi concluded that Bansigaraho had wrongfully acquired a title for 258 acres instead of 40 acres.",True,,land_row_dispute,0.29630072768012,land_row_dispute,0.275296151638031,land_row_dispute,0.6428992198295378,agree,2016-12
The Observer,https://observer.ug/business/land-for-oil-waste-plant-given-illegally-minister/,2016-12-07,Land for oil waste plant given illegally – minister,She said the registrar of titles was going to evoke his powers under section 91 of the Land Act to remedy this irregularity.,True,,quality_technical_defect,0.4839197887589892,contract_management_failure,0.25013089179992676,quality_technical_defect,0.5,content_preferred,2016-12
The Observer,https://observer.ug/business/land-for-oil-waste-plant-given-illegally-minister/,2016-12-07,Land for oil waste plant given illegally – minister,"She added that Joshua Tibagwa, having originated from another sub-county other than Bugambe, where Rwamutonga is located, could not have had customary ownership of land in the area.",True,,quality_technical_defect,0.3283123536781897,land_row_dispute,0.16503745317459106,quality_technical_defect,0.5,content_preferred,2016-12
The Observer,https://observer.ug/business/land-for-oil-waste-plant-given-illegally-minister/,2016-12-07,Land for oil waste plant given illegally – minister,"She added that Tibagwa having been given this land by a muluka (parish) chief in 1972, meant that the said land was public land hence he is entitled to a leasehold land title, as opposed to the free-hold land title, which he processed in 2012. “To this end, therefore, on top of the irregularities that were involved in acquiring the above land title, the title was equally defective and has to be reviewed by the registrar of lands, first to change it to leasehold, but also open boundaries to ascertain the actual size of Tibagwa’s land,” Amongi said.",True,quality_technical_defect,quality_technical_defect,0.37815879014638526,land_row_dispute,0.22346508502960205,quality_technical_defect,0.5,content_preferred,2016-12
The Observer,https://observer.ug/business/land-for-oil-waste-plant-given-illegally-minister/,2016-12-07,Land for oil waste plant given illegally – minister,She said the affected community members were not covered under the eviction order that Tibagwa used to evict them in August 2014.,True,land_row_dispute,land_row_dispute,0.42563384573684904,land_row_dispute,0.24401742219924927,land_row_dispute,0.6674128169840245,agree,2016-12
The Observer,https://observer.ug/business/land-for-oil-waste-plant-given-illegally-minister/,2016-12-07,Land for oil waste plant given illegally – minister,"The court ordered for the eviction of Bansigaraho’s agents, relatives and servants only. “However, it is probable that some of the affected persons were actually trespassers on the land, hence the need to verify the claims of these community members,” Amongi said. justuslyatuu08@gmail.com Sign up and get daily updates right to your inbox.",True,land_row_dispute,land_row_dispute,0.39119484415029404,land_row_dispute,0.3122794032096863,land_row_dispute,0.6758685618399951,agree,2016-12
The Observer,https://observer.ug/business/will-south-sudan-influence-pace-of-eac-integration/,2016-12-07,Will South Sudan influence pace of EAC integration?,The stability should be the implementation of the peace accord.,True,,land_row_dispute,0.16206752562981078,governance_oversight_failure,0.2222335934638977,land_row_dispute,0.5,content_preferred,2016-12
The Observer,https://observer.ug/business/will-south-sudan-influence-pace-of-eac-integration/,2016-12-07,Will South Sudan influence pace of EAC integration?,"Despite the recent peace efforts and formation of a unity government in April 2016 after a turbulent three year civil war, the landlocked, low income economy has acute constraints in physical, infrastructure and institutional structures.",True,,land_row_dispute,0.2725275621533913,governance_oversight_failure,0.23164904117584229,land_row_dispute,0.5,content_preferred,2016-12
The Observer,https://observer.ug/news/mps-detain-govt-bosses-over-shs-579bn/,2016-12-07,MPs detain govt bosses over Shs 579bn,"The Observer Dr Isaac Mutenyo, the project coordinator of Uganda Support to Municipal Infrastructure Development (Usmid) and John William Ediu, the project procurement officer, spent about seven hours in detention at Parliament.",True,procurement_irregularity,procurement_irregularity,0.386229706687592,governance_oversight_failure,0.21150636672973633,procurement_irregularity,0.5,content_preferred,2016-12
The Observer,https://observer.ug/news/mps-detain-govt-bosses-over-shs-579bn/,2016-12-07,MPs detain govt bosses over Shs 579bn,The two officials drew the ire of MPs on the Local Government Accounts committee for allegedly misappropriating $160m (Shs 579bn) meant for infrastructure development in 14 municipalities.,True,,land_row_dispute,0.31768683253385216,governance_oversight_failure,0.3575281500816345,land_row_dispute,0.5,content_preferred,2016-12
The Observer,https://observer.ug/news/mps-detain-govt-bosses-over-shs-579bn/,2016-12-07,MPs detain govt bosses over Shs 579bn,"The latest auditor general’s report found irregularities ranging from exaggerated costs; delayed implementation of works, shoddy works and roads shorter in length and width contrary to the contract.",True,delay_time_overrun,delay_time_overrun,0.35789377966925295,payment_financial_dispute,0.3983888626098633,delay_time_overrun,0.5,content_preferred,2016-12
The Observer,https://observer.ug/news/mps-detain-govt-bosses-over-shs-579bn/,2016-12-07,MPs detain govt bosses over Shs 579bn,The MPs called for an investigation into the loan funds and the project managers.,True,,procurement_irregularity,0.19533095072075077,payment_financial_dispute,0.3146979808807373,procurement_irregularity,0.5,content_preferred,2016-12
The Observer,https://observer.ug/news/mps-detain-govt-bosses-over-shs-579bn/,2016-12-07,MPs detain govt bosses over Shs 579bn,The loan component comprised of $150m (Shs 510b) from the World Bank and $10m (Shs 34bn) in counterpart funding from the government of Uganda for infrastructure development in municipalities under the Usmid programme.,True,,land_row_dispute,0.3310674469724962,payment_financial_dispute,0.24335110187530518,land_row_dispute,0.5,content_preferred,2016-12
The Observer,https://observer.ug/news/mps-detain-govt-bosses-over-shs-579bn/,2016-12-07,MPs detain govt bosses over Shs 579bn,"Usmid projects include mainly road maintenance, installation of solar lights, garbage collection and construction of latrines for public schools and town dwellers.",True,,delay_time_overrun,0.15775566098478833,delay_time_overrun,0.21966539323329926,delay_time_overrun,0.594355263554522,agree,2016-12
The Observer,https://observer.ug/news/mps-detain-govt-bosses-over-shs-579bn/,2016-12-07,MPs detain govt bosses over Shs 579bn,"The auditor general’s report details a lot of anomalies in road construction, raising the possibility of government losing huge sums of money.",True,,land_row_dispute,0.48222120503128457,payment_financial_dispute,0.3660120964050293,land_row_dispute,0.5,content_preferred,2016-12
The Observer,https://observer.ug/news/judicial-officers-blackmailed-katureebe/,2016-12-07,Judicial officers blackmailed – Katureebe,He said the delay in handling complaints expeditiously erodes public confidence in the judiciary.,True,delay_time_overrun,delay_time_overrun,0.3566126312056167,contract_management_failure,0.2961422801017761,delay_time_overrun,0.5,content_preferred,2016-12
The Observer,https://observer.ug/news/climate-change-could-fail-middle-income-goal-govt/,2016-12-07,Climate change could fail middle-income goal – govt,"The government wants farmers to store food, plant drought and pest-resistant crops, as well as reduce the sizes of cattle herds in dry seasons to mitigate the impact of climate change and ensure food security.",True,,land_row_dispute,0.2746525780597449,land_row_dispute,0.14245851337909698,land_row_dispute,0.6042777728597105,agree,2016-12
The Observer,https://observer.ug/news/here-s-how-vehicle-inspection-will-work/,2016-12-07,Here’s how vehicle inspection will work,The firm was awarded the contract in March last year after about four years of squabbles over the transparency of the bidding process.,True,,procurement_irregularity,0.3568088470316451,procurement_irregularity,0.4278556704521179,procurement_irregularity,0.6961661293709408,agree,2016-12
The Observer,https://observer.ug/news/here-s-how-vehicle-inspection-will-work/,2016-12-07,Here’s how vehicle inspection will work,"One of the inspection centres at Matugga is ready for use while the other three stations around Kampala city suburbs and the mobile units are about to be ready, said a statement from the ministry of works.",True,,land_row_dispute,0.30566560618975924,delay_time_overrun,0.15892282128334045,land_row_dispute,0.5,content_preferred,2016-12
The Observer,https://observer.ug/news/here-s-how-vehicle-inspection-will-work/,2016-12-07,Here’s how vehicle inspection will work,"Winstone Katushabe, the chief licensing officer of motor vehicles at ministry of works, told The Observer that the inspections were not aimed at pushing vehicles off the road, but to remind vehicle owners to work on the cars.",True,,delay_time_overrun,0.3337918031274634,delay_time_overrun,0.19928184151649475,delay_time_overrun,0.6332684111609895,agree,2016-12
The Observer,https://observer.ug/news/here-s-how-vehicle-inspection-will-work/,2016-12-07,Here’s how vehicle inspection will work,"A statement from the ministry of works said the fees payable for inspection of buses and trailers are very low because of the nature and sensitivity of their work. “Buses carry big number of passengers and they are supposed to be inspected twice a year and in future they will be inspected after every three months,” reads the statement.",True,,delay_time_overrun,0.29068418108448035,payment_financial_dispute,0.2345026433467865,delay_time_overrun,0.5,content_preferred,2016-12
The Observer,https://observer.ug/news/inside-the-ignored-omaswa-report-on-makerere-university/,2016-12-07,Inside the ignored Omaswa report on Makerere University,OMASWA TASKFORCE The Omaswa-led Task Force was inspired by a September 2011 strike by Makerere University teaching staff over unpaid allowances.,True,,governance_oversight_failure,0.24170063423517568,land_row_dispute,0.20050939917564392,governance_oversight_failure,0.5,content_preferred,2016-12
The Observer,https://observer.ug/news/inside-the-ignored-omaswa-report-on-makerere-university/,2016-12-07,Inside the ignored Omaswa report on Makerere University,"Among other findings the committee discovered mismanagement of the university’s resources, leadership failure, lack of accountability and failure to teach on the side of lecturers.",True,governance_oversight_failure,governance_oversight_failure,0.35459088049386045,governance_oversight_failure,0.44748106598854065,governance_oversight_failure,0.7005179866206003,agree,2016-12
The Observer,https://observer.ug/news/journalists-not-asking-the-right-questions-eric-chinje/,2016-12-08,Journalists not asking the right questions – Eric Chinje,"Chinje said that while supervising projects like Bujagali dam construction during his tenure as World Bank spokesperson for Africa, he was surprised at the level of unpreparedness of Ugandan journalists.",True,,delay_time_overrun,0.33729370727512104,procurement_irregularity,0.17861583828926086,delay_time_overrun,0.5,content_preferred,2016-12
The Observer,https://observer.ug/news/journalists-not-asking-the-right-questions-eric-chinje/,2016-12-08,Journalists not asking the right questions – Eric Chinje,"He said this lack of research and analysis on the part of journalists in Uganda applies also to other journalists in Africa. “Every time you went out to either announce a loan for a development project…like when I would come here, I came here many times with a delegation from the [World] Bank that was trying to figure out what in the world is happening to Bujagali.",True,,land_row_dispute,0.48398762866864276,procurement_irregularity,0.2212652564048767,land_row_dispute,0.5,content_preferred,2016-12
The Observer,https://observer.ug/news/hundreds-demonstrate-against-mps-tax-exemption/,2016-12-08,Hundreds demonstrate against MPs tax exemption,Over 500 citizens and activists from different parts of the country assembled at Railway headquarters grounds and matched to UMA show grounds in Lugogo from where they read a statement to the president asking him to stop the ‘greed’ exhibited by Ugandan legislators.,True,,land_row_dispute,0.31011429716059846,land_row_dispute,0.24359744787216187,land_row_dispute,0.63842793625819,agree,2016-12
The Observer,https://observer.ug/business/uk-ofers-500m-credit-for-investments-in-uganda-s-oil-sector/,2016-12-08,UK offers £500m credit for investments in Uganda’s oil sector,"The credit facility requires that any project they fund has at least 30 percent local content, 20 per cent UK content and the rest can come from elsewhere.",True,,procurement_irregularity,0.26463085346627424,land_row_dispute,0.19387434422969818,procurement_irregularity,0.5,content_preferred,2016-12
The Observer,https://observer.ug/business/uk-ofers-500m-credit-for-investments-in-uganda-s-oil-sector/,2016-12-08,UK offers £500m credit for investments in Uganda’s oil sector,"According to Olanya, Ugandans could offer things like land, construction materials and sub-contracts while the UK could provide high-tech equipment and expertise in the funded projects.",True,,land_row_dispute,0.3613827980541493,land_row_dispute,0.17651039361953735,land_row_dispute,0.6344732979184217,agree,2016-12
The Observer,https://observer.ug/business/uk-ofers-500m-credit-for-investments-in-uganda-s-oil-sector/,2016-12-08,UK offers £500m credit for investments in Uganda’s oil sector,"Sadly though, so far no Ugandan business has partaken of the credit and neither is UKEF funding a project yet.",True,,procurement_irregularity,0.22921757986730681,land_row_dispute,0.21393129229545593,procurement_irregularity,0.5,content_preferred,2016-12
The Observer,https://observer.ug/business/uk-ofers-500m-credit-for-investments-in-uganda-s-oil-sector/,2016-12-08,UK offers £500m credit for investments in Uganda’s oil sector,"He says the Albertine Graben is so underdeveloped that it will need literally complete overhaul with huge investments in roads, bridges, airports, oil pipeline, refinery, processing facilities, storage and other facilities that require loads of money.",True,,delay_time_overrun,0.38211572156607687,governance_oversight_failure,0.20854979753494263,delay_time_overrun,0.5,content_preferred,2016-12
The Observer,https://observer.ug/news/uia-touts-natural-waste-treatment/,2016-12-09,UIA touts natural waste treatment,"I urge all manufacturing companies to view this as important and adopt it as soon as possible.” The demonstration was done by Danish firm, Transform 1994 APS, which is spearheading the implementation of the natural rootzone method of sewage treatment without using chemicals. “The interest of using nature to treat nature is rising everyday worldwide.",True,,land_row_dispute,0.16206752562981078,quality_technical_defect,0.09324122220277786,land_row_dispute,0.5,content_preferred,2016-12
The Observer,https://observer.ug/news/uia-touts-natural-waste-treatment/,2016-12-09,UIA touts natural waste treatment,"It came up 35 years ago in Europe and it is now spreading,” said Jorgen Logstrip, Transform’s founder and chief executive officer. “We have developed this to make sure that we can transform waste to something valuable, cost- effectively and without using chemicals.” ROOTZONE FILTER SYSTEM This system entails construction of an artificial swamp with a green treatment system known as the reed bed.",True,,land_row_dispute,0.28203755078845166,governance_oversight_failure,0.08465154469013214,land_row_dispute,0.5,content_preferred,2016-12
The Observer,https://observer.ug/news/uia-touts-natural-waste-treatment/,2016-12-09,UIA touts natural waste treatment,"The method however, drew mixed reactions from different factory owners in attendance.",True,,land_row_dispute,0.16206752562981078,contract_management_failure,0.23615485429763794,land_row_dispute,0.5,content_preferred,2016-12
The Observer,https://observer.ug/news/museveni-sounds-war-drums-against-environment-degradation/,2016-12-11,Museveni sounds ‘war’ drums against environmental degradation,"The Observer President, Yoweri Museveni has declared ‘war’ on environmental degradation, walking over three kilometers across Mpologoma swamp and bridge along the Mbale-Tirinyi road as the sunset on Friday in eastern Uganda.",True,,land_row_dispute,0.495850872470457,delay_time_overrun,0.1172071173787117,land_row_dispute,0.5,content_preferred,2016-12
The Observer,https://observer.ug/news/museveni-sounds-war-drums-against-environment-degradation/,2016-12-11,Museveni sounds ‘war’ drums against environmental degradation,"The president, who used anecdotes to highlight the gravity of the problem, said as the country was pushing the development agenda including construction of roads, electricity, schools, health facilities alongside the campaign for wealth creation for poverty eradication, he got a call that drought has affected crops and the changing climate seasons and little rains have caused destruction. “When you go to the bush and a small stick hits your eye, it is telling you to see properly.",True,,land_row_dispute,0.4683280834051655,governance_oversight_failure,0.16980692744255066,land_row_dispute,0.5,content_preferred,2016-12
The Observer,https://observer.ug/news/wolokoso-mp-cries-over-janet-s-inaccessibility/,2016-12-12,Wolokoso: MP cries over Janet’s inaccessibility,"Imagine, Mzee asked me to vote for him and I did, thinking he would help us; but even here where I lined up earlier, he comes to bypass us with his satisfied girl.",True,,land_row_dispute,0.3333922727855437,contract_management_failure,0.08576662093400955,land_row_dispute,0.5,content_preferred,2016-12
The Observer,https://observer.ug/news/dennis-adim-eala-needs-the-voice-of-the-youth/,2016-12-12,Dennis Adim: EALA needs the voice of the youth,Its role is to push for the implementation of the East African protocols and the treaty.,True,,land_row_dispute,0.16206752562981078,governance_oversight_failure,0.1632481813430786,land_row_dispute,0.5,content_preferred,2016-12
The Observer,https://observer.ug/news/dennis-adim-eala-needs-the-voice-of-the-youth/,2016-12-12,Dennis Adim: EALA needs the voice of the youth,"I, therefore, have to push for the full implementation of this protocol to benefit the common man.",True,,land_row_dispute,0.16206752562981078,delay_time_overrun,0.0970173105597496,land_row_dispute,0.5,content_preferred,2016-12
The Observer,https://observer.ug/news/oil-companies-dumped-waste-on-my-land-and-i-am-still-paying-the-price/,2016-12-12,"‘Oil companies dumped waste on my land, and I am still paying the price’","On March 3, 2009, an oil company called Heritage came and asked me to offer them a dumping site for the waste extracted from drilling of oil wells.",True,,land_row_dispute,0.5638801439560474,land_row_dispute,0.18498027324676514,land_row_dispute,0.6872151043007031,agree,2016-12
The Observer,https://observer.ug/news/oil-companies-dumped-waste-on-my-land-and-i-am-still-paying-the-price/,2016-12-12,"‘Oil companies dumped waste on my land, and I am still paying the price’","They dumped oil waste for one month, covered the hole, and then, three months later, returned ownership of the site to me.",True,,land_row_dispute,0.4622018486422018,procurement_irregularity,0.21233752369880676,land_row_dispute,0.5,content_preferred,2016-12
The Observer,https://observer.ug/news/oil-companies-dumped-waste-on-my-land-and-i-am-still-paying-the-price/,2016-12-12,"‘Oil companies dumped waste on my land, and I am still paying the price’","After the five months, they told me I could then plant anything on it.",True,,land_row_dispute,0.2603469769211245,delay_time_overrun,0.14519605040550232,land_row_dispute,0.5,content_preferred,2016-12
The Observer,https://observer.ug/news/oil-companies-dumped-waste-on-my-land-and-i-am-still-paying-the-price/,2016-12-12,"‘Oil companies dumped waste on my land, and I am still paying the price’",Tullow officials even came here and Heritage handed over the site to them.,True,,land_row_dispute,0.7448341487821132,land_row_dispute,0.23714137077331543,land_row_dispute,0.7454938798888572,agree,2016-12
The Observer,https://observer.ug/news/oil-companies-dumped-waste-on-my-land-and-i-am-still-paying-the-price/,2016-12-12,"‘Oil companies dumped waste on my land, and I am still paying the price’",Then he went to the dumping site and took photos.,True,,land_row_dispute,0.16206752562981078,quality_technical_defect,0.09169340878725052,land_row_dispute,0.5,content_preferred,2016-12
The Observer,https://observer.ug/news/oil-companies-dumped-waste-on-my-land-and-i-am-still-paying-the-price/,2016-12-12,"‘Oil companies dumped waste on my land, and I am still paying the price’",The government valuer gave me compensation of Shs 6 million.,True,land_row_dispute,land_row_dispute,0.4364114739866244,payment_financial_dispute,0.3144538700580597,land_row_dispute,0.5,content_preferred,2016-12
The Observer,https://observer.ug/news/oil-companies-dumped-waste-on-my-land-and-i-am-still-paying-the-price/,2016-12-12,"‘Oil companies dumped waste on my land, and I am still paying the price’",Enviroserve took all the waste to [the waste management plant in] Hoima.,True,,land_row_dispute,0.16206752562981078,land_row_dispute,0.10734913498163223,land_row_dispute,0.5673541651528607,agree,2016-12
The Observer,https://observer.ug/news/oil-companies-dumped-waste-on-my-land-and-i-am-still-paying-the-price/,2016-12-12,"‘Oil companies dumped waste on my land, and I am still paying the price’",My plan is to plant soya beans on the garden since they removed the waste and have told me that there is no problem.,True,,land_row_dispute,0.2603469769211245,land_row_dispute,0.09011628478765488,land_row_dispute,0.5876158154271949,agree,2016-12
The Observer,https://observer.ug/news/the-public-needs-to-trust-mps-kalemba/,2016-12-12,The public needs to trust MPs – Kalemba,"He then headed the district tender board of Rakai, and was eventually elected LC-III chairman for Kakuuto sub-county.",True,,land_row_dispute,0.3634592973098292,governance_oversight_failure,0.12815280258655548,land_row_dispute,0.5,content_preferred,2016-12
The Observer,https://observer.ug/news/the-public-needs-to-trust-mps-kalemba/,2016-12-12,The public needs to trust MPs – Kalemba,"I want to appeal to government to bridge this gap, to continue sensitizing the communities to respect their leaders.",True,,land_row_dispute,0.296153805312694,land_row_dispute,0.27481895685195923,land_row_dispute,0.6427431905411634,agree,2016-12
The Observer,https://observer.ug/news/combating-corruption-takes-total-commitment-agaba/,2016-12-12,Combating corruption takes total commitment – Agaba,"These include influencing contract awards, although they are not taken seriously, yet they are killing our country and need to be addressed seriously.",True,procurement_irregularity,procurement_irregularity,0.40029800469884214,payment_financial_dispute,0.30395281314849854,procurement_irregularity,0.5,content_preferred,2016-12
The Observer,https://observer.ug/news/combating-corruption-takes-total-commitment-agaba/,2016-12-12,Combating corruption takes total commitment – Agaba,"The previous leadership code had challenges with implementation and several court cases invalidated some of the cases, and there was need to have a tribunal.",True,,procurement_irregularity,0.5399070146898618,governance_oversight_failure,0.3664478659629822,procurement_irregularity,0.5399070146898618,content_preferred,2016-12
The Observer,https://observer.ug/news/news-news/medical-stores-runs-out-of-malaria-hepatitis-b-drugs/,2016-12-12,"Medical Stores runs out of malaria, hepatitis B drugs","He noted that although NMS has some buffer stock, it will not be able to cover all districts and sustain completion of the vaccination exercise. “If you miss the second and third doses, then you are sure all the investments you have made have gone to waste.",True,,land_row_dispute,0.3148191632720886,delay_time_overrun,0.18558910489082336,land_row_dispute,0.5,content_preferred,2016-12
The Observer,https://observer.ug/news/local-govt-ministry-in-shs-5-5bn-scandal/,2016-12-12,Local govt ministry in Shs 5.5bn scandal,"Ministry officials also used Shs 110.8m to clear hotel bills, Shs 315.6m to refund money borrowed from District Livelihoods Support Programme (DLSP) project, while Shs 196.8m was used to clear rent arrears.",True,,land_row_dispute,0.33935155175771425,payment_financial_dispute,0.2925988435745239,land_row_dispute,0.5,content_preferred,2016-12
The Observer,https://observer.ug/news/local-govt-ministry-in-shs-5-5bn-scandal/,2016-12-12,Local govt ministry in Shs 5.5bn scandal,"According to the report, the diversions were caused by inadequate releases to fund the key ministry activities yet the procurement process for the vehicles was not concluded within the financial year; thus the need for utilization of funds on unfunded activities.",True,procurement_irregularity,procurement_irregularity,0.401377345081277,governance_oversight_failure,0.30137962102890015,procurement_irregularity,0.5,content_preferred,2016-12
The Observer,https://observer.ug/news/local-govt-ministry-in-shs-5-5bn-scandal/,2016-12-12,Local govt ministry in Shs 5.5bn scandal,"For instance, under the Africa Development Bank (AfDB) supported project to construct markets; the markets and agricultural trade improvement project (MATIP), government did not honour its obligation of counterpart funding for activities to undertake consultancies and payment of VAT.",True,,procurement_irregularity,0.44636820495525975,procurement_irregularity,0.322534441947937,procurement_irregularity,0.6922256617257991,agree,2016-12
The Observer,https://observer.ug/news/local-govt-ministry-in-shs-5-5bn-scandal/,2016-12-12,Local govt ministry in Shs 5.5bn scandal,Construction of administrative units for some districts was not undertaken.,True,,land_row_dispute,0.21151725367452323,procurement_irregularity,0.2361290454864502,land_row_dispute,0.5,content_preferred,2016-12
The Observer,https://observer.ug/news/local-govt-ministry-in-shs-5-5bn-scandal/,2016-12-12,Local govt ministry in Shs 5.5bn scandal,"The ministry’s budget had Shs 735m for construction of administrative units for Buvuma Town Council in Buvuma district, Shs 100m, Kibiito Town Council in Kabarole district Shs 20m, Masaka district Shs 23.5m and Kayunga district Shs 100m.",True,,land_row_dispute,0.4596330929658201,delay_time_overrun,0.11097148060798645,land_row_dispute,0.5,content_preferred,2016-12
The Observer,https://observer.ug/news/local-govt-ministry-in-shs-5-5bn-scandal/,2016-12-12,Local govt ministry in Shs 5.5bn scandal,The ministry also failed to utilise Shs 75m for consultancy works for the Nakawa-Naguru housing project and another Shs 200m for an international conference on conflict resolution in addition to Shs 338m for workshops on local government’s support to local economic development and the community driven development.,True,,land_row_dispute,0.31960251622465674,governance_oversight_failure,0.2920759320259094,land_row_dispute,0.5,content_preferred,2016-12
The Observer,https://observer.ug/news/local-govt-ministry-in-shs-5-5bn-scandal/,2016-12-12,Local govt ministry in Shs 5.5bn scandal,"BREACH OF INSTRUCTIONS The report also accuses Mutabwire of breach of Sections 227, 228 and 229 of the Treasury Accounting Instructions (TAI), which requires for all payments to be made directly to the beneficiaries.",True,,land_row_dispute,0.4822511222093684,payment_financial_dispute,0.3480600118637085,land_row_dispute,0.5,content_preferred,2016-12
The Observer,https://observer.ug/news/local-govt-ministry-in-shs-5-5bn-scandal/,2016-12-12,Local govt ministry in Shs 5.5bn scandal,"While the 2010 public standing orders on travel allowances provide for a maximum claim of 150 days in night allowances per year, the unnamed official claimed for allowances for 1,036 nights in one year yet there are 365 nights in a given year.",True,,delay_time_overrun,0.22528422877750537,delay_time_overrun,0.20113134384155273,delay_time_overrun,0.6066038931547645,agree,2016-12
The Observer,https://observer.ug/news/northern-uganda-s-untold-oil-story/,2016-12-12,Northern Uganda’s untold oil story,"Titled Impact of oil exploration on wildlife in Murchison Falls Park, the study says activities at the oil pads are leading to lower densities of the large mammals and birds in the park. “Most large mammals were negatively affected by the activities at a drill pad site, even pad maintenance where there is not much activity but a presence of people and some vehicle traffic,” notes the study. “Elephants, buffalos and giraffes were most negatively affected with avoidance up to 750-1,000 metres being exhibited.” Yet the marauding elephants are not the only concern that oil exploration activities have brought onto Nwoya district.",True,,land_row_dispute,0.5581694661424791,governance_oversight_failure,0.07835861295461655,land_row_dispute,0.5581694661424791,content_preferred,2016-12
The Observer,https://observer.ug/news/northern-uganda-s-untold-oil-story/,2016-12-12,Northern Uganda’s untold oil story,"At Pabit parish, Purongo sub-county, 46-year-old Douglas Olwoch narrates a vexing story of his two-year battle against oil companies that used his land as a waste dumping site. [See Olwoch’s full testimony in the side bar] The LC-V chairperson for Nwoya district, Patrick Okello Oryema, told The Observer that some of the problems could have been avoided if the government had prepared the people in northern Uganda for the disruptions brought about by the oil exploration and development activities.",True,,land_row_dispute,0.4575627681333185,land_row_dispute,0.2029639333486557,land_row_dispute,0.6651316753704936,agree,2016-12
The Observer,https://observer.ug/news/northern-uganda-s-untold-oil-story/,2016-12-12,Northern Uganda’s untold oil story,"DEVELOPMENT IMBALANCE Oryema also complained that the government and oil companies had not set up the requisite infrastructure that would enable locals in the north to tap into the opportunities sprouting out of the nascent oil industry. “When you go to Buliisa and Hoima, there are a lot of construction developments that are physically visible and people really appreciate.",True,,land_row_dispute,0.38861804671527334,delay_time_overrun,0.17840692400932312,land_row_dispute,0.5,content_preferred,2016-12
The Observer,https://observer.ug/news/northern-uganda-s-untold-oil-story/,2016-12-12,Northern Uganda’s untold oil story,Construction work on the road is ongoing.,True,,land_row_dispute,0.24794354061051868,delay_time_overrun,0.42405614256858826,land_row_dispute,0.5,content_preferred,2016-12
The Observer,https://observer.ug/news/northern-uganda-s-untold-oil-story/,2016-12-12,Northern Uganda’s untold oil story,"However, the head of the Acholi Technical Working Group on Oil and Gas (ATWCOG), Prof Morris Ogenga-Latigo, says such token offers like a petroleum institute do not equate to the resource that will be extracted from the region. “We asked for the pipeline and it has been rejected.",True,,land_row_dispute,0.3674603688192965,procurement_irregularity,0.13818547129631042,land_row_dispute,0.5,content_preferred,2016-12
The Observer,https://observer.ug/news/northern-uganda-s-untold-oil-story/,2016-12-12,Northern Uganda’s untold oil story,"In addition, according to Oryema, the government should work out a way of compensating people who lose their property to wild animals being destabilised from their natural habitat by the oil developments. “There should be some special audit on how the oil issue is affecting the animal habitat,” he said. “We are also saying, ‘can Parliament amend the wildlife Act to take care of compensation of people whose farms are damaged by animals?’ Right now, they are not compensating people.” BATTLE FOR OIL SHARE The leaders in northern Uganda feel particularly hard done by the government’s decision-making because, according to the Acholi Technical Working Group on Oil and Gas (ATWCOG), the region deserves more since it hosts nearly 60 per cent of the country’s oil deposits.",True,land_row_dispute,land_row_dispute,0.37207889369635805,governance_oversight_failure,0.2303178459405899,land_row_dispute,0.5,content_preferred,2016-12
The Observer,https://observer.ug/news/northern-uganda-s-untold-oil-story/,2016-12-12,Northern Uganda’s untold oil story,"In June 2014, members of the Joint Acholi Leaders Forum (JALF), from which ATWCOG is constituted, handed President Museveni a memorandum containing their observations and queries on “the lopsided planned development of oil and gas infrastructure that leaves Acholi and the North out of the picture.” According to Prof Latigo, also the MP for Agago North, the group wants the government to deal with issues of royalty payments to Acholi, infrastructure development and representation on national oil bodies to engender equity and a sense of share ownership.",True,,land_row_dispute,0.32328669064740057,land_row_dispute,0.18544568121433258,land_row_dispute,0.6271830929654333,agree,2016-12
The Observer,https://observer.ug/news/northern-uganda-s-untold-oil-story/,2016-12-12,Northern Uganda’s untold oil story,"They also wonder why none of the oil infrastructure (e.g. refinery, pipelines and central processing facilities) will be built in the north yet it will provide the bulk of the country’s oil produce.",True,,land_row_dispute,0.3263446770126115,delay_time_overrun,0.11680547893047333,land_row_dispute,0.5,content_preferred,2016-12
The Observer,https://observer.ug/news/ministers-in-ugly-quarrel/,2016-12-12,Ministers in ugly quarrel,"She said she was sent to Kayunga by speaker Rebecca Kadaga, after Bbaale county MP Kumama Nsamba petitioned parliament over some 20,000 people facing imminent eviction from their land. “Madhvani, under his Kayunga Sugar Works, had been given that land to grow sugarcanes but it had so many squatters on it; he couldn’t afford to compensate all of them so, he lost interest in the land,” Namuganza said, adding that the speaker asked her to report to parliament before Christmas. “Nantaba came to my office and told me I shouldn’t go there, arguing that there are no land disputes in Kayunga,” Namuganza said.",True,land_row_dispute,land_row_dispute,0.43278651134938234,land_row_dispute,0.2782880961894989,land_row_dispute,0.6777686518847204,agree,2016-12
The Observer,https://observer.ug/news/ministers-in-ugly-quarrel/,2016-12-12,Ministers in ugly quarrel,"Namuganza claimed that people told her that Nantaba was behind the threats of eviction, because she wanted to turn around and claim to be fighting those threatening to evict the same people. “I got shocked when the people started revealing that she is the source of the threats, which is why she never wanted me to go to Kayunga.",True,land_row_dispute,land_row_dispute,0.7798933817350809,contract_management_failure,0.171708881855011,land_row_dispute,0.7798933817350809,content_preferred,2016-12
The Observer,https://observer.ug/news/e-a-largest-solar-power-plant-commissioned-in-soroti/,2016-12-13,E.A largest solar power plant commissioned in Soroti,"The Observer With the commissioning of East Africa’s largest solar power plant yet in Opuyo parish, residents of Soroti now have hope that they can enjoy more affordable and stable power supply.",True,,contract_management_failure,0.2720868260637961,payment_financial_dispute,0.131483256816864,contract_management_failure,0.5,content_preferred,2016-12
The Observer,https://observer.ug/news/e-a-largest-solar-power-plant-commissioned-in-soroti/,2016-12-13,E.A largest solar power plant commissioned in Soroti,"Located on 33-acre land, the $19 million (about Shs 67 billion) power plant generates 10MW with potential to increase capacity output by a further 20MW.",True,,land_row_dispute,0.4962593537212953,land_row_dispute,0.08719094097614288,land_row_dispute,0.6458625736743595,agree,2016-12
The Observer,https://observer.ug/news/e-a-largest-solar-power-plant-commissioned-in-soroti/,2016-12-13,E.A largest solar power plant commissioned in Soroti,"It is the country’s first grid-connected solar plant and is expected to generate clean, low-carbon, sustainable electricity to 40,000 homes, schools and businesses in the area.",True,,procurement_irregularity,0.3221785107478987,payment_financial_dispute,0.027040179818868637,procurement_irregularity,0.5,content_preferred,2016-12
The Observer,https://observer.ug/news/e-a-largest-solar-power-plant-commissioned-in-soroti/,2016-12-13,E.A largest solar power plant commissioned in Soroti,"The project was developed under the Global Energy Transfer Feed in Tariff (“GET FiT”), a support scheme for renewable energy projects managed by Germany’s KfW Development Bank in partnership with the Electricity Regulatory Agency (ERA).",True,,procurement_irregularity,0.1699163412756646,governance_oversight_failure,0.09629224240779877,procurement_irregularity,0.5,content_preferred,2016-12
The Observer,https://observer.ug/news/e-a-largest-solar-power-plant-commissioned-in-soroti/,2016-12-13,E.A largest solar power plant commissioned in Soroti,State minister for Energy Simon Dujang who inaugurated the project yesterday says that the solar plant would help stop further environmental degradation and grant citizens efficient and reliable energy.,True,,land_row_dispute,0.3895890398165738,land_row_dispute,0.0838242694735527,land_row_dispute,0.6183533273225317,agree,2016-12
The Observer,https://observer.ug/news/e-a-largest-solar-power-plant-commissioned-in-soroti/,2016-12-13,E.A largest solar power plant commissioned in Soroti,He says Uganda has vast potential for solar which will be harnessed.,True,,land_row_dispute,0.16083366651513104,delay_time_overrun,0.08228837698698044,land_row_dispute,0.5,content_preferred,2016-12
The Observer,https://observer.ug/news/e-a-largest-solar-power-plant-commissioned-in-soroti/,2016-12-13,E.A largest solar power plant commissioned in Soroti,"The European Union head of delegation to Uganda, Kristian Schmidt said in his speech that Uganda is a good place to invest in solar energy as the regulatory framework is conducive and government rightly recognizes Uganda’s energy future must be renewable. “It is great that this is now triggering private sector interest in solar power generation.",True,,contract_management_failure,0.22256858640012292,payment_financial_dispute,0.055551961064338684,contract_management_failure,0.5,content_preferred,2016-12
The Observer,https://observer.ug/news/e-a-largest-solar-power-plant-commissioned-in-soroti/,2016-12-13,E.A largest solar power plant commissioned in Soroti,"The European Union is proud that our grant contribution ensures the realization of the Soroti Solar Plant, and I hope this is only just the beginning for many more to come.” he says Reda El Chaar, executive chairman, Access Power says “the project in Soroti raises the bar on what can be achieved through teamwork and we look forward to more collaborative efforts to expand the footprint of clean energy across this mighty continent.” Sign up and get daily updates right to your inbox.",True,,delay_time_overrun,0.3940816988236704,land_row_dispute,0.15065255761146545,delay_time_overrun,0.5,content_preferred,2016-12
The Observer,https://observer.ug/news/besigye-drags-civil-aviation-authority-to-court/,2016-12-13,Besigye drags Civil Aviation Authority to court,The Observer Dr Kizza Besigye has dragged the Civil Aviation Authority (CAA) to court over his recent arrest at Entebbe airport by security operatives.,True,,land_row_dispute,0.5770480298515419,contract_management_failure,0.17972449958324432,land_row_dispute,0.5770480298515419,content_preferred,2016-12
The Observer,https://observer.ug/news/besigye-drags-civil-aviation-authority-to-court/,2016-12-13,Besigye drags Civil Aviation Authority to court,"In his suit filed by his lawyers of Rwakafuuzi & Co advocates, Besigye states that on October 3 this year, he was plucked off a Kenya Airways plane by security who connived with CAA officials and that he was driven against his will through remote routes from Entebbe airport to his home in Kasangati.",True,,procurement_irregularity,0.19701879777003567,contract_management_failure,0.21159332990646362,procurement_irregularity,0.5,content_preferred,2016-12
The Observer,https://observer.ug/news/besigye-drags-civil-aviation-authority-to-court/,2016-12-13,Besigye drags Civil Aviation Authority to court,"He further states in his suit that he was also denied the right to meet and move from the airport in the company of his waiting family, friends, associates and supporters, hence violating his freedom of association.",True,,land_row_dispute,0.3178299779320445,land_row_dispute,0.2412446290254593,land_row_dispute,0.6397686517393759,agree,2016-12
The Observer,https://observer.ug/news/besigye-drags-civil-aviation-authority-to-court/,2016-12-13,Besigye drags Civil Aviation Authority to court,"Besigye adds that before he could disembark from the staircase, a staff of CAA wearing a reflector jacket pulled him from the last step of the staircase and grabbed him by his trouser towards the CAA vehicle which drove him away before he could even go through immigration procedures at the airport.",True,,land_row_dispute,0.16206752562981078,contract_management_failure,0.17211726307868958,land_row_dispute,0.5,content_preferred,2016-12
The Observer,https://observer.ug/business/insurance-firms-to-pool-funds-for-oil-industry/,2016-12-14,Insurance firms to pool funds for oil industry,"Also, Uganda is executing a number of infrastructure projects such as a crude oil export pipeline to Tanzania, which will run for 1,445km over different pieces of land.",True,,land_row_dispute,0.3877796991473128,delay_time_overrun,0.1804914027452469,land_row_dispute,0.5,content_preferred,2016-12
The Observer,https://observer.ug/business/insurance-firms-to-pool-funds-for-oil-industry/,2016-12-14,Insurance firms to pool funds for oil industry,The security risk for such a long pipeline will be one of the main concerns for both countries.,True,,land_row_dispute,0.16206752562981078,delay_time_overrun,0.14749771356582642,land_row_dispute,0.5,content_preferred,2016-12
The Observer,https://observer.ug/business/insurers-urged-on-being-professional/,2016-12-14,Insurers urged on being professional,"Following the introduction of the training levy a few years ago, IIU is trying to bridge the skills and professionalism gaps through continuous trainings.",True,,land_row_dispute,0.38410703629368304,delay_time_overrun,0.20191822946071625,land_row_dispute,0.5,content_preferred,2016-12
The Observer,https://observer.ug/business/uganda-launches-east-africa-s-largest-solar-power-plant/,2016-12-14,Uganda launches East Africa’s largest solar power plant,"The Observer If Uganda is to provide cheap and clean electricity, the government should invest more in solar technology, a European Union envoy has said.",True,,land_row_dispute,0.2727318634119063,payment_financial_dispute,0.11316120624542236,land_row_dispute,0.5,content_preferred,2016-12
The Observer,https://observer.ug/business/uganda-launches-east-africa-s-largest-solar-power-plant/,2016-12-14,Uganda launches East Africa’s largest solar power plant,"Kristian Schmidt, the head of delegation at the European Union in Uganda, said the country is a good place to invest in solar energy, and that the private sector should be supported in order to make more investments.",True,,land_row_dispute,0.19406504265719382,governance_oversight_failure,0.03560599312186241,land_row_dispute,0.5,content_preferred,2016-12
The Observer,https://observer.ug/business/uganda-launches-east-africa-s-largest-solar-power-plant/,2016-12-14,Uganda launches East Africa’s largest solar power plant,"Speaking during the inauguration of a 10MW solar plant in Soroti recently, Schmidt observed that solar energy is an alternative to hydroelectric power, which is expensive to set up and takes longer to be connected to the grid. “Solar energy may be a good alternative to hydropower which may fluctuate with water availability.",True,,contract_management_failure,0.20989709574776733,procurement_irregularity,0.037834104150533676,contract_management_failure,0.5,content_preferred,2016-12
The Observer,https://observer.ug/business/uganda-launches-east-africa-s-largest-solar-power-plant/,2016-12-14,Uganda launches East Africa’s largest solar power plant,"If the grid stability is enhanced, allowing more solar plants to be connected to the grid, we are sure this technology will represent a very good option for affordable energy in Uganda,” he said.",True,,land_row_dispute,0.17610862702456226,payment_financial_dispute,0.033559978008270264,land_row_dispute,0.5,content_preferred,2016-12
The Observer,https://observer.ug/business/uganda-launches-east-africa-s-largest-solar-power-plant/,2016-12-14,Uganda launches East Africa’s largest solar power plant,Schmidt said the regulatory framework should be conducive to attract more investments. “It is great that this is now triggering private sector interest in solar power generation.,True,,contract_management_failure,0.2752597602596268,governance_oversight_failure,0.18813392519950867,contract_management_failure,0.5,content_preferred,2016-12
The Observer,https://observer.ug/business/uganda-launches-east-africa-s-largest-solar-power-plant/,2016-12-14,Uganda launches East Africa’s largest solar power plant,"The European Union is proud that our grant contribution ensures the realisation of the Soroti solar plant, and I hope this is only just the beginning for many more to come,” he said of the project, which is the largest in East Africa.",True,,procurement_irregularity,0.29942031261242813,land_row_dispute,0.1391417235136032,procurement_irregularity,0.5,content_preferred,2016-12
The Observer,https://observer.ug/business/uganda-launches-east-africa-s-largest-solar-power-plant/,2016-12-14,Uganda launches East Africa’s largest solar power plant,"Christophe Fleurence, the vice president of Eren Renewable Energy, said the country has vast renewable energy resources for energy production and solar alone can produce an estimated 30 per cent of the country’s energy needs.",True,,land_row_dispute,0.20333668668959495,governance_oversight_failure,0.011170411482453346,land_row_dispute,0.5,content_preferred,2016-12
The Observer,https://observer.ug/business/uganda-launches-east-africa-s-largest-solar-power-plant/,2016-12-14,Uganda launches East Africa’s largest solar power plant,"Simon D’Ujanga, the minister of state for Energy and Mineral Development, said Uganda is set to fast-track up to 15 small-scale renewable energy generation projects (1MW-20MW). “We have policies to attract more investors in the sector.",True,,land_row_dispute,0.4040934777192796,delay_time_overrun,0.13874654471874237,land_row_dispute,0.5,content_preferred,2016-12
The Observer,https://observer.ug/business/uganda-launches-east-africa-s-largest-solar-power-plant/,2016-12-14,Uganda launches East Africa’s largest solar power plant,"While we focus on hydroelectric investments, the private sector should come and take on smaller renewable energy,” he said.",True,,land_row_dispute,0.24820157576034094,land_row_dispute,0.041407860815525055,land_row_dispute,0.5724023591439665,agree,2016-12
The Observer,https://observer.ug/business/uganda-launches-east-africa-s-largest-solar-power-plant/,2016-12-14,Uganda launches East Africa’s largest solar power plant,"THE PROJECT The $19 million Soroti solar plant is part-funded by the European Union under the Africa Infrastructure Trust Fund through the GET FiT solar facility, an initiative between the government and development partners.",True,,procurement_irregularity,0.255060373785422,land_row_dispute,0.1378161907196045,procurement_irregularity,0.5,content_preferred,2016-12
The Observer,https://observer.ug/business/uganda-launches-east-africa-s-largest-solar-power-plant/,2016-12-14,Uganda launches East Africa’s largest solar power plant,"The plant is made up of 32,680 photovoltaic panels.",True,,land_row_dispute,0.16206752562981078,payment_financial_dispute,0.05860968679189682,land_row_dispute,0.5,content_preferred,2016-12
The Observer,https://observer.ug/business/uganda-launches-east-africa-s-largest-solar-power-plant/,2016-12-14,Uganda launches East Africa’s largest solar power plant,"It is the first grid-connected solar plant and will generate clean, low-carbon, sustainable electricity to 40,000 homes, schools and businesses in the area.",True,,contract_management_failure,0.27827125834496336,payment_financial_dispute,0.025972524657845497,contract_management_failure,0.5,content_preferred,2016-12
The Observer,https://observer.ug/business/uganda-launches-east-africa-s-largest-solar-power-plant/,2016-12-14,Uganda launches East Africa’s largest solar power plant,"The project was developed under the Global Energy Transfer Feed in Tariff (“GET FiT”), a support scheme for renewable energy projects managed by Germany’s KfW development bank in partnership with Uganda’s Electricity Regulatory Agency (ERA) and funded by Norway, Germany, the United Kingdom and the European Union.",True,,procurement_irregularity,0.1914798067587055,land_row_dispute,0.11169750243425369,procurement_irregularity,0.5,content_preferred,2016-12
The Observer,https://observer.ug/business/uganda-launches-east-africa-s-largest-solar-power-plant/,2016-12-14,Uganda launches East Africa’s largest solar power plant,"Ziria Tibalwa, ERA’s chief executive officer, said the GET FiT programme helps renewable energy sources become affordable. “The project [in Soroti] is financed by a mix of debt and equity with the senior debt facility being provided by the Netherlands Development Bank and the Emerging Africa Infrastructure Fund (EAIF); as government, we will continue getting partnerships to increase our electricity on the national grid,” she said.",True,,land_row_dispute,0.1564374033856052,payment_financial_dispute,0.10574404150247574,land_row_dispute,0.5,content_preferred,2016-12
The Observer,https://observer.ug/business/uganda-launches-east-africa-s-largest-solar-power-plant/,2016-12-14,Uganda launches East Africa’s largest solar power plant,"Uganda has joined countries such as Rwanda and Kenya, which have commissioned similar solar projects with an aim of improving quality and reliability of power to spur development.",True,,contract_management_failure,0.22508476925997536,land_row_dispute,0.1070934534072876,contract_management_failure,0.5,content_preferred,2016-12
The Observer,https://observer.ug/business/uganda-launches-east-africa-s-largest-solar-power-plant/,2016-12-14,Uganda launches East Africa’s largest solar power plant,"Vahid Fotuhi, the managing director of Access Power Uganda Ltd, the firm that constructed the Soroti project, said that EU contributed $9 million while Access Power and Eren Renewable Energy contributed $10 million.",True,,contract_management_failure,0.262998481774035,land_row_dispute,0.14913222193717957,contract_management_failure,0.5,content_preferred,2016-12
The Observer,https://observer.ug/business/uganda-launches-east-africa-s-largest-solar-power-plant/,2016-12-14,Uganda launches East Africa’s largest solar power plant,The two companies will manage the project for 20 years.,True,,procurement_irregularity,0.3001931406930504,delay_time_overrun,0.28659069538116455,procurement_irregularity,0.5,content_preferred,2016-12
The Observer,https://observer.ug/business/uganda-launches-east-africa-s-largest-solar-power-plant/,2016-12-14,Uganda launches East Africa’s largest solar power plant,Sign up and get daily updates right to your inbox.,True,,delay_time_overrun,0.3072954973898721,delay_time_overrun,0.07245486974716187,delay_time_overrun,0.5949375917842585,agree,2016-12
The Observer,https://observer.ug/business/solar-interest-grows-as-soroti-project-takes-off/,2016-12-14,Solar interest grows as Soroti project takes off,"The Observer The race to have more solar power projects in Uganda is on after the launch of first such energy to be connected on the national grid, writes JEFF MBANGA.",True,,contract_management_failure,0.25189073597218664,delay_time_overrun,0.13674721121788025,contract_management_failure,0.5,content_preferred,2016-12
The Observer,https://observer.ug/business/solar-interest-grows-as-soroti-project-takes-off/,2016-12-14,Solar interest grows as Soroti project takes off,"The government’s rural electrification scheme has not yet pulled hydro-electricity to Okorom trading centre in Ngora district, but the area residents have learnt to make do with the next best alternative.",True,,land_row_dispute,0.4104772710755795,land_row_dispute,0.1337110698223114,land_row_dispute,0.6360470852244727,agree,2016-12
The Observer,https://observer.ug/business/solar-interest-grows-as-soroti-project-takes-off/,2016-12-14,Solar interest grows as Soroti project takes off,"In the evenings, parts of the trading centre is lit using solar electricity units that some residents have purchased, due to their growing accessibility.",True,,land_row_dispute,0.29138703817108275,payment_financial_dispute,0.07960236072540283,land_row_dispute,0.5,content_preferred,2016-12
The Observer,https://observer.ug/business/solar-interest-grows-as-soroti-project-takes-off/,2016-12-14,Solar interest grows as Soroti project takes off,Some homes whose owners can afford the units are also well lit.,True,,land_row_dispute,0.16206752562981078,quality_technical_defect,0.09758847951889038,land_row_dispute,0.5,content_preferred,2016-12
The Observer,https://observer.ug/business/solar-interest-grows-as-soroti-project-takes-off/,2016-12-14,Solar interest grows as Soroti project takes off,"In addition, the solar panels help residents charge their mobile phones.",True,,land_row_dispute,0.20567244557446213,payment_financial_dispute,0.1042155846953392,land_row_dispute,0.5,content_preferred,2016-12
The Observer,https://observer.ug/business/solar-interest-grows-as-soroti-project-takes-off/,2016-12-14,Solar interest grows as Soroti project takes off,"Unlike the past when the cost of installing a solar system and the wiring system ran into millions of shillings, today locals can purchase a “self-contained unit” (comprising a solar plate, a battery, a phone charging facility and three light bulbs) for as low as Shs 250,000.",True,,land_row_dispute,0.2558666834324844,payment_financial_dispute,0.12501585483551025,land_row_dispute,0.5,content_preferred,2016-12
The Observer,https://observer.ug/business/solar-interest-grows-as-soroti-project-takes-off/,2016-12-14,Solar interest grows as Soroti project takes off,The growth of solar energy from such small settings has evolved into the big stage with the Soroti project being the first to connect units on the national grid.,True,,procurement_irregularity,0.23250956190611918,delay_time_overrun,0.11464998871088028,procurement_irregularity,0.5,content_preferred,2016-12
The Observer,https://observer.ug/business/solar-interest-grows-as-soroti-project-takes-off/,2016-12-14,Solar interest grows as Soroti project takes off,"The launch of the 10MW solar power plant in Soroti on Monday, the biggest in East Africa, is expected to spur more investments in this particular renewable energy segment, especially now that the costs of equipment are said to be falling.",True,,contract_management_failure,0.2752597602596268,delay_time_overrun,0.09839107096195221,contract_management_failure,0.5,content_preferred,2016-12
The Observer,https://observer.ug/business/solar-interest-grows-as-soroti-project-takes-off/,2016-12-14,Solar interest grows as Soroti project takes off,"Fears that solar energy needed higher tariffs for investors to recoup the money they intended to spend on power projects have been dispelled, especially now that the prices of solar equipment have dropped by a half over the last five years.",True,,contract_management_failure,0.2976605162249856,contract_management_failure,0.1580207198858261,contract_management_failure,0.6139203090277029,agree,2016-12
The Observer,https://observer.ug/business/solar-interest-grows-as-soroti-project-takes-off/,2016-12-14,Solar interest grows as Soroti project takes off,"Godfrey Turyahikayo, the executive director of Rural Electrification Agency, explained that China, one of the largest producers of solar equipment, has influenced the movement of prices. “There are quite a number of things that have developed with regards to solar.",True,,land_row_dispute,0.1455364807385883,land_row_dispute,0.10793408751487732,land_row_dispute,0.5633676420633664,agree,2016-12
The Observer,https://observer.ug/business/solar-interest-grows-as-soroti-project-takes-off/,2016-12-14,Solar interest grows as Soroti project takes off,One is that the costs have actually drastically reduced over the last five years.,True,,land_row_dispute,0.34707398887574464,delay_time_overrun,0.2761629819869995,land_row_dispute,0.5,content_preferred,2016-12
The Observer,https://observer.ug/business/solar-interest-grows-as-soroti-project-takes-off/,2016-12-14,Solar interest grows as Soroti project takes off,The cost of solar has gone to about a half over that period.,True,,contract_management_failure,0.1248078580705557,delay_time_overrun,0.22640204429626465,contract_management_failure,0.5,content_preferred,2016-12
The Observer,https://observer.ug/business/solar-interest-grows-as-soroti-project-takes-off/,2016-12-14,Solar interest grows as Soroti project takes off,"The cost of production of panels in China has reduced; so, the market is flooded.",True,,land_row_dispute,0.16206752562981078,contract_management_failure,0.15643423795700073,land_row_dispute,0.5,content_preferred,2016-12
The Observer,https://observer.ug/business/solar-interest-grows-as-soroti-project-takes-off/,2016-12-14,Solar interest grows as Soroti project takes off,"Also, the efficient gains that have been achieved through scientific research have shown solar is less expensive.",True,,contract_management_failure,0.1248078580705557,delay_time_overrun,0.14584985375404358,contract_management_failure,0.5,content_preferred,2016-12
The Observer,https://observer.ug/business/solar-interest-grows-as-soroti-project-takes-off/,2016-12-14,Solar interest grows as Soroti project takes off,"So, there has been a number of innovations that have made solar cheaper. “Right now, we are actually looking at incorporating it into our system.",True,,land_row_dispute,0.16234621759471513,delay_time_overrun,0.09438952803611755,land_row_dispute,0.5,content_preferred,2016-12
The Observer,https://observer.ug/business/solar-interest-grows-as-soroti-project-takes-off/,2016-12-14,Solar interest grows as Soroti project takes off,"If you look at the small hydro power projects, the unit cost of energy is about 12 US cents.",True,,contract_management_failure,0.1756433548674021,procurement_irregularity,0.09623377025127411,contract_management_failure,0.5,content_preferred,2016-12
The Observer,https://observer.ug/business/solar-interest-grows-as-soroti-project-takes-off/,2016-12-14,Solar interest grows as Soroti project takes off,"But solar is also between 12 US cents and 15 US cents, right now, although that is without batteries,” he said.",True,,land_row_dispute,0.10586105818229508,procurement_irregularity,0.0767195001244545,land_row_dispute,0.5,content_preferred,2016-12
The Observer,https://observer.ug/business/solar-interest-grows-as-soroti-project-takes-off/,2016-12-14,Solar interest grows as Soroti project takes off,"MORE INVESTMENTS Plans are already underway to construct bigger solar projects as more Ugandans, especially those living in the rural areas, switch to using solar.",True,,contract_management_failure,0.13608805119045045,delay_time_overrun,0.14319950342178345,contract_management_failure,0.5,content_preferred,2016-12
The Observer,https://observer.ug/business/solar-interest-grows-as-soroti-project-takes-off/,2016-12-14,Solar interest grows as Soroti project takes off,"For example, Tororo PV Power Company Limited has already applied for a licence to construct, generate and sell electricity from its proposed 50MW solar power plant in Tororo district.",True,,contract_management_failure,0.44369369368354783,payment_financial_dispute,0.15319842100143433,contract_management_failure,0.5,content_preferred,2016-12
The Observer,https://observer.ug/business/solar-interest-grows-as-soroti-project-takes-off/,2016-12-14,Solar interest grows as Soroti project takes off,"MSS Xsabo Power Limited intends to generate 20MW of electricity from a solar power plant in Gomba, although the company ran into trouble with the regulators over its other planned 20MW wind power project in Tororo.",True,,contract_management_failure,0.4081932937669114,payment_financial_dispute,0.07686421275138855,contract_management_failure,0.5,content_preferred,2016-12
The Observer,https://observer.ug/business/solar-interest-grows-as-soroti-project-takes-off/,2016-12-14,Solar interest grows as Soroti project takes off,Emerging Power Limited plans to build a 15MW solar power project in Mayuge district at a cost of nearly $30 million.,True,,contract_management_failure,0.4236295472950634,delay_time_overrun,0.12851379811763763,contract_management_failure,0.5,content_preferred,2016-12
The Observer,https://observer.ug/business/solar-interest-grows-as-soroti-project-takes-off/,2016-12-14,Solar interest grows as Soroti project takes off,"On a lower scale, more homes and public spaces are switching to solar.",True,,delay_time_overrun,0.0,delay_time_overrun,0.11560514569282532,delay_time_overrun,0.5289012864232063,agree,2016-12
The Observer,https://observer.ug/business/solar-interest-grows-as-soroti-project-takes-off/,2016-12-14,Solar interest grows as Soroti project takes off,"This financial year, Uganda has set for itself a target of installing at least 20,000 solar systems in eight districts, plus also putting up solar-powered pumps in areas facing water shortages.",True,,procurement_irregularity,0.20556944205122415,delay_time_overrun,0.11078937351703644,procurement_irregularity,0.5,content_preferred,2016-12
The Observer,https://observer.ug/business/solar-interest-grows-as-soroti-project-takes-off/,2016-12-14,Solar interest grows as Soroti project takes off,Maintenance of solar equipment in more than 500 schools is already being undertaken under the Energy for Rural Transformation program.,True,,contract_management_failure,0.1248078580705557,delay_time_overrun,0.1588408350944519,contract_management_failure,0.5,content_preferred,2016-12
The Observer,https://observer.ug/business/solar-interest-grows-as-soroti-project-takes-off/,2016-12-14,Solar interest grows as Soroti project takes off,"The Joint Energy and Environment Project Uganda installed a solar micro grid, where at least 100 households have been connected to power.",True,,procurement_irregularity,0.28819906324807304,payment_financial_dispute,0.10946734994649887,procurement_irregularity,0.5,content_preferred,2016-12
The Observer,https://observer.ug/business/solar-interest-grows-as-soroti-project-takes-off/,2016-12-14,Solar interest grows as Soroti project takes off,Absolute Energy Ltd plans to set up a solar 230kW PV mini-grid at Kitobo island on Lake Victoria to supply more than 400 households and businesses.,True,,contract_management_failure,0.1248078580705557,payment_financial_dispute,0.09440550953149796,contract_management_failure,0.5,content_preferred,2016-12
The Observer,https://observer.ug/business/solar-interest-grows-as-soroti-project-takes-off/,2016-12-14,Solar interest grows as Soroti project takes off,"The increase in the interest in solar power, and other cleaner energies, has brightened Uganda’s international stature.",True,,contract_management_failure,0.22839586811086793,payment_financial_dispute,0.06378372013568878,contract_management_failure,0.5,content_preferred,2016-12
The Observer,https://observer.ug/business/solar-interest-grows-as-soroti-project-takes-off/,2016-12-14,Solar interest grows as Soroti project takes off,"For example, according to the 2014 Climate Scope report, an initiative by Bloomberg, Uganda was ranked 10th out of the 55 countries in the world ranked for attracting clean energy investments, and third in Africa.",True,,land_row_dispute,0.5858956844884685,governance_oversight_failure,0.14439073204994202,land_row_dispute,0.5858956844884685,content_preferred,2016-12
The Observer,https://observer.ug/business/solar-interest-grows-as-soroti-project-takes-off/,2016-12-14,Solar interest grows as Soroti project takes off,The report noted that Uganda’s non-large hydro clean energy sector attracted $307m between 2006 and 2013.,True,,procurement_irregularity,0.3982999604946316,procurement_irregularity,0.1269819140434265,procurement_irregularity,0.6313204686345145,agree,2016-12
The Observer,https://observer.ug/business/solar-interest-grows-as-soroti-project-takes-off/,2016-12-14,Solar interest grows as Soroti project takes off,"GOVT STRATEGY As part of its strategy to attract more investments for strictly solar energy, Uganda, in January 2015, changed tact when it stopped using the feed-in tariff – an inbuilt tariff that the investor and private firm negotiate on – to competitive bidding for on-grid projects.",True,,contract_management_failure,0.18465496519447752,governance_oversight_failure,0.20884187519550323,contract_management_failure,0.5,content_preferred,2016-12
The Observer,https://observer.ug/business/solar-interest-grows-as-soroti-project-takes-off/,2016-12-14,Solar interest grows as Soroti project takes off,"Before, investors demanded for a particular feed-in tariff that the Electricity Regulatory Authority had capped at 11 US Cents per kWh for grid connected solar PV energy.",True,,procurement_irregularity,0.15190516782630437,payment_financial_dispute,0.19842982292175293,procurement_irregularity,0.5,content_preferred,2016-12
The Observer,https://observer.ug/business/solar-interest-grows-as-soroti-project-takes-off/,2016-12-14,Solar interest grows as Soroti project takes off,"But now, with the change to competitive bidding, the tariff can go even lower. “Continuous technological advancements have resulted into cheaper and more efficient solar photovoltaic technology worldwide.",True,,contract_management_failure,0.1248078580705557,procurement_irregularity,0.14079329371452332,contract_management_failure,0.5,content_preferred,2016-12
The Observer,https://observer.ug/business/solar-interest-grows-as-soroti-project-takes-off/,2016-12-14,Solar interest grows as Soroti project takes off,Benefits from these improvements can only be realized through effective management of the cost of production of electricity from this resource.,True,,procurement_irregularity,0.22498289007995828,procurement_irregularity,0.09825508296489716,procurement_irregularity,0.5808094932612139,agree,2016-12
The Observer,https://observer.ug/business/solar-interest-grows-as-soroti-project-takes-off/,2016-12-14,Solar interest grows as Soroti project takes off,"Competitive procurement of such capacity is one of the most effective means of guaranteeing reasonable and fair pricing of solar power, as well as harnessing the benefits of such modular technologies, including system loss reduction and voltage stability,” the Electricity Regulatory Authority noted in 2014.",True,procurement_irregularity,procurement_irregularity,0.380125544378416,payment_financial_dispute,0.16561654210090637,procurement_irregularity,0.5,content_preferred,2016-12
The Observer,https://observer.ug/business/solar-interest-grows-as-soroti-project-takes-off/,2016-12-14,Solar interest grows as Soroti project takes off,"Still, government is calling for caution. “From a technical perspective, solar photovoltaic generation is associated with frequent power swings owing to its intermittent nature.",True,,contract_management_failure,0.38340262022113414,contract_management_failure,0.19459368288516998,contract_management_failure,0.6444990757765761,agree,2016-12
The Observer,https://observer.ug/business/solar-interest-grows-as-soroti-project-takes-off/,2016-12-14,Solar interest grows as Soroti project takes off,"This, therefore, calls for accurate determination of the extent to which the national electricity grid can accommodate power from solar without adversely affecting the quality of power supply,” ERA noted in 2015.",True,contract_management_failure,contract_management_failure,0.2920074468742515,payment_financial_dispute,0.15198194980621338,contract_management_failure,0.5,content_preferred,2016-12
The Observer,https://observer.ug/business/solar-interest-grows-as-soroti-project-takes-off/,2016-12-14,Solar interest grows as Soroti project takes off,Investors say that government might need to consider tax incentives for more investments in solar on-grid projects.,True,,procurement_irregularity,0.2173896191118541,payment_financial_dispute,0.1655183881521225,procurement_irregularity,0.5,content_preferred,2016-12
The Observer,https://observer.ug/business/solar-interest-grows-as-soroti-project-takes-off/,2016-12-14,Solar interest grows as Soroti project takes off,"Kristian Schmidt, the head of delegation for the European Union in Uganda, while at the ground-breaking launch of the Soroti project in March this year, said: “For grid-connected solar projects, for instance, the applicable tax treatment and standard contractual agreements already agreed could be improved to keep Uganda’s reputation as a stable, reliable and attractive environment for private sector investment.” Government used to offer tax incentives for solar equipment for off-grid projects but scrapped that when the prices for equipment started declining.",True,,land_row_dispute,0.2526475983530373,payment_financial_dispute,0.2338496744632721,land_row_dispute,0.5,content_preferred,2016-12
The Observer,https://observer.ug/business/solar-interest-grows-as-soroti-project-takes-off/,2016-12-14,Solar interest grows as Soroti project takes off,"Nevertheless, a number of financial institutions, such as Centenary bank and Post bank, are increasing their lending to those who need solar power. jeff@observer.ug Sign up and get daily updates right to your inbox.",True,,delay_time_overrun,0.3594343992749599,payment_financial_dispute,0.18920335173606873,delay_time_overrun,0.5,content_preferred,2016-12
The Observer,https://observer.ug/news/undp-belgium-partner-to-monitor-service-delivery/,2016-12-14,"UNDP, Belgium partner to monitor service delivery","The project will develop six applications, focusing on geographical areas where BTC and the education and health ministries are running joint programmes. “In Uganda, our priority is education and health and we are looking at technological innovations that fall in this line and, therefore, this partnership is a major step for us,” said Verbist. “One of our priorities is how much we can use digitalisation to enhance development.” For instance, in case of disease outbreaks, maps detailing particular entries are produced per health facility on a daily or weekly basis based on health centre reports. “This allows [one] identify very quickly clusters of infection and rates and it makes allocation of medicines and medical personnel more efficient and also ensures quick response to the disease outbreak,” said Erwin De Wandel, the head of cooperation at the Belgium Embassy.",True,,delay_time_overrun,0.38303187838096475,delay_time_overrun,0.08729357272386551,delay_time_overrun,0.6175813627762076,agree,2016-12
The Observer,https://observer.ug/news/undp-belgium-partner-to-monitor-service-delivery/,2016-12-14,"UNDP, Belgium partner to monitor service delivery","The project set to start on January 13, 2017 will cost at least Shs 1.5bn.",True,,procurement_irregularity,0.25170493071150374,delay_time_overrun,0.28923797607421875,procurement_irregularity,0.5,content_preferred,2016-12
The Observer,https://observer.ug/news/uganda-crop-scientists-get-global-recognition/,2016-12-14,Uganda crop scientists get global recognition,"The biofortification campaign enlists scientists producing high-yielding, virus-resistant and drought-tolerant crop varieties through multiple crossing of conventional plant breeds.",True,,land_row_dispute,0.16206752562981078,delay_time_overrun,0.1035354733467102,land_row_dispute,0.5,content_preferred,2016-12
The Observer,https://observer.ug/news/ugandans-to-pay-to-use-busega-mpigi-highway/,2016-12-14,Ugandans to pay to use Busega-Mpigi highway,The Observer A parliamentary report has found that Ugandans will pay to use the proposed Busega-Mpigi expressway.,True,,delay_time_overrun,0.42280934703818523,payment_financial_dispute,0.1641903966665268,delay_time_overrun,0.5,content_preferred,2016-12
The Observer,https://observer.ug/news/ugandans-to-pay-to-use-busega-mpigi-highway/,2016-12-14,Ugandans to pay to use Busega-Mpigi highway,The project will be implemented over a period of three years beginning 2018.,True,,procurement_irregularity,0.3001931406930504,delay_time_overrun,0.35994797945022583,procurement_irregularity,0.5,content_preferred,2016-12
The Observer,https://observer.ug/news/ugandans-to-pay-to-use-busega-mpigi-highway/,2016-12-14,Ugandans to pay to use Busega-Mpigi highway,ADB will contribute $91m (47.34%) of the total project costs.,True,,procurement_irregularity,0.19533095072075077,payment_financial_dispute,0.1997951865196228,procurement_irregularity,0.5,content_preferred,2016-12
The Observer,https://observer.ug/news/ugandans-to-pay-to-use-busega-mpigi-highway/,2016-12-14,Ugandans to pay to use Busega-Mpigi highway,Other roads set to be tolled include the soon-to-be completed Kampala-Entebbe expressway and the proposed Kampala-Jinja expressway.,True,,governance_oversight_failure,0.43698776039420817,delay_time_overrun,0.2332521378993988,governance_oversight_failure,0.5,content_preferred,2016-12
The Observer,https://observer.ug/news/ugandans-to-pay-to-use-busega-mpigi-highway/,2016-12-14,Ugandans to pay to use Busega-Mpigi highway,KIBUYE-BUSEGA MPs said the operation and functionality of the Busega-Mpigi expressway is dependent on the availability of the Kibuye-Busega section.,True,,land_row_dispute,0.32417724635491574,delay_time_overrun,0.1350245475769043,land_row_dispute,0.5,content_preferred,2016-12
The Observer,https://observer.ug/news/ugandans-to-pay-to-use-busega-mpigi-highway/,2016-12-14,Ugandans to pay to use Busega-Mpigi highway,"The MPs have, however, given government a go-ahead to borrow the money for the project. amwesigwa@observer.ug Sign up and get daily updates right to your inbox.",True,,delay_time_overrun,0.3565182866010318,land_row_dispute,0.23895210027694702,delay_time_overrun,0.5,content_preferred,2016-12
The Observer,https://observer.ug/news/court-trashes-mabirizi-in-kabaka-land-case/,2016-12-14,Court trashes Mabirizi in Kabaka land case,"He also argued that although Mukasa works for the Kabaka, he had not been given powers of attorney to represent him in that particular case.",True,,delay_time_overrun,0.26633827139263466,procurement_irregularity,0.2034142166376114,delay_time_overrun,0.5,content_preferred,2016-12
The Observer,https://observer.ug/news/agaba-s-last-thoughts-on-luzira-deaths-jennifer-musisi-kcca/,2016-12-14,"Agaba’s last thoughts on Luzira deaths, Jennifer Musisi & KCCA","How would you have handled it?” he threw back the question at me. “I would have called off the operation,” I said, before Agaba interjected: “Then you are not a firm person.” About Jennifer Musisi, the executive director of KCCA, Agaba said she had “lost direction” the moment she allowed politicians to dictate how the authority works. “She is intelligent and hardworking but she plays too much into the hands of politicians, including those in the NRM,” Agaba said.",True,,delay_time_overrun,0.7299444802231454,contract_management_failure,0.26950109004974365,delay_time_overrun,0.7299444802231454,content_preferred,2016-12
The Observer,https://observer.ug/news/agaba-s-last-thoughts-on-luzira-deaths-jennifer-musisi-kcca/,2016-12-14,"Agaba’s last thoughts on Luzira deaths, Jennifer Musisi & KCCA","His most controversial moment came in January 2012, when he was accused alongside his bodyguard, Santos Komakech Makmot, of shooting and killing one person and injuring five others during a KCCA eviction exercise in Luzira.",True,land_row_dispute,land_row_dispute,0.37231635521771655,contract_management_failure,0.1682225465774536,land_row_dispute,0.5,content_preferred,2016-12
The Observer,https://observer.ug/business/eprc-wins-accolade/,2016-12-16,EPRC wins accolade,"In a statement, EPRC said: “[We are] committed to providing evidence that supports government in implementation of the sustainable development goals”.",True,,land_row_dispute,0.4901395987127221,governance_oversight_failure,0.2545909881591797,land_row_dispute,0.5,content_preferred,2016-12
The Observer,https://observer.ug/business/bou-lowers-key-rate-as-businesses-face-tough-times/,2016-12-16,BOU lowers key rate as businesses face tough times,This growth is expected to be boosted by the construction in the transport and energy sectors. jeff@observer.ug Sign up and get daily updates right to your inbox.,True,,delay_time_overrun,0.3464828625163753,delay_time_overrun,0.22300611436367035,delay_time_overrun,0.6423722442200114,agree,2016-12
The Observer,https://observer.ug/business/govt-receives-shs-340bn-for-45-mw-muzizi-power-project/,2016-12-16,Govt receives Shs 340bn for 45 MW Muzizi power project,The Observer Finance Minister Matia Kasaija has announced that government has secured about 90 million Euros (nearly Shs 342bn) as a concessional loan for the construction of Muzizi hydropower plant project.,True,,land_row_dispute,0.43267502115146794,payment_financial_dispute,0.21294480562210083,land_row_dispute,0.5,content_preferred,2016-12
The Observer,https://observer.ug/business/govt-receives-shs-340bn-for-45-mw-muzizi-power-project/,2016-12-16,Govt receives Shs 340bn for 45 MW Muzizi power project,"The concessional funds have been provided by the French Development Agency (AFD), contributing Euros 45m (Shs 171bn) and German Development Bank (KFW), contributing Euros 40m (Shs 152bn).",True,,land_row_dispute,0.25762682885519383,payment_financial_dispute,0.1838214099407196,land_row_dispute,0.5,content_preferred,2016-12
The Observer,https://observer.ug/business/govt-receives-shs-340bn-for-45-mw-muzizi-power-project/,2016-12-16,Govt receives Shs 340bn for 45 MW Muzizi power project,"Additionally, KFW is also providing a grant of Euros 5.24m to the same project.",True,,procurement_irregularity,0.19533095072075077,delay_time_overrun,0.19073566794395447,procurement_irregularity,0.5,content_preferred,2016-12
The Observer,https://observer.ug/business/govt-receives-shs-340bn-for-45-mw-muzizi-power-project/,2016-12-16,Govt receives Shs 340bn for 45 MW Muzizi power project,"Speaking during the signing of the loan financing agreement at the finance ministry headquarters recently, Kasaija said that power generated from Muzizi will be fed into the national grid via the proposed Hoima Fort portal-Nkenda 220 kilo volts (kV) transmission line. “The project is critical for the achievement of growth targets set out in Uganda’s National Development Strategies,” Kasaija said.",True,,contract_management_failure,0.3881820924694472,payment_financial_dispute,0.10495125502347946,contract_management_failure,0.5,content_preferred,2016-12
The Observer,https://observer.ug/business/govt-receives-shs-340bn-for-45-mw-muzizi-power-project/,2016-12-16,Govt receives Shs 340bn for 45 MW Muzizi power project,"However, government is expected to inject about Euros 20m (Shs 76bn) to ensure full financing of the project.",True,,land_row_dispute,0.3261675223000649,payment_financial_dispute,0.24618984758853912,land_row_dispute,0.5,content_preferred,2016-12
The Observer,https://observer.ug/business/govt-receives-shs-340bn-for-45-mw-muzizi-power-project/,2016-12-16,Govt receives Shs 340bn for 45 MW Muzizi power project,It is estimated to cost about Euros 110m (Shs 418bn) according to Kasaija.,True,,land_row_dispute,0.46664510980340046,procurement_irregularity,0.17784041166305542,land_row_dispute,0.5,content_preferred,2016-12
The Observer,https://observer.ug/business/govt-receives-shs-340bn-for-45-mw-muzizi-power-project/,2016-12-16,Govt receives Shs 340bn for 45 MW Muzizi power project,The projected will be developed by Uganda Electricity Generating Company (UEGCL) with expected total capacity of 45MW.,True,,procurement_irregularity,0.2668085162874023,delay_time_overrun,0.11500091850757599,procurement_irregularity,0.5,content_preferred,2016-12
The Observer,https://observer.ug/business/govt-receives-shs-340bn-for-45-mw-muzizi-power-project/,2016-12-16,Govt receives Shs 340bn for 45 MW Muzizi power project,"According to information from the official, UEGCL has already contracted Austria-based international consultant, ILF Consulting Engineers, to complete the technical design of the project and support the procurement of a construction company.",True,procurement_irregularity,procurement_irregularity,0.39612990495778366,quality_technical_defect,0.19115237891674042,procurement_irregularity,0.5,content_preferred,2016-12
The Observer,https://observer.ug/business/govt-receives-shs-340bn-for-45-mw-muzizi-power-project/,2016-12-16,Govt receives Shs 340bn for 45 MW Muzizi power project,"According to Kasaija, construction works are expected to commence in 2018 and commissioning of the power plant in 2021. “I want to draw the attention of UEGCL and the ministry of energy and mineral development on the need to keep track of the implementation schedule,” Kasaija said.",True,,procurement_irregularity,0.48708134644747825,delay_time_overrun,0.29023632407188416,procurement_irregularity,0.5,content_preferred,2016-12
The Observer,https://observer.ug/business/govt-receives-shs-340bn-for-45-mw-muzizi-power-project/,2016-12-16,Govt receives Shs 340bn for 45 MW Muzizi power project,"Stephanie Rivoal, the French Ambassador to Uganda, said the aim of this concessional loan is to support the government of Uganda in infrastructure development in the energy sector. “It is known that the burning of renewable resources provides approximately 90 per cent of the energy in Uganda, while much of the hydroelectric potential of the country largely remains untapped,” Rivoal said.",True,,land_row_dispute,0.3854751670894657,payment_financial_dispute,0.15631668269634247,land_row_dispute,0.5,content_preferred,2016-12
The Observer,https://observer.ug/business/govt-receives-shs-340bn-for-45-mw-muzizi-power-project/,2016-12-16,Govt receives Shs 340bn for 45 MW Muzizi power project,The Muzizi project will increase the current power generation capacity in Uganda by about five per cent.,True,,procurement_irregularity,0.30176782927842566,delay_time_overrun,0.05503552407026291,procurement_irregularity,0.5,content_preferred,2016-12
The Observer,https://observer.ug/business/govt-receives-shs-340bn-for-45-mw-muzizi-power-project/,2016-12-16,Govt receives Shs 340bn for 45 MW Muzizi power project,It is estimated to supply about one million people with clean electricity from hydro power.,True,,contract_management_failure,0.41540014339241393,procurement_irregularity,0.08691497147083282,contract_management_failure,0.5,content_preferred,2016-12
The Observer,https://observer.ug/business/govt-receives-shs-340bn-for-45-mw-muzizi-power-project/,2016-12-16,Govt receives Shs 340bn for 45 MW Muzizi power project,This creates an important precondition for rural electrification and economic development in the project area. alitwaha9@gmail.com Sign up and get daily updates right to your inbox.,True,,delay_time_overrun,0.3666084505333818,land_row_dispute,0.13199308514595032,delay_time_overrun,0.5,content_preferred,2016-12
The Observer,https://observer.ug/news/transcripts-light-up-kyambogo-graduation/,2016-12-16,Transcripts light up Kyambogo graduation,"Bonnie Busingye, a deaf graduand from the faculty of Special Needs and Rehabilitation, could not hide her excitement upon receiving one. “In the history of Kyambogo, I have never seen this happen.",True,,land_row_dispute,0.16206752562981078,procurement_irregularity,0.12545013427734375,land_row_dispute,0.5,content_preferred,2016-12
The Observer,https://observer.ug/news/minerals-key-says-kasaija-as-uncdf-marks-50-years/,2016-12-16,"Minerals key, says Kasaija as UNCDF marks 50 years","We also don’t have the right technical support,” Kasaija said, “As you can see, we are still struggling to see that we exploit the oil, build a pipeline, a refinery and so on.” Over the last 50 years in Uganda, UNCDF has supported projects in areas like food security, women economic empowerment, climate change and poverty eradication.",True,,land_row_dispute,0.3842593252987314,governance_oversight_failure,0.21791794896125793,land_row_dispute,0.5,content_preferred,2016-12
The Observer,https://observer.ug/news/minerals-key-says-kasaija-as-uncdf-marks-50-years/,2016-12-16,"Minerals key, says Kasaija as UNCDF marks 50 years","According to Mr Phrase Lubega, the MTN general manager for financial services, through UNCDF funding, the telecom company has been able to do research on the viability and implementation of MoKash service with now over three million subscribers.",True,,governance_oversight_failure,0.35371572445739763,governance_oversight_failure,0.09833894670009613,governance_oversight_failure,0.6130136677893734,agree,2016-12
The Observer,https://observer.ug/news/go-slow-on-palace-redevelopment-mayiga-told/,2016-12-16,"Go slow on palace redevelopment, Mayiga told","Critics claim Mayiga’s plan is inconsistent with Buganda’s tradition of consultation before any major project is undertaken. “The biggest problem with institutions like Buganda kingdom is that it has so many stakeholders with divergent views and elongated cultural norms which must be safeguarded,” Mukono Municipality MP Betty Nambooze Bakireke wrote in an open letter to Mayiga – suggesting that Mayiga had only consulted a few businessmen.",True,,quality_technical_defect,0.27765495323569006,governance_oversight_failure,0.22916391491889954,quality_technical_defect,0.5,content_preferred,2016-12
The Observer,https://observer.ug/news/police-called-in-as-new-omugabe-claims-ankole-throne/,2016-12-16,Police called in as new ‘Omugabe’ claims Ankole throne,The Observer Two Ankole factions have accused one another of being impostors as they each claim to be the rightful leaders of the defunct kingdom.,True,,land_row_dispute,0.32382404005091275,governance_oversight_failure,0.1981401890516281,land_row_dispute,0.5,content_preferred,2016-12
The Observer,https://observer.ug/news/police-called-in-as-new-omugabe-claims-ankole-throne/,2016-12-16,Police called in as new ‘Omugabe’ claims Ankole throne,This brings to life an age-old dispute over whether to have the controversial kingdom restored or not.,True,,land_row_dispute,0.16206752562981078,land_row_dispute,0.30628687143325806,land_row_dispute,0.6170885992657672,agree,2016-12
The Observer,https://observer.ug/news/police-called-in-as-new-omugabe-claims-ankole-throne/,2016-12-16,Police called in as new ‘Omugabe’ claims Ankole throne,"George William Katatumba, the ‘recognised’ Enganzi (prime minister) of Ankole kingdom, which has all along held out Aryaija Charles Rwebishengye, son of the late Prince John Barigye, as heir to the throne, has written to Inspector General of Police Gen Kale Kayihura, accusing one Umar Asiimwe Ntare, who recently laid claim to the throne, of being an impostor.",True,,land_row_dispute,0.29653270354044853,contract_management_failure,0.09481845051050186,land_row_dispute,0.5,content_preferred,2016-12
The Observer,https://observer.ug/news/police-called-in-as-new-omugabe-claims-ankole-throne/,2016-12-16,Police called in as new ‘Omugabe’ claims Ankole throne,"Reacting to the development, Katatumba said Asiimwe and one Max Muhumuza, who was named as speaker in the cabinet, “have been impersonating the kingdom, obtaining money by false pretense, spreading harmful propaganda and, above all, dividing the people of Ankole.” However, Muhumuza told The Observer that Prince Rwebishengye, who Katatumba holds out as the rightful future king, has never come out openly to claim the throne.",True,,land_row_dispute,0.5218302585472306,contract_management_failure,0.12516766786575317,land_row_dispute,0.5218302585472306,content_preferred,2016-12
The Observer,https://observer.ug/news/police-called-in-as-new-omugabe-claims-ankole-throne/,2016-12-16,Police called in as new ‘Omugabe’ claims Ankole throne,"After the restoration of other kingdoms in 1993, two organisations were formed in support and against the Ankole institution – Nkore Cultural Trust (NCT) and Banyankore Cultural Foundation (BCF) respectively.",True,,procurement_irregularity,0.17977557585528206,land_row_dispute,0.21011817455291748,procurement_irregularity,0.5,content_preferred,2016-12
The Observer,https://observer.ug/news/police-called-in-as-new-omugabe-claims-ankole-throne/,2016-12-16,Police called in as new ‘Omugabe’ claims Ankole throne,"The British annexed them to Nkore kingdom and called it Ankole.” Therefore, Barya said, it would be very difficult for Rwebishengye or any other person claiming to be Ankole king to lay claim on the kingship.",True,,land_row_dispute,0.3022994328503455,land_row_dispute,0.1516193449497223,land_row_dispute,0.6134796944500169,agree,2016-12
The Observer,https://observer.ug/news/police-called-in-as-new-omugabe-claims-ankole-throne/,2016-12-16,Police called in as new ‘Omugabe’ claims Ankole throne,"On the other hand, very little is known about Asiimwe and his claim to the Ankole throne.",True,,land_row_dispute,0.32603604220991717,contract_management_failure,0.09569275379180908,land_row_dispute,0.5,content_preferred,2016-12
The Observer,https://observer.ug/news/makerere-dons-fail-to-vote-on-reopening/,2016-12-16,Makerere dons fail to vote on reopening,"Coming 45 days since the university was closed following a lecturers’ strike over unpaid allowances, the meeting started well.",True,,land_row_dispute,0.22951629426880824,delay_time_overrun,0.24306729435920715,land_row_dispute,0.5,content_preferred,2016-12
The Observer,https://observer.ug/news/it-s-not-just-acholi-even-bunyoro-decries-govt-neglect-on-oil-matters/,2016-12-16,It’s not just Acholi; even Bunyoro decries govt neglect on oil matters,"Before [the construction of the paved road], climbing that hill would take you three or four hours,” he told The Observer recently.",True,,delay_time_overrun,0.3591077247441075,delay_time_overrun,0.32258108258247375,delay_time_overrun,0.6704222018316454,agree,2016-12
The Observer,https://observer.ug/news/it-s-not-just-acholi-even-bunyoro-decries-govt-neglect-on-oil-matters/,2016-12-16,It’s not just Acholi; even Bunyoro decries govt neglect on oil matters,"The assistant commissioner for refining in the energy ministry, Dozith Abeinomugisha, describes the roads as part of the “support infrastructure” that the area will need in order to ease oil production activities. “The roads must be developed and we have been in discussions with the ministry of works to ensure that the roads are developed,” he said, adding that they are also developing a master plan involving other critical infrastructure.",True,,delay_time_overrun,0.32424625844976684,delay_time_overrun,0.2570725679397583,delay_time_overrun,0.6453297065973813,agree,2016-12
The Observer,https://observer.ug/news/it-s-not-just-acholi-even-bunyoro-decries-govt-neglect-on-oil-matters/,2016-12-16,It’s not just Acholi; even Bunyoro decries govt neglect on oil matters,"In addition, there is an industrial park in the works, which will comprise an international airport, a refinery, an oil central processing facility,a storage hub, export hub, petro-chemical industries, an oil waste management plant, and at least two hydro-electricity projects.",True,,delay_time_overrun,0.2855476549845076,delay_time_overrun,0.10217692703008652,delay_time_overrun,0.5969311455036486,agree,2016-12
The Observer,https://observer.ug/news/it-s-not-just-acholi-even-bunyoro-decries-govt-neglect-on-oil-matters/,2016-12-16,It’s not just Acholi; even Bunyoro decries govt neglect on oil matters,"They knew much earlier what would happen; so, they came, bought land cheaply and, when compensation [time] came, they are the people who benefitted.",True,land_row_dispute,land_row_dispute,0.5702630821337169,land_row_dispute,0.3442336916923523,land_row_dispute,0.7286241934565173,agree,2016-12
The Observer,https://observer.ug/news/it-s-not-just-acholi-even-bunyoro-decries-govt-neglect-on-oil-matters/,2016-12-16,It’s not just Acholi; even Bunyoro decries govt neglect on oil matters,"Using the Hoima-Kaiso-Tonya road to illustrate his argument, Nsamba said he does not see ordinary people in Bunyoro making the most of the improved infrastructure.",True,,land_row_dispute,0.3234587459999716,delay_time_overrun,0.10942932963371277,land_row_dispute,0.5,content_preferred,2016-12
The Observer,https://observer.ug/news/it-s-not-just-acholi-even-bunyoro-decries-govt-neglect-on-oil-matters/,2016-12-16,It’s not just Acholi; even Bunyoro decries govt neglect on oil matters,"Instead of benefits, Irumba says the only visible results so far are the repercussions of mismanagement of some initiatives that should have minimised the negative effects of oil exploration on Bunyoro.",True,governance_oversight_failure,governance_oversight_failure,0.6174042224979005,governance_oversight_failure,0.21698540449142456,governance_oversight_failure,0.7085974067473313,agree,2016-12
The Observer,https://observer.ug/news/it-s-not-just-acholi-even-bunyoro-decries-govt-neglect-on-oil-matters/,2016-12-16,It’s not just Acholi; even Bunyoro decries govt neglect on oil matters,"According to the area local councillor, Nelson Tich, the duo processed land titles and violently drove the hapless families from the land, which they sold to an investor for a waste disposal management plant. “These people were customary owners of the land.",True,,land_row_dispute,0.7895393237427145,land_row_dispute,0.24567973613739014,land_row_dispute,0.7588047649700261,agree,2016-12
The Observer,https://observer.ug/news/it-s-not-just-acholi-even-bunyoro-decries-govt-neglect-on-oil-matters/,2016-12-16,It’s not just Acholi; even Bunyoro decries govt neglect on oil matters,"The government is acquiring 29 square kilometres for the refinery and, according to the energy ministry’s Abeinomugisha, most related land issues have been dealt with transparently. “As of now, we have compensated about 98 per cent of the project-affected persons whose land we are taking,” he said. “The remaining two per cent have not been compensated, but these are the people who either didn’t show up or have contested the rates that they were given; so, we are trying to see how this can be resolved.” According to Abeinomugisha, for those who opted to be relocated to other places, the government is building for them houses, which he said “are at 80 per cent completion.” “By the end of this month or next month [January], the houses should be complete and by the end of February, these people should be able to move into their houses,” he said.",True,,land_row_dispute,0.8974071963528792,land_row_dispute,0.2885655164718628,land_row_dispute,0.7964931782061855,agree,2016-12
The Observer,https://observer.ug/news/it-s-not-just-acholi-even-bunyoro-decries-govt-neglect-on-oil-matters/,2016-12-16,It’s not just Acholi; even Bunyoro decries govt neglect on oil matters,"In addition, he argued, they went slow on constructing infrastructure such as hospitals, roads and schools. “Some of us who studied during those times had to go out of Bunyoro to get good secondary education.",True,,delay_time_overrun,0.35664349184416294,delay_time_overrun,0.22356754541397095,delay_time_overrun,0.6450527593145334,agree,2016-12
The Observer,https://observer.ug/news/it-s-not-just-acholi-even-bunyoro-decries-govt-neglect-on-oil-matters/,2016-12-16,It’s not just Acholi; even Bunyoro decries govt neglect on oil matters,Bunyoro wanted compensation worth £3 trillion.,True,land_row_dispute,land_row_dispute,0.36850810033937503,procurement_irregularity,0.2200198620557785,land_row_dispute,0.5,content_preferred,2016-12
The Observer,https://observer.ug/news/chaos-as-bailiffs-attach-gulu-district-assets-over-shs-4-4bn/,2016-12-17,Chaos as bailiffs attach Gulu district assets over Shs 4.4bn,The 89 chiefs dragged the district to court and won the suit in 2011 when the High court in Gulu ruled in their favour and granted them a compensation package of Shs 2.6 billion.,True,land_row_dispute,land_row_dispute,0.3843133394007375,contract_management_failure,0.3260119557380676,land_row_dispute,0.5,content_preferred,2016-12
The Observer,https://observer.ug/news/chaos-as-bailiffs-attach-gulu-district-assets-over-shs-4-4bn/,2016-12-17,Chaos as bailiffs attach Gulu district assets over Shs 4.4bn,This is the third time that the firm is attempting to attach assets of the district over the same compensation.,True,land_row_dispute,land_row_dispute,0.4826145692700748,contract_management_failure,0.3601541519165039,land_row_dispute,0.5,content_preferred,2016-12
The Observer,https://observer.ug/news/chaos-as-bailiffs-attach-gulu-district-assets-over-shs-4-4bn/,2016-12-17,Chaos as bailiffs attach Gulu district assets over Shs 4.4bn,"So I have talked to them and indeed they recognise and decided to go and we decided to meet on Monday.” Mapenduzi accuses the bailiffs of plotting to take Shs 1.5 billion donated to the district by Northern Uganda Development of Enhanced Local Governance, Infrastructure and Livelihoods (NUDEIL). “Yesterday [Thursday], they wanted to take Shs 1.5 billion, but we went to court and explained to court that; this money is not for Gulu district local government.",True,,land_row_dispute,0.37050767067305396,land_row_dispute,0.2690109312534332,land_row_dispute,0.6598796504816218,agree,2016-12
The Observer,https://observer.ug/news/chaos-as-bailiffs-attach-gulu-district-assets-over-shs-4-4bn/,2016-12-17,Chaos as bailiffs attach Gulu district assets over Shs 4.4bn,It is money for activities in Gulu but it is donor money – project money.,True,,procurement_irregularity,0.19533095072075077,land_row_dispute,0.18539494276046753,procurement_irregularity,0.5,content_preferred,2016-12
The Observer,https://observer.ug/news/utl-licence-should-have-been-revoked-5-years-ago-ucc/,2016-12-17,Utl licence should have been revoked 5 years ago – UCC,"Mutabazi was appearing before a select committee of parliament which is investigating reports of alleged mismanagement of resources, conflict of interest and illegal sale of company property, among others.",True,governance_oversight_failure,governance_oversight_failure,0.39900790228979227,payment_financial_dispute,0.22052696347236633,governance_oversight_failure,0.5,content_preferred,2016-12
The Observer,https://observer.ug/news/utl-licence-should-have-been-revoked-5-years-ago-ucc/,2016-12-17,Utl licence should have been revoked 5 years ago – UCC,"In some of the reported cases of mismanagement, Mark Shoebridge, the managing director of Utl is quoted to have been paid a salary advance of Shs 105 million ($30,000) for his personal rent for the first six months of 2017 at a rate of Shs 17.5 million ($5,000) per month, yet he is entitled to only Shs 10 million per month.",True,governance_oversight_failure,governance_oversight_failure,0.37105978546046914,payment_financial_dispute,0.24432650208473206,governance_oversight_failure,0.5,content_preferred,2016-12
The Observer,https://observer.ug/news/utl-licence-should-have-been-revoked-5-years-ago-ucc/,2016-12-17,Utl licence should have been revoked 5 years ago – UCC,"He says that in 2012, Utl was issued with three notices over contract breaches, including using its spectrum illegally without UCC’s approval.",True,,governance_oversight_failure,0.49881565257551025,contract_management_failure,0.27925926446914673,governance_oversight_failure,0.5,content_preferred,2016-12
The Observer,https://observer.ug/news/nwsc-wants-shs-90bn-to-avail-water-for-all/,2016-12-19,NWSC wants Shs 90bn to avail water for all,"At the same event, Mugisha also announced the corporation’s plan of continuing to expand physical infrastructure; including pipeline network, geographical and service coverage.",True,,land_row_dispute,0.4961004945377459,delay_time_overrun,0.2879377603530884,land_row_dispute,0.5,content_preferred,2016-12
The Observer,https://observer.ug/news/nwsc-wants-shs-90bn-to-avail-water-for-all/,2016-12-19,NWSC wants Shs 90bn to avail water for all,"A number of multibillion projects such as Katosi treatment plant, aimed at boosting water supply in Kampala Metropolitan area with 160 million litres per day by 2019, will also take off next year.",True,,governance_oversight_failure,0.3034520505946347,delay_time_overrun,0.17531615495681763,governance_oversight_failure,0.5,content_preferred,2016-12
The Observer,https://observer.ug/news/museveni-akena-killing-upc-bossa/,2016-12-19,"Museveni, Akena killing UPC – Bossa",They wrote saying that because the leadership of the party was in dispute; it [bank] had decided to freeze the party’s account.,True,,land_row_dispute,0.16206752562981078,contract_management_failure,0.3088497519493103,land_row_dispute,0.5,content_preferred,2016-12
The Observer,https://observer.ug/news/museveni-akena-killing-upc-bossa/,2016-12-19,"Museveni, Akena killing UPC – Bossa",I went to court to dispute Akena’s presidency and not to block the accounts.,True,,land_row_dispute,0.2397025234090872,contract_management_failure,0.22203975915908813,land_row_dispute,0.5,content_preferred,2016-12
The Observer,https://observer.ug/news/mp-nandala-mafabi-faults-utl-on-shs-670bn-debts/,2016-12-19,MP Nandala-Mafabi faults Utl on Shs 670bn debts,The Observer Budadiri West MP Nathan Nandala-Mafabi has lashed out at Uganda Telecom Limited (Utl) for mismanagement.,True,governance_oversight_failure,governance_oversight_failure,0.3794383725848183,governance_oversight_failure,0.19959907233715057,governance_oversight_failure,0.6447593612304923,agree,2016-12
The Observer,https://observer.ug/news/mp-nandala-mafabi-faults-utl-on-shs-670bn-debts/,2016-12-19,MP Nandala-Mafabi faults Utl on Shs 670bn debts,"According Mafabi, since he exposed the mismanagement of Utl, Shoebridge has fired those he believes are responsible for leaking the information. “Some of the staff who have left include John Sendikaddiwa, Charles Wanume, John Magala and Godfrey Kisekka (who was the acting MD before Shoebridge took over),” Mafabi said. “It is therefore my recommendation that the acts going on in Utl, including the wanton victimization of staff, is stopped with immediate effect.” The committee said the top managers who include Shoebridge, company secretary David Nambale, James Wilde, the chief finance officer; Emmanuel Kasule, the chief human resource officer and Ameer Kamal Arif, the chief commercial officer, be investigated. namuloki16@gmail.com Sign up and get daily updates right to your inbox.",True,governance_oversight_failure,governance_oversight_failure,0.40211638125439725,contract_management_failure,0.247634619474411,governance_oversight_failure,0.5,content_preferred,2016-12
The Observer,https://observer.ug/news/rugunda-speaks-on-makerere-fighting-ministers/,2016-12-19,"Rugunda speaks on Makerere, fighting ministers","Since May, government has worked well; it has energetically embarked on a number of projects, basically consolidation and completion of projects that were underway especially in the infrastructure area.",True,,land_row_dispute,0.31987627982062933,governance_oversight_failure,0.236942321062088,land_row_dispute,0.5,content_preferred,2016-12
The Observer,https://observer.ug/news/rugunda-speaks-on-makerere-fighting-ministers/,2016-12-19,"Rugunda speaks on Makerere, fighting ministers","We have had interactions with our Kenyan neighbours on our regional projects and the northern corridor programs going on, [and] preparations continue for the Standard Gauge Railway.",True,,land_row_dispute,0.3698739183550402,delay_time_overrun,0.21578995883464813,land_row_dispute,0.5,content_preferred,2016-12
The Observer,https://observer.ug/news/couple-sues-marie-stopes-over-unplanned-child/,2016-12-19,Couple sues Marie Stopes over unplanned child,"They say that they were advised by Marie Stopes, to undergo a bilateral tubal litigation, a surgical procedure that involves blocking the fallopian tubes to prevent the ovum from being fertilized.",True,,land_row_dispute,0.20584656242510815,contract_management_failure,0.24771344661712646,land_row_dispute,0.5,content_preferred,2016-12
The Observer,https://observer.ug/news/fifa-fines-uganda-shs-17m-burundi-shs-55m/,2016-12-20,"FIFA fines Uganda Shs 17m, Burundi Shs 55m","In a circular released on Monday, by the Federation of International Football Associations disciplinary committee said Ugandan fans were seated in an ‘improper place’ during the game with Togo at the Mandela national stadium, Namboole on November 15, 2015.",True,,contract_management_failure,0.6783616824981727,procurement_irregularity,0.11128250509500504,contract_management_failure,0.6783616824981727,content_preferred,2016-12
The Observer,https://observer.ug/business/residents-protest-against-delayed-unra-pay/,2016-12-21,Residents protest against delayed Unra pay,The Observer Residents of Kitgum and Pader districts have held a peaceful demonstration to protest delayed compensation by Uganda National Roads Authority (Unra).,True,delay_time_overrun,delay_time_overrun,0.4988742512915898,land_row_dispute,0.37215638160705566,delay_time_overrun,0.5,content_preferred,2016-12
The Observer,https://observer.ug/business/residents-protest-against-delayed-unra-pay/,2016-12-21,Residents protest against delayed Unra pay,"Last month, residents affected by the Gulu-Acholibur-Musingo road works convened a meeting at Acholibur in Pader district in the presence of Unra engineers and district officials.",True,,land_row_dispute,0.4790141789393163,land_row_dispute,0.223200723528862,land_row_dispute,0.6755537256170445,agree,2016-12
The Observer,https://observer.ug/business/residents-protest-against-delayed-unra-pay/,2016-12-21,Residents protest against delayed Unra pay,"John Ocan, 78, says he has failed to maintain his home after the only commercial house from which he earned Shs 1.7m each month was demolished to pave way for the road works.",True,,land_row_dispute,0.2862354618734017,payment_financial_dispute,0.17725442349910736,land_row_dispute,0.5,content_preferred,2016-12
The Observer,https://observer.ug/business/chinese-company-sues-govt/,2016-12-21,Chinese company sues Govt,"Liu says that prior to the public denouncement of the product, he was never shown the bottled water to verify that the batch numbers, the bottles and products were from the factory.",True,,delay_time_overrun,0.23500105295976492,procurement_irregularity,0.22956913709640503,delay_time_overrun,0.5,content_preferred,2016-12
The Observer,https://observer.ug/business/chinese-company-sues-govt/,2016-12-21,Chinese company sues Govt,"The affidavit says that on 23rd November 2016, inspectors from Uganda National Bureau of Standards (UNBS) went to the factory, carried out on-site inspection and found the production line and systems compliant.",True,,land_row_dispute,0.2085056136236357,quality_technical_defect,0.28599393367767334,land_row_dispute,0.5,content_preferred,2016-12
The Observer,https://observer.ug/business/cement-industry-in-huge-leaps-as-public-projects-push-up-demand/,2016-12-21,Cement industry in huge leaps as public projects push up demand,"The Observer Huge government projects and construction at- tract top dollar in the cement industry as old players expand while new entrants take a bet, writes ALON MWESIGWA.",True,,land_row_dispute,0.4360181244554017,payment_financial_dispute,0.19213828444480896,land_row_dispute,0.5,content_preferred,2016-12
The Observer,https://observer.ug/business/cement-industry-in-huge-leaps-as-public-projects-push-up-demand/,2016-12-21,Cement industry in huge leaps as public projects push up demand,"A massive chunk of land – 131 acres – is under development, with graders chipping away the ground while workers place final touches on construction.",True,,land_row_dispute,0.3709897225660048,land_row_dispute,0.2629159092903137,land_row_dispute,0.6584764079640797,agree,2016-12
The Observer,https://observer.ug/business/cement-industry-in-huge-leaps-as-public-projects-push-up-demand/,2016-12-21,Cement industry in huge leaps as public projects push up demand,"City lawyer MacDosman Kabega, one of the company owners, told The Observer that they had so far invested 110m euros (Shs 412bn ) in the project, which opened officially in September last year.",True,,procurement_irregularity,0.345769102712646,procurement_irregularity,0.22009286284446716,procurement_irregularity,0.6414654913892783,agree,2016-12
The Observer,https://observer.ug/business/cement-industry-in-huge-leaps-as-public-projects-push-up-demand/,2016-12-21,Cement industry in huge leaps as public projects push up demand,"Less than two years old in operation, Kampala Cement scooped a major deal to supply cement to the 800MW Karuma plant, ahead of older firms such as Hima Cement, which is yet to officially supply cement to the same power plant.",True,,contract_management_failure,0.4326651772985413,delay_time_overrun,0.149664506316185,contract_management_failure,0.5,content_preferred,2016-12
The Observer,https://observer.ug/business/cement-industry-in-huge-leaps-as-public-projects-push-up-demand/,2016-12-21,Cement industry in huge leaps as public projects push up demand,Kampala Cement Managing Director Bob Baryaw said the firm has already had officials from the standard gauge railway test its cement to see whether it meets the quality.,True,,land_row_dispute,0.3769430347556313,quality_technical_defect,0.22218669950962067,land_row_dispute,0.5,content_preferred,2016-12
The Observer,https://observer.ug/business/cement-industry-in-huge-leaps-as-public-projects-push-up-demand/,2016-12-21,Cement industry in huge leaps as public projects push up demand,"However, company officials said the plant was upgraded to produce one million tonnes per year.",True,,governance_oversight_failure,0.2948097128292133,delay_time_overrun,0.1546238660812378,governance_oversight_failure,0.5,content_preferred,2016-12
The Observer,https://observer.ug/business/cement-industry-in-huge-leaps-as-public-projects-push-up-demand/,2016-12-21,Cement industry in huge leaps as public projects push up demand,Kampala Cement’s factory represents one of the big movers and shakers in the cement industry.,True,,governance_oversight_failure,0.25734649951130195,land_row_dispute,0.093204066157341,governance_oversight_failure,0.5,content_preferred,2016-12
The Observer,https://observer.ug/business/cement-industry-in-huge-leaps-as-public-projects-push-up-demand/,2016-12-21,Cement industry in huge leaps as public projects push up demand,"As government embarks on major infrastructure projects, cement producers are taking positions to cash in.",True,,land_row_dispute,0.3218033635118275,payment_financial_dispute,0.25009363889694214,land_row_dispute,0.5,content_preferred,2016-12
The Observer,https://observer.ug/business/cement-industry-in-huge-leaps-as-public-projects-push-up-demand/,2016-12-21,Cement industry in huge leaps as public projects push up demand,"Last year, Kenya’s National Cement announced that it was to spend at least $200m to build a new plant in Mbale.",True,,delay_time_overrun,0.08494378203822177,delay_time_overrun,0.12103410065174103,delay_time_overrun,0.5514944706724907,agree,2016-12
The Observer,https://observer.ug/business/cement-industry-in-huge-leaps-as-public-projects-push-up-demand/,2016-12-21,Cement industry in huge leaps as public projects push up demand,"It said construction would start by the end of 2016, although it has not started.",True,,land_row_dispute,0.31072744059080853,delay_time_overrun,0.3202807605266571,land_row_dispute,0.5,content_preferred,2016-12
The Observer,https://observer.ug/business/cement-industry-in-huge-leaps-as-public-projects-push-up-demand/,2016-12-21,Cement industry in huge leaps as public projects push up demand,"Also, in 2012 Afghan investors said they had plans to set up a multi-million cement factory in Moroto district.",True,,land_row_dispute,0.4261182995924445,delay_time_overrun,0.15833835303783417,land_row_dispute,0.5,content_preferred,2016-12
The Observer,https://observer.ug/business/cement-industry-in-huge-leaps-as-public-projects-push-up-demand/,2016-12-21,Cement industry in huge leaps as public projects push up demand,"In October, government announced it would set up a cement factory in Karamoja through a public- private partnership with Moroto Ateker Cement Co Limited.",True,,land_row_dispute,0.33135881860275823,procurement_irregularity,0.12977221608161926,land_row_dispute,0.5,content_preferred,2016-12
The Observer,https://observer.ug/business/cement-industry-in-huge-leaps-as-public-projects-push-up-demand/,2016-12-21,Cement industry in huge leaps as public projects push up demand,"MOVEMENTS In September, Lafarge’s Hima Cement announced it was to spend $40m on a new plant in Tororo Nyakesi, Rubongi sub-county, a small distance from its main rival – Tororo Cement Limited.",True,,land_row_dispute,0.16206752562981078,delay_time_overrun,0.15350666642189026,land_row_dispute,0.5,content_preferred,2016-12
The Observer,https://observer.ug/business/cement-industry-in-huge-leaps-as-public-projects-push-up-demand/,2016-12-21,Cement industry in huge leaps as public projects push up demand,Rubongi sub-county is one of the areas where Guangzhou Dongsong Energy Group Ltd is expected to mine phosphates and build a $620m fertilizer plant.,True,,land_row_dispute,0.1824562653587045,land_row_dispute,0.07506502419710159,land_row_dispute,0.5643803223889515,agree,2016-12
The Observer,https://observer.ug/business/cement-industry-in-huge-leaps-as-public-projects-push-up-demand/,2016-12-21,Cement industry in huge leaps as public projects push up demand,"Daniel Pettersson, the chief executive officer, said then: “We are embarking on several capacity building projects starting with the construction of a grinding station at the end of 2016; we are in final stages of exploration of limestone positions in northeastern Uganda to support clinker position.” In 2010, Hima Cement invested $120 million at its Kasese plant, which saw production capacity move to 900,000 metric tonnes per annum.",True,,procurement_irregularity,0.6196665307289757,delay_time_overrun,0.1779351532459259,procurement_irregularity,0.6196665307289757,content_preferred,2016-12
The Observer,https://observer.ug/business/cement-industry-in-huge-leaps-as-public-projects-push-up-demand/,2016-12-21,Cement industry in huge leaps as public projects push up demand,"On completion, the expansion to Tororo expansion will further increase Hima Cement’s capacity to 1.9 million tonnes per year.",True,,procurement_irregularity,0.523542865886014,delay_time_overrun,0.21112418174743652,procurement_irregularity,0.523542865886014,content_preferred,2016-12
The Observer,https://observer.ug/business/cement-industry-in-huge-leaps-as-public-projects-push-up-demand/,2016-12-21,Cement industry in huge leaps as public projects push up demand,"Meanwhile, Tororo Cement, the country’s biggest cement manufacturer, last year announced it would spend $25m on plant expansion.",True,,procurement_irregularity,0.23892237681538964,delay_time_overrun,0.19728980958461761,procurement_irregularity,0.5,content_preferred,2016-12
The Observer,https://observer.ug/business/cement-industry-in-huge-leaps-as-public-projects-push-up-demand/,2016-12-21,Cement industry in huge leaps as public projects push up demand,"Tororo Cement has also gone to Moroto, where they are expected to put up a new plant.",True,,land_row_dispute,0.16206752562981078,delay_time_overrun,0.18391743302345276,land_row_dispute,0.5,content_preferred,2016-12
The Observer,https://observer.ug/business/cement-industry-in-huge-leaps-as-public-projects-push-up-demand/,2016-12-21,Cement industry in huge leaps as public projects push up demand,The firm is already supplying cement to Isimba dam.,True,,land_row_dispute,0.16206752562981078,procurement_irregularity,0.18172688782215118,land_row_dispute,0.5,content_preferred,2016-12
The Observer,https://observer.ug/business/cement-industry-in-huge-leaps-as-public-projects-push-up-demand/,2016-12-21,Cement industry in huge leaps as public projects push up demand,"Combined, the biggest projects in the oil and gas sector – the refinery, pipeline and storage facilities, etc – will cost more than $10bn.",True,,governance_oversight_failure,0.35641570837224434,payment_financial_dispute,0.13602235913276672,governance_oversight_failure,0.5,content_preferred,2016-12
The Observer,https://observer.ug/business/cement-industry-in-huge-leaps-as-public-projects-push-up-demand/,2016-12-21,Cement industry in huge leaps as public projects push up demand,Uganda is finishing compensation for the Standard Gauge Railway (SGR) and construction could begin later in 2017.,True,land_row_dispute,land_row_dispute,0.4482423171697885,delay_time_overrun,0.21599091589450836,land_row_dispute,0.5,content_preferred,2016-12
The Observer,https://observer.ug/business/cement-industry-in-huge-leaps-as-public-projects-push-up-demand/,2016-12-21,Cement industry in huge leaps as public projects push up demand,The Jinja-bridge construction has also started.,True,,land_row_dispute,0.21151725367452323,delay_time_overrun,0.20089006423950195,land_row_dispute,0.5,content_preferred,2016-12
The Observer,https://observer.ug/business/cement-industry-in-huge-leaps-as-public-projects-push-up-demand/,2016-12-21,Cement industry in huge leaps as public projects push up demand,"Most major roads are undergoing construction, including mega projects such as the Kampala-Entebbe expressway.",True,,delay_time_overrun,0.5223402698509272,delay_time_overrun,0.280387282371521,delay_time_overrun,0.700681888055612,agree,2016-12
The Observer,https://observer.ug/business/cement-industry-in-huge-leaps-as-public-projects-push-up-demand/,2016-12-21,Cement industry in huge leaps as public projects push up demand,"Parliament has given government a go-ahead to borrow $136m for the Busega-Mpigi expressway, expected to start in 2018.",True,,land_row_dispute,0.28185911307480266,delay_time_overrun,0.17689193785190582,land_row_dispute,0.5,content_preferred,2016-12
The Observer,https://observer.ug/business/cement-industry-in-huge-leaps-as-public-projects-push-up-demand/,2016-12-21,Cement industry in huge leaps as public projects push up demand,"CONSTRUCTION Aside from public projects, the real estate sector has been growing, although demand has waned in recent months.",True,,delay_time_overrun,0.28885075636678526,delay_time_overrun,0.18104662001132965,delay_time_overrun,0.6174743440945287,agree,2016-12
The Observer,https://observer.ug/business/cement-industry-in-huge-leaps-as-public-projects-push-up-demand/,2016-12-21,Cement industry in huge leaps as public projects push up demand,"Last financial year, the construction sector did not perform well partly as a result of high interest rates.",True,,procurement_irregularity,0.23767174105176192,procurement_irregularity,0.2198697328567505,procurement_irregularity,0.6143853684771281,agree,2016-12
The Observer,https://observer.ug/business/cement-industry-in-huge-leaps-as-public-projects-push-up-demand/,2016-12-21,Cement industry in huge leaps as public projects push up demand,This will boost borrowers’ confidence and spur activity in sectors such as construction.,True,,land_row_dispute,0.21151725367452323,payment_financial_dispute,0.24990245699882507,land_row_dispute,0.5,content_preferred,2016-12
The Observer,https://observer.ug/news/chinese-firm-cccc-aids-st-mary-s-college-kisubi/,2016-12-21,Chinese firm CCCC aids St Mary’s College Kisubi,"The Observer China Communications Construction Company has completed the construction of walkways at St Mary’s College Kisubi (SMACK), so as to facilitate a good learning environment.",True,,land_row_dispute,0.30280000090336334,delay_time_overrun,0.19390451908111572,land_row_dispute,0.5,content_preferred,2016-12
The Observer,https://observer.ug/news/chinese-firm-cccc-aids-st-mary-s-college-kisubi/,2016-12-21,Chinese firm CCCC aids St Mary’s College Kisubi,"According to Joseph Zheng, the acting country manager of CCCC, they embarked on the project with the aim of improving the education environment in the area they operate in.",True,,procurement_irregularity,0.3977450906129753,governance_oversight_failure,0.150924950838089,procurement_irregularity,0.5,content_preferred,2016-12
The Observer,https://observer.ug/news/chinese-firm-cccc-aids-st-mary-s-college-kisubi/,2016-12-21,Chinese firm CCCC aids St Mary’s College Kisubi,"Construction of the walkways took 40 days and cost the construction firm Shs 324 million ($90,000). “We decided to build new walkways that were in a sorry state at St Mary’s College [in Wakiso] to ease movement by students as they study and also ensure their safety,” said Zheng at the handover ceremony held at the school campus last week on Tuesday.",True,,land_row_dispute,0.46896288443018863,delay_time_overrun,0.25976186990737915,land_row_dispute,0.5,content_preferred,2016-12
The Observer,https://observer.ug/news/higher-education-council-calls-for-govt-support-on-compliance/,2016-12-21,Higher education council calls for govt support on compliance,"These included having no staff, infrastructure, or accredited programmes but the university is still operational. “We had refused to give them a license but they went to court and got it through a court order.",True,,land_row_dispute,0.26663552838982485,procurement_irregularity,0.28624072670936584,land_row_dispute,0.5,content_preferred,2016-12
The Observer,https://observer.ug/news/parliament-halts-utl-financial-transactions/,2016-12-21,Parliament halts UTL financial transactions,"Speaker Rebecca Kadaga appointed the committee led by Chua West MP, Philip Okin Ojara, following a whistleblower’s report presented by Budadiri West MP Nathan Nandala-Mafabi citing alleged mismanagement in UTL.",True,governance_oversight_failure,governance_oversight_failure,0.3874163972120122,governance_oversight_failure,0.25116583704948425,governance_oversight_failure,0.6596455585653741,agree,2016-12
The Observer,https://observer.ug/news/three-years-later-recalling-the-night-death-captured-juba/,2016-12-21,Three years later…recalling the night death captured Juba,I’m caught up in crossfire at the Airport road near the presidential office.,True,,land_row_dispute,0.2331357809296536,delay_time_overrun,0.0991821438074112,land_row_dispute,0.5,content_preferred,2016-12
The Observer,https://observer.ug/news/review-committee-wants-ubc-overhauled/,2016-12-21,Review committee wants UBC overhauled,"The committee also found that UBC’s radio broadcast infrastructure is completely run down and obsolete, with some UBC stations broadcasting from Kampala without being received in parts of the country.",True,,governance_oversight_failure,0.33903715486014796,quality_technical_defect,0.17278403043746948,governance_oversight_failure,0.5,content_preferred,2016-12
The Observer,https://observer.ug/news/mathias-nsubuga-s-death-has-dp-s-bridge-collapsed/,2016-12-21,Mathias Nsubuga’s death: has DP’s bridge collapsed?,The Observer There are activist politicians who do anything to get media attention and those who are passive and rarely speak out their mind.,True,,land_row_dispute,0.3746215484566185,governance_oversight_failure,0.14176514744758606,land_row_dispute,0.5,content_preferred,2016-12
The Observer,https://observer.ug/news/mathias-nsubuga-s-death-has-dp-s-bridge-collapsed/,2016-12-21,Mathias Nsubuga’s death: has DP’s bridge collapsed?,"Mathias Nsubuga, the fallen DP secretary general who died from a stroke on Sunday night, fell in neither category.",True,,land_row_dispute,0.16206752562981078,quality_technical_defect,0.18114079535007477,land_row_dispute,0.5,content_preferred,2016-12
The Observer,https://observer.ug/news/mathias-nsubuga-s-death-has-dp-s-bridge-collapsed/,2016-12-21,Mathias Nsubuga’s death: has DP’s bridge collapsed?,"He was neither the in-your-face kind of politician nor was he the dormant, passive leader.",True,,land_row_dispute,0.16206752562981078,governance_oversight_failure,0.13771596550941467,land_row_dispute,0.5,content_preferred,2016-12
The Observer,https://observer.ug/news/mathias-nsubuga-s-death-has-dp-s-bridge-collapsed/,2016-12-21,Mathias Nsubuga’s death: has DP’s bridge collapsed?,He was a calculative leader who knew when to raise his voice or when to shut up.,True,,land_row_dispute,0.16206752562981078,governance_oversight_failure,0.08916826546192169,land_row_dispute,0.5,content_preferred,2016-12
The Observer,https://observer.ug/news/mathias-nsubuga-s-death-has-dp-s-bridge-collapsed/,2016-12-21,Mathias Nsubuga’s death: has DP’s bridge collapsed?,"His look of innocence helped conjure an image of calm, but beneath this demeanor lay a shrewd politician.",True,,land_row_dispute,0.16206752562981078,governance_oversight_failure,0.07198706269264221,land_row_dispute,0.5,content_preferred,2016-12
The Observer,https://observer.ug/news/mathias-nsubuga-s-death-has-dp-s-bridge-collapsed/,2016-12-21,Mathias Nsubuga’s death: has DP’s bridge collapsed?,"Suleiman Kidandala, DP’s organizing secretary, says Nsubuga had been scheduled to travel to the UK and spend the festive period with his daughter who had just delivered. “This was one of the reasons he called me to brief me what they had recently discussed in the DP top meeting which included building the DP headquarters at the small part plot in Lubaga,” Kidandala said.",True,,land_row_dispute,0.32417724635491574,delay_time_overrun,0.155778169631958,land_row_dispute,0.5,content_preferred,2016-12
The Observer,https://observer.ug/news/mathias-nsubuga-s-death-has-dp-s-bridge-collapsed/,2016-12-21,Mathias Nsubuga’s death: has DP’s bridge collapsed?,Another relative told us that Nsubuga had recently become restless over debts he incurred during the last two parliamentary elections (2011 and 2016).,True,,land_row_dispute,0.2603469769211245,contract_management_failure,0.1762951910495758,land_row_dispute,0.5,content_preferred,2016-12
The Observer,https://observer.ug/news/mathias-nsubuga-s-death-has-dp-s-bridge-collapsed/,2016-12-21,Mathias Nsubuga’s death: has DP’s bridge collapsed?,They are said to have accumulated to at least Shs 100 million.,True,,land_row_dispute,0.33982498183885224,procurement_irregularity,0.2145799845457077,land_row_dispute,0.5,content_preferred,2016-12
The Observer,https://observer.ug/news/mathias-nsubuga-s-death-has-dp-s-bridge-collapsed/,2016-12-21,Mathias Nsubuga’s death: has DP’s bridge collapsed?,"In parliament where he served for ten years as Bukoto South MP, Nsubuga rarely made headlines.",True,,land_row_dispute,0.2590120443887453,governance_oversight_failure,0.09644420444965363,land_row_dispute,0.5,content_preferred,2016-12
The Observer,https://observer.ug/news/mathias-nsubuga-s-death-has-dp-s-bridge-collapsed/,2016-12-21,Mathias Nsubuga’s death: has DP’s bridge collapsed?,But this does not mean he was not effective.,True,,land_row_dispute,0.16206752562981078,governance_oversight_failure,0.21179699897766113,land_row_dispute,0.5,content_preferred,2016-12
The Observer,https://observer.ug/news/mathias-nsubuga-s-death-has-dp-s-bridge-collapsed/,2016-12-21,Mathias Nsubuga’s death: has DP’s bridge collapsed?,"In 2012, he took on the then leader of opposition, Nandala-Mafabi, after the latter sacked DP members from the shadow cabinet after they reportedly reneged on an agreement not to field candidates for the East African Legislative Assembly (EALA).",True,,governance_oversight_failure,0.22213991414731574,governance_oversight_failure,0.18918775022029877,governance_oversight_failure,0.6028319160919037,agree,2016-12
The Observer,https://observer.ug/news/mathias-nsubuga-s-death-has-dp-s-bridge-collapsed/,2016-12-21,Mathias Nsubuga’s death: has DP’s bridge collapsed?,FDC had called upon other opposition parties to boycott the elections after it disagreed with NRM on sharing the nine slots allocated to Uganda.,True,,land_row_dispute,0.2732443466795712,land_row_dispute,0.23368440568447113,land_row_dispute,0.6267321880910106,agree,2016-12
The Observer,https://observer.ug/news/mathias-nsubuga-s-death-has-dp-s-bridge-collapsed/,2016-12-21,Mathias Nsubuga’s death: has DP’s bridge collapsed?,"But Nsubuga thought this was not a practical move. “We are not going to be bullied by anyone to take decisions which we don’t agree with as a party,” Nsubuga said on the floor before announcing that DP will field a candidate, Fred Mukasa Mbidde.",True,,land_row_dispute,0.26038440964421283,procurement_irregularity,0.1760484278202057,land_row_dispute,0.5,content_preferred,2016-12
The Observer,https://observer.ug/news/mathias-nsubuga-s-death-has-dp-s-bridge-collapsed/,2016-12-21,Mathias Nsubuga’s death: has DP’s bridge collapsed?,"Within DP circles, Nsubuga was known for his moderating influence.",True,,land_row_dispute,0.16206752562981078,governance_oversight_failure,0.10651209205389023,land_row_dispute,0.5,content_preferred,2016-12
The Observer,https://observer.ug/news/mathias-nsubuga-s-death-has-dp-s-bridge-collapsed/,2016-12-21,Mathias Nsubuga’s death: has DP’s bridge collapsed?,"When tempers flared at the party’s delegates’ conference in Mbale in 2010 after supporters of presidential hopefuls Nasser Sebaggala and Norbert Mao almost fought, it is Nsubuga who restored order.",True,,land_row_dispute,0.20584656242510815,contract_management_failure,0.20463871955871582,land_row_dispute,0.5,content_preferred,2016-12
The Observer,https://observer.ug/news/mathias-nsubuga-s-death-has-dp-s-bridge-collapsed/,2016-12-21,Mathias Nsubuga’s death: has DP’s bridge collapsed?,"Later, when a group of supporters broke away protesting Mao’s election as party president, Nsubuga worked tirelessly behind the scenes to bring them back into the fold.",True,,land_row_dispute,0.4167461324656759,land_row_dispute,0.18394899368286133,land_row_dispute,0.6501737815371343,agree,2016-12
The Observer,https://observer.ug/news/mathias-nsubuga-s-death-has-dp-s-bridge-collapsed/,2016-12-21,Mathias Nsubuga’s death: has DP’s bridge collapsed?,"For instance, against the wishes of other party members, he stood his ground and ensured that Betty Nambooze (Mukono municipality) and Medard Sseggona (Busiro East), who had fallen out with mainstream DP, secured party tickets in the 2011 parliamentary elections.",True,,land_row_dispute,0.2249319721756477,contract_management_failure,0.1576915681362152,land_row_dispute,0.5,content_preferred,2016-12
The Observer,https://observer.ug/news/mathias-nsubuga-s-death-has-dp-s-bridge-collapsed/,2016-12-21,Mathias Nsubuga’s death: has DP’s bridge collapsed?,"In 2015, he was among the people who convinced Nambooze to return to the DP main fold, where she serves as vice president for Buganda. “He was a moderate politician,” Paul Kakande, the DP spokesperson, said on Monday. “He believed that every political contest could be solved through talking,” he added.",True,,land_row_dispute,0.4716595070980888,governance_oversight_failure,0.13935087621212006,land_row_dispute,0.5,content_preferred,2016-12
The Observer,https://observer.ug/news/mathias-nsubuga-s-death-has-dp-s-bridge-collapsed/,2016-12-21,Mathias Nsubuga’s death: has DP’s bridge collapsed?,Kakande said he had known Nsubuga for many years and regarded him as a political mentor.,True,,land_row_dispute,0.2770544272804415,governance_oversight_failure,0.05851203575730324,land_row_dispute,0.5,content_preferred,2016-12
The Observer,https://observer.ug/news/mathias-nsubuga-s-death-has-dp-s-bridge-collapsed/,2016-12-21,Mathias Nsubuga’s death: has DP’s bridge collapsed?,"SEBAGGALA CONNECTION Nsubuga cut his political teeth as a political assistant; first to Nasser Ntege Sebaggala, when he was elected mayor in 1998, and then to John Ssebaana Kizito, who succeeded Sebaggala at City hall.",True,,land_row_dispute,0.1741618155515134,governance_oversight_failure,0.13803745806217194,land_row_dispute,0.5,content_preferred,2016-12
The Observer,https://observer.ug/news/mathias-nsubuga-s-death-has-dp-s-bridge-collapsed/,2016-12-21,Mathias Nsubuga’s death: has DP’s bridge collapsed?,The two mentored him.,True,,land_row_dispute,0.16206752562981078,governance_oversight_failure,0.19828282296657562,land_row_dispute,0.5,content_preferred,2016-12
The Observer,https://observer.ug/news/mathias-nsubuga-s-death-has-dp-s-bridge-collapsed/,2016-12-21,Mathias Nsubuga’s death: has DP’s bridge collapsed?,"Sebaggala said he first met Nsubuga in 1980 in London, UK where the latter had a food and vegetable product shop at Upton Park area. “At this time Nsubuga was working with the Uganda Airlines and he was one of the first Ugandans to export foodstuffs to London.",True,,land_row_dispute,0.34398935028369626,land_row_dispute,0.015104260295629501,land_row_dispute,0.5897734026448315,agree,2016-12
The Observer,https://observer.ug/news/mathias-nsubuga-s-death-has-dp-s-bridge-collapsed/,2016-12-21,Mathias Nsubuga’s death: has DP’s bridge collapsed?,"It is here that I and Nsubuga met the late Yusuf Lule who convinced us to join politics in 1980,” Sebaggala said yesterday.",True,,land_row_dispute,0.32417724635491574,governance_oversight_failure,0.05271759629249573,land_row_dispute,0.5,content_preferred,2016-12
The Observer,https://observer.ug/news/mathias-nsubuga-s-death-has-dp-s-bridge-collapsed/,2016-12-21,Mathias Nsubuga’s death: has DP’s bridge collapsed?,"Yet intriguingly, Nsubuga’s political break came when Sebaggala was arrested in the United States in 1999 for allegedly being in possession of fake traveller’s cheques.",True,,land_row_dispute,0.7448341487821132,contract_management_failure,0.11971356719732285,land_row_dispute,0.7448341487821132,content_preferred,2016-12
The Observer,https://observer.ug/news/mathias-nsubuga-s-death-has-dp-s-bridge-collapsed/,2016-12-21,Mathias Nsubuga’s death: has DP’s bridge collapsed?,"Nsubuga had travelled with Sebaggala for a supposed mayor’s conference and as the inquisitive media in Kampala tried to get to grips with the story, he became the conduit between the media and the embattled mayor.",True,,governance_oversight_failure,0.25734649951130195,land_row_dispute,0.14352622628211975,governance_oversight_failure,0.5,content_preferred,2016-12
The Observer,https://observer.ug/news/mathias-nsubuga-s-death-has-dp-s-bridge-collapsed/,2016-12-21,Mathias Nsubuga’s death: has DP’s bridge collapsed?,He constantly gave updates about Sebaggala’s predicament and his life as a prisoner.,True,,land_row_dispute,0.1946939002929217,contract_management_failure,0.12213693559169769,land_row_dispute,0.5,content_preferred,2016-12
The Observer,https://observer.ug/news/mathias-nsubuga-s-death-has-dp-s-bridge-collapsed/,2016-12-21,Mathias Nsubuga’s death: has DP’s bridge collapsed?,"Till his death, Nsubuga maintained a cordial relationship with journalists and in some media circles; he earned the nickname “500500, which stands for the last six digits of his cell phone, one of the easiest to memorise.",True,,land_row_dispute,0.16206752562981078,quality_technical_defect,0.0261700302362442,land_row_dispute,0.5,content_preferred,2016-12
The Observer,https://observer.ug/news/mathias-nsubuga-s-death-has-dp-s-bridge-collapsed/,2016-12-21,Mathias Nsubuga’s death: has DP’s bridge collapsed?,Ssebaana told The Observer on Monday that Nsubuga’s death was a big blow not only to DP but to the country. “He was a straightforward politician.,True,,land_row_dispute,0.36044390454451875,governance_oversight_failure,0.15016454458236694,land_row_dispute,0.5,content_preferred,2016-12
The Observer,https://observer.ug/news/mathias-nsubuga-s-death-has-dp-s-bridge-collapsed/,2016-12-21,Mathias Nsubuga’s death: has DP’s bridge collapsed?,"If he did not like anything, he would tell you,” Ssebaana said.",True,,land_row_dispute,0.32417724635491574,contract_management_failure,0.061270661652088165,land_row_dispute,0.5,content_preferred,2016-12
The Observer,https://observer.ug/news/mathias-nsubuga-s-death-has-dp-s-bridge-collapsed/,2016-12-21,Mathias Nsubuga’s death: has DP’s bridge collapsed?,"Muyanja Mbabaali, who defeated Nsubuga in Bukoto South, described him as a person who accepts defeat quickly and who works with everyone irrespective of political affiliation.",True,,quality_technical_defect,0.29802866010603346,governance_oversight_failure,0.07735563814640045,quality_technical_defect,0.5,content_preferred,2016-12
The Observer,https://observer.ug/news/mathias-nsubuga-s-death-has-dp-s-bridge-collapsed/,2016-12-21,Mathias Nsubuga’s death: has DP’s bridge collapsed?,"Even after he lost his parliamentary seat, Nsubuga did not completely give up on politics.",True,,land_row_dispute,0.3089641552115318,governance_oversight_failure,0.16958487033843994,land_row_dispute,0.5,content_preferred,2016-12
The Observer,https://observer.ug/news/mathias-nsubuga-s-death-has-dp-s-bridge-collapsed/,2016-12-21,Mathias Nsubuga’s death: has DP’s bridge collapsed?,"He immersed himself in the activities of the interparty organisation for dialogue (Ipod), a body established to foster unity amongst political parties.",True,,land_row_dispute,0.16206752562981078,procurement_irregularity,0.0728088915348053,land_row_dispute,0.5,content_preferred,2016-12
The Observer,https://observer.ug/news/mathias-nsubuga-s-death-has-dp-s-bridge-collapsed/,2016-12-21,Mathias Nsubuga’s death: has DP’s bridge collapsed?,"In July this year, he attracted the wrath of FDC when he led Ipod executive members into a meeting with President Museveni at State House, Entebbe.",True,,land_row_dispute,0.5280310479662835,contract_management_failure,0.07524082064628601,land_row_dispute,0.5280310479662835,content_preferred,2016-12
The Observer,https://observer.ug/news/mathias-nsubuga-s-death-has-dp-s-bridge-collapsed/,2016-12-21,Mathias Nsubuga’s death: has DP’s bridge collapsed?,They accused him and other members of being opposition sellouts.,True,,land_row_dispute,0.17502474152754768,procurement_irregularity,0.2809484899044037,land_row_dispute,0.5,content_preferred,2016-12
The Observer,https://observer.ug/news/mathias-nsubuga-s-death-has-dp-s-bridge-collapsed/,2016-12-21,Mathias Nsubuga’s death: has DP’s bridge collapsed?,"But in an interview with The Observer, he shot back. “There is something wrong with some people in FDC.",True,,land_row_dispute,0.39013581727831537,governance_oversight_failure,0.1764879822731018,land_row_dispute,0.5,content_preferred,2016-12
The Observer,https://observer.ug/news/mathias-nsubuga-s-death-has-dp-s-bridge-collapsed/,2016-12-21,Mathias Nsubuga’s death: has DP’s bridge collapsed?,We agreed [that we shall go for the State House meeting] and they even sent names to the protocol department of State House.,True,,land_row_dispute,0.5891999530841295,contract_management_failure,0.1629440039396286,land_row_dispute,0.5891999530841295,content_preferred,2016-12
The Observer,https://observer.ug/news/mathias-nsubuga-s-death-has-dp-s-bridge-collapsed/,2016-12-21,Mathias Nsubuga’s death: has DP’s bridge collapsed?,Now they are attacking us for attending the meeting.,True,,land_row_dispute,0.16206752562981078,contract_management_failure,0.14728398621082306,land_row_dispute,0.5,content_preferred,2016-12
The Observer,https://observer.ug/news/mathias-nsubuga-s-death-has-dp-s-bridge-collapsed/,2016-12-21,Mathias Nsubuga’s death: has DP’s bridge collapsed?,"That is not fair,” he said.",True,,land_row_dispute,0.32417724635491574,contract_management_failure,0.1924913227558136,land_row_dispute,0.5,content_preferred,2016-12
The Observer,https://observer.ug/news/mathias-nsubuga-s-death-has-dp-s-bridge-collapsed/,2016-12-21,Mathias Nsubuga’s death: has DP’s bridge collapsed?,"Betty Nambooze, the Mukono municipality MP, described Nsubuga as a person who believed in building consensus by talking to even those he disagreed with. “The DP bridge has collapsed.",True,quality_technical_defect,quality_technical_defect,0.3464548371812984,land_row_dispute,0.2305459827184677,quality_technical_defect,0.5,content_preferred,2016-12
The Observer,https://observer.ug/news/mathias-nsubuga-s-death-has-dp-s-bridge-collapsed/,2016-12-21,Mathias Nsubuga’s death: has DP’s bridge collapsed?,"Nsubuga believed in dialogue and would establish a relationship with everyone,” said Nambooze, who is also the DP president for Buganda.",True,,land_row_dispute,0.39128991428424065,contract_management_failure,0.07944415509700775,land_row_dispute,0.5,content_preferred,2016-12
The Observer,https://observer.ug/news/mathias-nsubuga-s-death-has-dp-s-bridge-collapsed/,2016-12-21,Mathias Nsubuga’s death: has DP’s bridge collapsed?,"Nsubuga was born on November 26, 1956 in Ngereko-Manja, Lwengo district.",True,,land_row_dispute,0.3634592973098292,procurement_irregularity,9.470805525779724e-05,land_row_dispute,0.5,content_preferred,2016-12
The Observer,https://observer.ug/news/mathias-nsubuga-s-death-has-dp-s-bridge-collapsed/,2016-12-21,Mathias Nsubuga’s death: has DP’s bridge collapsed?,"He is survived by a wife, eight children and grandchildren.",True,,land_row_dispute,0.16206752562981078,quality_technical_defect,0.090558722615242,land_row_dispute,0.5,content_preferred,2016-12
The Observer,https://observer.ug/news/mathias-nsubuga-s-death-has-dp-s-bridge-collapsed/,2016-12-21,Mathias Nsubuga’s death: has DP’s bridge collapsed?,"Today (Wednesday), there will be a memorial mass for Nsubuga at Lubaga cathedral and thereafter his body will be transported to Ngereko-Manja village, where it will be laid to rest on Thursday. ekiggundu@observer.ug slubwama@observer.ug Sign up and get daily updates right to your inbox.",True,,delay_time_overrun,0.361222347572269,delay_time_overrun,0.03194759041070938,delay_time_overrun,0.5982924844957446,agree,2016-12
The Observer,https://observer.ug/news/justice-kavuma-amends-his-age/,2016-12-21,Justice Kavuma amends his age,"Insider judicial sources claim deputy chief justice Kavuma has sworn an affidavit contesting his birthday and current age of 69 years, which would make him a candidate for retirement in September next year.",True,,land_row_dispute,0.2153549242244557,procurement_irregularity,0.11823435872793198,land_row_dispute,0.5,content_preferred,2016-12
The Observer,https://observer.ug/news/justice-kavuma-amends-his-age/,2016-12-21,Justice Kavuma amends his age,"Besigye complained that instead of doing judicial work, the judge works for President Museveni and the NRM government.",True,,land_row_dispute,0.5238306900597957,governance_oversight_failure,0.25162166357040405,land_row_dispute,0.5238306900597957,content_preferred,2016-12
The Observer,https://observer.ug/news/unra-achievements-more-accidental-than-deliberate-katuntu/,2016-12-21,Unra achievements more accidental than deliberate – Katuntu,"Katuntu further said that Unra’s negligence has seen contractors demand for compensation as a result of idle time on site and that consultants sent on sites were found to be incompetent, with some of them confessing not being well conversant with the laws of Uganda.",True,land_row_dispute,land_row_dispute,0.39219556970261343,contract_management_failure,0.334044486284256,land_row_dispute,0.5,content_preferred,2016-12
The Observer,https://observer.ug/news/unra-achievements-more-accidental-than-deliberate-katuntu/,2016-12-21,Unra achievements more accidental than deliberate – Katuntu,Katuntu singled out the Kampala-Entebbe expressway as one of the projects that embody gross mismanagement.,True,governance_oversight_failure,governance_oversight_failure,0.36653081825799594,governance_oversight_failure,0.17784483730793,governance_oversight_failure,0.6360939138914815,agree,2016-12
The Observer,https://observer.ug/news/unra-achievements-more-accidental-than-deliberate-katuntu/,2016-12-21,Unra achievements more accidental than deliberate – Katuntu,The cost of the 51.4km project is $479 million (Shs 1.7 trillion) which translated into a cost of $9.3 million (Shs 33 billion) per km.,True,,land_row_dispute,0.2916834839744983,delay_time_overrun,0.17664843797683716,land_row_dispute,0.5,content_preferred,2016-12
The Observer,https://observer.ug/news/unra-achievements-more-accidental-than-deliberate-katuntu/,2016-12-21,Unra achievements more accidental than deliberate – Katuntu,"According to the report, the contractor solicited the bid, conducted the feasibility study and design and eventually won the contract without any competitive bidding.",True,,procurement_irregularity,0.7481182135413155,procurement_irregularity,0.5028394460678101,procurement_irregularity,0.8127394149022814,agree,2016-12
The Observer,https://observer.ug/news/unra-achievements-more-accidental-than-deliberate-katuntu/,2016-12-21,Unra achievements more accidental than deliberate – Katuntu,And this in our view resulted in inflated costs making the project unbelievably expensive.,True,,procurement_irregularity,0.19533095072075077,payment_financial_dispute,0.2658397853374481,procurement_irregularity,0.5,content_preferred,2016-12
The Observer,https://observer.ug/news/unra-achievements-more-accidental-than-deliberate-katuntu/,2016-12-21,Unra achievements more accidental than deliberate – Katuntu,The consultant engineer to supervise the project was also offered by the same Chinese.,True,,procurement_irregularity,0.19533095072075077,payment_financial_dispute,0.2034338116645813,procurement_irregularity,0.5,content_preferred,2016-12
The Observer,https://observer.ug/news/unra-achievements-more-accidental-than-deliberate-katuntu/,2016-12-21,Unra achievements more accidental than deliberate – Katuntu,Parliament now wants Unra to take over the management of compensating project affected persons and has warned the entity against contracting any outsider.,True,,land_row_dispute,0.663009145760305,land_row_dispute,0.22176159918308258,land_row_dispute,0.7211926862358469,agree,2016-12
The Observer,https://observer.ug/news/unra-achievements-more-accidental-than-deliberate-katuntu/,2016-12-21,Unra achievements more accidental than deliberate – Katuntu,Katuntu however told the House that government needs to keep a close eye on this exercise revealing that some Unra employees rush to purchase land in areas where new roads are planned to pass and later come to demand for compensation.,True,land_row_dispute,land_row_dispute,0.5138756359044849,land_row_dispute,0.24813973903656006,land_row_dispute,0.6905038437352613,agree,2016-12
The Observer,https://observer.ug/news/parliament-reject-shs-117bn-supplementary-budget-for-unra/,2016-12-22,Parliament reject Shs 117bn supplementary budget for Unra,The Observer Parliament has rejected a supplementary budget request of Shs 117 billion tabled by government for the construction of roads in the oil-rich Bunyoro region.,True,,land_row_dispute,0.5435088980666782,delay_time_overrun,0.2368902564048767,land_row_dispute,0.5435088980666782,content_preferred,2016-12
The Observer,https://observer.ug/news/parliament-reject-shs-117bn-supplementary-budget-for-unra/,2016-12-22,Parliament reject Shs 117bn supplementary budget for Unra,"Finance minister, Matia Kasaija tabled the supplementary budget request yesterday – seeking approval to withdraw the funds from the Petroleum Fund and allocate it to Uganda National Roads Authority (Unra) for the construction of roads in Bunyoro.",True,,delay_time_overrun,0.2942612129768814,delay_time_overrun,0.18552276492118835,delay_time_overrun,0.6199459944745175,agree,2016-12
The Observer,https://observer.ug/news/parliament-reject-shs-117bn-supplementary-budget-for-unra/,2016-12-22,Parliament reject Shs 117bn supplementary budget for Unra,"Kasaija, in his justification, explained that the funds will go a long way in fast-tracking roads construction by 2019 in anticipation of oil production expected to start in 2020.",True,,delay_time_overrun,0.3434725459524829,delay_time_overrun,0.35513031482696533,delay_time_overrun,0.6746507151948621,agree,2016-12
The Observer,https://observer.ug/news/police-we-can-t-place-desh-at-murder-scene/,2016-12-23,Police: We can’t place Desh at murder scene,Kananura was then arrested at Entebbe airport upon his return from the UK.,True,,land_row_dispute,0.16206752562981078,land_row_dispute,0.06420141458511353,land_row_dispute,0.5565672350537311,agree,2016-12
The Observer,https://observer.ug/news/unra-wants-heavy-fines-against-overloading/,2016-12-23,Unra wants heavy fines against overloading,"According to the Unra director for roads infrastructure protection, Engineer Reuben Tumwebaze, management had already approved the deterrent regulations. “We forwarded them to the minister and we wait for her to assent to them,” Tumwebaze said, adding that Unra was considering using the East African Axle Load Act which has higher penalties.",True,,delay_time_overrun,0.3633088041123382,contract_management_failure,0.19122467935085297,delay_time_overrun,0.5,content_preferred,2016-12
The Observer,https://observer.ug/news/unra-wants-heavy-fines-against-overloading/,2016-12-23,Unra wants heavy fines against overloading,"Kagina, however, said the long-term solution lay in construction of railways, which would see more goods transported by train instead of the road-destroying trucks.",True,,land_row_dispute,0.34447168980804793,delay_time_overrun,0.26000267267227173,land_row_dispute,0.5,content_preferred,2016-12
The Observer,https://observer.ug/news/unra-wants-heavy-fines-against-overloading/,2016-12-23,Unra wants heavy fines against overloading,"On December 21, 2015, the World Bank cancelled funding on Uganda road projects particularly on Fort Portal-Kamwenge road due to social and environmental concerns. “The reducing budget yet the development programmes keep increasing has resulted in Unra not being able to meet its obligations with respect to payments,” Kagina said. “While some projects have run out of budget already, some have suffered delayed payments, attracting interest.” In the next financial year, the authority will embark on construction of roads in the oil-rich Albertine region as government seeks to have oil flowing by 2020.",True,delay_time_overrun,delay_time_overrun,0.3986109391630661,delay_time_overrun,0.3295338749885559,delay_time_overrun,0.6820362035379055,agree,2016-12
The Observer,https://observer.ug/news/mp-mpuuga-hits-back-at-museveni-over-mad-jibe/,2016-12-23,MP Mpuuga hits back at Museveni over ‘mad’ jibe,"Masaka will continue to vote for people with a clear understanding of their history, journey and destiny.” FRUIT FACTORY On his Facebook page on Monday, Mpuuga declared a new fight against OWC.",True,,land_row_dispute,0.3135331689816443,land_row_dispute,0.15079540014266968,land_row_dispute,0.6160821422810785,agree,2016-12
The Observer,https://observer.ug/news/mp-mpuuga-hits-back-at-museveni-over-mad-jibe/,2016-12-23,MP Mpuuga hits back at Museveni over ‘mad’ jibe,"In his interview with The Observer, Mpuuga also challenged Museveni to deliver the fruit processing plant he promised during the 2001 presidential campaigns.",True,,land_row_dispute,0.4361556898330963,land_row_dispute,0.1578804850578308,land_row_dispute,0.6485090437227318,agree,2016-12
The Observer,https://observer.ug/news/mp-mpuuga-hits-back-at-museveni-over-mad-jibe/,2016-12-23,MP Mpuuga hits back at Museveni over ‘mad’ jibe,"If Ssekandi is his friend, why doesn’t he deliver the fruit processing plant?” sadabkk@observer.ug Sign up and get daily updates right to your inbox.",True,,delay_time_overrun,0.32413071960611317,contract_management_failure,0.085043765604496,delay_time_overrun,0.5,content_preferred,2016-12
The Observer,https://observer.ug/news/ministers-use-museveni-name-to-get-money/,2016-12-23,‘Ministers use Museveni name to get money’,Museveni told the PSs that he had information that some accounting officers collude with politicians to swindle public funds. “Someone inflates the cost of a project because he knows there is some benefit.,True,,procurement_irregularity,0.31679284434911936,payment_financial_dispute,0.3015531301498413,procurement_irregularity,0.5,content_preferred,2016-12
The Observer,https://observer.ug/news/ministers-use-museveni-name-to-get-money/,2016-12-23,‘Ministers use Museveni name to get money’,"Onek wanted Umeme’s contract terminated after the commission questioned its investments, a move Kaliisa vehemently opposed.",True,,land_row_dispute,0.3625971781416423,contract_management_failure,0.2956393361091614,land_row_dispute,0.5,content_preferred,2016-12
The Observer,https://observer.ug/news/neglecting-local-communities-in-oil-districts-a-time-bomb/,2016-12-23,‘Neglecting local communities in oil districts a time bomb’,"The value for money audit report, titled, Implementation of national content in the oil and gas sector by the ministry of energy and mineral development,” signed off by the auditor general, John Muwanga, addressed four major areas.",True,,land_row_dispute,0.35160850735859356,payment_financial_dispute,0.3104470372200012,land_row_dispute,0.5,content_preferred,2016-12
The Observer,https://observer.ug/news/neglecting-local-communities-in-oil-districts-a-time-bomb/,2016-12-23,‘Neglecting local communities in oil districts a time bomb’,"In an interview with The Observer last week, the acting director for Petroleum, Robert Kasande, said interventions were already underway to ensure that the oil region benefits from the resource.",True,,land_row_dispute,0.7915168816335688,governance_oversight_failure,0.15818512439727783,land_row_dispute,0.7915168816335688,content_preferred,2016-12
The Observer,https://observer.ug/news/neglecting-local-communities-in-oil-districts-a-time-bomb/,2016-12-23,‘Neglecting local communities in oil districts a time bomb’,"He said his unit is now working to ensure a coordinated effort. “A lot of other government entities such as ministries of trade, education, and labour have a role to play in ensuring that the capacity of Ugandans is developed,” he said. “We have created a steering committee that brings together all the ministries that have a role to play.” According to Ongodia, studies have attribute the low participation of Ugandans in the sector to uncertainty about the oil industry, limited access to finance and high cost of finance, poor infrastructure, shortage of skilled people, high standards and numerous certification requirements, as well as low capacity of supplies. “Our desired situation is to have everyone who is employed in the oil and gas sector to be a Ugandan.",True,,land_row_dispute,0.709667426573496,governance_oversight_failure,0.2207612246274948,land_row_dispute,0.709667426573496,content_preferred,2016-12
The Observer,https://observer.ug/news/some-top-nrm-leaders-were-badly-brought-up-lumumba/,2016-12-23,Some top NRM leaders were badly brought up – Lumumba,"Her ascendency to the third highest office in the ruling party followed a delegates’ conference at Namboole stadium that, among other changes to the NRM constitution, allowed the party’s chairman, Yoweri Museveni, to appoint the hitherto elected secretary general after his political fallout with Mbabazi.",True,,land_row_dispute,0.3410845999273108,contract_management_failure,0.14235897362232208,land_row_dispute,0.5,content_preferred,2016-12
The Observer,https://observer.ug/news/some-top-nrm-leaders-were-badly-brought-up-lumumba/,2016-12-23,Some top NRM leaders were badly brought up – Lumumba,"If it is to do with finances, the people in the finance [department] take action, [and] they took action [in regard to the salaries.] Sometime last year, the party had a fundraising at which you raised Shs 16bn for the construction of the NRM house whose construction was to commence in September last year.",True,,land_row_dispute,0.275827190283191,payment_financial_dispute,0.2724241614341736,land_row_dispute,0.5,content_preferred,2016-12
The Observer,https://observer.ug/news/some-top-nrm-leaders-were-badly-brought-up-lumumba/,2016-12-23,Some top NRM leaders were badly brought up – Lumumba,We have been working to make sure that we mobilise more funds so that construction can commence.,True,,land_row_dispute,0.21151725367452323,delay_time_overrun,0.2399493157863617,land_row_dispute,0.5,content_preferred,2016-12
The Observer,https://observer.ug/news/some-top-nrm-leaders-were-badly-brought-up-lumumba/,2016-12-23,Some top NRM leaders were badly brought up – Lumumba,Do you want to mean that the NRM donors have defaulted on their pledges thus slowing the project?,True,,procurement_irregularity,0.21443437278188954,land_row_dispute,0.27263712882995605,procurement_irregularity,0.5,content_preferred,2016-12
The Observer,https://observer.ug/business/food-prices-stay-up-as-drought-ravages-villages/,2016-12-23,Food prices stay up as drought ravages villages,"So, it created a shortage in food supply,” says Dr Fred Muhumuza, an economist working with the Financial Sector Deepening Project Uganda.",True,,procurement_irregularity,0.2627137411972616,governance_oversight_failure,0.1597748100757599,procurement_irregularity,0.5,content_preferred,2016-12
The Observer,https://observer.ug/business/unbs-starts-inspecting-umeme-power-meters/,2016-12-28,UNBS starts inspecting Umeme power meters,"We don’t have any problem with that as long as they don’t charge or delay with our merchandise,” he said. justuslyatuu08@gmail.com Sign up and get daily updates right to your inbox.",True,delay_time_overrun,delay_time_overrun,0.4088124812182812,payment_financial_dispute,0.10754004120826721,delay_time_overrun,0.5,content_preferred,2016-12
The Observer,https://observer.ug/business/mps-raise-red-flags-on-railway-concession/,2016-12-28,MPs raise red flags on railway concession,"The Observer Members of Parliament have called for a forensic audit on the concession given to the regional rail operator Rift Valley Railways (RVR), saying all signs point to a project that has failed to work and that government is bound to lose a lot more money.",True,,land_row_dispute,0.33474757117631093,payment_financial_dispute,0.3190463185310364,land_row_dispute,0.5,content_preferred,2016-12
The Observer,https://observer.ug/business/mps-raise-red-flags-on-railway-concession/,2016-12-28,MPs raise red flags on railway concession,"In a report, read to the House before Christmas break, MPs on the committee of Commissions, Statutory Authorities and State Enterprises (Cosase), said: “There are short-comings in regard to RVR’s compliance with the set timelines, targets and deliverables in the concession agreement.” The 25-year concession, entered into in 2006, aimed at improving railway services in Uganda and Kenya.",True,,land_row_dispute,0.5249986288299812,contract_management_failure,0.25968074798583984,land_row_dispute,0.5249986288299812,content_preferred,2016-12
The Observer,https://observer.ug/business/mps-raise-red-flags-on-railway-concession/,2016-12-28,MPs raise red flags on railway concession,Kenya disbanded its public railway corporation while Uganda maintained the Uganda Railway Corporation (URC) as an overseer.,True,,land_row_dispute,0.2682567686536397,governance_oversight_failure,0.20056962966918945,land_row_dispute,0.5,content_preferred,2016-12
The Observer,https://observer.ug/business/mps-raise-red-flags-on-railway-concession/,2016-12-28,MPs raise red flags on railway concession,"Among other things, the concession required that RVR declare gross income earned every month to URC, upon which 11.1 per cent of the money would be paid to the latter.",True,,land_row_dispute,0.16206752562981078,payment_financial_dispute,0.21973061561584473,land_row_dispute,0.5,content_preferred,2016-12
The Observer,https://observer.ug/business/mps-raise-red-flags-on-railway-concession/,2016-12-28,MPs raise red flags on railway concession,The agreement further empowers URC to perform independent audits of the concessionaire to establish and confirm the gross revenue earned from which 11.1 per cent concession fees are computed.,True,,land_row_dispute,0.16206752562981078,payment_financial_dispute,0.3332262635231018,land_row_dispute,0.5,content_preferred,2016-12
The Observer,https://observer.ug/business/mps-raise-red-flags-on-railway-concession/,2016-12-28,MPs raise red flags on railway concession,"MPs found that URC did not audit RVR with the latter making its own computations as a basis to raise invoices. “There is a risk of under-declaration of concession income by the concessionaire thus potential loss of revenue,” the report said.",True,,land_row_dispute,0.3433420065831438,payment_financial_dispute,0.3829638361930847,land_row_dispute,0.5,content_preferred,2016-12
The Observer,https://observer.ug/business/mps-raise-red-flags-on-railway-concession/,2016-12-28,MPs raise red flags on railway concession,"Egypt’s Qalaa Holding’s subsidiary, Africa Railway, increased its stake in RVR to 85 per cent in 2014 after it acquired shares from Kenya’s TransCentury.",True,,land_row_dispute,0.4736379352606018,contract_management_failure,0.10038719326257706,land_row_dispute,0.5,content_preferred,2016-12
The Observer,https://observer.ug/business/mps-raise-red-flags-on-railway-concession/,2016-12-28,MPs raise red flags on railway concession,It announced it would inject $42.2m in RVR.,True,,land_row_dispute,0.16206752562981078,procurement_irregularity,0.13907268643379211,land_row_dispute,0.5,content_preferred,2016-12
The Observer,https://observer.ug/business/mps-raise-red-flags-on-railway-concession/,2016-12-28,MPs raise red flags on railway concession,"In 2010, when Qalaa, formerly known as Citadel, first acquired a minority stake in RVR, it announced a five-year $287m turnaround program for what was then an ailing railway.",True,,land_row_dispute,0.2031899552558619,land_row_dispute,0.16973988711833954,land_row_dispute,0.5932324605935504,agree,2016-12
The Observer,https://observer.ug/business/mps-raise-red-flags-on-railway-concession/,2016-12-28,MPs raise red flags on railway concession,This money was expected to improve the railway line’s performance in addition to increasing cargo carried on railway in the two countries.,True,,land_row_dispute,0.1848634393546826,delay_time_overrun,0.12128012627363205,land_row_dispute,0.5,content_preferred,2016-12
The Observer,https://observer.ug/business/mps-raise-red-flags-on-railway-concession/,2016-12-28,MPs raise red flags on railway concession,MPs say URC has an inadequate system to track the income from the concession.,True,,land_row_dispute,0.20584656242510815,governance_oversight_failure,0.2647526264190674,land_row_dispute,0.5,content_preferred,2016-12
The Observer,https://observer.ug/business/mps-raise-red-flags-on-railway-concession/,2016-12-28,MPs raise red flags on railway concession,There have been claims that RVR has so far not made any major investments in maintenance both in Kenya and Uganda.,True,,land_row_dispute,0.2507830381538975,procurement_irregularity,0.17334769666194916,land_row_dispute,0.5,content_preferred,2016-12
The Observer,https://observer.ug/business/mps-raise-red-flags-on-railway-concession/,2016-12-28,MPs raise red flags on railway concession,"Transportation of railway cargo in the region has not made much headway despite signs that there could be high demand for the services. “The committee was informed that government has now issued a notice of default for failure to meet contractual obligations,” said the report.",True,,land_row_dispute,0.4531063018949577,contract_management_failure,0.31009232997894287,land_row_dispute,0.5,content_preferred,2016-12
The Observer,https://observer.ug/business/mps-raise-red-flags-on-railway-concession/,2016-12-28,MPs raise red flags on railway concession,"RVR says it operates 2,541.44km of rail network, linking the shores of the Indian Ocean to Kenya and Uganda.",True,,land_row_dispute,0.2732443466795712,delay_time_overrun,0.09627657383680344,land_row_dispute,0.5,content_preferred,2016-12
The Observer,https://observer.ug/business/mps-raise-red-flags-on-railway-concession/,2016-12-28,MPs raise red flags on railway concession,It says its vision is to become a leading transport and logistics solutions provider in Africa by year 2020.,True,,procurement_irregularity,0.19701879777003567,delay_time_overrun,0.16570086777210236,procurement_irregularity,0.5,content_preferred,2016-12
The Observer,https://observer.ug/business/mps-raise-red-flags-on-railway-concession/,2016-12-28,MPs raise red flags on railway concession,"RVR says it has rehabilitated the line between Mombasa and Nairobi, rebuilt culverts between Tororo and Kampala in Uganda and reopened the 500km line from Tororo to Gulu.",True,,governance_oversight_failure,0.27651965206880785,delay_time_overrun,0.15307502448558807,governance_oversight_failure,0.5,content_preferred,2016-12
The Observer,https://observer.ug/business/mps-raise-red-flags-on-railway-concession/,2016-12-28,MPs raise red flags on railway concession,"In a statement in July, responding to articles that ran in Finance Uncovered and The Observer, Qalaa holdings, said it had for the past five years supported RVR’s management and its local partners to implement a turnaround for the concessionaire.",True,,land_row_dispute,0.37956130874894023,land_row_dispute,0.24234218895435333,land_row_dispute,0.6554758744258233,agree,2016-12
The Observer,https://observer.ug/business/mps-raise-red-flags-on-railway-concession/,2016-12-28,MPs raise red flags on railway concession,It added that it had also increased its haulage capacity through the acquisition of 20 locomotives and up to 240 high-capacity wagons.,True,,procurement_irregularity,0.6165464988253957,delay_time_overrun,0.11864234507083893,procurement_irregularity,0.6165464988253957,content_preferred,2016-12
The Observer,https://observer.ug/business/mps-raise-red-flags-on-railway-concession/,2016-12-28,MPs raise red flags on railway concession,It said the transit time between Mombasa and Kampala (one way) had been reduced by 29.8 per cent and that it introduced the most advanced train operating technologies.,True,,land_row_dispute,0.3234379405136446,delay_time_overrun,0.27201181650161743,land_row_dispute,0.5,content_preferred,2016-12
The Observer,https://observer.ug/business/mps-raise-red-flags-on-railway-concession/,2016-12-28,MPs raise red flags on railway concession,It said it had paid $66m in concession fees to both Kenya and Uganda.,True,,land_row_dispute,0.348338236792015,procurement_irregularity,0.29556283354759216,land_row_dispute,0.5,content_preferred,2016-12
The Observer,https://observer.ug/business/mps-raise-red-flags-on-railway-concession/,2016-12-28,MPs raise red flags on railway concession,"Meanwhile, the committee also voiced concerns over URC’s failure to value its properties for more than two decades. “It was also noted that URC properties are in various parts of the country but have no proper protection which put the assets at the risk of encroachment if no steps are puts in place to protect the assets,” the report said.",True,,land_row_dispute,0.363822587343604,land_row_dispute,0.26469796895980835,land_row_dispute,0.657130139075853,agree,2016-12
The Observer,https://observer.ug/business/mps-raise-red-flags-on-railway-concession/,2016-12-28,MPs raise red flags on railway concession,"URC reflected a balance of Shs 106bn in its financial statements for the year ended December 31, 2014 as being property, plant and equipment.",True,,land_row_dispute,0.5307300427457834,payment_financial_dispute,0.2281312644481659,land_row_dispute,0.5307300427457834,content_preferred,2016-12
The Observer,https://observer.ug/business/mps-raise-red-flags-on-railway-concession/,2016-12-28,MPs raise red flags on railway concession,"The last valuation was done in 1988. “URC should endeavor to value their assets to avoid misuse and abuse including asset stripping,” the report said. amwesigwa@observer.ug Sign up and get daily updates right to your inbox.",True,,delay_time_overrun,0.4891239584221522,procurement_irregularity,0.29045581817626953,delay_time_overrun,0.5,content_preferred,2016-12
The Observer,https://observer.ug/business/parliament-blacklists-ferdsult-ltd-on-govt-electricity-contracts/,2016-12-28,Parliament blacklists Ferdsult Ltd on govt electricity contracts,The contract was supposed to expire in 2017.,True,,procurement_irregularity,0.3062386340349766,contract_management_failure,0.33414965867996216,procurement_irregularity,0.5,content_preferred,2016-12
The Observer,https://observer.ug/business/parliament-blacklists-ferdsult-ltd-on-govt-electricity-contracts/,2016-12-28,Parliament blacklists Ferdsult Ltd on govt electricity contracts,"It was their duty to know what they were going for,” the MPs report said, adding “Ferdsult should pay all the funds owed to REA and be blacklisted for failing to implement the terms agreed upon.” Byabagambi has been mainly in the background, but in a company profile on its website, he is named to have been the general manager in 2002 when it was working on a Shs1bn contract for Songhdoh Films Factory Ltd.",True,,procurement_irregularity,0.4555087676886888,payment_financial_dispute,0.27728915214538574,procurement_irregularity,0.5,content_preferred,2016-12
The Observer,https://observer.ug/business/parliament-blacklists-ferdsult-ltd-on-govt-electricity-contracts/,2016-12-28,Parliament blacklists Ferdsult Ltd on govt electricity contracts,"In 2014, during a fundraising for the construction of the Namugongo shrine in preparation for the Pope’s visit, Ferdsult’s Mugisha delivered a Shs 10m contribution on behalf of Byabagambi.",True,,land_row_dispute,0.5512745144994146,payment_financial_dispute,0.1547406166791916,land_row_dispute,0.5512745144994146,content_preferred,2016-12
The Observer,https://observer.ug/business/parliament-blacklists-ferdsult-ltd-on-govt-electricity-contracts/,2016-12-28,Parliament blacklists Ferdsult Ltd on govt electricity contracts,"On its website, it says it has invested in a pole treatment plant at a cost of $2.5m in Lugazi.",True,,land_row_dispute,0.16206752562981078,land_row_dispute,0.15396681427955627,land_row_dispute,0.5790085849773418,agree,2016-12
The Observer,https://observer.ug/news/kibanzanga-urges-kasese-leaders-to-preach-peace/,2016-12-28,Kibanzanga urges Kasese leaders to preach peace,"Nelson Ndungu, executive director of the Rwenzori Peace Bridge of Reconciliation (RPBR), said the “Rwenzori question” rotates around several issues, including the law governing cultural institutions. “Whereas the constitution does not set boundaries of cultural institutions, the mindset of the people is that these boundaries exist.",True,,land_row_dispute,0.6239879080724927,land_row_dispute,0.22732217609882355,land_row_dispute,0.7128275210428291,agree,2016-12
The Observer,https://observer.ug/news/oil-should-over-dominate-uganda-s-economy-wb-chief-advises/,2016-12-28,"Oil should not over-dominate Uganda’s economy, WB chief advises",She works in the United States.,True,,delay_time_overrun,0.29294870398814615,quality_technical_defect,0.09095475822687149,delay_time_overrun,0.5,content_preferred,2016-12
The Observer,https://observer.ug/news/oil-should-over-dominate-uganda-s-economy-wb-chief-advises/,2016-12-28,"Oil should not over-dominate Uganda’s economy, WB chief advises","So, public investments in infrastructure, for example, in health and education, are some of the things that these revenues should give a priority to.",True,,land_row_dispute,0.21908346864941286,payment_financial_dispute,0.13260218501091003,land_row_dispute,0.5,content_preferred,2016-12
The Observer,https://observer.ug/news/oil-should-over-dominate-uganda-s-economy-wb-chief-advises/,2016-12-28,"Oil should not over-dominate Uganda’s economy, WB chief advises","You mentioned infrastructure, and we are big on infrastructure in Uganda.",True,,land_row_dispute,0.20840638850930193,land_row_dispute,0.16163693368434906,land_row_dispute,0.5925108305484128,agree,2016-12
The Observer,https://observer.ug/news/oil-should-over-dominate-uganda-s-economy-wb-chief-advises/,2016-12-28,"Oil should not over-dominate Uganda’s economy, WB chief advises",There are tools that we use to be able to assess whether a road or any other infrastructure will have a net economic benefit.,True,,land_row_dispute,0.2164117540639689,delay_time_overrun,0.16062670946121216,land_row_dispute,0.5,content_preferred,2016-12
The Observer,https://observer.ug/news/oil-should-over-dominate-uganda-s-economy-wb-chief-advises/,2016-12-28,"Oil should not over-dominate Uganda’s economy, WB chief advises","So, it’s not a question of just building [infrastructure] for the sake of it; it’s got to be a package of other things that have to be done in order to ensure economic returns.",True,,land_row_dispute,0.20014600740977107,delay_time_overrun,0.20384471118450165,land_row_dispute,0.5,content_preferred,2016-12
The Observer,https://observer.ug/news/lukwago-fdc-councillors-clash-over-basalirwa-job/,2016-12-28,"Lukwago, FDC councillors clash over Basalirwa job","Basalirwa backed former prime minister, Amama Mbabazi. “Why should we reward those who abandoned us at a time we needed them most?",True,,land_row_dispute,0.3082071349102917,land_row_dispute,0.16359511017799377,land_row_dispute,0.6179505612720714,agree,2016-12
The Observer,https://observer.ug/news/how-police-raided-nakasero-mosque/,2016-12-28,How police raided Nakasero mosque,"Habib Buwembo, the mosque’s publicity secretary, told journalists that the raid could be connected to the proposed Shs 10bn Ummah house project, which is a brainchild of Sheikh Muhammad Yunus Kamoga, the group’s jailed leader.",True,,land_row_dispute,0.2633845872399716,land_row_dispute,0.13799363374710083,land_row_dispute,0.6003445552467681,agree,2016-12
The Observer,https://observer.ug/news/how-police-raided-nakasero-mosque/,2016-12-28,How police raided Nakasero mosque,"Buwembo explained that each time any of their leaders or members is picked up by security, they are questioned about the Ummah house project.",True,,land_row_dispute,0.26895170366638277,land_row_dispute,0.1679067462682724,land_row_dispute,0.6092146124836638,agree,2016-12
The Observer,https://observer.ug/news/how-police-raided-nakasero-mosque/,2016-12-28,How police raided Nakasero mosque,A coat of dust that covers the furniture in the Ummah house project office inside the Nakasero mosque showed it had not been in use for some time.,True,,procurement_irregularity,0.2364894247108406,quality_technical_defect,0.13361360132694244,procurement_irregularity,0.5,content_preferred,2016-12
The Observer,https://observer.ug/news/how-police-raided-nakasero-mosque/,2016-12-28,How police raided Nakasero mosque,Envelopes and stickers that were being used to mobilise money for the project were left scattered on the floor by the security personnel who broke into the mosque.,True,,procurement_irregularity,0.20519606418965292,land_row_dispute,0.1786775439977646,procurement_irregularity,0.5,content_preferred,2016-12
New Vision,https://www.newvision.co.ug/category/agriculture/kasana-luweero-diocese-launches-climate-chang-NV_231584_042026,2026-04-10,"Kasana Luweero Diocese launches climate change adaptation, mitigation project","________________ The Catholic church has been commended for being a powerful community mobiliser capable of influencing values, behaviours, and development pathways.",True,,land_row_dispute,0.19186173278850135,governance_oversight_failure,0.16174426674842834,land_row_dispute,0.5,content_preferred,2026-04
New Vision,https://www.newvision.co.ug/category/agriculture/kasana-luweero-diocese-launches-climate-chang-NV_231584_042026,2026-04-10,"Kasana Luweero Diocese launches climate change adaptation, mitigation project","The Catholic church is not only a spiritual authority, but also a powerful mobiliser of communities capable of influencing values, behaviours, and development pathways, a senior government official said in Luweero on Thursday.",True,,delay_time_overrun,0.6371067586251081,governance_oversight_failure,0.19687819480895996,delay_time_overrun,0.6371067586251081,content_preferred,2026-04
New Vision,https://www.newvision.co.ug/category/agriculture/kasana-luweero-diocese-launches-climate-chang-NV_231584_042026,2026-04-10,"Kasana Luweero Diocese launches climate change adaptation, mitigation project","Edward Ddamulira Sengonzi, who is the accounting officer /undersecretary, Ministry of Finance, Planning and Economic Development, made the remarks while closing a one-day conference on economic empowerment of small holder farmers in low-emission agricultural production and sustainable renewable energy.",True,,procurement_irregularity,0.19314304626136128,payment_financial_dispute,0.18252769112586975,procurement_irregularity,0.5,content_preferred,2026-04
New Vision,https://www.newvision.co.ug/category/agriculture/kasana-luweero-diocese-launches-climate-chang-NV_231584_042026,2026-04-10,"Kasana Luweero Diocese launches climate change adaptation, mitigation project","Edward Ddamulira Sengonzi exchanges gifts with Kasana Luweero Catholic Bishop Lawrence Mukasa. (Photo by Frederick Kiwanuka) The conference, whose theme was "" productive use of renewable energy for profitable and low-emission farming in Uganda"" , was organised by Karitas Kasanaensis, a social development arm of Kasana Luweero Catholic diocese.",True,,procurement_irregularity,0.3186166422184399,land_row_dispute,0.10161609202623367,procurement_irregularity,0.5,content_preferred,2026-04
New Vision,https://www.newvision.co.ug/category/agriculture/kasana-luweero-diocese-launches-climate-chang-NV_231584_042026,2026-04-10,"Kasana Luweero Diocese launches climate change adaptation, mitigation project","The function synchronised with the launch of a climate change adaptation and mitigation project, which is to be spearheaded by Karitas Kasana Luweero Catholic diocese.",True,,procurement_irregularity,0.19533095072075077,delay_time_overrun,0.15710431337356567,procurement_irregularity,0.5,content_preferred,2026-04
New Vision,https://www.newvision.co.ug/category/agriculture/kasana-luweero-diocese-launches-climate-chang-NV_231584_042026,2026-04-10,"Kasana Luweero Diocese launches climate change adaptation, mitigation project",Sengonzi said the Catholic Church holds a unique position in guiding society towards responsible stewardship of creation that is grounded in faith and moral responsibility.,True,,land_row_dispute,0.32417724635491574,governance_oversight_failure,0.11215202510356903,land_row_dispute,0.5,content_preferred,2026-04
New Vision,https://www.newvision.co.ug/category/agriculture/kasana-luweero-diocese-launches-climate-chang-NV_231584_042026,2026-04-10,"Kasana Luweero Diocese launches climate change adaptation, mitigation project","Sengonzi, who is also the Vision Group board chairman, said the Catholic church has played a transformative role by promoting sustainable land use, supporting planting, encouraging adoption of clean energy technologies and even participating in emerging opportunities, such as carbon markets.",True,,land_row_dispute,0.3138611570426058,governance_oversight_failure,0.10077551007270813,land_row_dispute,0.5,content_preferred,2026-04
New Vision,https://www.newvision.co.ug/category/agriculture/kasana-luweero-diocese-launches-climate-chang-NV_231584_042026,2026-04-10,"Kasana Luweero Diocese launches climate change adaptation, mitigation project","He said the conference, which brought together farmers, development partners, government officials and the clergy, was timely because climate change had become a serious economic and macro fiscal risk.",True,,land_row_dispute,0.4901395987127221,delay_time_overrun,0.2100079208612442,land_row_dispute,0.5,content_preferred,2026-04
New Vision,https://www.newvision.co.ug/category/agriculture/kasana-luweero-diocese-launches-climate-chang-NV_231584_042026,2026-04-10,"Kasana Luweero Diocese launches climate change adaptation, mitigation project","""Climate change is not only an environmental concern, but a serious economic and macro fiscal risk,"" he said.",True,,land_row_dispute,0.32417724635491574,payment_financial_dispute,0.13624751567840576,land_row_dispute,0.5,content_preferred,2026-04
New Vision,https://www.newvision.co.ug/category/agriculture/kasana-luweero-diocese-launches-climate-chang-NV_231584_042026,2026-04-10,"Kasana Luweero Diocese launches climate change adaptation, mitigation project","Quoting the country climate and development report, Sengonzi said Uganda annually spends over USD 140 million on climate change-related issues.",True,,procurement_irregularity,0.3501698930177188,land_row_dispute,0.13620400428771973,procurement_irregularity,0.5,content_preferred,2026-04
New Vision,https://www.newvision.co.ug/category/agriculture/kasana-luweero-diocese-launches-climate-chang-NV_231584_042026,2026-04-10,"Kasana Luweero Diocese launches climate change adaptation, mitigation project","He said the increased frequency of climate change shocks like droughts, floods, and landslides was eroding people's livelihoods and reversing development gains.",True,,land_row_dispute,0.31801643321471385,contract_management_failure,0.18210095167160034,land_row_dispute,0.5,content_preferred,2026-04
New Vision,https://www.newvision.co.ug/category/agriculture/kasana-luweero-diocese-launches-climate-chang-NV_231584_042026,2026-04-10,"Kasana Luweero Diocese launches climate change adaptation, mitigation project","""It is therefore fitting that today's dialogue focuses on the intersection of renewable energy, agriculture and climate resilience,"" Sengonzi said.",True,,land_row_dispute,0.32417724635491574,land_row_dispute,0.10222936421632767,land_row_dispute,0.6066016526428109,agree,2026-04
New Vision,https://www.newvision.co.ug/category/agriculture/kasana-luweero-diocese-launches-climate-chang-NV_231584_042026,2026-04-10,"Kasana Luweero Diocese launches climate change adaptation, mitigation project","He said productive use of renewable energy, through solar irrigation, agro processing and clean cooking, offers a pathway to increase agricultural productivity, reduce emissions and enhance household incomes.",True,,land_row_dispute,0.16657353571040312,payment_financial_dispute,0.04523004591464996,land_row_dispute,0.5,content_preferred,2026-04
New Vision,https://www.newvision.co.ug/category/agriculture/kasana-luweero-diocese-launches-climate-chang-NV_231584_042026,2026-04-10,"Kasana Luweero Diocese launches climate change adaptation, mitigation project","""This is not only a technical solution, but also an economic and moral imperative,"" he said.",True,,land_row_dispute,0.2658850456258108,contract_management_failure,0.1166987493634224,land_row_dispute,0.5,content_preferred,2026-04
New Vision,https://www.newvision.co.ug/category/agriculture/kasana-luweero-diocese-launches-climate-chang-NV_231584_042026,2026-04-10,"Kasana Luweero Diocese launches climate change adaptation, mitigation project","Sengonzi said his ministry had, in response to the climate change crisis, established a climate finance unit (CFU) to mobilise climate change finance, ensure efficient allocation of the mobilised finances and utilisation, as well as strengthen coordination between the government and partners.",True,,land_row_dispute,0.3423419921266126,payment_financial_dispute,0.12037843465805054,land_row_dispute,0.5,content_preferred,2026-04
New Vision,https://www.newvision.co.ug/category/agriculture/kasana-luweero-diocese-launches-climate-chang-NV_231584_042026,2026-04-10,"Kasana Luweero Diocese launches climate change adaptation, mitigation project","At the sector level, Sengonzi said the government had established the clean cooking unit within the Ministry of Energy and Mineral Development to promote access to clean and efficient energy technologies.",True,,land_row_dispute,0.3703175255243234,governance_oversight_failure,0.06829644739627838,land_row_dispute,0.5,content_preferred,2026-04
New Vision,https://www.newvision.co.ug/category/agriculture/kasana-luweero-diocese-launches-climate-chang-NV_231584_042026,2026-04-10,"Kasana Luweero Diocese launches climate change adaptation, mitigation project","He said the measure was particularly critical for rural households where reliance on traditional biomass contributes to deforestation, health risks, and low productivity.",True,,land_row_dispute,0.28550441054840553,governance_oversight_failure,0.09659036248922348,land_row_dispute,0.5,content_preferred,2026-04
New Vision,https://www.newvision.co.ug/category/agriculture/kasana-luweero-diocese-launches-climate-chang-NV_231584_042026,2026-04-10,"Kasana Luweero Diocese launches climate change adaptation, mitigation project","In other measures, Sengonzi said the government had capitalised the Uganda development bank with significant resources to finance green investments.",True,,land_row_dispute,0.39904460166555483,governance_oversight_failure,0.13045944273471832,land_row_dispute,0.5,content_preferred,2026-04
New Vision,https://www.newvision.co.ug/category/agriculture/kasana-luweero-diocese-launches-climate-chang-NV_231584_042026,2026-04-10,"Kasana Luweero Diocese launches climate change adaptation, mitigation project",He said this was in addition to mobilising over USD 504m from external sources to support mitigation and adaptation efforts across key sectors.,True,,procurement_irregularity,0.2569845086395691,governance_oversight_failure,0.15564599633216858,procurement_irregularity,0.5,content_preferred,2026-04
New Vision,https://www.newvision.co.ug/category/agriculture/kasana-luweero-diocese-launches-climate-chang-NV_231584_042026,2026-04-10,"Kasana Luweero Diocese launches climate change adaptation, mitigation project",Kasana Luweero Catholic bishop Lawrence Mukasa said there was a need to promote mindset change so that the communities can embrace sustainable practices and technologies.,True,,procurement_irregularity,0.27481878725434855,governance_oversight_failure,0.0805424153804779,procurement_irregularity,0.5,content_preferred,2026-04
New Vision,https://www.newvision.co.ug/category/agriculture/kasana-luweero-diocese-launches-climate-chang-NV_231584_042026,2026-04-10,"Kasana Luweero Diocese launches climate change adaptation, mitigation project","Mukasa said that issues like: affordability, equitable participation and access to information, which were raised during the conference, should be addressed so as to achieve meaningful progress.",True,,procurement_irregularity,0.23709181462872372,governance_oversight_failure,0.2152840495109558,procurement_irregularity,0.5,content_preferred,2026-04
New Vision,https://www.newvision.co.ug/category/agriculture/kasana-luweero-diocese-launches-climate-chang-NV_231584_042026,2026-04-10,"Kasana Luweero Diocese launches climate change adaptation, mitigation project","The national pastoral coordinator of the Uganda episcopal conference, Fr.",True,,land_row_dispute,0.2085056136236357,governance_oversight_failure,0.0955159068107605,land_row_dispute,0.5,content_preferred,2026-04
New Vision,https://www.newvision.co.ug/category/agriculture/kasana-luweero-diocese-launches-climate-chang-NV_231584_042026,2026-04-10,"Kasana Luweero Diocese launches climate change adaptation, mitigation project","John Baptist Kaganda, said that caring for the environment was among the basic values of the catholic Christian faith.",True,,land_row_dispute,0.25214133001555905,land_row_dispute,0.03796154633164406,land_row_dispute,0.5725257190868007,agree,2026-04
New Vision,https://www.newvision.co.ug/category/agriculture/kasana-luweero-diocese-launches-climate-chang-NV_231584_042026,2026-04-10,"Kasana Luweero Diocese launches climate change adaptation, mitigation project","""The environment is God-given, and we must use it responsibly.",True,,land_row_dispute,0.17666745839900408,governance_oversight_failure,0.0841677188873291,land_row_dispute,0.5,content_preferred,2026-04
New Vision,https://www.newvision.co.ug/category/agriculture/kasana-luweero-diocese-launches-climate-chang-NV_231584_042026,2026-04-10,"Kasana Luweero Diocese launches climate change adaptation, mitigation project","Environmental destruction is hence morally wrong,"" he said, quoting messages issued by the successive popes.",True,,land_row_dispute,0.32417724635491574,payment_financial_dispute,0.0995984673500061,land_row_dispute,0.5,content_preferred,2026-04
New Vision,https://www.newvision.co.ug/category/agriculture/kasana-luweero-diocese-launches-climate-chang-NV_231584_042026,2026-04-10,"Kasana Luweero Diocese launches climate change adaptation, mitigation project",Kaganda said the Catholic Church considers climate change as one of the basic challenges facing humanity.,True,,land_row_dispute,0.32417724635491574,governance_oversight_failure,0.13333900272846222,land_row_dispute,0.5,content_preferred,2026-04
New Vision,https://www.newvision.co.ug/category/agriculture/kasana-luweero-diocese-launches-climate-chang-NV_231584_042026,2026-04-10,"Kasana Luweero Diocese launches climate change adaptation, mitigation project","A farmer’s representative, Robert Mayengo, said farm production had more than tripled after switching to solar energy.",True,,land_row_dispute,0.16657353571040312,contract_management_failure,0.11292733997106552,land_row_dispute,0.5,content_preferred,2026-04
New Vision,https://www.newvision.co.ug/category/agriculture/kasana-luweero-diocese-launches-climate-chang-NV_231584_042026,2026-04-10,"Kasana Luweero Diocese launches climate change adaptation, mitigation project","""I used to earn only 4m per acre of cabbage, but now I am earning between shillings 10 and 16m per acre,"" Mayengo said.",True,,land_row_dispute,0.2681626122017828,land_row_dispute,0.07272323966026306,land_row_dispute,0.5852214629655115,agree,2026-04
New Vision,https://www.newvision.co.ug/category/agriculture/kasana-luweero-diocese-launches-climate-chang-NV_231584_042026,2026-04-10,"Kasana Luweero Diocese launches climate change adaptation, mitigation project","Mayengo said that apart from increased production, the use of renewable energy sources, like solar, has many other advantages, like environmental protection and preservation of soil nutrients.",True,,land_row_dispute,0.15773716996508652,payment_financial_dispute,0.0058427657932043076,land_row_dispute,0.5,content_preferred,2026-04
New Vision,https://www.newvision.co.ug/category/agriculture/kasana-luweero-diocese-launches-climate-chang-NV_231584_042026,2026-04-10,"Kasana Luweero Diocese launches climate change adaptation, mitigation project","He, however, said that solar installation costs were too high for most farmers.",True,,land_row_dispute,0.16657353571040312,payment_financial_dispute,0.19725105166435242,land_row_dispute,0.5,content_preferred,2026-04
New Vision,https://www.newvision.co.ug/category/agriculture/kasana-luweero-diocese-launches-climate-chang-NV_231584_042026,2026-04-10,"Kasana Luweero Diocese launches climate change adaptation, mitigation project",Edward Ddamulira Sengonzi exchanges gifts with Kasana Luweero Catholic Bishop Lawrence Mukasa. (Photo by Frederick Kiwanuka),True,,procurement_irregularity,0.3625666018779243,procurement_irregularity,0.08941539376974106,procurement_irregularity,0.6129954989119163,agree,2026-04
New Vision,https://www.newvision.co.ug/category/agriculture/uganda-to-launch-space-climate-monitoring-cam-NV_231506_042026,2026-04-09,Uganda to launch space climate monitoring camera,"This is a joint project between Uganda, Kenya, and Egypt, supported by the United Nations Office for Outer Space Affairs and Airbus. “It was supposed to be launched on April 8, but because of some weather conditions, tomorrow it will be launched.",True,,procurement_irregularity,0.24869839198179858,delay_time_overrun,0.1963798999786377,procurement_irregularity,0.5,content_preferred,2026-04
New Vision,https://www.newvision.co.ug/category/agriculture/uganda-to-launch-space-climate-monitoring-cam-NV_231506_042026,2026-04-09,Uganda to launch space climate monitoring camera,"It will be launched tomorrow, (April 10), and it is going to be taken to the International Space Station, where we expect it to be commissioned in August,” Dr Monica Musenero, the Minister for Science, Technology and Innovation, said as she opened the National Science Week at Serena Hotel on Thursday (April 9). “Once commissioned, this camera is going to pass over East Africa four times every 24 hours and is going to be able to collect real-time data which we will be able to download at our POMA station, analyse and build interventions to help us manage not just the climate but also the associated scares like what we had in Kiteezi, and this will help us to prevent disasters,” she added.",True,,land_row_dispute,0.27053430221575103,delay_time_overrun,0.2052495777606964,land_row_dispute,0.5,content_preferred,2026-04
New Vision,https://www.newvision.co.ug/category/agriculture/uganda-to-launch-space-climate-monitoring-cam-NV_231506_042026,2026-04-09,Uganda to launch space climate monitoring camera,"She highlighted that Uganda contributed to the project by training and sponsoring four engineers who helped design parts of the camera at the Egyptian Space Agency, marking the first time Ugandan scientists have directly contributed to building a space technology system. “It shows that Uganda is building its own scientific capacity,” Musenero said.",True,,procurement_irregularity,0.5103467412997679,land_row_dispute,0.11148388683795929,procurement_irregularity,0.5103467412997679,content_preferred,2026-04
New Vision,https://www.newvision.co.ug/category/agriculture/kabarole-mandatory-fmd-vaccination-to-boost-l-NV_231502_042026,2026-04-09,"Kabarole mandatory FMD vaccination to boost livestock health, exports","He called upon town clerks, sub-county chiefs, parish chiefs, and extension workers to work as a unified team in mobilising farmers and ensuring the smooth implementation of the programme.",True,,land_row_dispute,0.20935671184615315,land_row_dispute,0.15019084513187408,land_row_dispute,0.5898868892445068,agree,2026-04
New Vision,https://www.newvision.co.ug/category/agriculture/uganda-seeks-win-win-solutions-as-livestock-e-NV_231479_042026,2026-04-09,Uganda seeks ‘win-win’ solutions as livestock emissions come under focus,"He revealed that the National Agricultural Research Organisation is leading efforts under a World Bank-funded project to develop a national measurement, reporting, and verification system to track emissions more accurately.",True,,contract_management_failure,0.12864519277693973,governance_oversight_failure,0.1727505922317505,contract_management_failure,0.5,content_preferred,2026-04
New Vision,https://www.newvision.co.ug/category/agriculture/farmers-urged-to-lead-climate-action-as-lives-NV_231417_042026,2026-04-08,Farmers urged to lead climate action as livestock emissions face scrutiny,"He also highlighted the need for improved manure management, describing it as a major but often overlooked source of emissions. “With the right infrastructure and knowledge, manure can be better managed to reduce emissions while producing organic fertiliser to improve soil fertility,” he added.",True,,procurement_irregularity,0.2507722405711118,delay_time_overrun,0.06723549216985703,procurement_irregularity,0.5,content_preferred,2026-04
New Vision,https://www.newvision.co.ug/category/agriculture/farmers-urged-to-lead-climate-action-as-lives-NV_231417_042026,2026-04-08,Farmers urged to lead climate action as livestock emissions face scrutiny,"Tracking livestock emissions Zziwa revealed that Uganda is working to establish a Monitoring, Reporting and Verification (MRV) system for the livestock sector, with support from the World Bank and implementation under the Ministry of Agriculture, Animal Industry and Fisheries.",True,,procurement_irregularity,0.2256291938455443,payment_financial_dispute,0.13523879647254944,procurement_irregularity,0.5,content_preferred,2026-04
New Vision,https://www.newvision.co.ug/category/agriculture/kikuube-residents-want-lasting-solution-to-ab-NV_231379_042026,2026-04-07,Kikuube residents want lasting solution to abandoned gold site,"__________________ Residents of Kirimbi and Mugabi villages in Mussaijamukulu parish, Buhimba sub-county in Kikuube district, are demanding that the National Environment Management Authority (NEMA) restore an abandoned gold exploration site.",True,,land_row_dispute,0.31479756344390947,land_row_dispute,0.22069889307022095,land_row_dispute,0.6338741141285326,agree,2026-04
New Vision,https://www.newvision.co.ug/category/agriculture/kikuube-residents-want-lasting-solution-to-ab-NV_231379_042026,2026-04-07,Kikuube residents want lasting solution to abandoned gold site,"The site, located in Kirimbi and Mugabi villages in Mussaijamukulu parish, was excavated and later abandoned by Mechanised Agro (U) Limited.",True,,land_row_dispute,0.42371801724725205,land_row_dispute,0.16094690561294556,land_row_dispute,0.6461662307150494,agree,2026-04
New Vision,https://www.newvision.co.ug/category/agriculture/kikuube-residents-want-lasting-solution-to-ab-NV_231379_042026,2026-04-07,Kikuube residents want lasting solution to abandoned gold site,"The open pond was created in 2020 after tycoon Joseph Garuhanga leased 10 acres of land to Mechanised Agro (U) Limited, which began operations after receiving approval through a certificate from NEMA.",True,,quality_technical_defect,0.31715316091897844,land_row_dispute,0.1564709097146988,quality_technical_defect,0.5,content_preferred,2026-04
New Vision,https://www.newvision.co.ug/category/agriculture/kikuube-residents-want-lasting-solution-to-ab-NV_231379_042026,2026-04-07,Kikuube residents want lasting solution to abandoned gold site,"A NEMA official carrying out an assessment of the abandoned gold exploration site. (Photo by Peter Abaanabasazi) NEMA issued a certificate of approval of environmental and social impact assessment (NEMA/ESIA/13264) on March 17, 2020, valid for two years.",True,,land_row_dispute,0.34707398887574464,land_row_dispute,0.16245850920677185,land_row_dispute,0.6273831245206292,agree,2026-04
New Vision,https://www.newvision.co.ug/category/agriculture/kikuube-residents-want-lasting-solution-to-ab-NV_231379_042026,2026-04-07,Kikuube residents want lasting solution to abandoned gold site,"However, Mechanised Agro (U) Limited abandoned the site after six months of operation without restoring it, contrary to requirements.",True,,land_row_dispute,0.16206752562981078,land_row_dispute,0.26076701283454895,land_row_dispute,0.6057086346160899,agree,2026-04
New Vision,https://www.newvision.co.ug/category/agriculture/kikuube-residents-want-lasting-solution-to-ab-NV_231379_042026,2026-04-07,Kikuube residents want lasting solution to abandoned gold site,"Following a story in New Vision of March 12, 2026, highlighting how the site had turned into a death trap, a team of NEMA officials led by Cypriano Nsabimana, the mid-western region inspector, visited on March 13, 2026, and assessed the area.",True,,land_row_dispute,0.37093558794184556,delay_time_overrun,0.2071804702281952,land_row_dispute,0.5,content_preferred,2026-04
New Vision,https://www.newvision.co.ug/category/agriculture/kikuube-residents-want-lasting-solution-to-ab-NV_231379_042026,2026-04-07,Kikuube residents want lasting solution to abandoned gold site,"Three days after the assessment, NEMA officials returned and cordoned off the site with tape, leaving behind an open pond filled with water.",True,,land_row_dispute,0.16206752562981078,land_row_dispute,0.20265772938728333,land_row_dispute,0.5911813137542735,agree,2026-04
New Vision,https://www.newvision.co.ug/category/agriculture/kikuube-residents-want-lasting-solution-to-ab-NV_231379_042026,2026-04-07,Kikuube residents want lasting solution to abandoned gold site,"Residents have opposed the move, arguing that cordoning off the area is insufficient given the size and danger posed by the pond.",True,,land_row_dispute,0.34900629146742346,land_row_dispute,0.3264378011226654,land_row_dispute,0.6688610231475223,agree,2026-04
New Vision,https://www.newvision.co.ug/category/agriculture/kikuube-residents-want-lasting-solution-to-ab-NV_231379_042026,2026-04-07,Kikuube residents want lasting solution to abandoned gold site,"Deadly pond Speaking to New Vision on April 3, 2026, Sepiriya Kyalingonza, the chairman of Mugabi village, said the site remains a serious threat to the community and requires full restoration.",True,,land_row_dispute,0.24668085705293813,land_row_dispute,0.14847123622894287,land_row_dispute,0.5987880233204702,agree,2026-04
New Vision,https://www.newvision.co.ug/category/agriculture/kikuube-residents-want-lasting-solution-to-ab-NV_231379_042026,2026-04-07,Kikuube residents want lasting solution to abandoned gold site,He noted that the pond has so far claimed seven lives and called for fencing or proper restoration to prevent further tragedy.,True,,procurement_irregularity,0.11983235680263277,land_row_dispute,0.2053326666355133,procurement_irregularity,0.5,content_preferred,2026-04
New Vision,https://www.newvision.co.ug/category/agriculture/kikuube-residents-want-lasting-solution-to-ab-NV_231379_042026,2026-04-07,Kikuube residents want lasting solution to abandoned gold site,"Joseph Garuhanga, the landlord, also demanded that NEMA restore the land to ensure community safety.",True,,land_row_dispute,0.5141894919140528,land_row_dispute,0.23355844616889954,land_row_dispute,0.686936984520738,agree,2026-04
New Vision,https://www.newvision.co.ug/category/agriculture/kikuube-residents-want-lasting-solution-to-ab-NV_231379_042026,2026-04-07,Kikuube residents want lasting solution to abandoned gold site,"He said he leased the land on the understanding that the company would restore it, but it left before doing so, rendering the land unusable.",True,,quality_technical_defect,0.33850570484236925,land_row_dispute,0.2841634750366211,quality_technical_defect,0.5,content_preferred,2026-04
New Vision,https://www.newvision.co.ug/category/agriculture/kikuube-residents-want-lasting-solution-to-ab-NV_231379_042026,2026-04-07,Kikuube residents want lasting solution to abandoned gold site,"Garuhanga added that as a livestock farmer, he has lost more than five cows which drowned in the pond, estimated to cover one and a half acres and reach a depth of about 60 feet.",True,,land_row_dispute,0.28163717139707756,land_row_dispute,0.12279431521892548,land_row_dispute,0.6011078716540008,agree,2026-04
New Vision,https://www.newvision.co.ug/category/agriculture/kikuube-residents-want-lasting-solution-to-ab-NV_231379_042026,2026-04-07,Kikuube residents want lasting solution to abandoned gold site,"Naome Karekaho, head of corporate communications at NEMA, said cordoning off the site was a temporary measure, noting that full restoration requires significant funding and time.",True,,land_row_dispute,0.31330168557081334,land_row_dispute,0.2289080172777176,land_row_dispute,0.6355524257121328,agree,2026-04
New Vision,https://www.newvision.co.ug/category/agriculture/kikuube-residents-want-lasting-solution-to-ab-NV_231379_042026,2026-04-07,Kikuube residents want lasting solution to abandoned gold site,Cypriano Nsabimana NEMA mid-western region inspector (right) sharing with Joseph Garuhanga who rented 10 acres of land to Mechanized AGRO (U) Limited. (Photo by Peter Abaanabasazi) She added that NEMA is investigating the company responsible for the exploration activities so that it can be held accountable for failing to restore the site.,True,,quality_technical_defect,0.41493686401346297,land_row_dispute,0.1902335286140442,quality_technical_defect,0.5,content_preferred,2026-04
New Vision,https://www.newvision.co.ug/category/agriculture/kikuube-residents-want-lasting-solution-to-ab-NV_231379_042026,2026-04-07,Kikuube residents want lasting solution to abandoned gold site,"However, she said NEMA is considering restoration but must first secure funding.",True,,land_row_dispute,0.32417724635491574,land_row_dispute,0.18087086081504822,land_row_dispute,0.626262026792491,agree,2026-04
New Vision,https://www.newvision.co.ug/category/agriculture/kikuube-residents-want-lasting-solution-to-ab-NV_231379_042026,2026-04-07,Kikuube residents want lasting solution to abandoned gold site,"The existence of the site came to wider public attention following the death of four family members, a mother and her three children.",True,,land_row_dispute,0.4516650834678848,quality_technical_defect,0.08287374675273895,land_row_dispute,0.5,content_preferred,2026-04
New Vision,https://www.newvision.co.ug/category/agriculture/kikuube-residents-want-lasting-solution-to-ab-NV_231379_042026,2026-04-07,Kikuube residents want lasting solution to abandoned gold site,"The incident occurred on March 2, 2026, involving Harriet Tumusiime, 32, wife of Charles Mbabazi, and her children Joy Alinaitwe, four years, Philbert Akonyora, six months, and Travin Ahumuza, two years.",True,,land_row_dispute,0.34707398887574464,contract_management_failure,0.13410088419914246,land_row_dispute,0.5,content_preferred,2026-04
New Vision,https://www.newvision.co.ug/category/agriculture/kikuube-residents-want-lasting-solution-to-ab-NV_231379_042026,2026-04-07,Kikuube residents want lasting solution to abandoned gold site,A NEMA official carrying out an assessment of the abandoned gold exploration site. (Photo by Peter Abaanabasazi) Cypriano Nsabimana NEMA mid-western region inspector (right) sharing with Joseph Garuhanga who rented 10 acres of land to Mechanized AGRO (U) Limited. (Photo by Peter Abaanabasazi),True,,land_row_dispute,0.41754611577085216,land_row_dispute,0.16269367933273315,land_row_dispute,0.6450599487758963,agree,2026-04
New Vision,https://www.newvision.co.ug/category/business/museveni-approves-ugandas-wooden-crockery-NV_231622_042026,2026-04-11,Museveni approves Uganda's wooden crockery,"Museveni's posts via X read: ""Fellow Ugandans, especially the Bazzukulu, following a scientific assessment by our CBRN team, I have written to Matongo Wood Works Company confirming that traditional wooden food containers made from omunyama (mahogany) and omusisa (albizia) are safe and durable.",True,,land_row_dispute,0.3404541760736905,procurement_irregularity,0.037972986698150635,land_row_dispute,0.5,content_preferred,2026-04
New Vision,https://www.newvision.co.ug/category/business/museveni-approves-ugandas-wooden-crockery-NV_231622_042026,2026-04-11,Museveni approves Uganda's wooden crockery,"It is time to consciously revive and promote them as part of building a self-reliant and modern Ugandan economy."" Wooden Plates. (Courtesy) Currently, the Ministry of Gender, Labour and Social Development is implementing the Chemical Safety and Security Project (CHESASE) to manage Chemical, Biological, Radiological, and Nuclear (CBRN) risks in the industrial and health sectors.",True,,procurement_irregularity,0.2351425746664889,governance_oversight_failure,0.14813373982906342,procurement_irregularity,0.5,content_preferred,2026-04
New Vision,https://www.newvision.co.ug/category/business/museveni-approves-ugandas-wooden-crockery-NV_231622_042026,2026-04-11,Museveni approves Uganda's wooden crockery,"Last year, President Museveni hosted a delegation from Matongo Wood Works led by Ms Stella Teromu and her partner, Ms Elizabeth Karunga.",True,,land_row_dispute,0.45035686697187965,procurement_irregularity,0.10110323131084442,land_row_dispute,0.5,content_preferred,2026-04
New Vision,https://www.newvision.co.ug/category/business/museveni-approves-ugandas-wooden-crockery-NV_231622_042026,2026-04-11,Museveni approves Uganda's wooden crockery,"They were strong, durable and part of our identity,” he added while appreciating Matongo Wood Works for ‘modernising traditional craftsmanship without losing authenticity.’ Matongo Wood Works Company Limited's website states that the firm in Naalya, Kampala city suburbs, produces wooden and clay household items inspired by ancestral African designs adapted for modern living.",True,,delay_time_overrun,0.29186026006275284,land_row_dispute,0.0941077321767807,delay_time_overrun,0.5,content_preferred,2026-04
New Vision,https://www.newvision.co.ug/category/news/museveni-outlines-priorities-to-expand-uganda-NV_231600_042026,2026-04-11,Museveni outlines priorities to expand Uganda’s economy tenfold,"He further pointed to key infrastructure investments, including high-speed rail, the metre gauge railway, and energy systems to support industrialisation, as well as industrial parks and export processing zones.",True,,land_row_dispute,0.38935918023109783,delay_time_overrun,0.12279648333787918,land_row_dispute,0.5,content_preferred,2026-04
New Vision,https://www.newvision.co.ug/category/news/museveni-outlines-priorities-to-expand-uganda-NV_231600_042026,2026-04-11,Museveni outlines priorities to expand Uganda’s economy tenfold,"Other priority areas include investment in the creative industry, preparations for the African Cup of Nations (AFCON), and infrastructure development in the Greater Kampala Metropolitan Area.",True,,procurement_irregularity,0.2802132232355407,delay_time_overrun,0.20457299053668976,procurement_irregularity,0.5,content_preferred,2026-04
New Vision,https://www.newvision.co.ug/category/business/minister-musenero-rallies-women-entrepreneurs-NV_231543_042026,2026-04-10,Minister Musenero rallies women entrepreneurs to embrace technology,Monica Musenero has reiterated government deliberate steps to strengthen the innovation ecosystem and bridge gaps between policy and practi c e.,True,,land_row_dispute,0.4060947757581742,governance_oversight_failure,0.23401953279972076,land_row_dispute,0.5,content_preferred,2026-04
New Vision,https://www.newvision.co.ug/category/business/minister-musenero-rallies-women-entrepreneurs-NV_231543_042026,2026-04-10,Minister Musenero rallies women entrepreneurs to embrace technology,"She noted that the Women in Tech programme aligns with Uganda’s national priorities as it contributes directly to building a knowledge-based economy and advancing the country’s broader economic transformation agenda. “We have established dedicated structures, including an economic unit for Science, Technology and Innovation metrics, to bridge the gap between policy and knowledge.",True,,procurement_irregularity,0.17739244211466645,governance_oversight_failure,0.11897004395723343,procurement_irregularity,0.5,content_preferred,2026-04
New Vision,https://www.newvision.co.ug/category/business/imf-to-cut-global-growth-forecast-due-to-mide-NV_231530_042026,2026-04-10,IMF to cut global growth forecast due to Mideast war,"Georgieva said that -- even in the fund's ""most hopeful scenario"" -- spiraling energy costs, infrastructure damage, supply disruptions and a loss of market confidence meant growth would be less than expected.",True,,land_row_dispute,0.25039669207565574,delay_time_overrun,0.16166383028030396,land_row_dispute,0.5,content_preferred,2026-04
New Vision,https://www.newvision.co.ug/category/business/shilling-trades-firmer-on-thursday-NV_231520_042026,2026-04-09,Shilling trades firmer on Thursday,"In the near term, market analysts project that the shilling will continue trading within the 3660–3800 range.",True,,procurement_irregularity,0.19533095072075077,delay_time_overrun,0.13323286175727844,procurement_irregularity,0.5,content_preferred,2026-04
New Vision,https://www.newvision.co.ug/category/business/bou-to-secure-global-custodian-for-gold-reser-NV_231516_042026,2026-04-09,BOU to secure global custodian for gold reserves – governor,This comes after the central bank finalised deals with EuroGold Refinery Ltd and Feldstein Trading Limited to start buying gold locally. “These are the two gold refineries that have been licensed by BOU.,True,,land_row_dispute,0.16206752562981078,payment_financial_dispute,0.1519969403743744,land_row_dispute,0.5,content_preferred,2026-04
New Vision,https://www.newvision.co.ug/category/business/npa-partners-launch-ug-catalyst-summit-to-acc-NV_231480_042026,2026-04-09,"NPA, partners launch UG Catalyst Summit to accelerate enterprise-led growth under NDP IV","__________________ The National Planning Authority, in partnership with Innovation Village Hub, has officially launched the UG Catalyst Summit, a national execution platform designed to accelerate the delivery of Uganda’s growth agenda under the National Development Plan IV (NDP IV), with enterprise at the centre of implementation.",True,,delay_time_overrun,0.13416544646487136,governance_oversight_failure,0.21041901409626007,delay_time_overrun,0.5,content_preferred,2026-04
New Vision,https://www.newvision.co.ug/category/business/afro-arab-youth-council-inks-partnerships-to-NV_231469_042026,2026-04-09,Afro-Arab Youth Council inks partnerships to boost youth empowerment,"At the same venue, the National Youth Council also signed its MOU with AAYC, with NYC chairperson Jacob Eyeru welcoming the partnership while stressing the need for implementation. “This partnership should not remain on paper.",True,,procurement_irregularity,0.18749328623319347,land_row_dispute,0.17983895540237427,procurement_irregularity,0.5,content_preferred,2026-04
New Vision,https://www.newvision.co.ug/category/business/afro-arab-youth-council-inks-partnerships-to-NV_231469_042026,2026-04-09,Afro-Arab Youth Council inks partnerships to boost youth empowerment,"In a separate ceremony at UNAFRI headquarters in Naguru, AAYC signed another MOU focused on cooperation in crime prevention, research, and youth rehabilitation.",True,,land_row_dispute,0.16206752562981078,land_row_dispute,0.1465541124343872,land_row_dispute,0.5771554095160495,agree,2026-04
