source,url,title,publication_date,text
The Observer,https://observer.ug/news/police-recover-gun-used-in-soroti-mobile-money-agent-murder/,Police recover gun used in Soroti mobile money agent murder,2026-04-12,"The Observer East Kyoga regional police have recovered an AK-47 rifle believed to have been used in the murder of Patricia Kokunda, a mobile money agent who was killed in Soroti last week. Kokunda was shot dead on April 3, 2026, at approximately 4:40 a.m. while boarding a commuter taxi at Teso Coach Park along Station road in Soroti city. She was travelling to Ocorimogin cattle market in Katakwi district, where she operated a weekly mobile money business. According to police, armed assailants attacked her at the park, robbing her of cash before fatally shooting her. In a statement, police confirmed the arrest of five suspects in connection with the crime: Alex Okello, Felix Onego, Simon Epeu, also known as Iboda, Elacu Alfred, believed to be the gunman, and another suspect who was found in possession of the recovered firearm in Karamoja. Authorities have withheld the identity of the latter as investigations continue. Security operations that followed the killing led to the arrest of Epeu in Anyara, where officers recovered Shs 7 million suspected to be part of the stolen money. Kokunda’s smartphone was later discovered abandoned in a bush in Kichinjani Ward, Soroti City. East Kyoga regional police commander Ibrahim Saiga confirmed the recovery of the weapon, noting that investigations are ongoing to establish how it came into the suspects’ possession. “We have recovered the suspected murder weapon and are continuing with inquiries into its origin,” Saiga said. He added that all five suspects remain in custody and are providing information critical to the investigation. “We have intensified operations in this case and will ensure that everyone involved in the aggravated robbery and murder is brought to justice,” he said. Footage of the shooting of the mobile money agent in Soroti City. pic.twitter.com/VanqvJlYmq Your email address will not be published. Required fields are marked * Comment * Name * Email * Website Save my name, email, and website in this browser for the next time I comment. Δ Sign up and get daily updates right to your inbox. Link Copy link"
The Observer,https://observer.ug/news/police-bans-bobi-wine-slogans-from-kabakas-birthday-run/,Police bans ‘Bobi Wine’ slogans from Kabaka’s Birthday Run,2026-04-12,"The Observer Security agencies have banned political messages on kits for this year’s Kabaka’s Birthday Run in Kampala, which marks the Kabaka’s 71st birthday today, Sunday. At a joint security briefing at Buganda Kingdom headquarters in Bulange, Mengo, Capt Christopher Lutwaama, head of security for the kingdom, said tight measures had been put in place to deter potential threats. Lutwaama said covert operatives will be deployed to run alongside participants across all categories to detect any suspicious activity, in addition to security personnel stationed along all routes. He warned that runners wearing kits with political messages, party symbols or slogans will be denied entry. “The password is the 2026 Kabaka Birthday Run kit. Don’t write anything on it. Wear it as you bought it – no names, no political party symbols. You will be turned away if you do. Also, no knives, sharp objects or anything that raises security concerns,” Lutwaama said. The directive follows incidents during the 2025 run where some participants were seen singing opposition National Unity Platform (NUP) songs, drawing criticism that the event was being politicised, despite its health-focused objectives. Kampala Metropolitan deputy police spokesperson Luke Owoyesigyire said security will be jointly deployed on all roads leading to Lubiri, the main venue, and along the running routes. He added that only participants wearing new, unaltered kits will be allowed access. “Our counter-terrorism and UPDF teams, both uniformed and plain-clothes, will ensure participant safety. Security will strictly follow the guidelines, and participants are urged to comply for a smooth run,” Owoyesigyire said. Kampala Metropolitan traffic police commander ASP Godwin Arinaitwe announced traffic diversions to facilitate the event. Traffic from Ndeeba junction will be redirected from Ring Road to Zing Zing road for vehicles heading towards Masaka Road. Motorists from Clock Tower, except those with authorised stickers, will be diverted at the Mengo Ring Road junction onto Zing Zing Road. Another diversion will be effected at Nabunya crossroads, redirecting traffic via Kabusu–Memorial Road to Rubaga Road. No vehicles or participants will be allowed to access Nabunya crossroads towards Kabakanjagala roundabout, while the stretch at the Lubiri main gate will be reserved strictly for runners. Arinaitwe cautioned motorists against roadside parking, warning that vehicles will be towed to the nearest police station. Designated parking areas will include Nnabagereka Primary School, Lubiri parking for invited guests, and Lubiri Secondary School. Buganda Kingdom spokesperson Israel Kazibwe Kitooke urged participants to avoid violence and hooliganism to ensure a peaceful event. The 13th Kabaka’s Birthday Run will take place at Lubiri, Mengo, under the theme “Men’s role in promoting good health to save the girl child and end HIV by 2030,” with an estimated 120,000 participants expected. 1 Comment One cannot see anything wrong with the name of ‘Bobi Wine’ being used after a successful national election that has been won by the so called long serving popular NRM political party. Actually the password should be: “Kabaka birthday run with a successful NRM government. Work hard to retain the gains.” The efforts of the Mengo establishment to try and raise money and improve on the dilapidated health care and the hospitals in this poor African country is the real clear political message that after 45 years of the governance of NRM, health care standards have gone downward? Despite such efforts to raise funds from the public to improve the conditions of these hospitals the government of Uganda is spending trillion of shillings to stay put in state power. It will therefore not help in anyway economically for this fund raising run to go ahead when the money collected will not reach the urgent medical treatment of the patients that badly need such economic assistance! It is high time the Mengo establishment confessed that it has run out of money to administer effectively a modern administration of the Kingdom state of Buganda. Your email address will not be published. Required fields are marked * Comment * Name * Email * Website Save my name, email, and website in this browser for the next time I comment. Δ Sign up and get daily updates right to your inbox. Link Copy link"
The Observer,https://observer.ug/news/court-jails-ex-minister-nandutu-for-four-years-over-iron-sheets-theft/,Court jails ex-minister Nandutu for four years over iron sheets theft,2026-04-12,"The Observer The Anti-Corruption court has sentenced Agnes Nandutu, former state minister for Karamoja Affairs and outgoing Bududa Woman MP, to four years in prison. The sentence, delivered by justice Jane Okuo Kajuga, marks a significant development in government efforts to crack down on the diversion of relief materials meant for vulnerable communities in the Karamoja sub-region. In addition to the custodial sentence, the court barred Nandutu from holding public office for 10 years, effectively halting her political career. In her ruling, Justice Kajuga emphasised that Nandutu held positions of “impeccable trust” in both the executive and the legislature, and that her actions amounted to a betrayal of that trust. The case centred on 2,000 iron sheets, part of a larger consignment intended to support reformed Karachuna and elderly persons in Karamoja. The court noted that out of 10,000 iron sheets under the programme, only 1,000 reached the intended beneficiaries. “These are offices held in trust for the good of the people and the country,” Kajuga said. “The project was aimed at supporting disarmament and restoring peace.” The court applied the Constitution (Sentencing Guidelines) Practice Directions of 2013, weighing aggravating and mitigating factors. Among the aggravating factors, the court found that Nandutu used her position for personal gain and that the offence involved essential goods meant for a vulnerable community. It also held that, as a minister, she had a duty of the highest order to ensure proper implementation of public policy. Kajuga ruled that these factors outweighed the mitigation presented by the defence, which had urged leniency on grounds that Nandutu is a first-time offender, a single mother of seven and the sole breadwinner for her ailing 80-year-old mother. The court also considered her public apology to the President, the people of Karamoja and the country, as well as her return of the iron sheets and payment for those that were missing. However, while acknowledging her health condition and family responsibilities, the judge noted that the defence had not provided updated medical evidence to prove she was unfit for imprisonment. Kajuga also declined to impose a fine in lieu of a custodial sentence. Under Section 21(1) of the Anti-Corruption Act, the maximum fine is 160 currency points, equivalent to Shs 3.2 million. She described the amount as “paltry” and “inadequate” for an offence of such magnitude. “The sentence must be proportionate to the crime committed. A fine of Shs 3.2 million is too low and does not reflect the seriousness of the offence,” Kajuga said, adding that the legislature may need to review the prescribed penalties. Your email address will not be published. Required fields are marked * Comment * Name * Email * Website Save my name, email, and website in this browser for the next time I comment. Δ Sign up and get daily updates right to your inbox. Link Copy link"
The Observer,https://observer.ug/news/food-prices-rise-in-nebbi-after-vendor-evictions/,Food prices rise in Nebbi after vendor evictions,2026-04-10,"The Observer Food prices in Nebbi town have risen following the eviction of street vendors by municipal authorities. The vendors had been operating in kiosks and makeshift structures within the town. The move has left many vendors struggling to make ends meet, while consumers, particularly low-income earners, say they are feeling the impact as affordable food options disappear. Some vendors have reportedly turned to farming after being pushed out of town following the enforcement of the trade order. Residents say the eviction has affected food accessibility and affordability, forcing many to move longer distances in search of cheaper meals. Jeremy Akenda, a resident of Nebbi town, said accessing affordable food has become difficult since the eviction. “The established places where we used to eat local food at Shs 3,000 have raised the price to Shs 5,000, and it is likely to go higher because the local eating joints are no longer in town,” Akenda said. Alice Giramiah, a food vendor along Arua Road in Nebbi municipality, said the eviction of kiosks in the town business centre has affected her business, noting that most of her customers were kiosk operators. She added that despite rising prices elsewhere, she has not increased her charges due to reduced customer turnout. “Before the eviction, I used to sell 5kg of meat daily, but after the eviction, I hardly sell 2kg because most of my customers are no longer available. Paying rent may become a problem in the coming months if things do not change,” Giramiah said. She noted that the impact of the evictions has been widespread, with some vendors reporting losses while others are still struggling to adapt to new trading spaces. Another vendor, Evelyn Acen, said prices have increased significantly since the eviction. She explained that before the enforcement, a plate of meat or fish cost Shs 5,000 while beans or greens went for Shs 2,000. These have since risen to Shs 7,000 and Shs 3,000 respectively. Although authorities say the eviction is part of efforts to restore order and improve sanitation, vendors argue they play a vital role in providing affordable meals and are appealing for alternative spaces to operate. The eviction of kiosks and makeshift structures in the central business district is intended to pave way for infrastructure development, including the installation of streetlights, walkways and drainage systems along the 33-kilometre Alwi–Nebbi town road currently under construction by China Railway 18 Bureau Group. Your email address will not be published. Required fields are marked * Comment * Name * Email * Website Save my name, email, and website in this browser for the next time I comment. Δ Sign up and get daily updates right to your inbox. Link Copy link"
The Observer,https://observer.ug/news/nandutu-apologises-to-museveni-over-iron-sheets-theft-pleads-for-non-custodial-sentence/,"Nandutu apologises to Museveni over iron sheet theft, pleads for non-custodial sentence",2026-04-10,"The Observer Former state minister for Karamoja Affairs Agnes Nandutu has pleaded with the Anti-Corruption court for a non-custodial sentence, citing failing health and her responsibilities as a single mother. The court had scheduled to deliver its final verdict at 3:00 pm today following her conviction for diversion of iron sheets intended for vulnerable communities in Karamoja. The prosecution team of state attorneys pushed for a deterrent sentence, arguing that Nandutu’s actions constituted a clear abuse of office and breach of public trust. Senior state attorney Innocent Aleto asked the court to impose a custodial sentence of five years’ imprisonment, disqualification from holding public office for 10 years, and a fine of Shs 3.2 million, equivalent to the maximum 160 currency points prescribed in law. The state argued that although Nandutu is a first-time offender, the “premeditated and sophisticated” nature of the offence — including moving the iron sheets to a private farm for nine months — negated any claim of mistake. “This was not an impulsive act, but a carefully orchestrated course of conduct designed to evade scrutiny,” the prosecution submitted. Taking the stand before the afternoon recess, an emotional Nandutu apologised to the President, the people of Karamoja and the country. “I am apologetic. Whatever happened, I’m sorry. I was misled,” Nandutu told court. “I willingly returned the iron sheets after finding out they were intended for Karamoja, and I paid for those that were missing in cash.” Nandutu’s defence centred on her personal and medical challenges. She told court she suffers from blood clots in her lungs, a condition she said causes her to collapse unexpectedly. She also described herself as the sole breadwinner for her seven children and an 80-year-old mother battling cancer. “I am the only child remaining now. My father died during the stress of this case,” she said, asking the court for a non-custodial sentence to enable her continue supporting her family. While the prosecution sought a restitution order, the defence argued that Nandutu had already compensated government for any deficit. Counsel submitted that even the iron sheets allegedly lost in transit while under police custody were paid for by the convict, as reflected in defence exhibits. They argued that since government had been made whole through recoveries and compensation, a prison sentence would be unnecessarily punitive. Justice Jane Okuo Kajuga said she would deliver her ruling after analysing submissions from the prosecution, defence and the convict. 2 Comments In order to save the faces of the big shots: VP Alupo; the Prime Minister, Robina Nabanja; Min State Finance, Lugolobi and Minister of Finance, Hon Matiya (Mateo) Byabasaija; etc., who were equally found pants down with the Kajong Iron shits in their compound, they had to throw a few Iron shits in the direction of naïve and unsuspecting Nandutu and nail her. In other words, now Dishonourable Nandutu was literally sacrificed on the Alter of Corruption (a perfect scapegoat). And her apology to our PROBLEM OF AFRICA is inconsequential her future has been irreversibly ruined. In any case, in the African PR, a child who likes sitting near elders is blamed for any elder’s loose fart stench and rudely chase away from the vicinity. Else Nandutu deserve it because, she was also full of kajanjja especially after gaining her notoriety from acting out as the NTV Speaker of the People’s Parliament. Who knows, if her fall from grace was not set up by the undoing from the intolerant and rabid current Speaker of Parliament; who e.g. tried to deface and humiliate Hon Norbert Mao at the Opening Session of the ongoing NRM Retreat in Kyankwanzi? Otherwise, wasn’t Hon Anita Among and others above, equally culpable over the Karamoja Iron shit? And like a Super Star, a too soon as a first timer MP, who was immediately appointed Minister of State for Karamoja; how can’t we also rule out Nuggu for her becoming an undeserving social climber? Well, Nandutu presented the exhibit to law -enforcement by returning the iron sheets. Let her serve her sentence since she was the custodian of the poor karamojongs’ iron sheets. Your email address will not be published. Required fields are marked * Comment * Name * Email * Website Save my name, email, and website in this browser for the next time I comment. Δ Sign up and get daily updates right to your inbox. Link Copy link"
The Observer,https://observer.ug/news/court-denies-mufumbiro-temporary-bail-to-attend-wifes-burial/,Court denies Mufumbiro temporary bail to attend wife’s burial,2026-04-10,"The Observer Kawempe Chief Magistrate’s court has declined to grant temporary bail to opposition National Unity Platform (NUP) deputy spokesperson Alex Waiswa Mufumbiro to attend the burial of his wife, Edith Katende Mufumbiro. Mufumbiro, who is currently on remand, faces charges of allegedly inciting NUP youth to attack security personnel and participating in unlawful military-style drills, offences the prosecution says threaten public order and national security. His wife passed away on Wednesday after a long battle with breast cancer. Through his legal team, Mufumbiro had petitioned the court for a brief release to enable him to attend her burial scheduled for Saturday in Luuka district. However, in a ruling delivered Friday via a virtual court session, Chief Magistrate Doreen Ainembabazi dismissed the application, citing public interest concerns and the gravity of the charges, according to his lawyer Kato Tumusiime. The court also found his sureties insufficient. These included Mufumbiro’s father, Moses Baligeya, a retired magistrate, and Nakawa East MP and Kampala lord mayor-elect Ronald Balimwezo Nsubuga. In her ruling, Ainembabazi emphasised that the offences carry a maximum sentence of up to 10 years’ imprisonment upon conviction. She further noted that the seriousness of the charges increased the likelihood of the accused absconding if temporarily released. Tension flared shortly after the ruling when defence lawyers staged a walkout in protest. The lawyers declined to participate in subsequent proceedings before grade one magistrate Damalie Agumaasiimwe, who was scheduled to deliver a separate bail ruling involving 14 other NUP supporters facing similar charges. According to Tumusiime, the protest was triggered by authorities’ failure to produce the accused physically in court, raising concerns about their right to a fair hearing and adequate legal representation. NUP’s deputy spokes person Alex Waiswa Mufumbiro will not burry his late wife Wife Edith Katende Mufumbiro after court denied him bail this afternoon @observerug pic.twitter.com/aD5TI8q4ES 2 Comments Any of you who doubted that Uganda is under the yoke of heartless Zombies , here is to you ! Ainembabazi ( the kind one ) Agumasiimwe ( May He be always be praised) must be having the time of their blessed lives .They have the POWER and are going to use it as they chose . First , they said that Edith was not sick; that she was playing Katemba (NUP stunts) , these night-dancers from outer space ruled that Edith`s Cancer papers were forgeries made at Nassar Road. Were they….?! Edith had cancer , it killed her and she is surely in her coffin . Still, they say they are not sure its Edith who died or she may not even be Waiswa`s wife !!!!!! Zombie power on display . The other day , a man was arrested and charged for an offence of imagining that the First Lady had left us . What a crime ! Isn`t it unthinkable that some people will ever die ” Abafu baziike bannabwe..! Those of us who die will be there when Edith will be placed in her grave while her husband is denied the one and last chance to touch her lifeless body. We sing ” Its well with my soul ” and then ask WHERE THE HELL ARE YOU GOD ??? This reflect the STATE OF UGANDA as a nation. We are at a point of no return. A day will come when you will see true color of Ugandans who have nothing to lose. Right now Ugandans are enduring their pains indoors, wait when it pours out on the streets. It will be unstoppable! All these memories will light up the lid of injustice and oppression. Your email address will not be published. Required fields are marked * Comment * Name * Email * Website Save my name, email, and website in this browser for the next time I comment. Δ Sign up and get daily updates right to your inbox. Link Copy link"
The Observer,https://observer.ug/news/rutete-health-centre-on-spot-over-death-of-woman-unborn-baby/,"Rutete health centre on spot over death of woman, unborn baby",2026-04-10,"The Observer The family of 38-year-old Diana Kogere is demanding an independent investigation to establish the exact cause of her death and that of her unborn baby. Kogere, a resident of Kiko Town Council in Kabarole district, western Uganda, died on March 28 at Rutete health centre IV. Her family alleges medical negligence. According to Kogere’s mother, Topista Katusabe, Kogere was taken to the health centre at around 8:00 am after labour pains began. She was admitted and examined by a midwife, who reportedly found her three centimetres dilated, with both mother and baby in stable condition. Katusabe said they were advised to let her walk around and take warm water to support the progression of labour. At about 11:00 am, Kogere was re-examined and the family was again told that labour was progressing normally. However, by 4:00 pm, she remained in labour without significant progress. At around 6:00 pm, Kogere reportedly became extremely weak and requested to be reviewed by a doctor or referred to a higher facility. Judith Kinkuhire, who had accompanied her, said a midwife contacted a doctor identified as Dr Sam at around 7:59 pm. According to Kinkuhire, the doctor indicated he was in Fort Portal town, about 15 minutes away, and would arrive shortly. However, he reportedly arrived nearly three hours later, at about 10:45 pm, and ordered that Kogere be taken to theatre. About 20 minutes after she was wheeled in, the doctor returned and informed the family that she had died during the procedure. The baby also did not survive. The family says they were not given a clear explanation of the complications that necessitated surgery or the exact cause of death. Kinkuhire further alleges that the doctor appeared intoxicated when communicating the death and declined to issue a death certificate, saying the case would only be recorded in hospital records. Kogere’s sister, Janet Kangume, said district authorities later convened a harmonisation meeting involving health officials, the facility in charge, the doctor in question and family members. She said officials presented a report describing Kogere as a high-risk mother and alleging that she had previously sought services from a traditional birth attendant — claims the family strongly rejects. The meeting ended without consensus after the family disputed the findings. Katusabe is now calling for an independent investigation, warning that the family will pursue legal action if justice is not served. Kabarole district chairperson Richard Rwabuhinga said the district health department had conducted an audit and submitted its findings to the ministry of Health, which will issue a comprehensive report after review. Kogere is survived by five children, the eldest currently in Senior Two. Globally, an estimated 260,000 women die each year from pregnancy-related causes, according to the World Health Organisation, underscoring persistent gaps in maternal healthcare. Your email address will not be published. Required fields are marked * Comment * Name * Email * Website Save my name, email, and website in this browser for the next time I comment. Δ Sign up and get daily updates right to your inbox. Link Copy link"
The Observer,https://observer.ug/news/court-faults-customer-clears-absa-in-shs-8m-fraud-case/,"Court faults customer, clears Absa bank in Shs 8m fraud case",2026-04-10,"The Observer The High court has absolved Barclays Bank Uganda, now Absa Bank Uganda, of liability for the loss of Shs 8.5 million withdrawn from a customer’s account without her authorisation, faulting the account holder for negligence. The ruling followed an appeal filed by the bank against an earlier decision by a grade one magistrate, which had held it liable and ordered a refund. However, justice Stephen Mubiru overturned the decision, finding that the customer, Eron Kabachwamba, acted negligently and exposed her card to fraud. The judge ruled that Kabachwamba failed in her duty to safeguard her Visa card and personal identification number (PIN), as required under the terms of her banking agreement. He held that the trial magistrate improperly evaluated the evidence and wrongly attributed liability to the bank. Court records show that on January 19, 2013, Kabachwamba deposited Shs 385,000 and Shs 655,000 into her account. She was later alerted to a withdrawal of Shs 8,538,356 that had been made a day earlier, on January 18, in Nairobi, Kenya, although it had not yet reflected on her account at the time. Kabachwamba immediately reported the transaction to the bank, stating that she had not authorised it. Despite her complaint, the money was debited from her account on January 22, 2013. Following internal investigations, the bank declined to refund the money, concluding that Kabachwamba had compromised the security of her card during an earlier transaction at Emin Pasha Hotel in Kampala, enabling fraudsters to access and later use her card details in Nairobi. The bank also said the suspicious transactions in Nairobi had been flagged by its electronic monitoring system. However, attempts to reach Kabachwamba using the contact details on file were unsuccessful because her phone was switched off. Investigations further showed that on December 28, 2012, Kabachwamba used her debit card at a point-of-sale machine at Emin Pasha Hotel. During the transaction, she handed her card to a hotel attendant who cited a technical problem and briefly kept it out of her sight. Justice Mubiru found it most likely that the card was cloned during that incident. He noted that Kabachwamba retained physical possession of the original card throughout, ruling out theft and pointing to card skimming as the cause of the fraud. The judge also found her explanation inconsistent and evasive, particularly regarding whether she allowed unsupervised access to her card, which he said suggested awareness of her own negligence. He further held that the bank’s fraud detection system functioned as expected by flagging the unusual transactions, and that claims the bank failed to provide a secure system were not supported by evidence. Justice Mubiru set aside the earlier judgment, absolved the bank of liability, and ordered Kabachwamba to pay the costs of the case. 1 Comment This may scare people away from using their cards for easy payment at pos. are we really ready to embrace technology or it will push us back to the analogue days since the risk is lighter Your email address will not be published. Required fields are marked * Comment * Name * Email * Website Save my name, email, and website in this browser for the next time I comment. Δ Sign up and get daily updates right to your inbox. Link Copy link"
The Observer,https://observer.ug/news/police-dismantle-suspected-robbery-gang-in-makindye/,Police dismantle suspected robbery gang in Makindye,2026-04-10,"The Observer The Crime Intelligence Directorate has dismantled a gang of suspected panga-wielding thugs believed to be behind a string of robberies in Makindye Division, Kampala. Kampala Metropolitan deputy police spokesperson Luke Owoyesigyire said three suspects including Olwo alias Tom, Latif Bogere alias Musoga and Ivan Turyahirwa alias Musiramu have recorded statements at Katwe police as investigations continue. The arrests followed an intelligence-led operation in which officers tracked the group’s suspected ringleader, Olwo, for several days. He was eventually apprehended on Mubaraka Road in Makindye while riding a motorcycle, registration number UMA 979 HA. Police said Olwo initially withheld information about his accomplices during interrogation, but later cooperated after investigators confronted him with CCTV footage linking him to a failed street robbery in Kampala. According to investigators, the group targeted motorists by trailing them from banks and mobile money outlets before striking in traffic or ambushing boda boda riders and their passengers in isolated areas. Their operations were concentrated in Makindye, Kizungu (Salaama), Bunga and Katwe. Acting on intelligence obtained from Olwo, police conducted follow-up operations on Wednesday night in Kapeeke Zone and Kibuye, leading to the arrest of nine additional suspects. Owoyesigyire said the suspects have confessed to several robberies, including the theft of Shs 350,000 from a motor vehicle in Kizungu and multiple attacks along Salaama road. Investigations indicate the group had been operating for some time, primarily targeting cash and electronic devices, and using motorcycles — some suspected to be stolen — to facilitate quick escape. The arrests come amid heightened concern over violent robberies in Kampala, including a recent daytime attack in which armed assailants riding about 10 motorcycles ambushed a Centenary bank client near Nkrumah road. The attackers, wielding machetes, seized one of two bags believed to contain large sums of cash before fleeing. Police data shows that Katwe Division, which covers Makindye, remains among the areas most affected by robbery. The 2025 police crime report ranks Kawempe Division highest with 289 cases, followed by Katwe (222), Jinja road (212), Kira (188) and Kabalagala (183). Nationally, Uganda recorded 7,863 robbery cases in 2025, representing a 3.7 per cent decline from 8,163 cases reported in 2024. The figures had risen steadily from 6,854 cases in 2022 to 7,768 in 2023, peaking in 2024 before the slight drop in 2025. Your email address will not be published. Required fields are marked * Comment * Name * Email * Website Save my name, email, and website in this browser for the next time I comment. Δ Sign up and get daily updates right to your inbox. Link Copy link"
The Observer,https://observer.ug/news/mubende-goats-introduced-in-zombo/,Mubende goats introduced in Zombo,2026-04-09,"The Observer Fifteen farmers’ groups in Zombo district have received improved male Mubende goats to support crossbreeding and enhance livestock productivity. The goats were delivered by officials from the National Agricultural Research Organisation (NARO), who also supplied Super Napier grass cuttings and Mulato II (Brachiaria spp.) for establishment at a demonstration garden in Uwope Cell, Abira East Ward, Zombo town council. The team was led by John Etin, a research officer in charge of planning. Under the initiative, NARO trained the initial 15 beneficiaries under the Zombo Town Council Goat Farmers’ Group to pilot the project. Etin said similar interventions are being implemented in Nebbi, Pakwach, Madi-Okollo and Yumbe districts. He added that NARO plans to conduct demonstrations and adaptive trials across all parishes in West Nile. He explained that the Mubende goat genotype is being promoted due to its adaptability and desirable production traits. “NARO is promoting the Mubende goat breed because it is scientifically proven to be adaptable to conditions in West Nile and has unique traits compared to other goat genotypes. This is an opportunity for a community breeding programme where NARO builds the capacity of farmers who will receive this support,” Etin said. Dr Jimmy Pithua, a Zombo district official supervising the beneficiaries’ scheme, said the district will monitor the animals and provide technical guidance to ensure successful multiplication of the breed. “As a matter of fact, we received the bucks that were pledged in December 2025. I appeal to the farmers who received them to unite,” Pithua said. Farmers in Zombo district have traditionally reared local goat breeds using indigenous knowledge, often earning low returns. Officials say the intervention is expected to improve productivity, promote commercial goat farming and increase incomes from small landholdings. Denis Onega, a farmer from Ubimo Cell in Abira West Ward, Zombo town council, urged government to increase the number of Mubende bucks so that more farmers can benefit. The appeal was echoed by Michael Cwothembo, a resident of Awanya Cell in the same ward. Zombo district production officer Dr Walter Kumakech and agricultural officer Patrick Aneniu encouraged neighbouring farmers to take advantage of the improved breed to upgrade local goats through crossbreeding. Your email address will not be published. Required fields are marked * Comment * Name * Email * Website Save my name, email, and website in this browser for the next time I comment. Δ Sign up and get daily updates right to your inbox. Link Copy link"
The Observer,https://observer.ug/business/africa-pushes-for-new-global-financial-order-as-aid-models-face-scrutiny/,Africa pushes for new global financial order as aid models face scrutiny,2026-04-10,"The Observer African policymakers, scholars, and development experts are intensifying calls for sweeping reforms to the global financial system and international aid architecture, arguing that current models are outdated, inequitable, and increasingly misaligned with the continent’s development ambitions. The discussions, reflected in key 2026 policy forums and academic panels, highlight growing dissatisfaction with institutions established under the 1944 Bretton Woods framework. Originally designed by industrialised powers, these institutions—including the International Monetary Fund (IMF) and the World Bank are now being criticised for failing to adequately serve the interests of emerging economies, particularly in Africa. Despite holding vast natural resources critical to the global energy transition and maintaining one of the fastest-growing populations in the world, African countries continue to face disproportionately high borrowing costs and limited influence in global financial decision-making. Analysts argue that this imbalance has left governments across the continent grappling with difficult choices between servicing external debt and funding essential public services such as healthcare and infrastructure. The debate has gained urgency amid shifting geopolitical dynamics and what experts describe as a gradual erosion of the post-World War II rules-based order. Increasingly, global powers are seen to be adopting transactional approaches to international engagement, a trend that is reshaping both financial cooperation and peacebuilding efforts across Africa. Nowhere is this tension more evident than in the Democratic Republic of Congo, where a fragile, dual-track peace process has raised complex questions about sovereignty and external influence. Agreements brokered under significant military and political pressure have tied security arrangements to access to mineral resources, sparking concerns about long-term national autonomy and the sustainability of such deals. Observers warn that while these arrangements may provide short-term stability, they risk entrenching dependency and undermining domestic legitimacy if not carefully managed. The situation has become emblematic of broader challenges facing African states navigating a global system where traditional safeguards are weakening. At the same time, the international aid landscape is undergoing its own transformation. Significant funding cuts and the abrupt termination of major development programmes in 2025 have exposed vulnerabilities in sectors such as health and education, prompting renewed calls to rethink the model of official development assistance. Experts are increasingly advocating for a shift from donor-recipient dynamics toward partnership-based frameworks that emphasise shared value, local ownership, and sustainability. This includes leveraging both public and private financing, as well as strengthening collaboration between international institutions and domestic actors. Another critical dimension of the ongoing discourse is the role of youth in shaping Africa’s policy future. With more than 60 per cent of the continent’s population under the age of 25, there is growing pressure to bridge the gap between youthful demographics and traditionally older political leadership structures. Policy forums are now exploring mechanisms to enhance youth participation beyond symbolic engagement, including institutional reforms, leadership training, and the use of digital platforms to amplify young voices in governance processes. As these conversations gain momentum, a central theme is emerging: Africa is no longer content to operate within systems designed without its full participation. Instead, leaders and thinkers are increasingly pushing for a reimagined global order—one that reflects current realities, prioritises fairness, and enables the continent to fully harness its economic and demographic potential. The outcome of these debates could have far-reaching implications, not only for Africa’s development trajectory but also for the future of global cooperation in an era marked by uncertainty and transformation. atiluknathan@gmail.com Your email address will not be published. Required fields are marked * Comment * Name * Email * Website Save my name, email, and website in this browser for the next time I comment. Δ Sign up and get daily updates right to your inbox. Link Copy link"
The Observer,https://observer.ug/business/euro-gold-to-refine-gold-for-bank-of-uganda/,Euro Gold to refine gold for Bank of Uganda,2026-04-09,"The Observer The Bank of Uganda (BoU) has signed a contract with Euro Gold Refinery to commence supply of refined gold under the Domestic Gold Purchase Programme, a move aimed at strengthening the country’s reserves and promoting value addition. The development follows the central bank’s decision to directly purchase gold for treasury purposes as part of efforts to diversify reserve assets and reduce reliance on foreign currencies. According to Benard Feni, director of Euro Gold Refinery, the contract was awarded following a competitive bidding process open to eligible refineries. “The central bank made an open call for bids, and Euro Gold has won the contract. We were competing with different international companies and emerged as the best bidders. We have already signed and received confirmation,” Feni said. BoU launched the Domestic Gold Purchase Programme targeting the acquisition of between seven and 10 tonnes of locally mined gold annually. The initiative is intended to strengthen foreign exchange reserves, curb gold smuggling and support artisanal and small-scale miners. As part of the rollout, the central bank plans to purchase at least 100 kilogrammes of gold between March and June 2026, valued at about $160 million (Shs 592 billion). “If all goes as planned, we should be able to purchase at least 100 kilogrammes of gold between March and June 2026,” said Adam Mugume, BoU executive director for research and economic analysis. Feni described the contract as a major milestone for the refinery and a boost for local participation in the gold value chain. “We are very happy. This is a big milestone for us as a local company to be selected to refine gold for the central bank. It demonstrates that Ugandans can compete and deliver at both national and international levels,” he said. He added that the refinery aims to position Uganda as a regional gold hub. “By 2030, we want Uganda to be known as a gold hub, not just exporting raw materials, but producing high-quality, 24-karat bullion for the global market,” Feni said. Uganda exported gold worth $5.8 billion (Shs 21.1 trillion) last year, although the sector remains largely dominated by artisanal and small-scale miners. To strengthen the value chain, Euro Gold Refinery has partnered with local mining communities. Feni said the company has signed a memorandum of understanding with Mubende miners, benefiting more than 3,000 artisanal miners by enabling them to upgrade gold to internationally acceptable standards. The refinery has also supported Kakoka artisanal miners in Abim to obtain a mining licence and signed agreements to supply gold. The company recently secured a mining licence in Yumbe district and is expanding to other mining areas, including Kaabong. Feni said the refinery’s operations have created employment opportunities, with more than 70 per cent of its workforce comprising Ugandans trained to meet international standards. “We are helping miners move from raw gold to refined products so they can fetch better prices on the international market,” he said. Under the arrangement with the central bank, gold will be sourced from artisanal miners, small-scale miners and licensed dealers across the country. “We shall receive, process, refine and certify the gold in line with international standards. This contract is a sign of trust in our ability to deliver quality,” Feni said. Euro Gold Refinery (U) SMC Ltd, Uganda’s first fully locally owned gold refinery, was launched in Kampala in July 2025 by the minister of Energy and Mineral Development, Ruth Nankabirwa. Your email address will not be published. Required fields are marked * Comment * Name * Email * Website Save my name, email, and website in this browser for the next time I comment. Δ Sign up and get daily updates right to your inbox. Link Copy link"
The Observer,https://observer.ug/business/michigan-fellows-phos-creatives-partner-on-african-solutions-to-global-challenges/,"Michigan Fellows, Phos Creatives partner on African solutions to global challenges",2026-04-08,"The Observer Michigan Fellows Africa Initiative (MFAI) and Phos Creatives have entered a formal partnership aimed at advancing African-led solutions to complex local and global challenges through leadership, inclusion, innovation and strategic storytelling. MFAI is a cross-border non-governmental organisation operating in Kenya, Uganda, Tanzania, South Africa and Zimbabwe, with a focus on agricultural development, education, youth and women empowerment, leadership and civic engagement. Phos Creatives, on the other hand, is a Uganda-rooted creative strategy firm founded by Rhoda Musiima. The firm supports organisations and founders in translating ambition into aligned and compelling identities through brand strategy, training, storytelling, design and advisory communication support. Phos Creatives has worked with more than 30 brands across Uganda, Kenya, Zimbabwe, the Democratic Republic of Congo and the United States. According to a joint press statement, the partnership brings together MFAI’s work in leadership development, civic engagement, agribusiness, gender equity, social inclusion and global exchange with Phos Creatives’ strengths in brand strategy, communications and creative direction. “We know Africa’s most meaningful solutions will come from Africans who understand the realities, the opportunities and the urgency of this moment. Our partnership with Michigan Fellows Africa Initiative allows us to combine creative strategy, storytelling and visibility with transformative programming that is already changing lives,” Musiima said. The collaboration is expected to elevate African leadership, expand opportunities for marginalised communities engaged in agriculture, and strengthen the visibility and impact of Africa-driven solutions. The partnership is already taking shape through active and recently concluded initiatives. Among them is the Gender and Development in Contemporary Societies (GRO-GEST) programme, a hybrid seminar aimed at strengthening youth leaders’ capacity in gender and development work, implemented in collaboration with the University of Iceland’s GRO-GEST programme and Makerere University Directorate of Gender Mainstreaming. The collaboration is also reflected in the ongoing New Africa Fund Mushroom Challenge being advanced by MFAI chapters in Kenya and Zimbabwe in partnership with Detroit-based Mushroom Angel LLC. The initiative is mobilising resources to support mushroom farmers through value addition, processing and export opportunities, with matching support under the New Africa Fund. Your email address will not be published. Required fields are marked * Comment * Name * Email * Website Save my name, email, and website in this browser for the next time I comment. Δ Sign up and get daily updates right to your inbox. Link Copy link"
The Observer,https://observer.ug/business/musicians-should-think-beyond-miming-at-kwanjula-and-weddings/,Musicians should think beyond miming at kwanjula and weddings,2026-04-01,"The Observer Musicians in Uganda have been in celebratory mood after parliament passed the Copyright and Neighbouring Rights (Amendment) Bill, 2025. They argue that once the bill is assented to by the president as expected, they will earn lots more money than they are doing today. That they will be rewarded for their efforts. Ugandan music has come a long way. In the 1990s, very few Ugandans considered music as their professional career. There were professional music groups that still exist such as Afrigo band and some other bands/musicians, but many didn’t earn that much. If the amended bill is to make them earn more, that is even better. The bill seems to be very important to Uganda’s music industry as there seem to be a resurgence of the foreign content like it was in the 1990s. Congolese musicians ruled the airwaves and the stages at Gaba beach, Nakivubo stadium and the beaches of Entebbe. Singers like Jose Chameleone, Bebe Cool and Bobi Wine broke that dominance and Ugandan musicians started filling stadiums on their own. Congolese musicians stopped owning the concert stages in Kampala. The kingdom of Buganda had in 1996 launched the popular CBS radio which further played local music on the airwaves and organised Ekitobeero music festivals, which provided the platform for Ugandan music to thrive. Music entrepreneurs like Hope Mukasa at his Sabrina’s pub provided another platform, karaoke, that saw many wannabe musicians practice their craft. Sabrina’s would lead to the emergence of the famous I-Jay duo of Iryn Namubiru and Juliana Kanyomozi. Ugandan music was on cloud nine. Musicians stopped singing for beer and now were being paid professional fees. Kasiwukira and company would buy the records, make cassettes and sell. Telecoms, looking for ways to reach the masses, signed up musicians. Nightclubs held musicians like the celebrities they were becoming. Video mixing became the norm in nightclubs and every little bar. You could actually spend a whole night in a bar with only Ugandan music being played. Many young people dreamed of becoming musicians. A number of them lived the dream. Today, the industry is pivoting a bit. Foreign shows are back in Uganda, including of Congolese like Ya Levis and Fally Ipupa. Kofi Olomidde turns up once in a while, including at a recent Afrigo 50th anniversary. Nigerian music is dominating the airwaves. There is perhaps no bar or nightclub today that only plays Ugandan music for the entire night. The changes in the industry may perhaps explain the gusto with which some of the most known Ugandan musicians invested in the amended copyright bill. They see it as a saviour even though royalties have been collected on their behalf by organisations like the Uganda Performing Right Society (UPRS) for years. As the musicians were celebrating the passing of the amended bill in parliament, their counterparts in Nigeria were being ranked as the top earners in Africa on music streaming platform Spotify. It was revealed that Nigerian musicians earned more than $43m in 2025 from Spotify by pulling in a combined 30.3 billion streams, which is about 1.6 billion hours of listening time. Nigerian music has been globally embraced, featuring in more than 320 million user-generated playlists, according to reports. Barack Obama, the former US president, releases his annual playlist around December every year. For years now, a Nigerian musician appears on his list, which he posts on his X account of nearly 120 million followers. The Nigerians are developing music that cuts across borders and appeals to worldwide audiences. You have seen them perform at even the World Cup and being regularly nominated for Grammys among other international awards. In Uganda, some of the leading musicians, instead of thinking global, concentrate on Gulu city, where they book rooms for weeks doing whatever they can to meet Gen Salim Saleh. He has publicly rebuked them before to their embarrassment. But do they listen? They see politics as the only means to earn. Those who become famous because of their ability to dance and sing forget about what made them famous once they make it. They appear at shows to mime, walk about the stage while spending some considerable time talking about their imaginary haters or reminding others how beautiful they are. The audience in Uganda is small and the economy is even smaller, yet music transcends borders. Ugandan musicians should, therefore, think beyond miming at kwanjula and weddings and create music that has a global appeal so that they can earn from a global audience. Cozying up to politicians will not sustainably make them earn better, even when copyright bill is assented to. djjuuko@gmail.com The writer is a communication and visibility consultant. 1 Comment Agreed Your email address will not be published. Required fields are marked * Comment * Name * Email * Website Save my name, email, and website in this browser for the next time I comment. Δ Sign up and get daily updates right to your inbox. Link Copy link"
The Observer,https://observer.ug/business/totalenergies-revamps-lpg-filling-plant-in-jinja/,TotalEnergies revamps LPG filling plant in Jinja,2026-03-31,"The Observer TotalEnergies has commissioned a revamped Liquefied Petroleum Gas (LPG) filling and storage plant in Jinja, aimed at boosting supply of clean cooking energy in Uganda. The facility, originally constructed in 2016 and scheduled to begin operations in 2017, reached full operational completion in December 2025 following refurbishment. The upgraded plant is equipped with automated filling technology and enhanced safety systems designed to ensure accurate cylinder filling, prevent leakage and provide tamper-proof sealing. The facility sits on approximately five acres, part of which is currently used for production, with additional space reserved for future expansion. It has a storage capacity of up to 140 tonnes of marketable gas before cylinder filling and can produce more than 40 tonnes per day, up from about 30 tonnes previously. Daily cylinder output ranges between 40 and 50 tonnes depending on demand, with additional capacity available for other product lines. Olufemi Babajide, managing director of TotalEnergies Marketing Uganda Limited, said the investment reflects the company’s long-term commitment to supporting Uganda’s energy transition and expanding access to cleaner cooking solutions. “This refurbished plant reaffirms our commitment to deliver quality, reliable and clean energy to Ugandans, especially as the country prepares for local production of LPG in the oil region,” Babajide said. Biova Agbokou, executive vice president for TotalEnergies East and Central Africa, said the expanded facility supports the company’s ambition to provide 100 million people in Africa and India with access to clean cooking by 2030. He noted that wider adoption of LPG could reduce reliance on charcoal and firewood, cut carbon emissions and lower health risks associated with indoor air pollution. Ben Kagonyera, manager for business development at the Uganda National Oil Company (UNOC), said the commissioning marks an important step in strengthening Uganda’s clean energy supply. “This investment is timely and complements efforts to promote clean cooking solutions and sustainable energy use,” Kagonyera said. He added that UNOC’s partnership with TotalEnergies in the upstream sector could support future domestic LPG supply once oil production begins. “With the commencement of oil production, gas will also be produced. This presents an opportunity for Uganda to supply locally produced gas to its citizens and improve access to LPG,” he said. Kagonyera explained that LPG production will be linked to oil output, with excess gas expected to come on stream once oil production starts. TotalEnergies Marketing Uganda Limited has operated in Uganda since 1955 and currently runs more than 200 service stations across the country. Your email address will not be published. Required fields are marked * Comment * Name * Email * Website Save my name, email, and website in this browser for the next time I comment. Δ Sign up and get daily updates right to your inbox. Link Copy link"
The Observer,https://observer.ug/business/uganda-has-enough-fuel-stock-until-may-govt/,Uganda has enough fuel stock until May – govt,2026-03-31,"The Observer The government has assured the public that Uganda has sufficient fuel reserves to last until late May, dismissing social media claims of an impending shortage. The reassurance comes amid rising pump prices, with some fuel stations now selling petrol at over Shs 5,800 per litre and diesel at about Shs 5,300, up from around Shs 5,200 and Shs 4,900 respectively. In a joint statement issued on Tuesday, the ministry of Energy and Mineral Development and the Uganda National Oil Company (UNOC) described reports of a looming shortage as misleading, warning that such speculation could trigger panic buying and artificial price increases. Energy minister Ruth Nankabirwa Ssentamu said that as of March 27, Uganda had 81 million litres of petrol, 80 million litres of diesel and 18.5 million litres of Jet A-1 fuel in stock. She said the reserves translate into between 22 and 30 days of national consumption. “These levels are in full compliance with the Petroleum Supply Act, 2024, which requires UNOC to maintain a minimum of 21 days of strategic reserves to cushion the country against supply shocks,” Nankabirwa said. The ministry added that incoming shipments scheduled for April will boost national stocks, with more than 350 million litres of petroleum products expected to arrive through Kenya’s coastal infrastructure. Officials also said additional consignments are being rerouted through Tanzanian ports, including Dar es Salaam, Tanga and Mtwara, to mitigate risks associated with disruptions along key maritime routes. The reassurance comes against the backdrop of global uncertainty, including attacks on vessels navigating major shipping routes, which have unsettled oil markets and heightened concerns about supply disruptions. Authorities, however, cautioned that while supply remains stable, prices may continue to rise due to global market volatility and exchange rate pressures. Uganda relies heavily on imported refined fuel, making domestic prices sensitive to international crude oil trends and movements in the Uganda shilling. Transport operators welcomed the assurance on supply but raised concerns about affordability. “Availability is one side of the story; affordability is another,” said Fred Okema of the Uganda Bus Drivers Association, noting that sustained price increases could erode already thin profit margins in the transport sector. He called for stricter enforcement of pump price regulations to enhance transparency. The aviation sector also expressed cautious optimism, noting that current Jet A-1 reserves provide a temporary buffer for flight operations despite unpredictable global fuel costs. UNOC chief corporate affairs officer Tony Otoa said fuel accounts for about 70 per cent of Uganda’s commercial energy consumption, warning that even modest price changes can have ripple effects across transport, manufacturing and household budgets. Your email address will not be published. Required fields are marked * Comment * Name * Email * Website Save my name, email, and website in this browser for the next time I comment. Δ Sign up and get daily updates right to your inbox. Link Copy link"
The Observer,https://observer.ug/business/economics-of-forgiveness-a-final-chance-to-reset-your-business-debt/,Economics of forgiveness: A final chance to reset your business debt,2026-03-29,"The Observer There are moments in a nation’s fiscal journey that pass quietly, and others that define whether a business rises or falls. The current waiver of interest and penalties is not just another administrative relief; it is a rare fiscal lifeline—one that speaks to both opportunity and urgency, and one that may not return anytime soon. The Uganda Revenue Authority (URA) has introduced a significant relief measure under the Tax Procedures Code (Amendment) Act, 2025. It is designed to help businesses “clean their ledgers” and start fresh. Here is everything you need to know about the “Silver Bullet” Offer. If you have outstanding tax arrears as of June 30, 2024, the government will waive 100 percent of the interest and penalties attached to that debt. You only need to pay the principal tax (the original amount you owed). If you cannot pay the full principal at once, you can make partial payments. URA will waive interest and penalties on a pro-rata basis (proportionate to what you pay). For Uganda’s business community, this is more than a compliance exercise. It is a decisive moment to reset, clean the slate, and reclaim financial credibility in an increasingly transparent tax environment. At its core, the waiver offers something profoundly powerful: forgiveness without forgetting. While the principal tax remains due, the punitive burden of accumulated interest and penalties is lifted, often wiping out years of financial strain in a single stroke. For many businesses, especially those struggling with cash flow, system inefficiencies, or historical tax misunderstandings, this is the closest thing to a second chance. At its essence, a waiver of interest and penalties allows taxpayers to settle their outstanding principal tax liabilities without the additional financial burden that has accumulated over time. In many instances, these penalties and interest charges grow exponentially, sometimes surpassing the original tax due. The waiver removes this excess weight, offering businesses a rare opportunity to resolve their obligations at the core level of the principal. This relief, however, is not standalone. It is embedded within a broader fiscal instrument known as tax amnesty. A tax amnesty is a strategic policy through which the government invites non-compliant or partially compliant taxpayers to voluntarily regularise their affairs under more favorable terms. It is, in many ways, a bridge between enforcement and cooperation, a recognition that while compliance is mandatory, achieving it sometimes requires flexibility. This leads to a critical question: why would the government willingly give up revenue in the form of penalties and interest? The answer lies in economic pragmatism. Across many tax systems, including Uganda’s, there exists a significant volume of what is termed aged tax debt. These are liabilities that have accumulated over the years, often tied up in disputes, financial distress, or simple non-compliance. The longer these debts remain unresolved, the more they grow, yet paradoxically, the less likely they are to be fully recovered. In reality, penalties and interest can account for between 40 per cent and 70 per cent of total outstanding tax liabilities. This means that for every Shs 100 million owed, a substantial portion may be punitive rather than principal. By offering a waiver, the government effectively writes off this portion, sometimes amounting to billions of shillings across the economy. At first glance, this appears to be a loss. But in truth, it is a strategic trade-off. Because the alternative is often far worse: prolonged disputes, business closures, uncollectible debts, and a shrinking base of compliant taxpayers. By prioritising the recovery of principal taxes, the government secures immediate revenue inflows while simultaneously restoring taxpayers to the compliance net. It is not forgiveness for its own sake; it is forgiveness for sustainability. For businesses, the implications are both financial and strategic. Financially, the benefit is immediate and measurable. Removing penalties and interest can significantly reduce outstanding liabilities, sometimes by nearly half. This directly improves balance sheets, enhances liquidity positions, and frees up capital that can be redirected into core business operations—expansion, innovation, or workforce investment. But beyond the numbers lies a deeper advantage: credibility. In today’s business environment, compliance is no longer a background function; it is a frontline requirement. Financial institutions, investors, and regulators are placing increasing emphasis on tax transparency and governance. A business carrying unresolved tax liabilities, particularly those inflated by penalties, signals risk. It raises questions about internal controls, financial discipline, and long- term viability. The waiver presents an opportunity to eliminate that risk. To move from a position of uncertainty to one of clarity. To transform tax compliance from a lingering burden into a competitive advantage. It is, quite simply, a chance to achieve a clean sheet. And a clean tax record is powerful. It strengthens your standing with lenders. It enhances your attractiveness to investors. It positions your business competitively for government contracts and partnerships. In an era where data systems like EFRIS and integrated compliance platforms are tightening oversight, having unresolved tax exposures is no longer sustainable. This is where urgency becomes critical. Tax amnesty is not a permanent feature of the amnesty landscape. It is a targeted, time-bound intervention. Once the window closes, the environment typically shifts towards stricter enforcement, enhanced audits, and full reinstatement of penalties and interest. Businesses that fail to act within this window risk facing a harsher reality: higher liabilities, increased scrutiny, and limited negotiation space. From an expert standpoint, this moment demands more than passive awareness but rather requires decisive action. Businesses must undertake a comprehensive review of their tax affairs by reconciling historical positions, identifying outstanding principal liabilities, and engaging professional advisors to structure settlements effectively within the amnesty framework. This is an opportunity to redefine how tax is perceived within the organization, not as a reactive obligation triggered by enforcement, but as a proactive pillar of governance and growth. The businesses that will thrive in the coming years are those that embed compliance into their strategy, not those that defer it. Government, on its part, has made the first move. By foregoing billions in penalties and interest, it has extended a hand to the business community, one that balances accountability with opportunity. The expectation, however, is clear: that businesses will respond because ultimately, this is a shared journey. A compliant business sector strengthens revenue systems. Strong revenue systems support national development. And a stable economic environment benefits every enterprise operating within it. The waiver, therefore, is more than a policy, it is a pivot point, a moment where businesses can shed the weight of the past and step into a future defined by clarity, credibility, and compliance. The window is open, but it will not remain so indefinitely. 30th June 2026 will be the deadline! The writer is a Chartered Accountant & Chartered Tax Advisor Your email address will not be published. Required fields are marked * Comment * Name * Email * Website Save my name, email, and website in this browser for the next time I comment. Δ Sign up and get daily updates right to your inbox. Link Copy link"
The Observer,https://observer.ug/business/investments-in-small-scale-industries-could-lead-to-improved-incomes/,Investments in small-scale industries could lead to improved incomes,2026-03-29,"The Observer Uganda has discovered its latest love interest; international airports. We have always had one international airport at Entebbe and some airfields in many parts of the country. But those aren’t the talk of town or dominating online discussion groups and timelines. Construction of an international airport is underway in Kabaale just outside Hoima ostensibly to support the oil and gas sector. New ones have been proposed around Kidepo National Park to support tourism and facilitate regional trade. But the one that has led to more discussions has been the proposed one at Nyakisharara outside Mbarara town. Apparently, it will enable flights to South America to refuel from there on their journeys to Asia and elsewhere. The proposers of the airport claim that this is an existing gap. I am not an aviation expert, so I don’t know why these flights aren’t able to refuel at Entebbe or even existing airports in East Africa. I am also not sure whether it makes sense to build an international airport whose main business is refueling flights from South America. What else caused debate was the release of the artistic impressions of the Nyakisharara airport. Some people claimed the airport looked exactly the same as one somewhere in the Middle East. Some people prompted artificial intelligence apps to make one at least with the famous horns of the Ankole cows incorporated into the design. This newly found love for international airports within a few kilometres of each other have led to the continuation of a debate that never stops; the lack of scheduled domestic flights in Uganda. Up to the 1990s, there were affordable scheduled flights to Kasese, Arua and other parts of the country. Some still exist but they cost an arm and leg, unlike in developed markets in Europe where people fly for a song. There are many reasons that explain the lack of affordable domestic flights in Uganda. The infrastructure is poor enabling only small aircraft to operate at these fields. But that isn’t the biggest problem. The market simply doesn’t exist. Until oil starts flowing from the wells in western Uganda, the country’s economy is largely within a radius of 80km of Kampala. Otherwise, businesses in many parts of the country are small comprised of smallholder farmers and petty traders. The majority of these people have no genuine reason to fly to Kampala and if they have, they wouldn’t afford the tickets even cheap ones that would sustain an airline business. Bus companies have tried to provide executive coaches where people pay an extra Shs 10,000 or Shs 20,000 to travel in comfort. After a few months or years, they usually close and return to non- executive passengers. The argument the domestic flight enthusiasts give is that the markets for air travel is of those who drive personal cars to these towns. The statistics are hard to find but how many cars arrive in Soroti or Arua from Kampala every single day? There aren’t many. Most of these towns have few hotels but you will hardly arrive in a town and find no room for a night. That is why most people who travel to these towns don’t even bother to book accommodation in advance. They know these towns with fewer than 1,000 hotel rooms will have plenty of free rooms when they arrive. A town which can’t fill less than 1,000 hotel rooms each night probably doesn’t have much business going on. Decent hotel rooms in Uganda cost on average less than Shs100,000 a night including some sort of breakfast. If people can’t fill hotel rooms of Shs100,000, how would they fill aircraft of 50 to 200 seats on a regular basis for the airline to make money? Look at Members of Parliament, one of the biggest categories of high earners in Uganda. Many of those who represent constituencies outside Kampala come for their weekly meetings by night bus. They can’t afford to drive on a weekly basis. Where scheduled flights exist like Kasese, they don’t use them as well. If a high earning category in Uganda can’t afford to drive every week to Kampala, what about small trader in Kasese or Arua? Although we can improve the airfields to facilitate air travel, international airports in every corner of the country won’t lead to improved incomes for the majority of Ugandans. However, if we want tourists to avoid gruelling road trips to Kisoro or Kidepo, smaller airports could do, which could be expanded with increases in traffic. Though investments in agribusinesses and small-scale industries could lead to improved incomes easily for the majority of people who then could be targeted for flying. As per now, international airports could end up as vanity projects. djjuuko@gmail.com The writer is a communication and visibility consultant. Sign up and get daily updates right to your inbox. Link Copy link"
The Observer,https://observer.ug/business/namananga-forest-on-brink-and-race-to-save-it/,Namananga forest on brink and race to save it,2026-03-26,"The Observer At the edge of Kayunga district lies the 459-hectare Namananga forest reserve, a once- thriving ecosystem now heavily degraded by charcoal burning, firewood harvesting, and encroachment for construction. At first glance, Namananga still appears like a forest, but a closer walk through its interior reveals the stark reality of deforestation and human intrusion. The reserve serves as a critical ecological link between Mabira Forest and Musamya Swamp, forming part of the wider Mabira ecosystem. In an effort to restore the degraded landscape, the National Forestry Authority (NFA), in partnership with Uganda Breweries Limited (UBL) and Rotary Club, has launched a Shs 372 million forest restoration project aimed at planting 80,000 indigenous trees. Stuart Maniraguha, the acting executive director for Forestry, represented by Martin Mwodi Kegere, emphasized the importance of forests to Uganda’s environment and economy. He noted that forests supply over 90 percent of household energy needs, mainly through firewood and charcoal, and play a crucial role in protecting water catchments that support agriculture and industry. Over the years, the Government of Uganda has set ambitious targets to restore forest cover, recognizing that environmental sustainability is closely tied to economic development. So far, NFA has planted 26,000 trees under the initiative, with 2,000 trees planted last week alone in Namananga Forest Reserve, covering 70 hectares out of the planned 200 hectares. The trees we plant today will do far more than grow into forests. They will protect our rivers and lakes, stabilize soils, improve agricultural productivity, and absorb carbon from the atmosphere, helping Uganda contribute to global climate action,” Maniraguha said. “A tree is a long-term investment. It requires patience, stewardship, and care. The forests of tomorrow depend on the commitment we make today. By planting trees, we are not only restoring forests but also rebuilding hope, resilience, and sustainability,” he added. Felicite Nson, Managing Director of Uganda Breweries Limited, said forests are a reminder that meaningful change takes time. “Standing in a forest reminds us that the most meaningful things in life grow quietly over time. A small seed becomes a tree, a stream becomes a river, and small actions taken together create lasting change,” she said. “As we plant trees, we are doing something simple yet powerful investing in the future of our environment and the well-being of communities that depend on it.” She noted that the company’s operations are closely tied to Uganda’s natural resources, including water and agricultural inputs such as barley, sorghum, and maize, all of which depend on a healthy ecosystem. “True conservation succeeds when organizations, businesses, and communities work together, including the dedicated eco-champions and local communities who protect these forests every day,” she added. Rotary District 9213 Governor Geofrey Martin Kitakule said the initiative focuses on planting indigenous tree species such as mvule and mahogany to restore the natural ecosystem. “This effort will also benefit communities. A healthy environment supports agriculture, and this forest reserve is part of the greater Mabira ecosystem that sustains key water bodies, including the River Nile and Lake Victoria,” he said. Climate change is getting worse as the earth, seas, oceans, forests, wet lands, the air…are fighting to breath face to human action! Yet nothing is done to begin protecting nature before its too too late! Now, immigration to developed lands is making things worse for developing & developed countries as there is no solution to stop it & make sure so called developing world wake up to protect their lands! What will the situation in Uganda be in 2031 as they just look up to Rwandese Museveni who is so so happy Uganda is being destroyed to a point of no return? Where is that just ONE National/Common Leader so so needed, to sing Ugandans to UNITY to block & stop Rwandese Museveni, then form the kind of governance they want, before it’s too late? What are Ugandans waiting for, their complete/total destruction? Comments are closed. Sign up and get daily updates right to your inbox. Link Copy link"
The Observer,https://observer.ug/business/uganda-baati-ignites-a-new-era-of-womens-empowerment/,Uganda Baati ignites a new era of women’s empowerment,2026-03-25,"The Observer On a recent afternoon in Kampala, a conference room at Uganda Baati’s head office filled with a different kind of energy, one shaped less by corporate routine and more by candid conversation, shared ambition, and quiet resolve. Women from across sectors, leaders, entrepreneurs, professionals, and partners, gathered for an engagement centered on a resonant idea: “Give to Gain.” What followed were a series of open exchanges about leadership, resilience, and the often-unspoken realities of navigating professional spaces as women. Participants spoke frankly about the importance of mentorship, the weight of expectations, and the value of lifting others while advancing themselves. The tone was reflective but forward-looking, grounded in a shared understanding that progress is rarely achieved alone. At the heart of the gathering was the unveiling of the Safal Circles governance framework for Uganda Baati’s chapter—an initiative designed to formalize mentorship and strengthen collaboration among women within the company’s broader ecosystem. More than a symbolic launch, the framework signals a structured effort to build lasting support systems, with programs expected to focus on leadership development, accountability, and collective growth. Uganda Baati’s Chief Executive Officer, George Arodi, framed the initiative as both a moral and strategic priority. Empowering women, he noted, is not only about equity but about building stronger institutions and communities. Creating spaces where women feel recognized and supported, he added, is essential to sustainable progress. That message was echoed by the guest of honour, Amelia Kyambadde, who urged attendees to act with confidence rather than hesitation. Opportunities, she suggested, rarely arrive with perfect timing. What matters is the willingness to step forward—and to bring others along in the process. By convening the engagement and introducing the Safal Circles framework, Uganda Baati is positioning itself within a growing movementof organizations seeking to embed inclusion into their culture, rather than treat it as an afterthought. For those in the room, the significance of the day was less about announcements and more about momentum—a sense that meaningful change often begins in spaces where people are willing to listen, share, and act together. Sign up and get daily updates right to your inbox. Link Copy link"
New Vision,https://www.newvision.co.ug/category/agriculture/kasana-luweero-diocese-launches-climate-chang-NV_231584_042026,"Kasana Luweero Diocese launches climate change adaptation, mitigation project",2026-04-10,"________________ The Catholic church has been commended for being a powerful community mobiliser capable of influencing values, behaviours, and development pathways. The Catholic church is not only a spiritual authority, but also a powerful mobiliser of communities capable of influencing values, behaviours, and development pathways, a senior government official said in Luweero on Thursday. Edward Ddamulira Sengonzi, who is the accounting officer /undersecretary, Ministry of Finance, Planning and Economic Development, made the remarks while closing a one-day conference on economic empowerment of small holder farmers in low-emission agricultural production and sustainable renewable energy. Edward Ddamulira Sengonzi exchanges gifts with Kasana Luweero Catholic Bishop Lawrence Mukasa. (Photo by Frederick Kiwanuka) The conference, whose theme was "" productive use of renewable energy for profitable and low-emission farming in Uganda"" , was organised by Karitas Kasanaensis, a social development arm of Kasana Luweero Catholic diocese. The function synchronised with the launch of a climate change adaptation and mitigation project, which is to be spearheaded by Karitas Kasana Luweero Catholic diocese. Sengonzi said the Catholic Church holds a unique position in guiding society towards responsible stewardship of creation that is grounded in faith and moral responsibility. Sengonzi, who is also the Vision Group board chairman, said the Catholic church has played a transformative role by promoting sustainable land use, supporting planting, encouraging adoption of clean energy technologies and even participating in emerging opportunities, such as carbon markets. He said the conference, which brought together farmers, development partners, government officials and the clergy, was timely because climate change had become a serious economic and macro fiscal risk. ""Climate change is not only an environmental concern, but a serious economic and macro fiscal risk,"" he said. Quoting the country climate and development report, Sengonzi said Uganda annually spends over USD 140 million on climate change-related issues. He said the increased frequency of climate change shocks like droughts, floods, and landslides was eroding people's livelihoods and reversing development gains. ""It is therefore fitting that today's dialogue focuses on the intersection of renewable energy, agriculture and climate resilience,"" Sengonzi said. He said productive use of renewable energy, through solar irrigation, agro processing and clean cooking, offers a pathway to increase agricultural productivity, reduce emissions and enhance household incomes. ""This is not only a technical solution, but also an economic and moral imperative,"" he said. Sengonzi said his ministry had, in response to the climate change crisis, established a climate finance unit (CFU) to mobilise climate change finance, ensure efficient allocation of the mobilised finances and utilisation, as well as strengthen coordination between the government and partners. At the sector level, Sengonzi said the government had established the clean cooking unit within the Ministry of Energy and Mineral Development to promote access to clean and efficient energy technologies. He said the measure was particularly critical for rural households where reliance on traditional biomass contributes to deforestation, health risks, and low productivity. In other measures, Sengonzi said the government had capitalised the Uganda development bank with significant resources to finance green investments. He said this was in addition to mobilising over USD 504m from external sources to support mitigation and adaptation efforts across key sectors. Kasana Luweero Catholic bishop Lawrence Mukasa said there was a need to promote mindset change so that the communities can embrace sustainable practices and technologies. Mukasa said that issues like: affordability, equitable participation and access to information, which were raised during the conference, should be addressed so as to achieve meaningful progress. The national pastoral coordinator of the Uganda episcopal conference, Fr. John Baptist Kaganda, said that caring for the environment was among the basic values of the catholic Christian faith. ""The environment is God-given, and we must use it responsibly. Environmental destruction is hence morally wrong,"" he said, quoting messages issued by the successive popes. Kaganda said the Catholic Church considers climate change as one of the basic challenges facing humanity. A farmer’s representative, Robert Mayengo, said farm production had more than tripled after switching to solar energy. ""I used to earn only 4m per acre of cabbage, but now I am earning between shillings 10 and 16m per acre,"" Mayengo said. Mayengo said that apart from increased production, the use of renewable energy sources, like solar, has many other advantages, like environmental protection and preservation of soil nutrients. He, however, said that solar installation costs were too high for most farmers. Edward Ddamulira Sengonzi exchanges gifts with Kasana Luweero Catholic Bishop Lawrence Mukasa. (Photo by Frederick Kiwanuka)"
New Vision,https://www.newvision.co.ug/category/agriculture/ocean-temperatures-near-record-high-in-march-NV_231552_042026,Ocean temperatures near record high in March — EU monitor,2026-04-10,"________________ PARIS - Ocean temperatures hit near-record highs for March, the Copernicus Climate Change Service said on Friday, signalling a likely shift toward El Nino conditions that can amplify heat extremes on an already warming planet. Copernicus said average sea surface temperatures were 20.97C in March, the second-highest value ever for the month, and the hottest since 2024 during the last El Nino, when global heat records toppled. This reflected ""a likely transition toward El Nino conditions"", said Copernicus, the European Union's global warming monitor. Several meteorological agencies had predicted the return this year of El Nino, a natural climate cycle that warms Pacific waters and can bring higher global temperatures and extreme weather. The World Meteorological Organization (WMO) said last month an opposite, cooling La Nina cycle was tipped to give way to neutral conditions before swinging into El Nino later this year. The most recent El Nino in 2023-2024 was one of the five strongest ever measured and contributed to making those years the second-hottest and hottest on record, respectively. Scientists say La Nina and El Nino are natural cycles that cause short-term temperature swings, against a backdrop of human-driven climate change that is raising global temperatures and worsening extreme weather over the long term. Oceans absorb most of the excess heat caused by humanity's carbon emissions and therefore play a key role in regulating the global climate. Hotter seas can have damaging knock-on effects on the planet, fuelling stronger storms and rainfall, bleaching coral reefs, and contribute to sea-level rise through thermal expansion. 'Sobering story' More broadly, Copernicus said that last month was the fourth-hottest March on record, with global average temperatures 1.48C above the pre-industrial benchmark. Almost the whole of Europe experienced warmer-than-average temperatures in March but the most pronounced extremes were in the United States where a prolonged heatwave gripped the west. Much of the Arctic, and parts of Russia and Antarctica, also saw above-average temperatures. Last month also saw the lowest Arctic sea ice cover on record for the month, another bellwether of climate change. ""Copernicus data for March 2026 tells a sobering story,"" Copernicus director Carlo Buontempo said in a statement. ""Each figure is striking on its own -- together, they paint a picture of a climate system under sustained and accelerating pressure."" Copernicus takes measurements using billions of satellite and weather readings, both on land and at sea, and their data extends back to 1940."
New Vision,https://www.newvision.co.ug/category/agriculture/uganda-to-launch-space-climate-monitoring-cam-NV_231506_042026,Uganda to launch space climate monitoring camera,2026-04-09,"________________ Uganda is set to launch its first space-based climate monitoring camera on Friday, April 10, 2026, to improve early warnings for floods, drought, and changing weather patterns across the country. The camera, known as ClimCam, has been sent to the International Space Station aboard a rocket and will begin sending back data later this year. This is a joint project between Uganda, Kenya, and Egypt, supported by the United Nations Office for Outer Space Affairs and Airbus. “It was supposed to be launched on April 8, but because of some weather conditions, tomorrow it will be launched. It will be launched tomorrow, (April 10), and it is going to be taken to the International Space Station, where we expect it to be commissioned in August,” Dr Monica Musenero, the Minister for Science, Technology and Innovation, said as she opened the National Science Week at Serena Hotel on Thursday (April 9). “Once commissioned, this camera is going to pass over East Africa four times every 24 hours and is going to be able to collect real-time data which we will be able to download at our POMA station, analyse and build interventions to help us manage not just the climate but also the associated scares like what we had in Kiteezi, and this will help us to prevent disasters,” she added. Once operational, the camera will pass over East Africa up to four times a day, capturing detailed images that can help scientists and governments detect risks earlier. Uganda has in recent years faced increasing climate shocks, including floods and prolonged dry spells that have affected farming, destroyed homes, and displaced communities. Dr Monica Musenero said the new system will strengthen early warning tools, allowing authorities to respond faster and reduce damage. “This technology will help us see floods before they happen and track drought as it develops. The data collected will also support agriculture by helping farmers better understand weather patterns and plan planting seasons,” she said in a visual statement. She highlighted that Uganda contributed to the project by training and sponsoring four engineers who helped design parts of the camera at the Egyptian Space Agency, marking the first time Ugandan scientists have directly contributed to building a space technology system. “It shows that Uganda is building its own scientific capacity,” Musenero said. For years, Uganda has depended on foreign satellite data to monitor weather and climate. With ClimCam, the country will now have more direct access to information about its own environment. Musenero said this will improve decision-making in disaster response, farming, and environmental protection, and also believes it will not only help the country respond better to climate change but also position it as an emerging player in space technology in the region."
New Vision,https://www.newvision.co.ug/category/agriculture/kabarole-mandatory-fmd-vaccination-to-boost-l-NV_231502_042026,"Kabarole mandatory FMD vaccination to boost livestock health, exports",2026-04-09,"________________ Kabarole district has intensified efforts to combat livestock diseases following the rollout of a nationwide compulsory vaccination campaign against foot and mouth disease (FMD), targeting all farmers keeping cattle, goats, sheep, and pigs. Speaking during a stakeholder engagement meeting held on April 8, 2026, at the district headquarters in Kitumba, the principal veterinary officer, Dr Dean Kusiimakwe, said the government directive requires all districts to mobilise farmers for registration and vaccination of their animals. He explained that the exercise will be conducted every six months over a period of three years, with the goal of completely eradicating the disease and boosting Uganda’s livestock sector. Dr Kusiimakwe noted that controlling FMD is critical not only for improving animal health but also for enhancing the country’s export potential. He emphasised that disease-free livestock would open up international markets, thereby increasing national revenue and improving household incomes for farmers. “This is a compulsory exercise for every livestock farmer,” he stressed, adding that success will depend heavily on coordinated efforts among local leaders and technical staff. He called upon town clerks, sub-county chiefs, parish chiefs, and extension workers to work as a unified team in mobilising farmers and ensuring the smooth implementation of the programme. According to district projections, Kabarole is targeting a total of 190,000 ruminants and pigs for vaccination every six months. Dr Kusiimakwe expressed confidence that if the targets are met consistently over the three years, the district will be able to eliminate FMD entirely. To facilitate transparency and accountability, farmers will be required to pay sh8,000 per head of cattle or pig and sh4,000 per goat or sheep. Payments will be made through formal channels, including PostBank Uganda (Pearl Bank), Housing Finance Bank, and mobile money platforms. He cautioned that no government officer is permitted to handle cash directly, urging farmers to strictly use the designated systems. Meanwhile, the district production officer, Dr Henry Mulondo, highlighted the pivotal role of parish chiefs and agricultural extension workers in ensuring the success of the campaign. Dr Mulondo tasked them with spearheading grassroots mobilisation, sensitising farmers on the importance of vaccination, and monitoring progress at the parish level. The stakeholder engagement brought together local leaders and technical officers, who pledged to support the exercise as part of broader efforts to strengthen livestock production, safeguard farmer livelihoods, and position Kabarole as a disease-free zone in Uganda’s agricultural landscape."
New Vision,https://www.newvision.co.ug/category/agriculture/shallow-indonesian-quake-damages-houses-injur-NV_231481_042026,"Shallow Indonesian quake damages houses, injures residents",2026-04-09,"________________ MAUMERE — A shallow 4.9-magnitude earthquake struck eastern Indonesia overnight, damaging dozens of homes and injuring multiple people, an official said Thursday. The jolt struck at a depth of 10.4 kilometres (6.46 miles), some 104 kilometres east of Maumere, East Nusa Tenggara, shortly before midnight on Wednesday, the US Geological Survey (USGS) said. Two villages on the small island of Adonara felt the biggest impact, with more than 100 houses damaged and at least 20 people injured, according to local official Ismail Daton Ban. A resident clears debris from a damaged wall of her home after a shallow 4.9 magnitude earthquake in Adonara, East Nusa Tenggara on April 9, 2026, damaging dozens of homes and injuring multiple people, an official said. (Photo by Handrianus Hali / AFP) Indonesia and neighbouring countries experience frequent earthquakes due to their location in the Pacific ""Ring of Fire"" -- an arc of intense seismic activity stretching from Japan through Southeast Asia and across the Pacific basin. A 9.1-magnitude quake struck the westernmost Aceh province in 2004, causing a tsunami and killing more than 170,000 people in Indonesia. Shallow quakes tend to be more damaging, with seismic waves travelling a shorter distance through the ground and reaching the surface with more energy. A resident clears debris from a damaged wall of her home after a shallow 4.9 magnitude earthquake in Adonara, East Nusa Tenggara on April 9, 2026, damaging dozens of homes and injuring multiple people, an official said. (Photo by Handrianus Hali / AFP)"
New Vision,https://www.newvision.co.ug/category/agriculture/uganda-seeks-win-win-solutions-as-livestock-e-NV_231479_042026,Uganda seeks ‘win-win’ solutions as livestock emissions come under focus,2026-04-09,"__________________ Scientists and policymakers are intensifying efforts to address greenhouse gas emissions from Uganda’s livestock sector, with new research highlighting the need to balance environmental concerns with farmers’ livelihoods. Researchers say livestock manure, widely used as a natural fertiliser, also represents a significant source of emissions, particularly nitrous oxide, underscoring the urgency of improving how it is managed. The issue came into focus during a two-day Livestock Monitoring, Reporting and Verification capacity-building workshop held at the Sheraton Kampala Hotel on April 8, 2026. The event, supported by the World Bank in partnership with the Government of Uganda, brought together scientists and sector stakeholders to examine emission sources, targeted interventions, and data gaps, and to chart a way forward for reducing the country’s greenhouse gas emissions. Group disscussion with MAAIF, World Bank officials during the Stake Holder engagement at Sheration Hotel in Kampala on April 8, 2026. (Photo by David Lukiiza) Dr Ibrahim Wanyama, a scientist at the International Livestock Research Institute, said his work focuses on generating data to support Uganda’s climate reporting obligations under the Paris Agreement. “Manure is an important resource. It can be used to fertilise our soils, but it also has negative environmental impacts, as it is one of the major sources of greenhouse gas emissions in Uganda,” Dr Wanyama said. He noted that ongoing studies in southwestern Uganda are examining how farmers manage manure from cattle, goats, and sheep, with the aim of identifying practical improvements that can enhance soil fertility while reducing emissions. “Farmers are not interested in greenhouse gas emissions, so we are looking at how they can manage manure in ways that improve its fertiliser quality while reducing emissions,” he said. Among the solutions being explored are composting, covering manure, and innovative practices such as rearing worms on manure to produce protein-rich animal feed. “We are coming up with technologies that benefit farmers but also reduce greenhouse gas emissions—it’s a win-win,” he added. Dr Wanyama also cautioned that poorly managed manure can carry disease-causing pathogens, calling for safer handling practices that improve both environmental and public health outcomes. Fixing data gaps At the policy level, Uganda is working to strengthen its systems for measuring and reporting emissions, particularly from livestock. Prof. Samuel Majalija of the National Agricultural Research Organisation said climate change is already affecting households, agriculture, and land systems across the country, prompting a shift towards climate-smart practices. “Climate change is affecting everybody… at household level, agriculture level, and the land in general,” he said. He revealed that the National Agricultural Research Organisation is leading efforts under a World Bank-funded project to develop a national measurement, reporting, and verification system to track emissions more accurately. Currently, Uganda relies on global estimates to quantify emissions from livestock, particularly methane produced by ruminant animals such as cattle, sheep, and goats during digestion. “We don’t have [a system] in place… right now we are going to determine how much it is,” Prof. Majalija said. The research is also expected to guide farmers on improved livestock management practices, including better feeding and reduced animal movement, both of which can help lower emissions. “When animals feed on rough grass and move a lot, they emit more gases… we are trying to see how we can minimise this,” he said. Climate finance prospects Meanwhile, development partners say strengthening data systems is critical for Uganda to meet its climate targets and potentially unlock climate financing. Merel Moleman, a researcher with the World Bank, said Uganda is seeking to move from basic “tier one” emission estimates to more accurate, data-driven “tier two” methods. Current estimates place Uganda among the region’s largest emitters in the agriculture and food sector, but these figures remain broad and require refinement. “The goal is to move to more accurate estimates and build a system that can measure, report, and verify emissions reductions,” Moleman said. She added that a credible measurement, reporting, and verification system could enable Uganda to access climate finance tied to verified emission reductions, although such mechanisms are still in early stages. “If the money flows back to the farmers, that will be amazing, but we’re not there yet,” she said. Drawing lessons from the region, Bernard Kimoro of Kenya’s Ministry of Agriculture said reducing emissions does not necessarily require cutting livestock numbers, but improving productivity and management. “In most countries, the easiest option is reducing livestock numbers. But we have gone beyond that,” he said. Kenya has instead focused on improving feed quality and animal productivity, which lowers emissions per unit of output while maintaining farmers’ incomes. “If we improve milk production, we reduce emissions per kilogram of milk,” Kimoro said. He emphasised the importance of strong data systems and institutional coordination, noting that Uganda could replicate similar progress with the right technical capacity and stakeholder alignment. Group disscussion with MAAIF, World Bank officials during the Stake Holder engagement at Sheration Hotel in Kampala on April 8, 2026. (Photo by David Lukiiza)"
New Vision,https://www.newvision.co.ug/category/agriculture/nigeria-sweats-in-heatwave-as-iran-war-drives-NV_231445_042026,Nigeria sweats in heatwave as Iran war drives up costs to stay cool,2026-04-08,"____________ LAGOS — Azeez Akanni hopped on a yellow bus heading for the central business district on Lagos Island, beads of sweat rolling down his neck and arms. The 32-year-old clothier regularly navigates chaotic traffic to deliver luxury clothes and footwear to customers across the megacity of Lagos, Nigeria's commercial capital. But his and millions of others' commutes have been snarled by brutal temperatures as Africa's most populous country fights a heatwave. Adding to the pain, a spike in fuel prices from the Iran war has sent costs for air conditioning and back-up generators shooting up alongside the mercury. ""The sun is too hot,"" Akanni told AFP, wedged between two equally sweaty passengers. High temperatures are nothing new in the west African nation, perched just above the equator. But according to the Nigerian Meteorological Agency (NiMet), things are getting worse: it warned in a 2025 report that in the decade from 2016-2025, nine out of the 10 years were ""among the 12 warmest on record"". Last week, UK-based Korean DJ JinseoulMusic, who is currently touring Nigeria, shared her struggles in a post on Instagram to her more than 430,000 followers. ""Surviving Nigerian heat with no light,"" she wrote, using the colloquial term for electricity. ""Heat woke me up in the middle of the night."" Analysts blame the rising temperatures in Lagos on climate change, its coastal location, dense population, limited greenery and heavy traffic. The constant use of generators compounds the issue, as the petrol-guzzling machines release heat and greenhouse gases. Public transport, meanwhile, is shambolic, with most commercial vehicles dilapidated and lacking working air conditioning. Temperatures peaked in Lagos at 35C at the end of March, according to NiMet. They reached 38C in the capital Abuja, while Sokoto in the northwest hit 44C, with NiMet describing the conditions as ""unhealthy"". Rising fuel prices Nigeria's unique economic situation as Africa's fourth-largest economy, but with a dilapidated power grid much less stable than some of its poorer neighbours, has led to the widespread use of private generators, at least among those who can afford them. That number may be dwindling as fuel prices soar due to the Iran war. ""I no longer use it because of the hike in price,"" Emmanuel Chinonso, 40, a ride-share driver in Abuja, told AFP. When the grid goes out on a sweltering night, so does his fan, he said. Like elsewhere in the country, gasoline prices have nearly doubled in the capital, from around 850 naira per litre to more than 1,300, a record high in a country where petrol sold for around 195 naira at the start of 2023. Many drivers, like Chinonso, keep their car air conditioning off to conserve fuel, and ""plead"" for a tip from customers in return for switching it on. ""If you explain to them, some of them are very understanding and kind,"" he said. Health warnings Despite humid air thick with dust and vehicle fumes, and engines idling as vehicles waited for passengers on a recent Wednesday, thousands of Lagos traders continued to display their goods under direct sunlight, despite warnings against prolonged exposure. Hawkers balancing basins of iced fizzy drinks moved through traffic, offering quick relief to commuters. With the cost of living on the rise following years of high inflation, many traders exposed to the sun and polluted air are more concerned about putting food on the table than air quality. ""The weather is not good,"" Aminat Jimoh told AFP as he fried tofu by a cluttered roadside. ""But we have to endure because we cannot eat if we don't come here."" The heatwave could also worsen Nigeria's malaria burden. According to the World Health Organisation, climate change, through increased rainfall, temperatures and humidity, can in some cases accelerate malaria transmission by enabling mosquitoes to breed faster. Nigeria recorded about a quarter of the world's malaria cases and 30 percent of global deaths in 2024, according to the WHO. The approaching rainy season offers some relief as storms tamp down temperatures. But it will also bring its own challenges, such as flooding. ""I know that rain has its own problem but I can't wait for this heat to go,"" Akanni said."
New Vision,https://www.newvision.co.ug/category/agriculture/farmers-urged-to-lead-climate-action-as-lives-NV_231417_042026,Farmers urged to lead climate action as livestock emissions face scrutiny,2026-04-08,"_______________ Livestock farmers must be placed at the centre of efforts to tackle greenhouse gas emissions if Uganda is to effectively respond to climate change. Dr Joseph Ruhinda Kagoro, chief executive officer of the Uganda Meat Producers Cooperative Union Ltd, said the livestock sector, while critical to livelihoods and the economy, must transition into part of the solution through deliberate mitigation and adaptation measures. “We need to approach this problem from both a mitigation and adaptation angle,” he said, noting that Uganda is already experiencing the effects of climate change through erratic weather patterns that are affecting farm productivity, animal growth, and reproduction. Kagoro was speaking during a two-day Livestock Monitoring, Reporting and Verification (MRV) capacity-building and action planning workshop at the Sheraton Kampala Hotel on April 7, 2026. The event, which focuses on understanding livestock MRV frameworks, emissions sources, targeted interventions, and data gaps, brought together scientists and sector stakeholders to chart a way forward on reducing Uganda’s emissions. Data presented at the meeting indicates that the livestock sector contributes about 20 percent of the country’s greenhouse gas emissions. The workshop is supported by the World Bank in partnership with the Government of Uganda. “It takes two to tango. We cannot do without livestock, but we must also play our part in reducing emissions,” Kagoro said. He noted that livestock remains the backbone of rural livelihoods, particularly across the cattle corridor, which spans nearly half of the country. According to Kagoro, the sector supports an estimated 71 percent of households and contributes about 4.5 percent to Uganda’s Gross Domestic Product, making it indispensable despite its environmental impact. Climate cost He said farmers are ready to engage in climate action but require support through knowledge sharing, financing, and technology transfer. Kagoro called for targeted investments in animal nutrition, noting that improved feeds and pasture quality can significantly reduce methane emissions while boosting productivity. “We need better pastures and feeding systems that increase nutritive value while lowering emissions per unit of production,” he said. He also highlighted the need for improved manure management, describing it as a major but often overlooked source of emissions. “With the right infrastructure and knowledge, manure can be better managed to reduce emissions while producing organic fertiliser to improve soil fertility,” he added. Kagoro further emphasised the importance of genetic improvement and better breeding practices to enhance feed conversion efficiency and shorten the time animals take to reach market weight. “If we reduce the growth period of a bull from two to three years to about one and a half years, we achieve higher output with lower emissions,” he explained. He urged the government to scale up ongoing interventions in the livestock sector, particularly those spearheaded by the Ministry of Agriculture, Animal Industry and Fisheries, noting that current efforts, though commendable, remain too slow to match the urgency of the climate challenge. “We need intentional, large-scale financing, not small pilot projects if we are to make meaningful progress,” he said. Kagoro also pointed to gaps in data collection, saying most farmers lack the tools and knowledge to measure their emissions, making it difficult for the government to generate accurate national data. He called for investment in monitoring systems and deployment of trained personnel, including veterinarians and ICT specialists, to support data collection at the farm level. Fixing the system Looking ahead, he stressed the importance of addressing emissions across the entire livestock value chain, from production to processing and export, through traceability and carbon footprint tracking. “We must be able to mitigate emissions at every stage of the value chain if we are to achieve real impact,” he said. John Ilukor, official at the World Bank. (Courtesy) Kagoro welcomed support from development partners, including the World Bank, and reaffirmed farmers’ willingness to be part of the solution. “We believe we have a role to play, and we are ready to play that role for the betterment of Uganda and the world in the fight against climate change,” he said. Dr Emmanuel Zziwa, climate change expert Food and Agricultural Organization. (Courtesy) Dr Emmanuel Zziwa, a climate change expert at the Food and Agriculture Organisation (FAO), said while emissions in Uganda come from multiple sectors, including transport, energy, agriculture, and land use change, the livestock sub-sector alone represents a substantial share that cannot be ignored. He explained that much of these emissions come from cattle, particularly through a biological process known as enteric fermentation, where methane gas is released during digestion. “About 83 percent of emissions from cattle come from enteric fermentation, mainly through belching. Another 11 percent comes from manure management, while around 5 percent is linked to feed production and transportation,” he said. Rethinking emissions strategy Despite the figures, Zziwa cautioned against simplistic solutions such as reducing livestock numbers, noting the sector’s critical role in Uganda’s economy, food systems, and social fabric. “We cannot say that reducing emissions means reducing the number of animals. Livestock supports livelihoods, provides food, and has social value. Cutting numbers would have economic consequences, including job losses,” he said. Instead, he advocated for a shift from estimation-based emissions tracking to a more robust system based on measurement. According to Zziwa, Uganda currently relies largely on estimation methods, which calculate emissions based on animal numbers and standard emission factors. While useful, such methods limit the country’s ability to implement targeted mitigation strategies. “What we are advocating for is moving from estimation to actual measurement. When you measure emissions, you can identify practical interventions to reduce them without compromising productivity,” he said. Among the recommended interventions are improving livestock breeds and enhancing feeding practices. Zziwa explained that higher-yielding breeds can produce more milk or meat using the same resources, thereby reducing emissions intensity. “For example, if one animal produces 10 litres of milk instead of two animals producing the same amount, you reduce overall emissions,” he said. He also highlighted the importance of better feeding, noting that improved feed quality can reduce methane emissions generated during digestion. “When animals are fed better-quality feed, they emit less methane. This not only reduces emissions but also improves productivity,” he said. Other mitigation measures include improved manure management systems, such as the use of biogas digesters, which can convert waste into energy while reducing emissions. Tracking livestock emissions Zziwa revealed that Uganda is working to establish a Monitoring, Reporting and Verification (MRV) system for the livestock sector, with support from the World Bank and implementation under the Ministry of Agriculture, Animal Industry and Fisheries. The system is expected to help track emissions more accurately and assess the effectiveness of mitigation interventions. “We want to measure, report, and verify emissions so that we can promote sustainable livestock production. This will ensure that what we produce today does not compromise future production,” he said. While acknowledging that developing countries like Uganda contribute relatively less to global emissions, Zziwa stressed that every contribution matters. “Greenhouse gases accumulate over time. What we emit today adds to what was emitted decades ago. Methane can stay in the atmosphere for up to 30 years, while carbon dioxide can persist for up to 200 years,” he explained. He likened emissions to a “black spot” on a road that causes accidents, saying even small contributions should not be ignored. Zziwa added that reducing emissions in livestock systems could also boost productivity, as energy lost through methane emissions could instead be used for growth and milk production. “When you reduce emissions, you actually improve efficiency. An animal will produce more when less energy is lost,” he said. He called on stakeholders in the livestock sector to embrace climate-smart practices that both enhance productivity and reduce environmental impact. “This is an opportunity for Uganda to adopt interventions that will not only mitigate climate change but also increase production and improve livelihoods,” he said. John Ilukor, official at the World Bank. (Courtesy) Dr Emmanuel Zziwa, climate change expert Food and Agricultural Organization. (Courtesy)"
New Vision,https://www.newvision.co.ug/category/agriculture/kikuube-residents-want-lasting-solution-to-ab-NV_231379_042026,Kikuube residents want lasting solution to abandoned gold site,2026-04-07,"__________________ Residents of Kirimbi and Mugabi villages in Mussaijamukulu parish, Buhimba sub-county in Kikuube district, are demanding that the National Environment Management Authority (NEMA) restore an abandoned gold exploration site. The site, located in Kirimbi and Mugabi villages in Mussaijamukulu parish, was excavated and later abandoned by Mechanised Agro (U) Limited. The open pond was created in 2020 after tycoon Joseph Garuhanga leased 10 acres of land to Mechanised Agro (U) Limited, which began operations after receiving approval through a certificate from NEMA. A NEMA official carrying out an assessment of the abandoned gold exploration site. (Photo by Peter Abaanabasazi) NEMA issued a certificate of approval of environmental and social impact assessment (NEMA/ESIA/13264) on March 17, 2020, valid for two years. However, Mechanised Agro (U) Limited abandoned the site after six months of operation without restoring it, contrary to requirements. Following a story in New Vision of March 12, 2026, highlighting how the site had turned into a death trap, a team of NEMA officials led by Cypriano Nsabimana, the mid-western region inspector, visited on March 13, 2026, and assessed the area. Three days after the assessment, NEMA officials returned and cordoned off the site with tape, leaving behind an open pond filled with water. Residents have opposed the move, arguing that cordoning off the area is insufficient given the size and danger posed by the pond. Deadly pond Speaking to New Vision on April 3, 2026, Sepiriya Kyalingonza, the chairman of Mugabi village, said the site remains a serious threat to the community and requires full restoration. He noted that the pond has so far claimed seven lives and called for fencing or proper restoration to prevent further tragedy. Joseph Garuhanga, the landlord, also demanded that NEMA restore the land to ensure community safety. He said he leased the land on the understanding that the company would restore it, but it left before doing so, rendering the land unusable. Garuhanga added that as a livestock farmer, he has lost more than five cows which drowned in the pond, estimated to cover one and a half acres and reach a depth of about 60 feet. Naome Karekaho, head of corporate communications at NEMA, said cordoning off the site was a temporary measure, noting that full restoration requires significant funding and time. Cypriano Nsabimana NEMA mid-western region inspector (right) sharing with Joseph Garuhanga who rented 10 acres of land to Mechanized AGRO (U) Limited. (Photo by Peter Abaanabasazi) She added that NEMA is investigating the company responsible for the exploration activities so that it can be held accountable for failing to restore the site. However, she said NEMA is considering restoration but must first secure funding. The existence of the site came to wider public attention following the death of four family members, a mother and her three children. The incident occurred on March 2, 2026, involving Harriet Tumusiime, 32, wife of Charles Mbabazi, and her children Joy Alinaitwe, four years, Philbert Akonyora, six months, and Travin Ahumuza, two years. A NEMA official carrying out an assessment of the abandoned gold exploration site. (Photo by Peter Abaanabasazi) Cypriano Nsabimana NEMA mid-western region inspector (right) sharing with Joseph Garuhanga who rented 10 acres of land to Mechanized AGRO (U) Limited. (Photo by Peter Abaanabasazi)"
New Vision,https://www.newvision.co.ug/category/blogs/clean-energy-an-essential-pathway-to-fuel-cos-NV_231300_042026,Clean energy: An essential pathway to fuel cost crisis,2026-04-06,"_______________ OPINION By Simon Stiell As the head of United Nations (UN) climate change, I am used to making the case for clean energy. Today, the latest fossil fuel energy crisis is doing that job for me, including in Uganda. War in the Middle East has exposed a brutal truth: Fossil fuel dependency rips away countries’ sovereignty and security, putting food prices, household budgets, business bottom lines and entire economies at the mercy of geopolitical shocks. In a world of “might is right” politics, that gets more volatile every month, the costs of fossil fuel subservience are spiralling out of control. The latest conflict has unleashed what the International Energy Agency has called, “the greatest global energy security threat in history” constricting oil and gas supplies and sending prices soaring. Inflation inevitably follows, with higher bills for families and businesses of all sizes. The impacts are reverberating around the world. The World Food Programme (WFP) predicts that the war could push global hunger to record levels this year. WFP projects an increase of 21% in food-insecure people for West and Central Africa and 17% for East and Southern Africa. An increase of 24% is forecast for Asia, 16% in Latin America and the Caribbean, and 14% in the Middle East and North Africa. Incredibly, however, some argue that the correct response to the current crisis is to slow the shift to renewable energy and instead double-down on the cause of the turmoil — fossil fuels. This defies economic logic and basic common sense. With geopolitics in disarray, energy price chaos will keep happening again. Continued dependence on fossil fuels would leave countries forever lurching from crisis to crisis. It would also mean our planet keeps heating-up, supercharging climate disasters like mega storms, droughts, fires and floods. These are already ruining millions of lives and tearing shreds out of every economy, including Uganda. If temperatures keep rising unchecked, this will only get worse. And yet the cause — fossil fuels — continue to receive trillions of dollars in subsidies globally. The good news is, there is a clear solution to both the climate crisis and the fossil fuel cost crisis: Accelerating the shift to clean energy systems – where renewables supply the power, backed by modern grids and storage, and clean technologies, like electric vehicles, replace polluting alternatives. Sunlight and wind do not depend on narrow and vulnerable shipping straits. Clean energy like solar and wind power, allow nations to regain control of their economies and security; insulating their countries from global turmoil, while creating jobs, cutting pollution, improving health, boosting stability and lowering costs. Renewable power is the cheapest there is. In China, electric vehicles are set to avoid over $28b a year in oil import costs, while Vietnam could save almost $600m annually from solar and wind energy. Many countries are already seizing these benefits and protecting themselves from climate disasters. But others need support. Over $2 trillion flowed into clean energy last year — twice as much as fossil fuels — but very little went to the vulnerable developing economies that need it most. That must change urgently. Richer countries — and the international financial institutions they control —have every incentive to ensure that affordable finance flows to developing nations for climate action. Because a truly global shift benefits us all. In our interconnected global economy, climate disasters hammering supply chains are a major inflation driver for every country. But through international climate cooperation, countries are creating an alternative to the strong-arm politics dominating international affairs. At UN climate change, we are supporting this co-operation. Our annual conferences, known as COPs, have driven major progress — roughly halving the projected rise in global temperature, transforming global energy markets and supporting resilience building. But we need to go far faster and ensure a just transition, including for economies and communities that have historically relied on fossil fuels. The quicker countries move, the greater the gains and the climate cannot wait. So, we are increasingly focused on turning climate commitments into real-world outcomes that benefit billions more people. Last year at COP30 in Brazil, $1 trillion was committed to grids and storage to invest in modern, clean energy systems. This year’s COP31 in Turkey will drive further progress across sectors and regions. Today’s turmoil underscores the urgency of this work. Climate cooperation is a cure for the chaos of this moment. Clean energy and climate resilience are essential, not despite global instability but because of it. The writer is the executive secretary of the United Nations Framework Convention on Climate Change"
New Vision,https://www.newvision.co.ug/category/business/dr-congo-central-bank-in-fresh-bid-to-ban-the-NV_231626_042026,DR Congo central bank in fresh bid to ban the dollar,2026-04-11,"______________ KINSHASA — Democratic Republic of Congo's central bank said Thursday that it would ban the use of dollars and other foreign currencies for cash business dealings in the country. Foreign currencies have gradually overtaken the use of the weak local Congo franc in recent years in stores and other places. The Congo Central Bank has tried and failed in the past to ban the use of the dollar. The BCC said the latest ban would start in April next year. ""From April 9, 2027, no person will be authorised to carry out cash transactions in foreign currencies"" and no commercial bank would be ""permitted to physically import foreign currency"", said BCC governor Andre Wameso in a statement. Transactions in foreign currencies will only be allowed ""electronically"" through a bank transaction, Wameso added. The central bank said the measure aimed to ""continue the fight against the risk of money laundering and terrorist financing"". The dollar first started appearing in the local economy in the 1990s when inflation at one stage hit an annual rate of 2,000 percent. Now, most transactions above the value of $5 are paid for in dollars. Most people have little faith in the local Congo franc which trades at about 2,300 to the dollar, down from 920 to the dollar in about 2010. Since then, the authorities have made several attempts to stop the spread of the US currency. In 2024, the BCC ordered banks and financial institutions to configure electronic payment terminals to accept only the Congolese franc. DR Congo, with a population of more than 100 million people, is one of the world's poorest countries despite a huge mineral wealth that has attracted China, the United States and other countries."
New Vision,https://www.newvision.co.ug/category/business/museveni-approves-ugandas-wooden-crockery-NV_231622_042026,Museveni approves Uganda's wooden crockery,2026-04-11,"________________ President Yoweri Museveni has declared support for locally made wooden food containers, describing them as safe and durable. His approval on Saturday, March 11, was shared on social media via X. To support his endorsement, Museveni also shared scientific research findings on wooden crockery. Museveni's posts via X read: ""Fellow Ugandans, especially the Bazzukulu, following a scientific assessment by our CBRN team, I have written to Matongo Wood Works Company confirming that traditional wooden food containers made from omunyama (mahogany) and omusisa (albizia) are safe and durable. I have directed support for this initiative so that we free ourselves from the colonial habit of relying on fragile and unsafe ebyatika (the breakables). Our indigenous knowledge systems served our people well for generations. It is time to consciously revive and promote them as part of building a self-reliant and modern Ugandan economy."" Wooden Plates. (Courtesy) Currently, the Ministry of Gender, Labour and Social Development is implementing the Chemical Safety and Security Project (CHESASE) to manage Chemical, Biological, Radiological, and Nuclear (CBRN) risks in the industrial and health sectors. Last year, President Museveni hosted a delegation from Matongo Wood Works led by Ms Stella Teromu and her partner, Ms Elizabeth Karunga. During the meeting at Mbale State Lodge, the ladies showed Museveni and his daughter, Mrs Natasha Karugire, an assortment of wooden crockery from their outlet. A post on various social sites stated that President Museveni praised their creativity and commitment to reviving authentic wooden and clay utensils that once defined African homes. “I want to congratulate you, people. You have resurrected the African heritage of our people, which I have been trying to preserve since the 1940s,” he said. “We used plates ( Esiwani , clay bowls (Ebakuli), traditional pots ( Enstimbo ) and other traditional items. They were strong, durable and part of our identity,” he added while appreciating Matongo Wood Works for ‘modernising traditional craftsmanship without losing authenticity.’ Matongo Wood Works Company Limited's website states that the firm in Naalya, Kampala city suburbs, produces wooden and clay household items inspired by ancestral African designs adapted for modern living. Wooden Plates. (Courtesy)"
New Vision,https://www.newvision.co.ug/category/business/mtn-uganda-shareholders-endorse-mbire-for-ano-NV_231607_042026,MTN Uganda shareholders endorse Mbire for another term as board chairperson,2026-04-11,"KAMPALA - Shareholders of MTN Uganda have endorsed Charles Mbire for another term as board chairperson. The vote of confidence in Mbire’s leadership was made during the company’s annual general meeting (AGM) on April 10, 2026. During the same event, National Social Security Fund board chairperson David Ogong was appointed as a new director on MTN board. According to the AGM resolution, Mbire was reappointed for a fresh three-year term after securing 99 per cent of the vote. The vote reflects recognition of Mbire’s role in steering MTN Uganda’s growth, with investors crediting his strategic guidance and decisions for the telecom’s continued success in a competitive market. Leadership credited for market dominance Under Mbire’s chairpersonship, MTN Uganda has maintained its leading position in both voice and data services, reinforcing its status as the country’s top telecom operator. His tenure has been marked by sustained expansion, strong market performance, and continued investor confidence, positioning the company as a key driver on the Uganda Securities Exchange (USE). Strong share price growth on the USE MTN Uganda’s performance on the stock market has mirrored this confidence. The company’s share price has climbed steadily from sh312 in November 2025 to sh428 in February 2026, before rising further to sh470 in March. Overall, the stock has gained sh158 per share over the period, underlining one of the strongest rallies on the USE in recent months. NSSF stake rises above sh1.236 trillion The National Social Security Fund (NSSF), MTN Uganda’s largest local institutional investor with a 10.7 per cent stake equivalent to 2,629,607,810 shares, has seen the value of its investment surge. At the current price of Shs470 per share, the Fund’s total holding is now valued at: Sh1,235,915,713,700 (approximately $347.12 million) From November to March, the share price increase has generated gains of: Sh415,478,034,980 (approximately $116.96 million) Mbire’s stake climbs to nearly $118 million Beyond his leadership role, Mbire has also personally benefited from the telecom’s strong market performance. He holds a 4 percent stake in MTN Uganda, equivalent to 895,561,810 shares, which at the current share price of Shs470 is valued at: Sh420,392,050,700 (approximately $117.97 million) The steady rise in MTN Uganda’s stock price has increased the value of his holding by: Sh141,498,765,980 (approximately $39.74 million) since November, underscoring the scale of wealth created during the rally."
New Vision,https://www.newvision.co.ug/category/news/museveni-outlines-priorities-to-expand-uganda-NV_231600_042026,Museveni outlines priorities to expand Uganda’s economy tenfold,2026-04-11,"KYANKWANZI - President Yoweri Museveni has outlined ten strategic priorities aimed at expanding Uganda’s economy tenfold, urging leaders to focus on wealth creation and solving real societal problems. Addressing participants at the ongoing retreat of newly elected Members of Parliament (MPs) and the party-leaning independents at the National Leadership Institute (NALI), Kyankwanzi, President Museveni on Friday said the priorities are guided by the Fourth National Development Plan (NDPIV). These, he added, are critical for transforming Uganda into a modern economy. “To achieve the NDPIV objectives, the government will prioritise strategic interventions that expand the economy and improve livelihoods,” President Museveni said, according to a release from the Presidential Press Unit. Ramathan Ggoobi, the permanent secretary Ministry of Finance, Planning and Economic Development and Secretary to the Treasury remarks during the retreat. The President emphasised commercial agriculture and value addition as central to economic growth, noting that Uganda must move away from exporting raw materials. “If we add value to products like coffee—through roasting, grinding and packaging—we can earn much more compared to exporting it in raw form,” he explained. He also highlighted the need to monetise the economy through initiatives such as the Parish Development Model (PDM) and Emyooga, to bring more Ugandans into the money economy. Museveni's remarks, according to PPU, followed presentations by officials from the National Planning Authority (NPA), including Executive Chairperson Dr Pamela Mbabazi and Executive Director Dr. Joseph Muvawala. The President also underscored the importance of investing in the knowledge economy, particularly science, technology and innovation. “We must invest in science and technology, including producing vaccines, automobiles and electronics,” he said. He further pointed to key infrastructure investments, including high-speed rail, the metre gauge railway, and energy systems to support industrialisation, as well as industrial parks and export processing zones. The President also stressed the need to reduce the cost of borrowing through institutions such as the Uganda Development Bank (UDB) and Uganda Development Corporation (UDC). On social services, he called for cost-effective interventions to expand access to education and healthcare. “We must ensure every parish has a primary school and every sub-county has a secondary school, while strengthening preventive healthcare,” he said. Other priority areas include investment in the creative industry, preparations for the African Cup of Nations (AFCON), and infrastructure development in the Greater Kampala Metropolitan Area. President Museveni also addressed urban challenges, particularly traffic congestion. “Traffic jams in Kampala require significant investment, but we shall solve them,” he assured, adding that corruption must be decisively tackled. In his presentation, the Senior Presidential Advisor on Political Mobilisation, Mr Moses Byaruhanga, who presented a paper on mobilisation and service delivery, emphasised that leadership requires a practical approach to problem-solving. “Leaders must diagnose societal challenges and provide solutions, just like a doctor treats a patient,” he said. Byaruhanga urged legislators to focus on identifying and solving community challenges. “As leaders, you must understand the problems affecting society and work towards providing solutions,” he advised. Ramathan Ggoobi, the permanent secretary Ministry of Finance, Planning and Economic Development and Secretary to the Treasury remarks during the retreat."
New Vision,https://www.newvision.co.ug/category/business/kampala-geopolitics-conference-2026-to-discus-NV_231545_042026,Kampala Geopolitics Conference 2026 to discuss rapid changing global dynamics,2026-04-10,"KAMPALA - All is set for the 9th edition of the Kampala Geopolitics Conference 2026, slated for April 15–16, at Makerere University in Kampala, with organisers highlighting the rapidly changing global dynamics and its potential impact on Africa. This two-day academic event will, among others, focus on Africa's position in a rapidly changing global order, with discussions on global finance, debt systems, sovereignty, development aid, and youth political participation. According to organisers at Makerere University, the conference aims to bring African perspectives into global debates and will feature panels with guests from both academia and practice. The conference is organised in partnership with the French Embassy in Uganda, the Konrad Adenauer Stiftung Uganda, and the Alliance Française de Kampala and hosted at Makerere University. “This is a significant platform for intellectual exchange and policy dialogue, reflecting Makerere University's commitment to fostering regional and global dialogue. It connects experts and professionals from politics and public administration, journalists, researchers, and students to engage in debates on international, regional, and local matters,” a university official said on Thursday. Speaking recently during the MoU signing ceremony, Makerere University Vice Chancellor, Prof. Barnabas Nawangwe, emphasised the importance of the Kampala Geopolitics Conference as a platform that connects academic discourse with global policy conversations while empowering students to engage with the complex challenges shaping the international system. The objective of the conference is to serve as a platform for politically engaged citizens, students, and young professionals to discuss geopolitical topics, exchange ideas, and build networks in the field of international relations. Another key focus is to bring African perspectives into global debates. The panels feature guests from both academia and practice, representing a broad spectrum of expertise from Africa and Europe. The conference is expected to tackle how youth can shape public policies in Africa, given that it's the youngest continent in the world. According to projections by the United Nations, more than 60% of its population is under the age of 25, and by 2050. This demographic reality represents both a strategic opportunity, the “demographic dividend” and a major challenge for African states. Despite their demographic weight and growing influence in social, economic, and digital spheres, young people remain largely underrepresented in formal decision-making spaces. The gap between a predominantly young population and institutions often dominated by older generations raises important questions about whether public policies truly reflect youth needs, aspirations, and innovations. Another area of focus will be Africa and External Powers: Shaping the Terms of Engagement as Africa becomes an increasingly prominent arena of international engagement amid shifts in the global distribution of power. A range of external factors, including the United States, China, Russia, and several Gulf states such as the United Arab Emirates, Saudi Arabia, and Qatar continue to expose Africa to unprecedented instabilities and stifle economic growth. Ethiopia’s reassertion of regional ambition has also emerged as one of the most consequential dynamics shaping the Horn of Africa’s security and diplomatic landscape. As Africa’s second most populous country and a long-standing regional power, Ethiopia’s pursuit of reliable sea access through ports, transport corridors, and strategic agreements has elicited strong responses from Somalia, Eritrea and Djibouti but also intensified debates about sovereignty, regional balance, and the norms governing interstate relations."
New Vision,https://www.newvision.co.ug/category/business/minister-musenero-rallies-women-entrepreneurs-NV_231543_042026,Minister Musenero rallies women entrepreneurs to embrace technology,2026-04-10,"KAMPALA - The Minister of Science, Technology and Innovation, Dr. Monica Musenero has reiterated government deliberate steps to strengthen the innovation ecosystem and bridge gaps between policy and practi c e. The minister made the remarks on Thursday (yesterday) at Sheraton Kampala Hotel as she launched the 2nd cohort of the Stanchart Women in Tech Program. She noted that the Women in Tech programme aligns with Uganda’s national priorities as it contributes directly to building a knowledge-based economy and advancing the country’s broader economic transformation agenda. “We have established dedicated structures, including an economic unit for Science, Technology and Innovation metrics, to bridge the gap between policy and knowledge. Through STI, we are rolling out town halls and platforms to improve access to information, facilities, and innovation spaces,” she noted. Speaking at the launch, Standard Chartered Bank Uganda Chief Executive Officer, Sanjay Rughani, urged women founders to take advantage of the opportunity, noting that the programme is designed to address structural challenges that hinder enterprise growth. “Persistent inequalities across Uganda and the region continue to limit the growth of women-led businesses. Yet empowering women is critical to economic development and the prosperity of communities. This accelerator goes beyond skills development to provide mentorship, networks, and funding needed to build resilient, revenue-generating enterprises,” he said. First launched in April 2025, the Women in Tech program is part of Standard Chartered’s global Future Makers initiative. It is specifically designed to support women-led micro and early-stage businesses by equipping them with the tools, resources, and networks needed to scale. The program addresses systemic challenges such as limited access to finance, mentorship, technical support, and markets that disproportionately affect female entrepreneurs, particularly in underserved communities. Over the next three years, the program will support up to 42 women-led businesses, preparing them to thrive in Uganda’s rapidly evolving digital economy. By fostering long-term collaboration through the Community of Practice, the initiative encourages ongoing mentorship, shared learning, and peer networking across all participating cohorts. The Women in Tech program reflects a broader commitment by Standard Chartered and its partners to address gender disparities in business leadership and innovation. While women make up a significant portion of Africa’s informal and micro-enterprise sector, they remain underrepresented in formalised, tech-driven environments."
New Vision,https://www.newvision.co.ug/category/business/stocks-rally-on-optimism-over-iran-war-ceasef-NV_231531_042026,"Stocks rally on optimism over Iran war ceasefire, oil extends gains",2026-04-10,"HONG KONG - Stocks rose Friday with investors still optimistic about the shaky ceasefire in the US-Iran war ahead of planned weekend talks, though oil prices extended gains over worries Israel's continued attacks on Lebanon could shatter the peace process. Washington and Tehran's announcement Tuesday of a two-week truce that would see the Strait of Hormuz reopened, having been closed since the start of the war, sparked a wave of euphoria across markets. But hopes for an end to the crisis have been hit by squabbles between the two sides over the agreement and the future of the key waterway, through which a fifth of the world's oil and gas passes. US and Iranian delegations are due in Pakistan for peace talks, but they come as Tehran says Israel has already broken terms of the ceasefire by continuing to hit Lebanese targets, where Israel says Iran-backed Hezbollah is located. The United States and Israel deny an end to attacks on Lebanon was in the deal. Meanwhile, Trump warned on Thursday against Iran's plan to charge a toll for ships passing through Hormuz, saying on social media : ""They better not be and, if they are, they better stop now!"" In a second message just a few minutes later, he added that ""very quickly, you'll see Oil start flowing, with or without the help of Iran."" He also said Tehran was ""doing a very poor job, dishonorable some would say, of allowing Oil to go through the Strait of Hormuz"". Just 10 vessels have passed through the waterway since the Middle East war ceasefire took effect, according to maritime tracking data. Only one of those tankers is not Iranian. Equity markets, which have been hammered since the war broke out on February 28, extended the week's gains. Tokyo, Hong Kong, Seoul, Shanghai and Taipei all rose at least one percent, while Singapore and Manila were also well up, though Sydney slipped. The gains followed a second healthy run-up on Wall Street. Oil prices climbed around one percent but sat just below $100 a barrel. West Texas Intermediate briefly jumped above the key level on Thursday. Analysts said the equity gains were helped by news that Israel and Lebanon will hold talks next week in Washington. That comes after NBC reported that Trump had asked Israeli Prime Minister Benjamin Netanyahu for a scale-back in strikes on its northern neighbour to ensure the success of negotiations with Iran. With stocks rising, IG market analyst Fabien Yip said those ""that suffered the deepest drawdowns during the conflict are likely candidates for the sharpest near-term recovery"". But she warned: ""The ceasefire is temporary and the details remain sparse. Iran's 10-point proposal and Washington's stated positions retain substantial differences, and the Islamabad talks carry no guarantee of success. ""Even the reopening of the Strait of Hormuz -- subject to Iran's 'technical limitations' -- will take weeks, if not months, before shipping backlogs are cleared and supply chains normalise. ""Crude oil prices are therefore unlikely to revert to pre-war levels in the near term."" Investors are also keeping tabs on the release later Friday of US inflation data, which observers say could provide an idea about the impact of the surge in crude on consumers. Prices are expected to have spiked 3.4 percent last month, from 2.4 percent in February, according to a Bloomberg survey. In company news, shares in Japanese retail titan Fast Retailing soared 10 percent to a record high after it hiked its full-year operating profit outlook, helped by healthy demand for its Uniqlo brand in the United States and Europe. Key figures at around 0230 GMT West Texas Intermediate: UP 0.8 percent at $98.67 a barrel Brent North Sea Crude: UP 0.6 percent at $96.51 a barrel Tokyo - Nikkei 225: UP 1.5 percent at 56,728.95 (break) Hong Kong - Hang Seng Index: UP 1.1 percent at 26,029.69 Shanghai - Composite: UP 1.0 percent at 4,006.68 Euro/dollar: DOWN at $1.1692 from $1.1707 on Thursday Pound/dollar: DOWN at $1.3428 from $1.3441 Dollar/yen: UP at 159.08 yen from 159.06 yen Euro/pound: DOWN at 87.07 pence from 87.09 pence New York - Dow Jones: UP 0.6 percent at 48,185.80 (close) London - FTSE 100: DOWN 0.1 percent at 10,603.48 (close)"
New Vision,https://www.newvision.co.ug/category/business/imf-to-cut-global-growth-forecast-due-to-mide-NV_231530_042026,IMF to cut global growth forecast due to Mideast war,2026-04-10,"WASHINGTON - The International Monetary Fund will lower global growth forecasts due to the Middle East war, its chief said Thursday, warning of the conflict's ""scarring effects"" despite a fragile ceasefire. ""Even in a best case, there will be no neat and clean return to the status quo ante,"" IMF managing director Kristalina Georgieva said. Georgieva said that -- even in the fund's ""most hopeful scenario"" -- spiraling energy costs, infrastructure damage, supply disruptions and a loss of market confidence meant growth would be less than expected. The IMF also anticipates having to provide up to $50 billion in immediate financial assistance to countries affected by the war, with food insecurity set to affect at least 45 million people. ""Given the spillovers from the war, we expect near-term demand for IMF balance-of-payments support to rise by somewhere between $20 billion and $50 billion, with the lower bound prevailing if ceasefire holds,"" Georgieva said. The IMF chief was kicking off the annual Spring Meetings co-hosted by the International Monetary Fund and the World Bank in Washington, which bring together top economic policymakers from around the world. Speaking on Bloomberg TV on Thursday, World Bank President Ajay Banga said his institution could put up as much as $25 billion ""very quickly"" in financing to developing countries affected by the war. He said as much as $60 billion may be made available over the longer term, if countries need it. The US-Israel war on Iran, launched on February 28, has engulfed the Middle East in violence, snarled supply chains and sent oil prices surging after Tehran virtually blocked the Strait of Hormuz. Tehran and Washington have traded accusations of violations of the ceasefire terms, with talks aimed at a more durable peace slated for Saturday. Georgieva highlighted the ""asymmetric"" effects of the crisis, hitting low-income energy importers much harder than others. ""Spare a thought for the Pacific Island nations at the end of a long supply chain, wondering if fuel still reaches them in the wake of such a severe disruption,"" she said. Global inflation On Wednesday, the World Bank said the Middle East -- which has seen retaliatory Iranian strikes hit countries across the Gulf and Israeli attacks in Lebanon -- saw ""a serious and immediate economic toll"" from the war. Excluding Iran, overall regional economic growth was expected to slow to just 1.8 percent in 2026 -- a downgrade of 2.4 percentage points from before the war, the Bank said. The IMF is also expected to revise global headline inflation upwards due to the oil price and supply chain shocks associated with the war. On Wednesday, the heads of the IMF, World Bank and World Food Programme (WFP) met in Washington to discuss the economic and food security impacts of the conflict. ""Sharp increases in oil, gas, and fertilizer prices, together with transport bottlenecks, will inevitably lead to rising food prices and food insecurity,"" said a joint statement on the meeting. The IMF and World Bank have also formed a coordination group to address the energy market impacts of the war. A top-level meeting of that body will take place on Monday. As part of the meetings, the IMF will release its annual Fiscal Monitor report, which is expected to flag rising government debt as countries tackle repeated economic shocks. In a new report this week, the IMF detailed the economic costs of war, estimating that output in countries where fighting takes place drops by three percent at the outset, ""and continues falling for years."" An earlier report on the Iran war said ""all roads lead to higher prices and slower growth,"" and highlighted the impact of a severely disrupted fertilizer supply chain on food security. ""Low-income countries are especially at risk of food insecurity; some may need more external support -- even as such assistance has been declining,"" the report said."
New Vision,https://www.newvision.co.ug/category/business/shilling-trades-firmer-on-thursday-NV_231520_042026,Shilling trades firmer on Thursday,2026-04-09,"______________ The Uganda shilling closed marginally firmer on Thursday, closing the day’s session at 3687/3697 compared to the opening level of 3690/3700. Traders said market activity remained subdued, largely driven by interbank selling pressure amid weak corporate demand for the dollar. In the near term, market analysts project that the shilling will continue trading within the 3660–3800 range. Money markets were sufficiently liquid, according to Absa data with overnight and one-week rates averaging 9.63% and 10.31%, respectively."
New Vision,https://www.newvision.co.ug/category/business/bou-to-secure-global-custodian-for-gold-reser-NV_231516_042026,BOU to secure global custodian for gold reserves – governor,2026-04-09,"_______________ The Bank of Uganda (BOU) has signed contracts with two gold suppliers, and the next move is to secure an international custodian to hold Uganda’s gold reserves, Governor Michael Atingi-Ego, said. This comes after the central bank finalised deals with EuroGold Refinery Ltd and Feldstein Trading Limited to start buying gold locally. “These are the two gold refineries that have been licensed by BOU. We have signed contracts with them. So, they will be the ones that will be refining the gold that we will be buying,” Atingi-Ego told New Vision on April 9. “The gold suppliers will be taking the gold to these refineries, where the BOU will be meeting them to buy. Suppliers deliver gold to the two refineries for initial testing to confirm it is mined locally and meets purity standards.” International custodians play a central role in managing central bank gold reserves, offering secure storage that supports liquidity, limits geopolitical risk and boosts credibility in global markets. The Bank of England is the most widely used location, holding gold for 64% of surveyed central banks, according to reports. The signing of the two contracts also marks the start of the Domestic Gold Purchase Programme. The central bank aims to buy its first 100 kilograms of refined gold, worth about $160m (sh592b), and use the programme to add value to Uganda’s gold industry while building official reserves. In recent years, gold has regained its importance as a financial asset, with many investors using it as a hedge against inflation and market volatility. Globally, central banks and other financial institutions continue to hold significant amounts of gold as part of their reserve assets. The most recent data from April 2023 reveals that international organizations, including the International Monetary Fund (IMF) and the Bank for International Settlements, possess approximately 9% of the world’s official gold holdings. Artisanal and small-scale mining (ASM) plays a significant role in gold production. ASM is the second largest employer after agriculture and employs 10 times more miners than the large-scale mining sector, producing 18% of Africa's gold. However, the sector remains largely informal and unregulated. Uganda’s proximity to conflict torn countries such as the Democratic Republic of Congo and South Sudan, both major sources of smuggled minerals, has compounded the problem. Precious stones and metals enter the country illegally and are moved on to global markets through licensed refineries, often without proper oversight."
New Vision,https://www.newvision.co.ug/category/business/npa-partners-launch-ug-catalyst-summit-to-acc-NV_231480_042026,"NPA, partners launch UG Catalyst Summit to accelerate enterprise-led growth under NDP IV",2026-04-09,"__________________ The National Planning Authority, in partnership with Innovation Village Hub, has officially launched the UG Catalyst Summit, a national execution platform designed to accelerate the delivery of Uganda’s growth agenda under the National Development Plan IV (NDP IV), with enterprise at the centre of implementation. The Summit, slated for June 25th-26th this year, is structured to translate national priorities into enterprise-led growth, linking businesses to markets, capital, and coordinated support systems. It is anchored in the ATMS priority sectors of Agro-Industrialization, Tourism Development (including Creative Industries), Mineral Development (including Oil & Gas), and Science, Technology and Innovation. Speaking during a media briefing in Kampala on Wednesday, Dr Asumani Gulobi, Senior Manager Development Planning at NPA, noted that Uganda’s ambition to achieve tenfold economic growth will be supported by a strong policy framework. He highlighted that the opportunity now is to translate this into enterprise-led outcomes by unlocking market access, aligning capital, and strengthening participation across priority sector value chains. “From a national planning perspective, the priority is ensuring that enterprises can contribute directly and measurably to NDP IV outcomes. This requires stronger alignment between policy, enterprise development systems, and investment flows.” Asumani noted. Rita Ngenzi, Executive Director of Innovation Village Hub, added that the priority now is ensuring that enterprises are effectively positioned to deliver measurable results. “Uganda’s growth agenda is grounded in a clear and robust national plan. This, however, requires deliberate alignment of enterprise pipelines with market opportunities, capital, and coordinated institutional support.” The UG Catalyst Summit serves as a national platform that connects enterprise pipelines to markets, capital, and coordinated ecosystem support across priority sectors. A central feature of the Summit is the Opportunity Dashboard, a national intelligence platform providing real-time visibility into enterprise pipelines, sector opportunities, and performance. The platform enables data-driven decision-making, more effective capital allocation, and tracking of enterprise contribution to national growth outcomes."
New Vision,https://www.newvision.co.ug/category/business/afro-arab-youth-council-inks-partnerships-to-NV_231469_042026,Afro-Arab Youth Council inks partnerships to boost youth empowerment,2026-04-09,"_____________________ The Afro-Arab Youth Council (AAYC) has signed three Memoranda of Understanding with the Uganda National Students Association (UNSA), the National Youth Council (NYC), and the United Nations African Institute for the Prevention of Crime and the Treatment of Offenders (UNAFRI), in a move aimed at strengthening youth empowerment, leadership development, and regional cooperation. The agreements with UNSA and NYC were signed on April 8, 2026, at BMK House in Kampala, while the UNAFRI partnership was formalised at the institute’s headquarters in Naguru. Speaking during the signing with UNSA at BMK House, AAYC secretary general Abbas Agaba described the partnership as a formalisation of a long-standing relationship. “UNSA was part of the founding team of AAYC in 2004 in Khartoum. Today we are simply strengthening and formalising that relationship,” he said. Agaba noted that the MOU will focus on joint programmes, training, capacity building, and youth mobilisation within schools and universities. UNSA president Shillah Ainembabazi welcomed the agreement, saying it will expand opportunities for students. “This partnership will strengthen leadership development, expand training opportunities, and increase student participation in national and international platforms,” she said. At the same venue, the National Youth Council also signed its MOU with AAYC, with NYC chairperson Jacob Eyeru welcoming the partnership while stressing the need for implementation. “This partnership should not remain on paper. It must be translated into real programmes that directly benefit young people,” he said. He called for joint initiatives focused on skills development, opportunity creation, and improved youth livelihoods. AAYC president Abdulhadi Ibrahim Lahweej said the agreements reflect a shared commitment to empowering young people across Africa and the Arab world. “These MOUs are not just formalities, they are a commitment to work together for youth empowerment, unity, and development,” he said. In a separate ceremony at UNAFRI headquarters in Naguru, AAYC signed another MOU focused on cooperation in crime prevention, research, and youth rehabilitation. UNAFRI director general Andrew Munanura said the partnership will enhance training, research, and knowledge sharing to address emerging crime challenges, especially those affecting young people. He noted that cybercrime, terrorism, and online exploitation continue to pose major risks to youth, calling for stronger preventive action and awareness. AAYC secretary general Abbas Agaba said the collaboration will help empower young people to contribute to solutions in addressing crime and social challenges. Agaba said young people are part of the solution, not the problem, and should be empowered to drive positive change and development in society. The agreements are expected to enhance youth engagement, leadership development, and cross-regional cooperation between Africa and the Arab world, with leaders expressing optimism that the MOUs will be translated into practical programmes benefiting young people."
