actor,driver,region,sector
Court,land_row_dispute,Central,Other
Parliament,land_row_dispute,Central,Other
Police,land_row_dispute,Central,Other
Court,land_row_dispute,Central,Roads/Transport
Government,land_row_dispute,Central,Roads/Transport
KCCA,land_row_dispute,Central,Roads/Transport
Parliament,land_row_dispute,Central,Roads/Transport
Government,governance_oversight_failure,Central,Energy
NSSF,governance_oversight_failure,Central,Energy
Parliament,governance_oversight_failure,Central,Energy
President Museveni,governance_oversight_failure,Central,Energy
URA,governance_oversight_failure,Central,Energy
NSSF,delay_time_overrun,Central,Energy
Court,land_row_dispute,Central,Roads/Transport
Ministry of Education,land_row_dispute,Central,Roads/Transport
Court,land_row_dispute,Central,Roads/Transport
Government,land_row_dispute,Central,Roads/Transport
President Museveni,land_row_dispute,Central,Roads/Transport
UNRA,land_row_dispute,Central,Roads/Transport
Government,quality_technical_defect,Central,Roads/Transport
Ministry of Works,quality_technical_defect,Central,Roads/Transport
Government,land_row_dispute,Central,Roads/Transport
Ministry of Finance,land_row_dispute,Central,Roads/Transport
World Bank,land_row_dispute,Central,Roads/Transport
Government,land_row_dispute,Central,Buildings/Housing
URA,land_row_dispute,Central,Buildings/Housing
Court,land_row_dispute,Central,Energy
President Museveni,land_row_dispute,Central,Energy
Court,quality_technical_defect,Central,Roads/Transport
Government,quality_technical_defect,Central,Roads/Transport
Police,quality_technical_defect,Central,Roads/Transport
President Museveni,quality_technical_defect,Central,Roads/Transport
Police,delay_time_overrun,Western,Roads/Transport
Court,contract_management_failure,Central,Land/Urban
KCCA,contract_management_failure,Central,Land/Urban
Ministry of Education,contract_management_failure,Central,Land/Urban
Parliament,contract_management_failure,Central,Land/Urban
Court,land_row_dispute,Cross-border,Roads/Transport
Government,land_row_dispute,Cross-border,Roads/Transport
Parliament,land_row_dispute,Cross-border,Roads/Transport
UNRA,land_row_dispute,Cross-border,Roads/Transport
Umeme/ERA,land_row_dispute,Cross-border,Roads/Transport
World Bank,land_row_dispute,Cross-border,Roads/Transport
UNRA,quality_technical_defect,Central,Roads/Transport
Umeme/ERA,land_row_dispute,Central,Roads/Transport
Government,land_row_dispute,Central,Roads/Transport
Ministry of Works,land_row_dispute,Central,Roads/Transport
Ministry of Education,land_row_dispute,Central,Other
KCCA,land_row_dispute,Central,Land/Urban
Government,land_row_dispute,Central,Roads/Transport
Ministry of Finance,land_row_dispute,Central,Roads/Transport
UNRA,land_row_dispute,Central,Roads/Transport
Court,governance_oversight_failure,Central,Land/Urban
Government,governance_oversight_failure,Central,Land/Urban
KCCA,governance_oversight_failure,Central,Land/Urban
Ministry of Finance,governance_oversight_failure,Central,Land/Urban
Parliament,governance_oversight_failure,Central,Land/Urban
Police,governance_oversight_failure,Central,Land/Urban
URA,governance_oversight_failure,Central,Land/Urban
Court,land_row_dispute,Western,Roads/Transport
Government,land_row_dispute,Western,Roads/Transport
UNRA,land_row_dispute,Western,Roads/Transport
Government,land_row_dispute,Central,Buildings/Housing
Government,land_row_dispute,Eastern,Other
Parliament,land_row_dispute,Eastern,Other
Umeme/ERA,land_row_dispute,National Corridor,Energy
KCCA,delay_time_overrun,Central,Roads/Transport
Police,delay_time_overrun,Central,Roads/Transport
Government,land_row_dispute,Central,Roads/Transport
Parliament,land_row_dispute,Central,Roads/Transport
URA,land_row_dispute,Central,Roads/Transport
EACOP,land_row_dispute,Western,Energy
Government,land_row_dispute,Western,Energy
Government,delay_time_overrun,Northern,Energy
IGG,delay_time_overrun,Northern,Energy
Ministry of Finance,delay_time_overrun,Northern,Energy
Police,land_row_dispute,Eastern,Roads/Transport
NSSF,land_row_dispute,Cross-border,Energy
Government,land_row_dispute,Central,Energy
Court,delay_time_overrun,Central,Roads/Transport
Government,delay_time_overrun,Central,Roads/Transport
KCCA,delay_time_overrun,Central,Roads/Transport
President Museveni,delay_time_overrun,Central,Roads/Transport
Court,land_row_dispute,Central,Water/Sanitation
Government,land_row_dispute,Central,Water/Sanitation
Police,land_row_dispute,Central,Water/Sanitation
President Museveni,land_row_dispute,Central,Water/Sanitation
Ministry of Works,land_row_dispute,Central,Roads/Transport
NSSF,land_row_dispute,Central,Roads/Transport
Government,land_row_dispute,Eastern,Water/Sanitation
KCCA,delay_time_overrun,Central,Roads/Transport
World Bank,delay_time_overrun,Central,Roads/Transport
Court,land_row_dispute,Central,Roads/Transport
KCCA,land_row_dispute,Central,Roads/Transport
Police,land_row_dispute,Central,Roads/Transport
Government,procurement_irregularity,Central,Other
PPDA,procurement_irregularity,Central,Other
Government,land_row_dispute,Central,Energy
Ministry of Education,land_row_dispute,Central,Energy
Parliament,land_row_dispute,Central,Energy
Police,land_row_dispute,Central,Energy
Court,land_row_dispute,Northern,Energy
Ministry of Education,land_row_dispute,Central,Buildings/Housing
Government,land_row_dispute,Central,Roads/Transport
KCCA,land_row_dispute,Central,Roads/Transport
Police,land_row_dispute,Eastern,Roads/Transport
Court,land_row_dispute,Central,Other
Government,land_row_dispute,Central/Western,Energy
Ministry of Energy,land_row_dispute,Central/Western,Energy
President Museveni,land_row_dispute,Central/Western,Energy
Government,land_row_dispute,Northern,Energy
President Museveni,land_row_dispute,Northern,Energy
Government,land_row_dispute,Central,Other
President Museveni,land_row_dispute,Central,Other
KCCA,land_row_dispute,Central,Land/Urban
URA,land_row_dispute,Central,Land/Urban
Parliament,land_row_dispute,Central,Roads/Transport
World Bank,land_row_dispute,Central,Roads/Transport
Government,land_row_dispute,Central,Other
Parliament,land_row_dispute,Central,Other
UNRA,quality_technical_defect,Eastern,Roads/Transport
Government,delay_time_overrun,Eastern,Roads/Transport
World Bank,delay_time_overrun,Eastern,Roads/Transport
Parliament,procurement_irregularity,Central,Energy
Police,procurement_irregularity,Central,Energy
President Museveni,procurement_irregularity,Central,Energy
Umeme/ERA,procurement_irregularity,Central,Energy
Government,procurement_irregularity,Central,Buildings/Housing
President Museveni,procurement_irregularity,Central,Buildings/Housing
Court,land_row_dispute,Western,Energy
EACOP,land_row_dispute,Western,Energy
Government,land_row_dispute,Western,Energy
Ministry of Energy,land_row_dispute,Western,Energy
President Museveni,land_row_dispute,Western,Energy
Government,land_row_dispute,Central,Energy
Police,land_row_dispute,Central,Energy
President Museveni,land_row_dispute,Central,Energy
Umeme,land_row_dispute,Central,Energy
Government,land_row_dispute,Central,Roads/Transport
Ministry of Education,land_row_dispute,Central,Roads/Transport
Police,land_row_dispute,Central,Roads/Transport
Government,governance_oversight_failure,Central,Roads/Transport
President Museveni,governance_oversight_failure,Central,Roads/Transport
Government,land_row_dispute,Central,Roads/Transport
Ministry of Education,land_row_dispute,Central,Roads/Transport
Parliament,land_row_dispute,Central,Roads/Transport
Court,land_row_dispute,Central,Land/Urban
Government,delay_time_overrun,Central,Roads/Transport
Ministry of Works,delay_time_overrun,Central,Roads/Transport
Court,land_row_dispute,Central,Oil/Gas
Police,land_row_dispute,Central,Oil/Gas
President Museveni,land_row_dispute,Central,Oil/Gas
Government,land_row_dispute,Central,Water/Sanitation
Ministry of Finance,land_row_dispute,Central,Water/Sanitation
Parliament,land_row_dispute,Central,Water/Sanitation
EACOP,land_row_dispute,Central,Energy
Government,land_row_dispute,Central,Energy
Ministry of Energy,land_row_dispute,Central,Energy
Ministry of Finance,land_row_dispute,Central,Energy
Parliament,land_row_dispute,Central,Energy
Court,procurement_irregularity,Eastern,Other
Government,procurement_irregularity,Eastern,Other
IGG,procurement_irregularity,Eastern,Other
Government,land_row_dispute,Northern,Energy
Court,delay_time_overrun,Northern,Other
Government,delay_time_overrun,Northern,Other
Parliament,delay_time_overrun,Northern,Other
Court,land_row_dispute,Central,Energy
Government,land_row_dispute,Central,Energy
Ministry of Finance,land_row_dispute,Central,Energy
Ministry of Health,land_row_dispute,Central,Energy
Parliament,land_row_dispute,Central,Energy
UNRA,land_row_dispute,Eastern,Roads/Transport
Court,land_row_dispute,Central,Buildings/Housing
Government,land_row_dispute,Central,Buildings/Housing
Ministry of Finance,land_row_dispute,Central,Buildings/Housing
Parliament,land_row_dispute,Central,Buildings/Housing
Government,land_row_dispute,Central,Energy
KCCA,land_row_dispute,Central,Energy
Ministry of Finance,land_row_dispute,Central,Energy
Parliament,land_row_dispute,Central,Energy
URA,land_row_dispute,Central,Energy
Government,land_row_dispute,Central,Roads/Transport
Police,land_row_dispute,Central,Roads/Transport
Court,land_row_dispute,Central,Other
Government,quality_technical_defect,Cross-border,Roads/Transport
Government,land_row_dispute,Northern,Water/Sanitation
NEMA,land_row_dispute,Northern,Water/Sanitation
President Museveni,land_row_dispute,Northern,Water/Sanitation
Court,land_row_dispute,Cross-border,Energy
Government,land_row_dispute,Central,Energy
Parliament,land_row_dispute,Central,Energy
Police,land_row_dispute,Central,Energy
President Museveni,land_row_dispute,Central,Energy
World Bank,land_row_dispute,Central,Energy
Parliament,land_row_dispute,Eastern,Other
Government,land_row_dispute,Central,Roads/Transport
Ministry of Finance,land_row_dispute,Central,Roads/Transport
Court,land_row_dispute,Central,Land/Urban
Police,land_row_dispute,Central,Land/Urban
Court,delay_time_overrun,National Corridor,Buildings/Housing
Government,delay_time_overrun,National Corridor,Buildings/Housing
Police,delay_time_overrun,National Corridor,Buildings/Housing
Government,procurement_irregularity,Northern,Buildings/Housing
Ministry of Health,procurement_irregularity,Northern,Buildings/Housing
Government,land_row_dispute,Central,Buildings/Housing
Umeme/ERA,land_row_dispute,Central,Buildings/Housing
World Bank,land_row_dispute,Western,Energy
Government,quality_technical_defect,Northern,Roads/Transport
Parliament,quality_technical_defect,Northern,Roads/Transport
President Museveni,quality_technical_defect,Northern,Roads/Transport
Government,land_row_dispute,Eastern,Energy
Umeme,land_row_dispute,Eastern,Energy
Government,delay_time_overrun,Cross-border,Other
Government,land_row_dispute,Central,Roads/Transport
Parliament,land_row_dispute,Central,Roads/Transport
President Museveni,land_row_dispute,Central,Roads/Transport
Government,land_row_dispute,Central,Buildings/Housing
Ministry of Finance,land_row_dispute,Central,Buildings/Housing
NSSF,land_row_dispute,Central,Buildings/Housing
President Museveni,land_row_dispute,Central,Buildings/Housing
Ministry of Energy,land_row_dispute,Northern,Energy
NEMA,land_row_dispute,Northern,Energy
President Museveni,land_row_dispute,Northern,Energy
Government,land_row_dispute,Eastern,Roads/Transport
KCCA,land_row_dispute,Central,Roads/Transport
UNRA,land_row_dispute,Central,Roads/Transport
Court,land_row_dispute,Central,Buildings/Housing
Government,land_row_dispute,Central,Buildings/Housing
Government,contract_management_failure,Central,Buildings/Housing
EACOP,land_row_dispute,Central,Oil/Gas
Government,land_row_dispute,Central,Oil/Gas
Court,land_row_dispute,Eastern,Other
Government,quality_technical_defect,Cross-border,Energy
Ministry of Education,quality_technical_defect,Cross-border,Energy
Court,delay_time_overrun,Central,Buildings/Housing
Government,delay_time_overrun,Central,Buildings/Housing
Parliament,delay_time_overrun,Central,Buildings/Housing
Government,land_row_dispute,Eastern,Buildings/Housing
Police,land_row_dispute,Eastern,Buildings/Housing
Court,procurement_irregularity,Central,Buildings/Housing
Government,procurement_irregularity,Central,Buildings/Housing
Ministry of Health,procurement_irregularity,Central,Buildings/Housing
Police,procurement_irregularity,Central,Buildings/Housing
Ministry of Works,land_row_dispute,Central,Roads/Transport
Government,land_row_dispute,Central,Buildings/Housing
Ministry of Health,land_row_dispute,Central,Buildings/Housing
Court,land_row_dispute,Central,Energy
EACOP,land_row_dispute,Central,Energy
Government,land_row_dispute,Central,Energy
Ministry of Energy,land_row_dispute,Central,Energy
Court,land_row_dispute,Eastern,Roads/Transport
Government,land_row_dispute,Eastern,Roads/Transport
Court,land_row_dispute,Northern,Land/Urban
Government,land_row_dispute,Central,Roads/Transport
IGG,land_row_dispute,Central,Roads/Transport
Ministry of Health,land_row_dispute,Central,Roads/Transport
Police,land_row_dispute,Central,Roads/Transport
Government,land_row_dispute,Central,Roads/Transport
Court,governance_oversight_failure,Cross-border,Oil/Gas
Government,governance_oversight_failure,Cross-border,Oil/Gas
Parliament,governance_oversight_failure,Cross-border,Oil/Gas
Police,governance_oversight_failure,Cross-border,Oil/Gas
President Museveni,governance_oversight_failure,Cross-border,Oil/Gas
Court,land_row_dispute,Cross-border,Buildings/Housing
Government,land_row_dispute,Cross-border,Buildings/Housing
Parliament,land_row_dispute,Central,Water/Sanitation
Police,land_row_dispute,Central,Water/Sanitation
President Museveni,land_row_dispute,Central,Water/Sanitation
Government,land_row_dispute,Eastern,Buildings/Housing
President Museveni,land_row_dispute,Eastern,Buildings/Housing
Parliament,delay_time_overrun,Central,Energy
President Museveni,delay_time_overrun,Central,Energy
KCCA,governance_oversight_failure,Central,Land/Urban
Government,land_row_dispute,Central,Buildings/Housing
President Museveni,land_row_dispute,Central,Buildings/Housing
Court,land_row_dispute,Eastern,Other
Government,land_row_dispute,Eastern,Other
Parliament,land_row_dispute,Eastern,Other
Ministry of Energy,land_row_dispute,Central/Western,Energy
President Museveni,land_row_dispute,Central/Western,Energy
Government,delay_time_overrun,Central,Roads/Transport
Umeme,delay_time_overrun,Central,Roads/Transport
Government,land_row_dispute,Cross-border,Water/Sanitation
Government,land_row_dispute,Central,Buildings/Housing
Court,land_row_dispute,Central,Energy
Government,land_row_dispute,Central,Energy
Parliament,land_row_dispute,Central,Energy
President Museveni,land_row_dispute,Central,Energy
World Bank,land_row_dispute,Central,Energy
Government,governance_oversight_failure,Central,Roads/Transport
KCCA,governance_oversight_failure,Eastern,Land/Urban
URA,governance_oversight_failure,Eastern,Land/Urban
Parliament,contract_management_failure,Cross-border,Buildings/Housing
Government,land_row_dispute,Eastern,Water/Sanitation
NEMA,land_row_dispute,Eastern,Water/Sanitation
Parliament,land_row_dispute,Eastern,Water/Sanitation
Court,land_row_dispute,Cross-border,Energy
Government,land_row_dispute,Cross-border,Energy
Ministry of Energy,land_row_dispute,Cross-border,Energy
Parliament,land_row_dispute,Cross-border,Energy
Court,land_row_dispute,Central,Other
Police,land_row_dispute,Central,Other
President Museveni,land_row_dispute,Central,Other
Government,land_row_dispute,Cross-border,Water/Sanitation
Court,land_row_dispute,Northern/Eastern,Buildings/Housing
Government,land_row_dispute,Northern/Eastern,Buildings/Housing
NSSF,land_row_dispute,Northern/Eastern,Buildings/Housing
Parliament,land_row_dispute,Northern/Eastern,Buildings/Housing
Government,procurement_irregularity,Central,Energy
Police,procurement_irregularity,Central,Energy
Government,land_row_dispute,Central,Roads/Transport
Police,land_row_dispute,Central,Roads/Transport
World Bank,land_row_dispute,Central,Roads/Transport
Government,land_row_dispute,Cross-border,Buildings/Housing
UNRA,quality_technical_defect,National Corridor,Roads/Transport
Government,land_row_dispute,Central,Buildings/Housing
Ministry of Education,land_row_dispute,Central,Buildings/Housing
Police,land_row_dispute,Central,Roads/Transport
Parliament,contract_management_failure,Central,Energy
NSSF,land_row_dispute,Central,Energy
Court,procurement_irregularity,Central,Roads/Transport
Parliament,procurement_irregularity,Central,Roads/Transport
Police,procurement_irregularity,Central,Roads/Transport
President Museveni,procurement_irregularity,Central,Roads/Transport
Government,land_row_dispute,Western,Land/Urban
Parliament,land_row_dispute,Western,Land/Urban
President Museveni,land_row_dispute,Western,Land/Urban
EACOP,land_row_dispute,Western,Energy
Government,land_row_dispute,Western,Energy
Ministry of Energy,land_row_dispute,Western,Energy
Government,land_row_dispute,Central,Roads/Transport
KCCA,land_row_dispute,Central,Roads/Transport
PPDA,procurement_irregularity,Central,Other
Court,land_row_dispute,Central/Western,Energy
Government,land_row_dispute,Central/Western,Energy
President Museveni,land_row_dispute,Central/Western,Energy
Court,land_row_dispute,Central,Roads/Transport
Government,land_row_dispute,Central,Roads/Transport
Parliament,land_row_dispute,Central,Roads/Transport
UNRA,land_row_dispute,Central,Roads/Transport
Government,land_row_dispute,Central/Western,Energy
Ministry of Education,land_row_dispute,Northern,Roads/Transport
UNRA,land_row_dispute,Central,Roads/Transport
KCCA,delay_time_overrun,Central,Roads/Transport
Government,land_row_dispute,Western,Roads/Transport
Parliament,land_row_dispute,Western,Roads/Transport
UNRA,land_row_dispute,Western,Roads/Transport
Ministry of Health,land_row_dispute,Central,Buildings/Housing
Government,land_row_dispute,Central,Buildings/Housing
Ministry of Finance,land_row_dispute,Central,Buildings/Housing
Parliament,land_row_dispute,Central,Buildings/Housing
Government,land_row_dispute,Central,Roads/Transport
Parliament,land_row_dispute,Central,Roads/Transport
President Museveni,land_row_dispute,Central,Roads/Transport
Court,land_row_dispute,Central,Land/Urban
Court,land_row_dispute,Cross-border,Buildings/Housing
Government,land_row_dispute,Cross-border,Buildings/Housing
Ministry of Finance,land_row_dispute,Cross-border,Buildings/Housing
Ministry of Health,land_row_dispute,Cross-border,Buildings/Housing
Parliament,land_row_dispute,Cross-border,Buildings/Housing
President Museveni,land_row_dispute,Cross-border,Buildings/Housing
URA,land_row_dispute,Cross-border,Buildings/Housing
Police,land_row_dispute,Central/Western,Roads/Transport
Court,quality_technical_defect,Central,Roads/Transport
Government,quality_technical_defect,Central,Roads/Transport
Government,land_row_dispute,Central,Buildings/Housing
Ministry of Education,land_row_dispute,Central,Buildings/Housing
Ministry of Finance,land_row_dispute,Central,Buildings/Housing
Police,land_row_dispute,Central,Buildings/Housing
Government,governance_oversight_failure,Central,Buildings/Housing
Parliament,governance_oversight_failure,Central,Buildings/Housing
President Museveni,governance_oversight_failure,Central,Buildings/Housing
KCCA,land_row_dispute,Central,Land/Urban
URA,land_row_dispute,Central,Land/Urban
Government,land_row_dispute,Central,Land/Urban
Ministry of Education,land_row_dispute,Central,Land/Urban
Ministry of Finance,land_row_dispute,Central,Land/Urban
President Museveni,land_row_dispute,Central,Land/Urban
Government,land_row_dispute,Central,Roads/Transport
Ministry of Works,land_row_dispute,Central,Roads/Transport
Government,land_row_dispute,Cross-border,Roads/Transport
Ministry of Works,land_row_dispute,Cross-border,Roads/Transport
President Museveni,land_row_dispute,Cross-border,Roads/Transport
Government,land_row_dispute,Central,Roads/Transport
KCCA,land_row_dispute,Central,Roads/Transport
URA,land_row_dispute,Central,Roads/Transport
Government,contract_management_failure,Central,Buildings/Housing
IGG,contract_management_failure,Central,Buildings/Housing
NSSF,contract_management_failure,Central,Buildings/Housing
Parliament,contract_management_failure,Central,Buildings/Housing
President Museveni,contract_management_failure,Central,Buildings/Housing
Government,land_row_dispute,Cross-border,Roads/Transport
Government,procurement_irregularity,Central,Buildings/Housing
Ministry of Finance,procurement_irregularity,Central,Buildings/Housing
Ministry of Health,procurement_irregularity,Central,Buildings/Housing
KCCA,land_row_dispute,National Corridor,Land/Urban
EACOP,land_row_dispute,Eastern,Roads/Transport
Government,land_row_dispute,Eastern,Roads/Transport
Parliament,land_row_dispute,Northern/Eastern,Water/Sanitation
UEGCL,delay_time_overrun,Northern,Energy
Umeme,delay_time_overrun,Northern,Energy
Umeme/ERA,delay_time_overrun,Northern,Energy
Government,delay_time_overrun,Eastern,Energy
Umeme/ERA,delay_time_overrun,Eastern,Energy
World Bank,delay_time_overrun,Eastern,Energy
Court,land_row_dispute,Central,Water/Sanitation
Government,land_row_dispute,Western,Energy
Ministry of Energy,land_row_dispute,Western,Energy
Ministry of Finance,land_row_dispute,Western,Energy
UEGCL,land_row_dispute,Western,Energy
Court,land_row_dispute,Central,Roads/Transport
Government,land_row_dispute,Central,Roads/Transport
NEMA,land_row_dispute,Central,Roads/Transport
President Museveni,land_row_dispute,Central,Roads/Transport
Umeme,land_row_dispute,Central,Roads/Transport
Government,land_row_dispute,Central,Other
Ministry of Finance,land_row_dispute,Central,Other
Parliament,land_row_dispute,Central,Other
Umeme,land_row_dispute,Eastern,Energy
Court,land_row_dispute,Central,Roads/Transport
Police,land_row_dispute,Central,Roads/Transport
Police,land_row_dispute,Northern,Buildings/Housing
Government,land_row_dispute,Eastern,Energy
UEGCL,land_row_dispute,Eastern,Energy
Government,land_row_dispute,Northern,Land/Urban
Umeme,land_row_dispute,Cross-border,Roads/Transport
Court,contract_management_failure,Cross-border,Energy
Government,contract_management_failure,Cross-border,Energy
Umeme/ERA,contract_management_failure,Cross-border,Energy
Parliament,governance_oversight_failure,Central,Buildings/Housing
Court,land_row_dispute,Central,Energy
Government,land_row_dispute,Central,Energy
Ministry of Health,land_row_dispute,Central,Energy
Parliament,land_row_dispute,Central,Energy
President Museveni,land_row_dispute,Central,Energy
Court,land_row_dispute,Central,Roads/Transport
Government,land_row_dispute,Central,Roads/Transport
KCCA,land_row_dispute,Central,Roads/Transport
Ministry of Finance,land_row_dispute,Central,Roads/Transport
Ministry of Works,land_row_dispute,Central,Roads/Transport
Parliament,land_row_dispute,Central,Roads/Transport
UNRA,land_row_dispute,Central,Roads/Transport
World Bank,land_row_dispute,Central,Roads/Transport
Government,land_row_dispute,Central,Roads/Transport
Government,governance_oversight_failure,Eastern,Energy
Ministry of Education,governance_oversight_failure,Eastern,Energy
Parliament,governance_oversight_failure,Eastern,Energy
Court,procurement_irregularity,Central,Land/Urban
Government,procurement_irregularity,Central,Land/Urban
KCCA,procurement_irregularity,Central,Land/Urban
NSSF,procurement_irregularity,Central,Land/Urban
URA,procurement_irregularity,Central,Land/Urban
Government,procurement_irregularity,Central,Roads/Transport
IGG,procurement_irregularity,Central,Roads/Transport
NEMA,procurement_irregularity,Central,Roads/Transport
Parliament,procurement_irregularity,Central,Roads/Transport
Police,procurement_irregularity,Central,Roads/Transport
UNRA,procurement_irregularity,Central,Roads/Transport
Umeme,land_row_dispute,Eastern,Energy
Court,delay_time_overrun,Cross-border,Energy
Government,delay_time_overrun,Cross-border,Energy
Parliament,delay_time_overrun,Cross-border,Energy
Police,delay_time_overrun,Cross-border,Energy
Government,land_row_dispute,Central,Buildings/Housing
Ministry of Education,land_row_dispute,Central,Buildings/Housing
Government,land_row_dispute,Central,Roads/Transport
Government,land_row_dispute,Central,Buildings/Housing
President Museveni,land_row_dispute,Central,Buildings/Housing
World Bank,land_row_dispute,Central,Buildings/Housing
KCCA,land_row_dispute,Central,Land/Urban
Police,land_row_dispute,Central,Land/Urban
URA,land_row_dispute,Central,Land/Urban
Government,land_row_dispute,Western,Roads/Transport
President Museveni,land_row_dispute,Western,Roads/Transport
Court,delay_time_overrun,Central,Other
EACOP,land_row_dispute,Western,Energy
NEMA,land_row_dispute,Western,Energy
Government,land_row_dispute,Central,Other
Police,land_row_dispute,Central,Other
URA,land_row_dispute,Central,Other
Court,land_row_dispute,Eastern,Buildings/Housing
President Museveni,land_row_dispute,Eastern,Buildings/Housing
Government,land_row_dispute,Central,Roads/Transport
KCCA,land_row_dispute,Central,Roads/Transport
Parliament,land_row_dispute,Central,Roads/Transport
Police,land_row_dispute,Central,Roads/Transport
President Museveni,land_row_dispute,Central,Roads/Transport
UNRA,land_row_dispute,Central,Roads/Transport
Court,land_row_dispute,Central,Other
Police,land_row_dispute,Central,Other
World Bank,land_row_dispute,Cross-border,Roads/Transport
Government,land_row_dispute,Central,Other
Parliament,land_row_dispute,Central,Other
Government,land_row_dispute,Central,Roads/Transport
Ministry of Education,land_row_dispute,Central,Roads/Transport
Government,governance_oversight_failure,Central,Roads/Transport
IGG,governance_oversight_failure,Central,Roads/Transport
Parliament,governance_oversight_failure,Central,Roads/Transport
UNRA,governance_oversight_failure,Central,Roads/Transport
Court,governance_oversight_failure,Northern/Eastern,Buildings/Housing
Government,governance_oversight_failure,Northern/Eastern,Buildings/Housing
IGG,governance_oversight_failure,Northern/Eastern,Buildings/Housing
KCCA,land_row_dispute,Central,Land/Urban
URA,land_row_dispute,Central,Land/Urban
Police,land_row_dispute,Central,Buildings/Housing
Government,quality_technical_defect,Northern,Roads/Transport
Parliament,quality_technical_defect,Northern,Roads/Transport
UNRA,quality_technical_defect,Northern,Roads/Transport
Government,land_row_dispute,Central,Roads/Transport
Parliament,land_row_dispute,Central,Roads/Transport
Police,land_row_dispute,Central,Roads/Transport
President Museveni,land_row_dispute,Central,Roads/Transport
Government,land_row_dispute,Central,Roads/Transport
UEGCL,land_row_dispute,Central,Roads/Transport
Government,delay_time_overrun,Central,Buildings/Housing
Ministry of Education,delay_time_overrun,Central,Buildings/Housing
Ministry of Health,contract_management_failure,Central,Buildings/Housing
Court,procurement_irregularity,Central,Roads/Transport
Court,land_row_dispute,Cross-border,Oil/Gas
EACOP,land_row_dispute,Cross-border,Oil/Gas
Government,land_row_dispute,Cross-border,Oil/Gas
President Museveni,land_row_dispute,Cross-border,Oil/Gas
President Museveni,land_row_dispute,Central,Energy
Court,land_row_dispute,Central,Roads/Transport
KCCA,land_row_dispute,Central,Roads/Transport
Police,land_row_dispute,Central,Roads/Transport
World Bank,land_row_dispute,Central,Roads/Transport
Court,land_row_dispute,Northern,Land/Urban
Government,payment_financial_dispute,Cross-border,Water/Sanitation
NWSC,payment_financial_dispute,Cross-border,Water/Sanitation
Court,contract_management_failure,Central,Land/Urban
Government,contract_management_failure,Central,Land/Urban
Government,land_row_dispute,Northern,Energy
UEGCL,land_row_dispute,Northern,Energy
Court,land_row_dispute,Central,Roads/Transport
Government,land_row_dispute,Central,Roads/Transport
Government,land_row_dispute,Central,Other
Parliament,land_row_dispute,Central,Other
KCCA,land_row_dispute,Northern,Land/Urban
Police,land_row_dispute,Central,Roads/Transport
UNRA,land_row_dispute,Central,Roads/Transport
Government,quality_technical_defect,Western,Buildings/Housing
Police,quality_technical_defect,Western,Buildings/Housing
Court,land_row_dispute,Central,Roads/Transport
Government,land_row_dispute,Central,Roads/Transport
UNRA,land_row_dispute,Central,Roads/Transport
Government,land_row_dispute,Central,Buildings/Housing
Ministry of Health,land_row_dispute,Central,Buildings/Housing
Umeme/ERA,delay_time_overrun,Eastern,Energy
Government,land_row_dispute,Central,Other
Police,land_row_dispute,Central,Other
President Museveni,land_row_dispute,Central,Other
Government,land_row_dispute,Central,Land/Urban
Parliament,land_row_dispute,Central,Land/Urban
President Museveni,land_row_dispute,Central,Land/Urban
Government,quality_technical_defect,Northern,Water/Sanitation
Parliament,quality_technical_defect,Northern,Water/Sanitation
Police,quality_technical_defect,Northern,Water/Sanitation
Government,land_row_dispute,Central,Energy
Umeme/ERA,land_row_dispute,Central,Energy
World Bank,land_row_dispute,Central,Energy
Police,land_row_dispute,Western,Water/Sanitation
Court,land_row_dispute,Central,Energy
Government,land_row_dispute,Central,Energy
Ministry of Finance,land_row_dispute,Central,Energy
President Museveni,land_row_dispute,Central,Energy
Court,land_row_dispute,Central,Energy
Government,land_row_dispute,Central,Energy
Parliament,land_row_dispute,Central,Energy
Court,land_row_dispute,Northern,Roads/Transport
Government,land_row_dispute,Northern,Roads/Transport
Ministry of Energy,land_row_dispute,Northern,Roads/Transport
Ministry of Finance,land_row_dispute,Northern,Roads/Transport
UEGCL,land_row_dispute,Northern,Roads/Transport
World Bank,land_row_dispute,Northern,Roads/Transport
Government,land_row_dispute,Central,Water/Sanitation
Ministry of Finance,land_row_dispute,Central,Water/Sanitation
Parliament,land_row_dispute,Central,Water/Sanitation
President Museveni,land_row_dispute,Central,Water/Sanitation
Court,quality_technical_defect,Central,Land/Urban
Government,quality_technical_defect,Central,Land/Urban
KCCA,quality_technical_defect,Central,Land/Urban
Parliament,quality_technical_defect,Central,Land/Urban
URA,quality_technical_defect,Central,Land/Urban
Court,land_row_dispute,Central,Land/Urban
Police,land_row_dispute,Central,Land/Urban
Ministry of Education,governance_oversight_failure,Central,Energy
Court,quality_technical_defect,Central,Roads/Transport
KCCA,quality_technical_defect,Central,Roads/Transport
Ministry of Finance,quality_technical_defect,Central,Roads/Transport
Parliament,quality_technical_defect,Central,Roads/Transport
World Bank,quality_technical_defect,Central,Roads/Transport
Government,land_row_dispute,Cross-border,Roads/Transport
Government,land_row_dispute,Central,Roads/Transport
Parliament,land_row_dispute,Central,Roads/Transport
Police,land_row_dispute,Central,Roads/Transport
President Museveni,land_row_dispute,Central,Roads/Transport
Government,land_row_dispute,Central,Roads/Transport
Ministry of Health,land_row_dispute,Central,Roads/Transport
Court,land_row_dispute,Eastern,Energy
Government,land_row_dispute,Eastern,Energy
Parliament,land_row_dispute,Eastern,Energy
President Museveni,land_row_dispute,Eastern,Energy
Umeme,land_row_dispute,Eastern,Energy
Umeme/ERA,land_row_dispute,Eastern,Energy
Umeme,delay_time_overrun,Northern,Energy
Umeme/ERA,delay_time_overrun,Northern,Energy
World Bank,delay_time_overrun,Northern,Energy
Police,quality_technical_defect,Central,Roads/Transport
UNRA,quality_technical_defect,Central,Roads/Transport
Court,land_row_dispute,Central,Roads/Transport
KCCA,land_row_dispute,Central,Roads/Transport
Court,contract_management_failure,Central,Land/Urban
Court,land_row_dispute,Cross-border,Energy
Government,delay_time_overrun,Central,Roads/Transport
Parliament,delay_time_overrun,Central,Roads/Transport
World Bank,delay_time_overrun,Central,Roads/Transport
Court,delay_time_overrun,Central,Roads/Transport
Government,delay_time_overrun,Central,Roads/Transport
Ministry of Works,delay_time_overrun,Central,Roads/Transport
Parliament,delay_time_overrun,Central,Roads/Transport
UNRA,delay_time_overrun,Central,Roads/Transport
Court,land_row_dispute,Central,Roads/Transport
Police,land_row_dispute,Central,Roads/Transport
Government,delay_time_overrun,Western,Roads/Transport
Court,land_row_dispute,Central,Energy
Government,land_row_dispute,Central,Energy
Parliament,land_row_dispute,Central,Energy
President Museveni,land_row_dispute,Central,Energy
Court,land_row_dispute,Central,Roads/Transport
Government,land_row_dispute,Central,Roads/Transport
Parliament,land_row_dispute,Central,Roads/Transport
President Museveni,land_row_dispute,Central,Roads/Transport
Court,land_row_dispute,Northern,Land/Urban
Government,land_row_dispute,Northern,Land/Urban
Police,land_row_dispute,Northern,Land/Urban
Court,land_row_dispute,Central,Buildings/Housing
Government,land_row_dispute,Central,Buildings/Housing
URA,land_row_dispute,Central,Buildings/Housing
Government,contract_management_failure,Cross-border,Roads/Transport
KCCA,governance_oversight_failure,Central,Land/Urban
Police,land_row_dispute,Central,Energy
Court,land_row_dispute,Central,Energy
Government,land_row_dispute,Central,Energy
KCCA,land_row_dispute,Central,Energy
Ministry of Finance,land_row_dispute,Central,Energy
NSSF,land_row_dispute,Central,Energy
Parliament,land_row_dispute,Central,Energy
President Museveni,land_row_dispute,Central,Energy
UNRA,land_row_dispute,Central,Energy
URA,land_row_dispute,Central,Energy
NWSC,land_row_dispute,Central,Water/Sanitation
Ministry of Health,procurement_irregularity,Eastern,Buildings/Housing
EACOP,land_row_dispute,Western,Roads/Transport
Government,land_row_dispute,Western,Roads/Transport
Parliament,land_row_dispute,Western,Roads/Transport
Court,land_row_dispute,Central,Roads/Transport
Government,land_row_dispute,Central,Roads/Transport
Umeme/ERA,land_row_dispute,Central,Roads/Transport
World Bank,land_row_dispute,Central,Roads/Transport
Court,contract_management_failure,Central,Land/Urban
KCCA,land_row_dispute,Eastern,Land/Urban
Police,land_row_dispute,Eastern,Land/Urban
URA,land_row_dispute,Eastern,Land/Urban
Government,land_row_dispute,Central,Roads/Transport
President Museveni,land_row_dispute,Central,Roads/Transport
Court,delay_time_overrun,Central,Roads/Transport
President Museveni,delay_time_overrun,Central,Roads/Transport
Court,procurement_irregularity,Cross-border,Land/Urban
Government,procurement_irregularity,Cross-border,Land/Urban
Ministry of Works,procurement_irregularity,Cross-border,Land/Urban
Parliament,procurement_irregularity,Cross-border,Land/Urban
Court,land_row_dispute,Central,Energy
Government,land_row_dispute,Central,Energy
Police,land_row_dispute,Central,Energy
Court,land_row_dispute,Central,Buildings/Housing
Government,land_row_dispute,Central,Buildings/Housing
Police,land_row_dispute,Central,Buildings/Housing
Government,delay_time_overrun,Central,Water/Sanitation
NWSC,delay_time_overrun,Central,Water/Sanitation
World Bank,delay_time_overrun,Central,Water/Sanitation
Court,land_row_dispute,Central,Energy
Government,land_row_dispute,Central,Energy
Ministry of Energy,land_row_dispute,Central,Energy
Government,land_row_dispute,Central,Roads/Transport
Ministry of Finance,land_row_dispute,Central,Roads/Transport
Police,land_row_dispute,Central,Roads/Transport
KCCA,delay_time_overrun,Eastern,Roads/Transport
NWSC,delay_time_overrun,Eastern,Roads/Transport
UNRA,delay_time_overrun,Eastern,Roads/Transport
Government,procurement_irregularity,Western,Roads/Transport
IGG,procurement_irregularity,Western,Roads/Transport
Ministry of Finance,procurement_irregularity,Western,Roads/Transport
PPDA,procurement_irregularity,Western,Roads/Transport
Parliament,procurement_irregularity,Western,Roads/Transport
President Museveni,procurement_irregularity,Western,Roads/Transport
UNRA,procurement_irregularity,Western,Roads/Transport
Government,land_row_dispute,Northern,Buildings/Housing
Ministry of Education,land_row_dispute,Northern,Buildings/Housing
World Bank,land_row_dispute,Northern,Buildings/Housing
Government,delay_time_overrun,Central,Land/Urban
KCCA,delay_time_overrun,Central,Land/Urban
Police,delay_time_overrun,Central,Land/Urban
President Museveni,delay_time_overrun,Central,Land/Urban
Court,procurement_irregularity,Central,Roads/Transport
Government,procurement_irregularity,Central,Roads/Transport
KCCA,procurement_irregularity,Central,Roads/Transport
Umeme,procurement_irregularity,Central,Roads/Transport
World Bank,procurement_irregularity,Central,Roads/Transport
Court,land_row_dispute,Eastern,Roads/Transport
Government,land_row_dispute,Eastern,Roads/Transport
Police,land_row_dispute,Eastern,Roads/Transport
Government,land_row_dispute,Eastern,Energy
Ministry of Finance,land_row_dispute,Eastern,Energy
President Museveni,land_row_dispute,Eastern,Energy
Government,land_row_dispute,Central,Other
IGG,land_row_dispute,Central,Other
Police,land_row_dispute,Central,Other
Government,land_row_dispute,Central,Energy
Government,land_row_dispute,Central,Roads/Transport
NSSF,land_row_dispute,Central,Roads/Transport
Parliament,land_row_dispute,Central,Roads/Transport
President Museveni,land_row_dispute,Central,Roads/Transport
Umeme,land_row_dispute,Central,Roads/Transport
Umeme/ERA,land_row_dispute,Central,Roads/Transport
World Bank,land_row_dispute,Central,Roads/Transport
KCCA,quality_technical_defect,Central,Buildings/Housing
NSSF,quality_technical_defect,Central,Buildings/Housing
Government,land_row_dispute,Central,Roads/Transport
Government,land_row_dispute,Central,Buildings/Housing
President Museveni,land_row_dispute,Central,Buildings/Housing
Court,land_row_dispute,Central,Roads/Transport
Government,land_row_dispute,Central,Roads/Transport
Government,delay_time_overrun,Cross-border,Buildings/Housing
President Museveni,delay_time_overrun,Cross-border,Buildings/Housing
Police,land_row_dispute,Central,Roads/Transport
Government,land_row_dispute,Central,Water/Sanitation
Ministry of Education,land_row_dispute,Central,Water/Sanitation
Ministry of Health,land_row_dispute,Central,Water/Sanitation
President Museveni,land_row_dispute,Central,Water/Sanitation
Government,land_row_dispute,Cross-border,Oil/Gas
Parliament,land_row_dispute,Cross-border,Oil/Gas
Government,land_row_dispute,Central,Buildings/Housing
KCCA,land_row_dispute,Central,Buildings/Housing
President Museveni,land_row_dispute,Central,Buildings/Housing
Government,land_row_dispute,Central,Roads/Transport
KCCA,land_row_dispute,Central,Roads/Transport
Ministry of Works,land_row_dispute,Central,Roads/Transport
Government,land_row_dispute,Central,Land/Urban
KCCA,land_row_dispute,Central,Land/Urban
Police,land_row_dispute,Central,Land/Urban
Parliament,land_row_dispute,Central,Energy
President Museveni,land_row_dispute,Central,Energy
Court,land_row_dispute,Eastern,Energy
Government,land_row_dispute,Eastern,Energy
IGG,land_row_dispute,Eastern,Energy
Police,land_row_dispute,Eastern,Energy
President Museveni,land_row_dispute,Eastern,Energy
Government,land_row_dispute,Eastern,Roads/Transport
Parliament,land_row_dispute,Eastern,Roads/Transport
Police,land_row_dispute,Eastern,Roads/Transport
President Museveni,land_row_dispute,Eastern,Roads/Transport
Government,delay_time_overrun,Central,Other
NSSF,delay_time_overrun,Central,Other
Court,land_row_dispute,Central,Energy
Government,land_row_dispute,Central,Energy
KCCA,land_row_dispute,Central,Energy
President Museveni,land_row_dispute,Central,Energy
Court,land_row_dispute,Central,Land/Urban
Government,land_row_dispute,Central,Land/Urban
Government,land_row_dispute,Cross-border,Roads/Transport
President Museveni,land_row_dispute,Cross-border,Roads/Transport
Court,land_row_dispute,Cross-border,Other
Government,land_row_dispute,Cross-border,Other
Parliament,land_row_dispute,Cross-border,Other
Court,land_row_dispute,Central,Land/Urban
Government,land_row_dispute,Central,Land/Urban
KCCA,land_row_dispute,Central,Land/Urban
Parliament,land_row_dispute,Central,Land/Urban
President Museveni,land_row_dispute,Central,Land/Urban
Government,land_row_dispute,Western,Roads/Transport
Ministry of Education,land_row_dispute,Western,Roads/Transport
UNRA,land_row_dispute,Western,Roads/Transport
World Bank,land_row_dispute,Western,Roads/Transport
Government,governance_oversight_failure,Central,Roads/Transport
KCCA,governance_oversight_failure,Central,Roads/Transport
Police,governance_oversight_failure,Central,Roads/Transport
Court,procurement_irregularity,Central,Buildings/Housing
KCCA,procurement_irregularity,Central,Buildings/Housing
PPDA,procurement_irregularity,Central,Buildings/Housing
Court,contract_management_failure,Cross-border,Other
Government,contract_management_failure,Cross-border,Other
Ministry of Finance,contract_management_failure,Cross-border,Other
Parliament,contract_management_failure,Cross-border,Other
Government,land_row_dispute,Western,Buildings/Housing
Government,land_row_dispute,Northern,Energy
Parliament,land_row_dispute,Northern,Energy
Umeme/ERA,land_row_dispute,Northern,Energy
World Bank,land_row_dispute,Northern,Energy
UNRA,land_row_dispute,Eastern,Roads/Transport
Government,delay_time_overrun,Northern,Energy
Ministry of Energy,delay_time_overrun,Northern,Energy
Umeme/ERA,delay_time_overrun,Northern,Energy
Police,land_row_dispute,Central,Roads/Transport
President Museveni,quality_technical_defect,Western,Roads/Transport
Government,quality_technical_defect,Central,Water/Sanitation
President Museveni,quality_technical_defect,Central,Water/Sanitation
World Bank,quality_technical_defect,Central,Water/Sanitation
Court,land_row_dispute,Central,Land/Urban
Government,land_row_dispute,Central,Land/Urban
URA,land_row_dispute,Central,Land/Urban
Government,land_row_dispute,Central/Western,Buildings/Housing
Ministry of Health,land_row_dispute,Central/Western,Buildings/Housing
Government,quality_technical_defect,Eastern,Roads/Transport
Court,land_row_dispute,Western,Roads/Transport
EACOP,land_row_dispute,Western,Roads/Transport
Government,land_row_dispute,Western,Roads/Transport
Ministry of Energy,land_row_dispute,Western,Roads/Transport
Parliament,land_row_dispute,Western,Roads/Transport
Court,contract_management_failure,Central,Roads/Transport
Government,contract_management_failure,Central,Roads/Transport
President Museveni,contract_management_failure,Central,Roads/Transport
Government,procurement_irregularity,Central,Roads/Transport
KCCA,procurement_irregularity,Central,Roads/Transport
PPDA,procurement_irregularity,Central,Roads/Transport
Parliament,procurement_irregularity,Central,Roads/Transport
KCCA,delay_time_overrun,Central,Roads/Transport
World Bank,delay_time_overrun,Central,Roads/Transport
Government,delay_time_overrun,Central,Roads/Transport
UNRA,delay_time_overrun,Central,Roads/Transport
Court,delay_time_overrun,Central,Roads/Transport
Ministry of Finance,delay_time_overrun,Central,Roads/Transport
Ministry of Health,delay_time_overrun,Central,Roads/Transport
Parliament,delay_time_overrun,Central,Roads/Transport
Court,land_row_dispute,Central,Buildings/Housing
Government,land_row_dispute,Central,Buildings/Housing
Parliament,land_row_dispute,Central,Buildings/Housing
KCCA,land_row_dispute,Eastern,Land/Urban
Umeme/ERA,land_row_dispute,Central,Energy
Government,land_row_dispute,Central,Roads/Transport
Police,land_row_dispute,Central,Roads/Transport
Court,land_row_dispute,Eastern,Roads/Transport
Police,land_row_dispute,Eastern,Roads/Transport
Government,land_row_dispute,Central,Land/Urban
KCCA,land_row_dispute,Central,Land/Urban
President Museveni,land_row_dispute,Central,Buildings/Housing
Government,land_row_dispute,Central,Roads/Transport
Police,land_row_dispute,Central,Roads/Transport
Court,governance_oversight_failure,Eastern,Other
Government,land_row_dispute,Northern,Water/Sanitation
Ministry of Education,land_row_dispute,Northern,Water/Sanitation
President Museveni,land_row_dispute,Northern,Water/Sanitation
Government,land_row_dispute,Central,Other
Ministry of Finance,land_row_dispute,Central,Other
Court,land_row_dispute,Central,Other
Government,land_row_dispute,Central,Other
Parliament,land_row_dispute,Central,Other
Police,land_row_dispute,Central,Other
President Museveni,land_row_dispute,Central,Other
Government,governance_oversight_failure,Central,Roads/Transport
Parliament,governance_oversight_failure,Central,Roads/Transport
Police,governance_oversight_failure,Central,Roads/Transport
President Museveni,governance_oversight_failure,Central,Roads/Transport
Court,contract_management_failure,Cross-border,Other
Police,contract_management_failure,Cross-border,Other
Government,land_row_dispute,Central,Roads/Transport
Parliament,land_row_dispute,Central,Roads/Transport
Court,contract_management_failure,Central,Buildings/Housing
Government,contract_management_failure,Central,Buildings/Housing
Parliament,contract_management_failure,Central,Buildings/Housing
Court,land_row_dispute,Central,Other
Government,land_row_dispute,Central,Other
KCCA,land_row_dispute,Central,Other
Police,land_row_dispute,Central,Other
Government,land_row_dispute,Central,Energy
KCCA,land_row_dispute,Central,Energy
Government,land_row_dispute,Northern/Eastern,Energy
Parliament,land_row_dispute,Northern/Eastern,Energy
Umeme,land_row_dispute,Northern/Eastern,Energy
Umeme/ERA,land_row_dispute,Northern/Eastern,Energy
Government,land_row_dispute,Central,Other
Police,land_row_dispute,Eastern,Water/Sanitation
Government,quality_technical_defect,Northern,Water/Sanitation
Ministry of Education,quality_technical_defect,Northern,Water/Sanitation
World Bank,quality_technical_defect,Northern,Water/Sanitation
Government,land_row_dispute,Central,Other
Police,land_row_dispute,Central,Other
NWSC,land_row_dispute,Eastern,Energy
Umeme,land_row_dispute,Eastern,Energy
Government,delay_time_overrun,Central,Buildings/Housing
Umeme/ERA,delay_time_overrun,Central,Buildings/Housing
Government,land_row_dispute,Central,Other
IGG,land_row_dispute,Central,Other
Umeme/ERA,land_row_dispute,Central,Water/Sanitation
Court,land_row_dispute,Central,Roads/Transport
Government,land_row_dispute,Central,Roads/Transport
KCCA,land_row_dispute,Central,Roads/Transport
Parliament,land_row_dispute,Central,Roads/Transport
Police,land_row_dispute,Central,Roads/Transport
President Museveni,land_row_dispute,Central,Roads/Transport
Court,land_row_dispute,Eastern,Roads/Transport
Government,land_row_dispute,Eastern,Roads/Transport
IGG,land_row_dispute,Eastern,Roads/Transport
Police,land_row_dispute,Eastern,Roads/Transport
Court,land_row_dispute,Central,Buildings/Housing
Government,land_row_dispute,Central,Buildings/Housing
Police,land_row_dispute,Central,Buildings/Housing
UEGCL,land_row_dispute,Central,Energy
Umeme,land_row_dispute,Central,Energy
KCCA,land_row_dispute,Northern,Land/Urban
Government,land_row_dispute,Central,Buildings/Housing
UNRA,land_row_dispute,Western,Roads/Transport
URA,land_row_dispute,Central,Energy
Parliament,land_row_dispute,Central,Energy
Court,land_row_dispute,Central,Buildings/Housing
Police,land_row_dispute,Central,Buildings/Housing
Government,land_row_dispute,Northern/Eastern,Roads/Transport
Ministry of Education,land_row_dispute,Northern/Eastern,Roads/Transport
Government,land_row_dispute,Central,Roads/Transport
KCCA,land_row_dispute,Central,Roads/Transport
Ministry of Health,land_row_dispute,Central,Roads/Transport
Police,land_row_dispute,Central,Roads/Transport
Court,land_row_dispute,Central,Buildings/Housing
NSSF,land_row_dispute,Central,Buildings/Housing
Police,land_row_dispute,Central,Buildings/Housing
Government,procurement_irregularity,Central,Buildings/Housing
KCCA,procurement_irregularity,Central,Buildings/Housing
PPDA,procurement_irregularity,Central,Buildings/Housing
Government,procurement_irregularity,Central,Roads/Transport
IGG,procurement_irregularity,Central,Roads/Transport
Parliament,procurement_irregularity,Central,Roads/Transport
Umeme/ERA,land_row_dispute,Cross-border,Other
Government,contract_management_failure,Central,Buildings/Housing
Police,contract_management_failure,Central,Buildings/Housing
Government,land_row_dispute,Western,Land/Urban
Parliament,land_row_dispute,Western,Land/Urban
Government,land_row_dispute,Cross-border,Other
Government,land_row_dispute,Central,Buildings/Housing
Ministry of Education,land_row_dispute,Central,Buildings/Housing
Parliament,land_row_dispute,Central,Buildings/Housing
President Museveni,land_row_dispute,Central,Buildings/Housing
Government,governance_oversight_failure,Central,Land/Urban
KCCA,governance_oversight_failure,Central,Land/Urban
Parliament,governance_oversight_failure,Central,Land/Urban
President Museveni,governance_oversight_failure,Central,Land/Urban
Government,land_row_dispute,Central,Roads/Transport
KCCA,land_row_dispute,Central,Roads/Transport
President Museveni,land_row_dispute,Central,Roads/Transport
URA,land_row_dispute,Central,Roads/Transport
Government,land_row_dispute,Central,Buildings/Housing
Ministry of Works,land_row_dispute,Central,Buildings/Housing
KCCA,governance_oversight_failure,Northern,Land/Urban
URA,governance_oversight_failure,Northern,Land/Urban
KCCA,procurement_irregularity,Central,Land/Urban
Police,procurement_irregularity,Central,Land/Urban
Government,land_row_dispute,Central,Other
Parliament,land_row_dispute,Central,Other
Court,delay_time_overrun,Central,Roads/Transport
Court,land_row_dispute,Central,Roads/Transport
Government,land_row_dispute,Central,Roads/Transport
Police,land_row_dispute,Central,Roads/Transport
EACOP,land_row_dispute,Cross-border,Roads/Transport
KCCA,delay_time_overrun,Cross-border,Land/Urban
Court,land_row_dispute,Central,Buildings/Housing
Government,land_row_dispute,Central,Buildings/Housing
Police,land_row_dispute,Central,Buildings/Housing
KCCA,quality_technical_defect,Central,Water/Sanitation
NSSF,quality_technical_defect,Central,Water/Sanitation
Court,delay_time_overrun,Central,Roads/Transport
Ministry of Works,delay_time_overrun,Central,Roads/Transport
UNRA,delay_time_overrun,Central,Roads/Transport
Ministry of Education,land_row_dispute,Northern,Buildings/Housing
Parliament,land_row_dispute,Northern,Buildings/Housing
Police,land_row_dispute,Northern,Buildings/Housing
President Museveni,land_row_dispute,Northern,Buildings/Housing
Court,delay_time_overrun,Central,Energy
Government,delay_time_overrun,Central,Energy
Ministry of Finance,delay_time_overrun,Central,Energy
Ministry of Health,delay_time_overrun,Central,Energy
Parliament,delay_time_overrun,Central,Energy
President Museveni,delay_time_overrun,Central,Energy
Police,land_row_dispute,Eastern,Buildings/Housing
Government,governance_oversight_failure,Central,Roads/Transport
KCCA,governance_oversight_failure,Central,Roads/Transport
Ministry of Finance,governance_oversight_failure,Central,Roads/Transport
Government,land_row_dispute,National Corridor,Energy
Umeme,land_row_dispute,National Corridor,Energy
Umeme/ERA,land_row_dispute,National Corridor,Energy
Court,land_row_dispute,Central,Buildings/Housing
Government,land_row_dispute,Central,Buildings/Housing
Parliament,land_row_dispute,Central,Buildings/Housing
Police,land_row_dispute,Central,Buildings/Housing
President Museveni,land_row_dispute,Central,Buildings/Housing
Court,contract_management_failure,Central,Buildings/Housing
Government,contract_management_failure,Central,Buildings/Housing
KCCA,land_row_dispute,Central,Land/Urban
Court,procurement_irregularity,Central,Roads/Transport
UNRA,procurement_irregularity,Central,Roads/Transport
Court,procurement_irregularity,Central,Roads/Transport
Government,procurement_irregularity,Central,Roads/Transport
Police,land_row_dispute,Western,Buildings/Housing
Court,land_row_dispute,Cross-border,Roads/Transport
Government,land_row_dispute,Cross-border,Roads/Transport
Parliament,land_row_dispute,Cross-border,Roads/Transport
Government,land_row_dispute,Central,Energy
Ministry of Energy,land_row_dispute,Central,Energy
URA,land_row_dispute,Central,Energy
Umeme/ERA,land_row_dispute,Central,Energy
Government,delay_time_overrun,Northern,Energy
Umeme/ERA,delay_time_overrun,Northern,Energy
President Museveni,land_row_dispute,Central,Roads/Transport
Government,quality_technical_defect,Central,Energy
KCCA,quality_technical_defect,Central,Energy
Ministry of Health,quality_technical_defect,Central,Energy
Police,quality_technical_defect,Central,Energy
President Museveni,quality_technical_defect,Central,Energy
Government,quality_technical_defect,Northern,Roads/Transport
Ministry of Works,quality_technical_defect,Northern,Roads/Transport
Court,land_row_dispute,Central,Roads/Transport
Police,land_row_dispute,Central,Roads/Transport
KCCA,land_row_dispute,Central,Land/Urban
URA,land_row_dispute,Central,Land/Urban
Government,land_row_dispute,Central,Water/Sanitation
Ministry of Education,land_row_dispute,Central,Water/Sanitation
Ministry of Health,land_row_dispute,Central,Water/Sanitation
Government,land_row_dispute,Central,Buildings/Housing
Ministry of Finance,land_row_dispute,Central,Buildings/Housing
Ministry of Health,land_row_dispute,Central,Buildings/Housing
Parliament,land_row_dispute,Central,Buildings/Housing
Ministry of Education,procurement_irregularity,Central,Roads/Transport
Government,land_row_dispute,Northern,Roads/Transport
Umeme/ERA,land_row_dispute,Northern,Roads/Transport
World Bank,land_row_dispute,Northern,Roads/Transport
Government,land_row_dispute,Cross-border,Land/Urban
Parliament,land_row_dispute,Cross-border,Land/Urban
Court,land_row_dispute,Central,Roads/Transport
Government,land_row_dispute,Central,Roads/Transport
KCCA,land_row_dispute,Central,Roads/Transport
Ministry of Education,land_row_dispute,Central,Roads/Transport
Parliament,land_row_dispute,Central,Roads/Transport
Government,land_row_dispute,Central,Water/Sanitation
KCCA,land_row_dispute,Central,Water/Sanitation
Ministry of Education,land_row_dispute,Central,Water/Sanitation
Police,land_row_dispute,Central,Water/Sanitation
Government,land_row_dispute,Central,Other
URA,land_row_dispute,Central,Other
President Museveni,land_row_dispute,Cross-border,Energy
Court,procurement_irregularity,Northern/Eastern,Roads/Transport
Government,procurement_irregularity,Northern/Eastern,Roads/Transport
Parliament,procurement_irregularity,Northern/Eastern,Roads/Transport
Police,procurement_irregularity,Northern/Eastern,Roads/Transport
President Museveni,procurement_irregularity,Northern/Eastern,Roads/Transport
Court,land_row_dispute,Central,Oil/Gas
Government,land_row_dispute,Central,Oil/Gas
President Museveni,delay_time_overrun,Central,Roads/Transport
Parliament,contract_management_failure,Central,Buildings/Housing
Police,contract_management_failure,Central,Buildings/Housing
Government,quality_technical_defect,Northern,Energy
NEMA,quality_technical_defect,Northern,Energy
Parliament,quality_technical_defect,Northern,Energy
Government,land_row_dispute,Central,Roads/Transport
KCCA,land_row_dispute,Central,Roads/Transport
Police,land_row_dispute,Central,Roads/Transport
President Museveni,land_row_dispute,Central,Roads/Transport
Court,quality_technical_defect,Eastern,Roads/Transport
Ministry of Education,quality_technical_defect,Eastern,Roads/Transport
Police,delay_time_overrun,Cross-border,Roads/Transport
Government,land_row_dispute,Central,Buildings/Housing
EACOP,land_row_dispute,Western,Energy
Government,land_row_dispute,Western,Energy
Parliament,land_row_dispute,Western,Energy
President Museveni,land_row_dispute,Western,Energy
Government,land_row_dispute,Central,Roads/Transport
Parliament,land_row_dispute,Central,Roads/Transport
UNRA,land_row_dispute,Central,Roads/Transport
Government,land_row_dispute,Central,Energy
Court,land_row_dispute,Central/Western,Land/Urban
Government,land_row_dispute,Central/Western,Land/Urban
Police,land_row_dispute,Central/Western,Land/Urban
Government,land_row_dispute,Central,Buildings/Housing
Ministry of Education,land_row_dispute,Central,Buildings/Housing
President Museveni,land_row_dispute,Central,Buildings/Housing
Government,land_row_dispute,Central,Roads/Transport
Ministry of Education,land_row_dispute,Central,Roads/Transport
URA,land_row_dispute,Central,Roads/Transport
Government,land_row_dispute,Central,Energy
Ministry of Health,land_row_dispute,Central,Energy
Government,land_row_dispute,Central,Roads/Transport
KCCA,land_row_dispute,Central,Roads/Transport
Parliament,land_row_dispute,Central,Roads/Transport
President Museveni,land_row_dispute,Central,Roads/Transport
UNRA,land_row_dispute,Central,Roads/Transport
Government,land_row_dispute,Central,Buildings/Housing
Ministry of Finance,land_row_dispute,Central,Buildings/Housing
Parliament,land_row_dispute,Central,Buildings/Housing
Police,land_row_dispute,Central,Buildings/Housing
Government,land_row_dispute,Central,Other
Parliament,land_row_dispute,Central,Other
Government,land_row_dispute,Cross-border,Buildings/Housing
President Museveni,land_row_dispute,Cross-border,Buildings/Housing
Government,governance_oversight_failure,Northern,Buildings/Housing
Ministry of Education,governance_oversight_failure,Northern,Buildings/Housing
KCCA,land_row_dispute,Central,Roads/Transport
Government,land_row_dispute,Cross-border,Other
Government,delay_time_overrun,Central,Roads/Transport
KCCA,delay_time_overrun,Central,Roads/Transport
Ministry of Works,delay_time_overrun,Central,Roads/Transport
Government,land_row_dispute,Eastern,Roads/Transport
Ministry of Energy,land_row_dispute,Eastern,Roads/Transport
Ministry of Finance,land_row_dispute,Eastern,Roads/Transport
NEMA,land_row_dispute,Eastern,Roads/Transport
Parliament,land_row_dispute,Eastern,Roads/Transport
Ministry of Finance,delay_time_overrun,Central,Buildings/Housing
Government,land_row_dispute,Northern,Buildings/Housing
Ministry of Health,land_row_dispute,Northern,Buildings/Housing
Court,land_row_dispute,Eastern,Roads/Transport
Government,land_row_dispute,Eastern,Roads/Transport
Police,land_row_dispute,Eastern,Roads/Transport
President Museveni,land_row_dispute,Eastern,Roads/Transport
Court,governance_oversight_failure,Central,Other
Government,governance_oversight_failure,Central,Other
Parliament,governance_oversight_failure,Central,Other
Police,governance_oversight_failure,Central,Other
President Museveni,governance_oversight_failure,Central,Other
URA,governance_oversight_failure,Central,Other
Government,land_row_dispute,Central,Other
Court,land_row_dispute,Central,Other
Government,delay_time_overrun,Northern/Eastern,Buildings/Housing
Parliament,delay_time_overrun,Northern/Eastern,Buildings/Housing
Police,governance_oversight_failure,Central,Roads/Transport
Government,contract_management_failure,Cross-border,Other
Court,procurement_irregularity,Central,Roads/Transport
Government,procurement_irregularity,Central,Roads/Transport
Parliament,procurement_irregularity,Central,Roads/Transport
UNRA,procurement_irregularity,Central,Roads/Transport
Police,land_row_dispute,Central,Land/Urban
Court,land_row_dispute,Central,Roads/Transport
Police,land_row_dispute,Central,Roads/Transport
President Museveni,land_row_dispute,Central,Roads/Transport
KCCA,governance_oversight_failure,Central,Land/Urban
President Museveni,governance_oversight_failure,Central,Land/Urban
Government,land_row_dispute,Central,Roads/Transport
KCCA,land_row_dispute,Central,Roads/Transport
Police,land_row_dispute,Central,Roads/Transport
Court,land_row_dispute,Central,Roads/Transport
Ministry of Works,land_row_dispute,Central,Roads/Transport
Police,land_row_dispute,Central,Roads/Transport
UNRA,land_row_dispute,Central,Roads/Transport
Parliament,procurement_irregularity,Central,Energy
Police,procurement_irregularity,Central,Energy
President Museveni,procurement_irregularity,Central,Energy
Court,land_row_dispute,Central,Buildings/Housing
Police,land_row_dispute,Central,Buildings/Housing
Government,delay_time_overrun,Central,Roads/Transport
Parliament,delay_time_overrun,Central,Roads/Transport
President Museveni,delay_time_overrun,Central,Roads/Transport
KCCA,land_row_dispute,Eastern,Roads/Transport
Police,land_row_dispute,Eastern,Roads/Transport
URA,land_row_dispute,Eastern,Roads/Transport
Court,land_row_dispute,Central,Buildings/Housing
Government,land_row_dispute,Central,Buildings/Housing
IGG,land_row_dispute,Central,Buildings/Housing
KCCA,land_row_dispute,Central,Buildings/Housing
Parliament,land_row_dispute,Central,Buildings/Housing
Government,land_row_dispute,Central,Roads/Transport
Parliament,land_row_dispute,Central,Roads/Transport
UNRA,land_row_dispute,Central,Roads/Transport
Court,land_row_dispute,Eastern,Water/Sanitation
Government,land_row_dispute,Eastern,Water/Sanitation
Police,land_row_dispute,Eastern,Water/Sanitation
Government,governance_oversight_failure,Central,Roads/Transport
KCCA,governance_oversight_failure,Central,Roads/Transport
Ministry of Finance,governance_oversight_failure,Central,Roads/Transport
UNRA,governance_oversight_failure,Central,Roads/Transport
Ministry of Works,land_row_dispute,Central,Roads/Transport
Police,land_row_dispute,Central,Roads/Transport
Court,land_row_dispute,Central,Other
Government,land_row_dispute,Central,Other
President Museveni,land_row_dispute,Central,Other
Government,quality_technical_defect,Central,Roads/Transport
Ministry of Finance,quality_technical_defect,Central,Roads/Transport
Parliament,quality_technical_defect,Central,Roads/Transport
President Museveni,quality_technical_defect,Central,Roads/Transport
Government,land_row_dispute,Central,Buildings/Housing
Court,land_row_dispute,Central,Roads/Transport
Government,land_row_dispute,Central,Roads/Transport
Ministry of Finance,land_row_dispute,Central,Roads/Transport
NWSC,land_row_dispute,Central,Roads/Transport
Parliament,land_row_dispute,Central,Roads/Transport
UNRA,land_row_dispute,Central,Roads/Transport
Court,land_row_dispute,Northern,Other
Parliament,land_row_dispute,Northern,Other
Police,land_row_dispute,Northern,Other
President Museveni,land_row_dispute,Northern,Other
Government,land_row_dispute,Central,Other
EACOP,land_row_dispute,Western,Energy
Parliament,land_row_dispute,Western,Energy
President Museveni,land_row_dispute,Western,Energy
Government,land_row_dispute,Northern,Buildings/Housing
Parliament,land_row_dispute,Northern,Buildings/Housing
President Museveni,land_row_dispute,Northern,Buildings/Housing
Ministry of Finance,delay_time_overrun,Central,Buildings/Housing
Ministry of Health,delay_time_overrun,Central,Buildings/Housing
Court,land_row_dispute,Central,Land/Urban
Government,land_row_dispute,Central,Land/Urban
Parliament,land_row_dispute,Central,Land/Urban
Government,land_row_dispute,Eastern,Roads/Transport
Police,land_row_dispute,Eastern,Roads/Transport
Police,land_row_dispute,Eastern,Other
Ministry of Health,land_row_dispute,Eastern,Buildings/Housing
Court,land_row_dispute,Eastern,Energy
Government,land_row_dispute,Eastern,Energy
Parliament,land_row_dispute,Eastern,Energy
Court,land_row_dispute,Eastern,Roads/Transport
Government,land_row_dispute,Eastern,Roads/Transport
Parliament,land_row_dispute,Eastern,Roads/Transport
Police,land_row_dispute,Eastern,Roads/Transport
President Museveni,land_row_dispute,Eastern,Roads/Transport
Government,quality_technical_defect,Eastern,Buildings/Housing
Ministry of Health,quality_technical_defect,Eastern,Buildings/Housing
Court,land_row_dispute,Eastern,Buildings/Housing
Government,land_row_dispute,Eastern,Buildings/Housing
President Museveni,land_row_dispute,Eastern,Buildings/Housing
Court,land_row_dispute,Central,Roads/Transport
Government,land_row_dispute,Central,Roads/Transport
Court,land_row_dispute,Western,Buildings/Housing
Government,land_row_dispute,Western,Buildings/Housing
Government,delay_time_overrun,Central,Buildings/Housing
Ministry of Education,delay_time_overrun,Central,Buildings/Housing
Government,land_row_dispute,Eastern,Water/Sanitation
Ministry of Education,land_row_dispute,Eastern,Water/Sanitation
Parliament,land_row_dispute,Eastern,Water/Sanitation
President Museveni,land_row_dispute,Eastern,Water/Sanitation
Court,land_row_dispute,Northern,Water/Sanitation
Police,land_row_dispute,Central,Buildings/Housing
Parliament,land_row_dispute,Central,Buildings/Housing
Government,land_row_dispute,Central,Energy
NWSC,land_row_dispute,Central,Energy
Umeme,land_row_dispute,Central,Energy
Umeme/ERA,land_row_dispute,Central,Energy
Court,land_row_dispute,Central,Buildings/Housing
KCCA,land_row_dispute,Central,Buildings/Housing
Police,land_row_dispute,Central,Buildings/Housing
Government,land_row_dispute,Northern/Eastern,Energy
NWSC,land_row_dispute,Northern/Eastern,Energy
Police,land_row_dispute,Northern/Eastern,Energy
Government,land_row_dispute,Cross-border,Energy
Umeme/ERA,land_row_dispute,Cross-border,Energy
Government,governance_oversight_failure,Northern/Eastern,Energy
IGG,governance_oversight_failure,Northern/Eastern,Energy
Parliament,governance_oversight_failure,Northern/Eastern,Energy
Police,payment_financial_dispute,Central,Roads/Transport
Government,delay_time_overrun,Northern,Energy
Ministry of Energy,delay_time_overrun,Northern,Energy
Court,land_row_dispute,Central,Water/Sanitation
Government,land_row_dispute,Central,Water/Sanitation
Ministry of Education,land_row_dispute,Central,Water/Sanitation
URA,land_row_dispute,Central,Water/Sanitation
Government,land_row_dispute,Cross-border,Roads/Transport
Police,land_row_dispute,Cross-border,Roads/Transport
Police,delay_time_overrun,Central,Roads/Transport
KCCA,land_row_dispute,Central,Water/Sanitation
Government,land_row_dispute,Central,Land/Urban
Ministry of Works,land_row_dispute,Central,Land/Urban
Parliament,land_row_dispute,Central,Land/Urban
Court,land_row_dispute,Central,Energy
Government,land_row_dispute,Central,Energy
Parliament,land_row_dispute,Central,Energy
President Museveni,land_row_dispute,Central,Energy
Government,delay_time_overrun,Central,Energy
Parliament,delay_time_overrun,Central,Energy
Court,land_row_dispute,Central,Land/Urban
Government,land_row_dispute,Central,Land/Urban
Parliament,land_row_dispute,Central,Land/Urban
Police,land_row_dispute,Central,Land/Urban
President Museveni,land_row_dispute,Central,Land/Urban
Government,governance_oversight_failure,Central,Buildings/Housing
Parliament,governance_oversight_failure,Central,Buildings/Housing
Government,land_row_dispute,Central,Energy
Ministry of Finance,land_row_dispute,Central,Energy
Ministry of Health,land_row_dispute,Central,Energy
Parliament,land_row_dispute,Central,Energy
President Museveni,land_row_dispute,Central,Energy
Government,delay_time_overrun,Central,Land/Urban
Parliament,delay_time_overrun,Central,Land/Urban
Police,delay_time_overrun,Central,Land/Urban
Court,delay_time_overrun,Central,Buildings/Housing
Government,delay_time_overrun,Central,Buildings/Housing
Government,land_row_dispute,Central,Buildings/Housing
IGG,land_row_dispute,Central,Buildings/Housing
Police,delay_time_overrun,Central,Energy
Umeme,delay_time_overrun,Central,Energy
KCCA,land_row_dispute,Central,Roads/Transport
Police,land_row_dispute,Central,Roads/Transport
Government,contract_management_failure,Central,Buildings/Housing
Government,land_row_dispute,Eastern,Energy
Parliament,land_row_dispute,Eastern,Energy
URA,land_row_dispute,Eastern,Energy
Umeme,land_row_dispute,Eastern,Energy
Court,procurement_irregularity,Central,Land/Urban
Government,procurement_irregularity,Central,Land/Urban
Court,contract_management_failure,Central,Buildings/Housing
Police,contract_management_failure,Central,Buildings/Housing
Court,land_row_dispute,Central,Roads/Transport
Government,land_row_dispute,Central,Roads/Transport
Parliament,land_row_dispute,Central,Roads/Transport
Government,contract_management_failure,Central,Land/Urban
KCCA,contract_management_failure,Central,Land/Urban
NSSF,contract_management_failure,Central,Land/Urban
Government,land_row_dispute,Central,Buildings/Housing
Ministry of Education,land_row_dispute,Central,Buildings/Housing
Government,quality_technical_defect,Central,Roads/Transport
IGG,quality_technical_defect,Central,Roads/Transport
President Museveni,quality_technical_defect,Central,Roads/Transport
Court,land_row_dispute,Central,Roads/Transport
Police,land_row_dispute,Central,Roads/Transport
KCCA,land_row_dispute,Central,Energy
Government,land_row_dispute,Central,Roads/Transport
Police,land_row_dispute,Central,Roads/Transport
Court,land_row_dispute,Central/Western,Energy
EACOP,land_row_dispute,Central/Western,Energy
Government,land_row_dispute,Central/Western,Energy
Government,land_row_dispute,Eastern,Energy
UNRA,payment_financial_dispute,Western,Roads/Transport
Court,land_row_dispute,Central,Buildings/Housing
Government,land_row_dispute,Central,Roads/Transport
President Museveni,land_row_dispute,Central,Roads/Transport
Court,contract_management_failure,Central,Energy
Government,contract_management_failure,Central,Energy
IGG,contract_management_failure,Central,Energy
Umeme,delay_time_overrun,Central,Energy
Government,land_row_dispute,Central,Water/Sanitation
Parliament,land_row_dispute,Central,Water/Sanitation
Police,land_row_dispute,Central,Water/Sanitation
Government,land_row_dispute,Central,Roads/Transport
KCCA,land_row_dispute,Central,Roads/Transport
Parliament,land_row_dispute,Central,Roads/Transport
President Museveni,land_row_dispute,Central,Roads/Transport
Court,delay_time_overrun,Central,Roads/Transport
Police,delay_time_overrun,Central,Roads/Transport
Government,delay_time_overrun,Northern,Buildings/Housing
Ministry of Health,delay_time_overrun,Northern,Buildings/Housing
Government,land_row_dispute,Eastern,Energy
Parliament,land_row_dispute,Eastern,Energy
Government,land_row_dispute,Central,Roads/Transport
KCCA,land_row_dispute,Central,Roads/Transport
NSSF,land_row_dispute,Central,Roads/Transport
President Museveni,land_row_dispute,Central,Roads/Transport
UNRA,land_row_dispute,Central,Roads/Transport
URA,land_row_dispute,Central,Roads/Transport
Government,land_row_dispute,Central,Roads/Transport
Parliament,land_row_dispute,Central,Roads/Transport
Government,land_row_dispute,Western,Roads/Transport
Umeme,land_row_dispute,Western,Roads/Transport
Umeme/ERA,land_row_dispute,Western,Roads/Transport
Government,delay_time_overrun,Central,Roads/Transport
KCCA,delay_time_overrun,Central,Roads/Transport
Ministry of Finance,delay_time_overrun,Central,Roads/Transport
PPDA,delay_time_overrun,Central,Roads/Transport
President Museveni,delay_time_overrun,Central,Roads/Transport
World Bank,delay_time_overrun,Central,Roads/Transport
Court,delay_time_overrun,Central,Buildings/Housing
NSSF,land_row_dispute,Central,Other
Court,land_row_dispute,Central,Buildings/Housing
Police,land_row_dispute,Central,Buildings/Housing
Government,land_row_dispute,National Corridor,Roads/Transport
Parliament,land_row_dispute,National Corridor,Roads/Transport
President Museveni,land_row_dispute,National Corridor,Roads/Transport
KCCA,quality_technical_defect,Central,Land/Urban
Police,delay_time_overrun,Central,Other
Government,land_row_dispute,Cross-border,Land/Urban
Court,land_row_dispute,Central,Land/Urban
KCCA,land_row_dispute,Central,Land/Urban
Parliament,land_row_dispute,Central,Land/Urban
Police,land_row_dispute,Central,Land/Urban
URA,land_row_dispute,Central,Land/Urban
Court,land_row_dispute,Central,Land/Urban
NSSF,land_row_dispute,Central,Land/Urban
Police,land_row_dispute,Central,Land/Urban
Court,land_row_dispute,Cross-border,Other
Government,land_row_dispute,Cross-border,Other
Parliament,land_row_dispute,Cross-border,Other
Government,governance_oversight_failure,Central,Buildings/Housing
Ministry of Education,governance_oversight_failure,Central,Buildings/Housing
Parliament,land_row_dispute,Northern,Roads/Transport
UEGCL,land_row_dispute,Northern,Roads/Transport
URA,land_row_dispute,Northern,Roads/Transport
Government,procurement_irregularity,Eastern,Energy
Ministry of Energy,procurement_irregularity,Eastern,Energy
Parliament,procurement_irregularity,Eastern,Energy
President Museveni,procurement_irregularity,Eastern,Energy
Umeme,procurement_irregularity,Eastern,Energy
Umeme/ERA,procurement_irregularity,Eastern,Energy
Court,land_row_dispute,Central,Roads/Transport
KCCA,land_row_dispute,Central,Roads/Transport
Police,land_row_dispute,Central,Roads/Transport
President Museveni,land_row_dispute,Central,Roads/Transport
UNRA,land_row_dispute,Central,Roads/Transport
Government,land_row_dispute,Eastern,Roads/Transport
Ministry of Works,land_row_dispute,Eastern,Roads/Transport
Parliament,land_row_dispute,Eastern,Roads/Transport
Police,land_row_dispute,Eastern,Roads/Transport
President Museveni,land_row_dispute,Eastern,Roads/Transport
UNRA,land_row_dispute,Eastern,Roads/Transport
Government,procurement_irregularity,Cross-border,Other
IGG,procurement_irregularity,Cross-border,Other
President Museveni,procurement_irregularity,Cross-border,Other
Court,land_row_dispute,Northern,Energy
Government,land_row_dispute,Northern,Energy
Ministry of Energy,land_row_dispute,Northern,Energy
Ministry of Finance,land_row_dispute,Northern,Energy
Court,land_row_dispute,Eastern,Buildings/Housing
Government,land_row_dispute,Eastern,Buildings/Housing
Police,land_row_dispute,Eastern,Buildings/Housing
Government,land_row_dispute,Central,Roads/Transport
Ministry of Energy,land_row_dispute,Central,Roads/Transport
Umeme/ERA,land_row_dispute,Central,Roads/Transport
KCCA,procurement_irregularity,Central,Roads/Transport
Police,procurement_irregularity,Central,Roads/Transport
Government,governance_oversight_failure,Northern,Land/Urban
Government,delay_time_overrun,Central,Buildings/Housing
KCCA,delay_time_overrun,Central,Buildings/Housing
Parliament,delay_time_overrun,Central,Buildings/Housing
Government,delay_time_overrun,Central,Energy
Umeme/ERA,delay_time_overrun,Central,Energy
World Bank,delay_time_overrun,Central,Energy
NSSF,land_row_dispute,Cross-border,Other
President Museveni,land_row_dispute,Cross-border,Other
URA,land_row_dispute,Cross-border,Other
Ministry of Health,procurement_irregularity,Northern,Buildings/Housing
Police,procurement_irregularity,Northern,Buildings/Housing
Government,land_row_dispute,Eastern,Energy
Parliament,land_row_dispute,Eastern,Energy
Umeme,land_row_dispute,Eastern,Energy
Umeme/ERA,land_row_dispute,Eastern,Energy
Ministry of Education,quality_technical_defect,Central,Buildings/Housing
Government,procurement_irregularity,Central,Buildings/Housing
Ministry of Finance,procurement_irregularity,Central,Buildings/Housing
Ministry of Works,procurement_irregularity,Central,Buildings/Housing
Parliament,procurement_irregularity,Central,Buildings/Housing
Government,land_row_dispute,Eastern,Energy
Umeme/ERA,land_row_dispute,Eastern,Energy
Court,land_row_dispute,Northern/Eastern,Energy
Government,land_row_dispute,Northern/Eastern,Energy
Ministry of Finance,land_row_dispute,Northern/Eastern,Energy
NSSF,land_row_dispute,Northern/Eastern,Energy
Parliament,land_row_dispute,Northern/Eastern,Energy
Police,land_row_dispute,Northern/Eastern,Energy
President Museveni,land_row_dispute,Northern/Eastern,Energy
URA,land_row_dispute,Northern/Eastern,Energy
Court,land_row_dispute,Central,Roads/Transport
Government,land_row_dispute,Central,Roads/Transport
Police,land_row_dispute,Central,Roads/Transport
President Museveni,land_row_dispute,Central,Roads/Transport
Umeme,land_row_dispute,Central,Roads/Transport
Ministry of Finance,land_row_dispute,Central,Roads/Transport
Court,land_row_dispute,Central,Energy
Government,land_row_dispute,Central,Energy
Parliament,land_row_dispute,Central,Energy
Police,land_row_dispute,Central,Energy
President Museveni,land_row_dispute,Central,Energy
Court,procurement_irregularity,Central,Roads/Transport
Government,procurement_irregularity,Central,Roads/Transport
IGG,procurement_irregularity,Central,Roads/Transport
President Museveni,procurement_irregularity,Central,Roads/Transport
UNRA,procurement_irregularity,Central,Roads/Transport
Government,quality_technical_defect,Eastern,Roads/Transport
UNRA,quality_technical_defect,Eastern,Roads/Transport
Ministry of Education,delay_time_overrun,Central,Buildings/Housing
Government,land_row_dispute,Central,Roads/Transport
Parliament,land_row_dispute,Central,Roads/Transport
President Museveni,land_row_dispute,Central,Roads/Transport
UNRA,land_row_dispute,Central,Roads/Transport
Government,land_row_dispute,Central,Energy
KCCA,land_row_dispute,Central,Energy
President Museveni,land_row_dispute,Central,Energy
NWSC,land_row_dispute,Central,Roads/Transport
KCCA,delay_time_overrun,Central,Roads/Transport
UNRA,delay_time_overrun,Central,Roads/Transport
Court,land_row_dispute,Central,Energy
Parliament,land_row_dispute,Central,Energy
Court,land_row_dispute,Northern,Energy
NWSC,land_row_dispute,Northern,Energy
Government,governance_oversight_failure,Cross-border,Energy
Ministry of Education,governance_oversight_failure,Cross-border,Energy
Police,land_row_dispute,Northern,Energy
Umeme,land_row_dispute,Northern,Energy
Court,land_row_dispute,Central,Land/Urban
Government,land_row_dispute,Central,Land/Urban
Government,land_row_dispute,Central,Energy
Ministry of Energy,land_row_dispute,Central,Energy
Parliament,land_row_dispute,Central,Energy
Government,payment_financial_dispute,Eastern,Buildings/Housing
Government,delay_time_overrun,Central,Energy
KCCA,delay_time_overrun,Central,Energy
NEMA,delay_time_overrun,Central,Energy
Police,delay_time_overrun,Central,Energy
Court,procurement_irregularity,Northern/Eastern,Buildings/Housing
Government,procurement_irregularity,Northern/Eastern,Buildings/Housing
IGG,procurement_irregularity,Northern/Eastern,Buildings/Housing
Parliament,procurement_irregularity,Northern/Eastern,Buildings/Housing
Government,governance_oversight_failure,Central,Roads/Transport
KCCA,land_row_dispute,Central,Water/Sanitation
Government,land_row_dispute,Central,Buildings/Housing
Parliament,land_row_dispute,Central,Buildings/Housing
President Museveni,land_row_dispute,Central,Buildings/Housing
Government,land_row_dispute,Northern,Roads/Transport
President Museveni,land_row_dispute,Northern,Roads/Transport
Umeme,land_row_dispute,Northern,Roads/Transport
Umeme/ERA,land_row_dispute,Northern,Roads/Transport
NWSC,quality_technical_defect,Central,Water/Sanitation
Police,quality_technical_defect,Central,Water/Sanitation
Court,procurement_irregularity,Cross-border,Water/Sanitation
Government,procurement_irregularity,Cross-border,Water/Sanitation
IGG,procurement_irregularity,Cross-border,Water/Sanitation
Ministry of Finance,procurement_irregularity,Cross-border,Water/Sanitation
Ministry of Works,procurement_irregularity,Cross-border,Water/Sanitation
PPDA,procurement_irregularity,Cross-border,Water/Sanitation
Parliament,procurement_irregularity,Cross-border,Water/Sanitation
Court,land_row_dispute,Eastern,Energy
Government,land_row_dispute,Eastern,Energy
Parliament,land_row_dispute,Eastern,Energy
Court,land_row_dispute,National Corridor,Roads/Transport
EACOP,land_row_dispute,National Corridor,Roads/Transport
Government,land_row_dispute,National Corridor,Roads/Transport
President Museveni,land_row_dispute,National Corridor,Roads/Transport
World Bank,land_row_dispute,National Corridor,Roads/Transport
Government,governance_oversight_failure,Central,Buildings/Housing
Ministry of Education,governance_oversight_failure,Central,Buildings/Housing
Ministry of Finance,governance_oversight_failure,Central,Buildings/Housing
Government,land_row_dispute,Northern,Energy
President Museveni,land_row_dispute,Northern,Energy
Ministry of Health,delay_time_overrun,Central,Buildings/Housing
Government,land_row_dispute,Cross-border,Energy
Ministry of Energy,land_row_dispute,Cross-border,Energy
Government,governance_oversight_failure,Eastern,Buildings/Housing
Government,delay_time_overrun,Eastern,Buildings/Housing
Court,land_row_dispute,Central,Buildings/Housing
Government,land_row_dispute,Central,Land/Urban
Parliament,land_row_dispute,Central,Land/Urban
Government,land_row_dispute,Central,Other
Ministry of Education,land_row_dispute,Central,Other
Parliament,land_row_dispute,Central,Other
Court,land_row_dispute,Central,Energy
Government,land_row_dispute,Central,Energy
Parliament,land_row_dispute,Central,Energy
President Museveni,land_row_dispute,Central,Energy
KCCA,governance_oversight_failure,Central,Buildings/Housing
Police,land_row_dispute,Central,Buildings/Housing
Government,quality_technical_defect,Northern,Roads/Transport
Court,land_row_dispute,Central,Roads/Transport
Government,land_row_dispute,Central,Roads/Transport
Parliament,land_row_dispute,Central,Roads/Transport
Government,procurement_irregularity,Central,Land/Urban
NSSF,procurement_irregularity,Central,Land/Urban
Court,land_row_dispute,National Corridor,Buildings/Housing
Government,land_row_dispute,National Corridor,Buildings/Housing
Police,land_row_dispute,National Corridor,Buildings/Housing
President Museveni,land_row_dispute,National Corridor,Buildings/Housing
Court,quality_technical_defect,Northern,Energy
Government,land_row_dispute,Central,Energy
Umeme/ERA,land_row_dispute,Central,Energy
World Bank,land_row_dispute,Central,Energy
Government,land_row_dispute,Eastern,Energy
Umeme,land_row_dispute,Eastern,Energy
Umeme/ERA,land_row_dispute,Eastern,Energy
Government,procurement_irregularity,Central,Roads/Transport
Parliament,procurement_irregularity,Central,Roads/Transport
Police,procurement_irregularity,Central,Roads/Transport
Government,delay_time_overrun,Central,Energy
Ministry of Finance,delay_time_overrun,Central,Energy
Police,delay_time_overrun,Central,Energy
Umeme,delay_time_overrun,Central,Energy
Umeme/ERA,delay_time_overrun,Central,Energy
NSSF,land_row_dispute,Central,Buildings/Housing
Police,land_row_dispute,Central,Buildings/Housing
URA,land_row_dispute,Central,Buildings/Housing
Government,delay_time_overrun,Eastern,Buildings/Housing
Ministry of Education,delay_time_overrun,Eastern,Buildings/Housing
Ministry of Finance,delay_time_overrun,Eastern,Buildings/Housing
Court,land_row_dispute,Western,Buildings/Housing
Government,land_row_dispute,Western,Buildings/Housing
Ministry of Education,land_row_dispute,Western,Buildings/Housing
President Museveni,land_row_dispute,Western,Buildings/Housing
Parliament,land_row_dispute,Central,Other
Government,land_row_dispute,Eastern,Energy
Umeme/ERA,land_row_dispute,Eastern,Energy
Parliament,land_row_dispute,Western,Buildings/Housing
Police,land_row_dispute,Western,Buildings/Housing
Government,land_row_dispute,Northern,Water/Sanitation
Court,procurement_irregularity,Central,Other
Government,procurement_irregularity,Central,Other
IGG,procurement_irregularity,Central,Other
Parliament,procurement_irregularity,Central,Other
Police,procurement_irregularity,Central,Other
President Museveni,procurement_irregularity,Central,Other
Court,land_row_dispute,Central,Other
Police,land_row_dispute,Central,Other
President Museveni,land_row_dispute,Central,Other
Parliament,land_row_dispute,Eastern,Energy
Police,land_row_dispute,Eastern,Energy
President Museveni,land_row_dispute,Eastern,Energy
Umeme,land_row_dispute,Eastern,Energy
World Bank,land_row_dispute,Eastern,Energy
PPDA,procurement_irregularity,Central,Roads/Transport
Parliament,procurement_irregularity,Central,Roads/Transport
URA,procurement_irregularity,Central,Roads/Transport
Umeme/ERA,procurement_irregularity,Central,Roads/Transport
Court,land_row_dispute,Central,Energy
Government,land_row_dispute,Central,Energy
Parliament,land_row_dispute,Central,Energy
President Museveni,land_row_dispute,Central,Energy
Government,land_row_dispute,Central,Other
Ministry of Health,land_row_dispute,Central,Other
Court,land_row_dispute,Central,Other
Government,land_row_dispute,Central,Other
Parliament,land_row_dispute,Central,Other
President Museveni,land_row_dispute,Central,Other
Court,land_row_dispute,Central,Roads/Transport
Government,land_row_dispute,Central,Roads/Transport
UNRA,land_row_dispute,Central,Roads/Transport
Government,land_row_dispute,Eastern,Energy
Ministry of Finance,land_row_dispute,Eastern,Energy
NSSF,land_row_dispute,Eastern,Energy
Umeme,land_row_dispute,Eastern,Energy
Umeme/ERA,land_row_dispute,Eastern,Energy
Government,procurement_irregularity,Central,Buildings/Housing
NSSF,procurement_irregularity,Central,Buildings/Housing
Government,land_row_dispute,Central,Energy
Ministry of Energy,land_row_dispute,Central,Energy
Parliament,land_row_dispute,Central,Energy
Police,land_row_dispute,Central,Energy
Umeme,land_row_dispute,Central,Energy
Umeme/ERA,land_row_dispute,Central,Energy
Government,land_row_dispute,Central,Roads/Transport
EACOP,land_row_dispute,Western,Energy
Government,land_row_dispute,Western,Energy
Parliament,land_row_dispute,Western,Energy
Police,land_row_dispute,Northern,Roads/Transport
President Museveni,land_row_dispute,Central,Other
Police,land_row_dispute,Eastern,Roads/Transport
Court,land_row_dispute,Central,Roads/Transport
Police,land_row_dispute,Central,Roads/Transport
Court,quality_technical_defect,Cross-border,Roads/Transport
Government,quality_technical_defect,Cross-border,Roads/Transport
Ministry of Education,quality_technical_defect,Cross-border,Roads/Transport
Government,quality_technical_defect,Eastern,Roads/Transport
Court,land_row_dispute,Central,Other
Government,land_row_dispute,Central,Other
Police,land_row_dispute,Central,Other
Government,land_row_dispute,Central,Roads/Transport
Police,land_row_dispute,Central,Roads/Transport
Court,land_row_dispute,Central,Buildings/Housing
Government,land_row_dispute,Central,Buildings/Housing
Ministry of Education,land_row_dispute,Central,Buildings/Housing
NEMA,land_row_dispute,Central,Buildings/Housing
Parliament,land_row_dispute,Central,Buildings/Housing
Police,land_row_dispute,Central,Buildings/Housing
President Museveni,land_row_dispute,Central,Buildings/Housing
Government,procurement_irregularity,Central,Buildings/Housing
President Museveni,procurement_irregularity,Central,Buildings/Housing
KCCA,land_row_dispute,Central,Energy
NWSC,land_row_dispute,Central,Energy
Umeme,land_row_dispute,Central,Energy
Government,land_row_dispute,Northern,Energy
President Museveni,land_row_dispute,Northern,Energy
Government,land_row_dispute,Eastern,Buildings/Housing
President Museveni,land_row_dispute,Eastern,Buildings/Housing
Government,contract_management_failure,Eastern,Land/Urban
Ministry of Works,contract_management_failure,Eastern,Land/Urban
Parliament,contract_management_failure,Eastern,Land/Urban
Court,land_row_dispute,Central,Buildings/Housing
Government,land_row_dispute,Central,Buildings/Housing
Parliament,land_row_dispute,Central,Buildings/Housing
Police,land_row_dispute,Central,Buildings/Housing
President Museveni,land_row_dispute,Central,Buildings/Housing
Police,land_row_dispute,Western,Roads/Transport
Government,land_row_dispute,Central,Roads/Transport
Ministry of Energy,land_row_dispute,Central,Roads/Transport
President Museveni,land_row_dispute,Central,Roads/Transport
Government,governance_oversight_failure,Central,Buildings/Housing
Ministry of Education,governance_oversight_failure,Central,Buildings/Housing
Parliament,governance_oversight_failure,Central,Buildings/Housing
KCCA,land_row_dispute,Central,Roads/Transport
NEMA,land_row_dispute,Central,Roads/Transport
Umeme,land_row_dispute,Central,Energy
Government,quality_technical_defect,Eastern,Buildings/Housing
President Museveni,quality_technical_defect,Eastern,Buildings/Housing
KCCA,land_row_dispute,Central,Land/Urban
Police,land_row_dispute,Central,Land/Urban
URA,land_row_dispute,Central,Land/Urban
Government,governance_oversight_failure,Cross-border,Other
Ministry of Health,governance_oversight_failure,Cross-border,Other
Parliament,governance_oversight_failure,Cross-border,Other
Government,delay_time_overrun,Central,Buildings/Housing
Parliament,delay_time_overrun,Central,Buildings/Housing
Police,delay_time_overrun,Central,Buildings/Housing
World Bank,delay_time_overrun,Central,Buildings/Housing
Government,land_row_dispute,Central,Roads/Transport
IGG,land_row_dispute,Central,Roads/Transport
Ministry of Finance,land_row_dispute,Central,Roads/Transport
Ministry of Works,land_row_dispute,Central,Roads/Transport
Parliament,land_row_dispute,Central,Roads/Transport
Police,land_row_dispute,Central,Roads/Transport
UNRA,land_row_dispute,Central,Roads/Transport
World Bank,land_row_dispute,Central,Roads/Transport
Government,land_row_dispute,Central,Energy
Ministry of Energy,land_row_dispute,Central,Energy
Government,land_row_dispute,Central,Roads/Transport
Ministry of Finance,land_row_dispute,Central,Roads/Transport
Parliament,land_row_dispute,Central,Roads/Transport
Government,governance_oversight_failure,Central,Energy
Umeme,governance_oversight_failure,Central,Energy
Umeme/ERA,governance_oversight_failure,Central,Energy
Court,land_row_dispute,Central,Roads/Transport
KCCA,land_row_dispute,Central,Roads/Transport
NWSC,land_row_dispute,Central,Roads/Transport
Police,land_row_dispute,Central,Roads/Transport
Court,land_row_dispute,Central,Other
Police,land_row_dispute,Central,Other
President Museveni,land_row_dispute,Central,Other
Government,land_row_dispute,Central,Other
Ministry of Finance,land_row_dispute,Central,Other
Parliament,land_row_dispute,Central,Other
President Museveni,land_row_dispute,Central,Other
EACOP,land_row_dispute,Cross-border,Buildings/Housing
Parliament,land_row_dispute,Cross-border,Buildings/Housing
President Museveni,land_row_dispute,Cross-border,Buildings/Housing
Government,land_row_dispute,Northern/Eastern,Water/Sanitation
Court,land_row_dispute,Cross-border,Energy
EACOP,land_row_dispute,Cross-border,Energy
EACOP,land_row_dispute,Western,Energy
Government,land_row_dispute,Western,Energy
President Museveni,land_row_dispute,Western,Energy
Court,land_row_dispute,Central,Roads/Transport
KCCA,land_row_dispute,Central,Roads/Transport
Police,land_row_dispute,Central,Roads/Transport
Police,delay_time_overrun,Central,Buildings/Housing
KCCA,land_row_dispute,Central,Land/Urban
Court,land_row_dispute,Central,Roads/Transport
Government,land_row_dispute,Central,Roads/Transport
Ministry of Education,land_row_dispute,Central,Roads/Transport
Parliament,land_row_dispute,Central,Roads/Transport
President Museveni,land_row_dispute,Central,Roads/Transport
Government,land_row_dispute,Central,Roads/Transport
KCCA,land_row_dispute,Central,Roads/Transport
KCCA,land_row_dispute,Central,Land/Urban
Police,land_row_dispute,Central,Land/Urban
Government,land_row_dispute,Central,Roads/Transport
Parliament,land_row_dispute,Central,Roads/Transport
Police,land_row_dispute,Central,Roads/Transport
Court,land_row_dispute,Eastern,Energy
Government,land_row_dispute,Eastern,Energy
Parliament,land_row_dispute,Eastern,Energy
Police,land_row_dispute,Eastern,Energy
President Museveni,land_row_dispute,Eastern,Energy
Government,payment_financial_dispute,Central,Buildings/Housing
Ministry of Education,payment_financial_dispute,Central,Buildings/Housing
Parliament,payment_financial_dispute,Central,Buildings/Housing
President Museveni,payment_financial_dispute,Central,Buildings/Housing
Government,land_row_dispute,Central,Water/Sanitation
Ministry of Finance,land_row_dispute,Central,Water/Sanitation
Court,governance_oversight_failure,Central,Roads/Transport
Government,governance_oversight_failure,Central,Roads/Transport
KCCA,governance_oversight_failure,Central,Roads/Transport
Ministry of Education,governance_oversight_failure,Central,Roads/Transport
NEMA,governance_oversight_failure,Central,Roads/Transport
Parliament,governance_oversight_failure,Central,Roads/Transport
Police,governance_oversight_failure,Central,Roads/Transport
President Museveni,governance_oversight_failure,Central,Roads/Transport
Government,land_row_dispute,Cross-border,Roads/Transport
Umeme/ERA,land_row_dispute,Cross-border,Roads/Transport
Government,land_row_dispute,Central,Buildings/Housing
Government,land_row_dispute,Western,Oil/Gas
Ministry of Finance,land_row_dispute,Western,Oil/Gas
Court,land_row_dispute,Central,Buildings/Housing
Government,land_row_dispute,Central,Buildings/Housing
Parliament,land_row_dispute,Central,Buildings/Housing
KCCA,delay_time_overrun,Central,Roads/Transport
Government,land_row_dispute,Central,Energy
Parliament,land_row_dispute,Central,Energy
Police,land_row_dispute,Central,Energy
World Bank,land_row_dispute,Central,Energy
Government,delay_time_overrun,Central,Roads/Transport
UNRA,delay_time_overrun,Central,Roads/Transport
URA,delay_time_overrun,Central,Roads/Transport
Court,land_row_dispute,Central,Roads/Transport
Government,land_row_dispute,Central,Roads/Transport
Ministry of Health,land_row_dispute,Central,Roads/Transport
Ministry of Works,land_row_dispute,Central,Roads/Transport
Police,land_row_dispute,Central,Roads/Transport
President Museveni,land_row_dispute,Central,Roads/Transport
Government,land_row_dispute,Central,Energy
Government,delay_time_overrun,Western,Roads/Transport
UNRA,delay_time_overrun,Western,Roads/Transport
Government,land_row_dispute,Central,Energy
Ministry of Energy,land_row_dispute,Central,Energy
President Museveni,land_row_dispute,Central,Energy
Parliament,land_row_dispute,Central,Buildings/Housing
Government,quality_technical_defect,Northern,Energy
IGG,quality_technical_defect,Northern,Energy
Ministry of Energy,quality_technical_defect,Northern,Energy
President Museveni,quality_technical_defect,Northern,Energy
UEGCL,quality_technical_defect,Northern,Energy
Court,contract_management_failure,Cross-border,Energy
Government,contract_management_failure,Cross-border,Energy
Government,land_row_dispute,Northern,Energy
Ministry of Energy,land_row_dispute,Northern,Energy
President Museveni,land_row_dispute,Northern,Energy
UEGCL,land_row_dispute,Northern,Energy
Court,land_row_dispute,Central,Energy
Government,land_row_dispute,Central,Energy
IGG,land_row_dispute,Central,Energy
Parliament,land_row_dispute,Central,Energy
Police,land_row_dispute,Central,Energy
President Museveni,land_row_dispute,Central,Energy
Government,land_row_dispute,Central,Other
Police,land_row_dispute,Central,Other
President Museveni,land_row_dispute,Central,Other
Court,delay_time_overrun,Central,Roads/Transport
Police,delay_time_overrun,Central,Roads/Transport
Court,land_row_dispute,Central,Water/Sanitation
Government,land_row_dispute,Central,Water/Sanitation
Court,land_row_dispute,Central,Roads/Transport
Government,land_row_dispute,Central,Roads/Transport
NEMA,land_row_dispute,Central,Roads/Transport
Parliament,land_row_dispute,Central,Roads/Transport
Government,quality_technical_defect,Cross-border,Buildings/Housing
Government,procurement_irregularity,Central,Water/Sanitation
KCCA,procurement_irregularity,Central,Water/Sanitation
Ministry of Finance,procurement_irregularity,Central,Water/Sanitation
Ministry of Health,procurement_irregularity,Central,Water/Sanitation
NWSC,procurement_irregularity,Central,Water/Sanitation
Police,procurement_irregularity,Central,Water/Sanitation
World Bank,procurement_irregularity,Central,Water/Sanitation
Government,land_row_dispute,Central,Energy
Ministry of Energy,land_row_dispute,Central,Energy
Umeme,land_row_dispute,Central,Energy
Umeme/ERA,land_row_dispute,Central,Energy
Government,land_row_dispute,Central,Energy
Parliament,land_row_dispute,Central,Energy
UNRA,delay_time_overrun,Eastern,Roads/Transport
World Bank,delay_time_overrun,Eastern,Roads/Transport
Government,payment_financial_dispute,Northern/Eastern,Other
Parliament,payment_financial_dispute,Northern/Eastern,Other
President Museveni,payment_financial_dispute,Northern/Eastern,Other
Court,delay_time_overrun,Central,Roads/Transport
Police,delay_time_overrun,Central,Roads/Transport
Government,land_row_dispute,Central,Water/Sanitation
KCCA,land_row_dispute,Central,Water/Sanitation
President Museveni,land_row_dispute,Central,Water/Sanitation
Government,procurement_irregularity,Central,Water/Sanitation
President Museveni,procurement_irregularity,Central,Water/Sanitation
Court,land_row_dispute,Central,Roads/Transport
Government,land_row_dispute,Central,Roads/Transport
Parliament,land_row_dispute,Central,Roads/Transport
Police,land_row_dispute,Central,Roads/Transport
Umeme,land_row_dispute,Central,Roads/Transport
Court,land_row_dispute,Central,Energy
Parliament,land_row_dispute,Central,Energy
Police,land_row_dispute,Central,Energy
President Museveni,land_row_dispute,Central,Energy
UNRA,land_row_dispute,Central,Roads/Transport
KCCA,governance_oversight_failure,Central,Roads/Transport
President Museveni,governance_oversight_failure,Central,Roads/Transport
Government,land_row_dispute,Central,Roads/Transport
President Museveni,land_row_dispute,Central,Roads/Transport
Court,land_row_dispute,Western,Roads/Transport
EACOP,land_row_dispute,Western,Roads/Transport
Government,land_row_dispute,Western,Roads/Transport
Parliament,land_row_dispute,Western,Roads/Transport
Police,land_row_dispute,Western,Roads/Transport
Court,delay_time_overrun,Central,Other
Government,delay_time_overrun,Central,Other
Police,delay_time_overrun,Central,Other
President Museveni,delay_time_overrun,Central,Other
Government,land_row_dispute,Central,Buildings/Housing
Parliament,land_row_dispute,Central,Buildings/Housing
President Museveni,land_row_dispute,Central,Buildings/Housing
Court,land_row_dispute,Eastern,Other
Government,land_row_dispute,Northern/Eastern,Roads/Transport
Ministry of Works,land_row_dispute,Northern/Eastern,Roads/Transport
President Museveni,land_row_dispute,Northern/Eastern,Roads/Transport
UNRA,land_row_dispute,Northern/Eastern,Roads/Transport
Government,delay_time_overrun,Northern,Energy
World Bank,delay_time_overrun,Northern,Energy
Government,land_row_dispute,Northern,Energy
Umeme,land_row_dispute,Northern,Energy
Umeme/ERA,land_row_dispute,Northern,Energy
KCCA,land_row_dispute,Central,Land/Urban
Government,quality_technical_defect,Eastern,Energy
Ministry of Energy,quality_technical_defect,Eastern,Energy
Parliament,quality_technical_defect,Eastern,Energy
Government,land_row_dispute,Central,Roads/Transport
Government,land_row_dispute,Central,Other
Court,land_row_dispute,Central,Roads/Transport
NSSF,land_row_dispute,Cross-border,Other
Government,governance_oversight_failure,Cross-border,Other
Government,land_row_dispute,Eastern,Land/Urban
Ministry of Education,land_row_dispute,Eastern,Land/Urban
Police,land_row_dispute,Eastern,Land/Urban
Government,land_row_dispute,Central,Buildings/Housing
Parliament,land_row_dispute,Central,Buildings/Housing
Police,land_row_dispute,Central,Buildings/Housing
Ministry of Finance,land_row_dispute,Cross-border,Buildings/Housing
Ministry of Health,land_row_dispute,Cross-border,Buildings/Housing
Government,land_row_dispute,Central,Other
Parliament,land_row_dispute,Central,Other
Court,land_row_dispute,Central,Other
Government,land_row_dispute,Central,Other
Police,land_row_dispute,Central,Other
Government,delay_time_overrun,Central,Roads/Transport
KCCA,delay_time_overrun,Central,Roads/Transport
Ministry of Works,delay_time_overrun,Central,Roads/Transport
President Museveni,delay_time_overrun,Central,Roads/Transport
UNRA,delay_time_overrun,Central,Roads/Transport
World Bank,delay_time_overrun,Central,Roads/Transport
Government,quality_technical_defect,Central,Water/Sanitation
World Bank,quality_technical_defect,Central,Water/Sanitation
Court,land_row_dispute,Central,Roads/Transport
Police,land_row_dispute,Central,Roads/Transport
Government,procurement_irregularity,Cross-border,Other
KCCA,delay_time_overrun,Central,Land/Urban
Government,land_row_dispute,Central,Energy
NEMA,land_row_dispute,Central,Energy
Government,land_row_dispute,Cross-border,Water/Sanitation
Ministry of Health,land_row_dispute,Cross-border,Water/Sanitation
Parliament,land_row_dispute,Cross-border,Water/Sanitation
President Museveni,land_row_dispute,Cross-border,Water/Sanitation
KCCA,land_row_dispute,Central,Roads/Transport
Parliament,land_row_dispute,Central,Roads/Transport
Police,land_row_dispute,Central,Roads/Transport
Court,land_row_dispute,Western,Oil/Gas
EACOP,land_row_dispute,Western,Oil/Gas
Government,land_row_dispute,Western,Oil/Gas
Government,delay_time_overrun,Central,Buildings/Housing
President Museveni,delay_time_overrun,Central,Buildings/Housing
Court,land_row_dispute,Central,Roads/Transport
Government,land_row_dispute,Central,Roads/Transport
Parliament,land_row_dispute,Central,Roads/Transport
Court,land_row_dispute,Western,Land/Urban
Government,land_row_dispute,Western,Land/Urban
Police,land_row_dispute,Western,Land/Urban
Court,land_row_dispute,Central,Buildings/Housing
Government,land_row_dispute,Central,Buildings/Housing
IGG,land_row_dispute,Central,Buildings/Housing
KCCA,land_row_dispute,Central,Buildings/Housing
Parliament,land_row_dispute,Central,Buildings/Housing
President Museveni,land_row_dispute,Central,Buildings/Housing
Government,quality_technical_defect,Central,Energy
Umeme,quality_technical_defect,Central,Energy
Umeme/ERA,quality_technical_defect,Central,Energy
Government,delay_time_overrun,Central,Water/Sanitation
Ministry of Finance,delay_time_overrun,Central,Water/Sanitation
Ministry of Health,delay_time_overrun,Central,Water/Sanitation
Parliament,delay_time_overrun,Central,Water/Sanitation
Government,land_row_dispute,Central,Water/Sanitation
Ministry of Education,land_row_dispute,Central,Water/Sanitation
Parliament,land_row_dispute,Central,Water/Sanitation
Court,land_row_dispute,Central,Roads/Transport
Government,land_row_dispute,Central,Roads/Transport
NEMA,land_row_dispute,Central,Roads/Transport
Police,land_row_dispute,Central,Roads/Transport
President Museveni,land_row_dispute,Central,Roads/Transport
Court,procurement_irregularity,Central,Oil/Gas
Government,procurement_irregularity,Central,Oil/Gas
KCCA,procurement_irregularity,Central,Oil/Gas
Parliament,procurement_irregularity,Central,Oil/Gas
President Museveni,procurement_irregularity,Central,Oil/Gas
URA,procurement_irregularity,Central,Oil/Gas
Government,delay_time_overrun,Northern,Other
President Museveni,delay_time_overrun,Northern,Other
Government,land_row_dispute,Central,Buildings/Housing
KCCA,land_row_dispute,Central,Buildings/Housing
Court,procurement_irregularity,Central,Roads/Transport
Government,procurement_irregularity,Central,Roads/Transport
UNRA,procurement_irregularity,Central,Roads/Transport
Government,land_row_dispute,Central,Roads/Transport
UNRA,land_row_dispute,Central,Roads/Transport
IGG,land_row_dispute,Western,Roads/Transport
President Museveni,land_row_dispute,Western,Roads/Transport
Court,governance_oversight_failure,Central,Buildings/Housing
Government,governance_oversight_failure,Central,Buildings/Housing
IGG,governance_oversight_failure,Central,Buildings/Housing
Police,governance_oversight_failure,Central,Buildings/Housing
Court,land_row_dispute,Western,Roads/Transport
EACOP,land_row_dispute,Western,Roads/Transport
Government,land_row_dispute,Western,Roads/Transport
Ministry of Energy,land_row_dispute,Western,Roads/Transport
Government,land_row_dispute,Central,Roads/Transport
KCCA,land_row_dispute,Central,Roads/Transport
World Bank,land_row_dispute,Central,Roads/Transport
Government,land_row_dispute,Central,Energy
Umeme,land_row_dispute,Central,Energy
Court,land_row_dispute,Central,Roads/Transport
Government,land_row_dispute,Central,Roads/Transport
Police,land_row_dispute,Central,Roads/Transport
President Museveni,land_row_dispute,Central,Roads/Transport
Ministry of Health,payment_financial_dispute,Central,Buildings/Housing
PPDA,payment_financial_dispute,Central,Buildings/Housing
Government,land_row_dispute,Central,Other
Parliament,land_row_dispute,Central,Other
President Museveni,land_row_dispute,Central,Other
Court,land_row_dispute,Central,Water/Sanitation
Government,land_row_dispute,Central,Water/Sanitation
Parliament,land_row_dispute,Central,Water/Sanitation
Government,land_row_dispute,Central,Energy
Ministry of Health,land_row_dispute,Central,Energy
Umeme,land_row_dispute,Central,Energy
Court,delay_time_overrun,Central,Buildings/Housing
URA,delay_time_overrun,Central,Buildings/Housing
Government,procurement_irregularity,Central,Buildings/Housing
Court,land_row_dispute,Central,Water/Sanitation
NEMA,land_row_dispute,Central,Water/Sanitation
Government,delay_time_overrun,Northern,Energy
Parliament,delay_time_overrun,Northern,Energy
President Museveni,delay_time_overrun,Northern,Energy
Court,land_row_dispute,Central,Roads/Transport
Parliament,land_row_dispute,Central,Roads/Transport
Government,land_row_dispute,Eastern,Buildings/Housing
Ministry of Health,land_row_dispute,Eastern,Buildings/Housing
Government,land_row_dispute,Western,Land/Urban
Court,land_row_dispute,Western,Roads/Transport
Government,land_row_dispute,Western,Roads/Transport
Parliament,land_row_dispute,Western,Roads/Transport
Court,land_row_dispute,Central,Buildings/Housing
Government,land_row_dispute,Central,Buildings/Housing
Ministry of Finance,land_row_dispute,Central,Buildings/Housing
Government,land_row_dispute,Western,Buildings/Housing
NEMA,land_row_dispute,Western,Buildings/Housing
Parliament,land_row_dispute,Western,Buildings/Housing
EACOP,land_row_dispute,Cross-border,Water/Sanitation
Government,land_row_dispute,Cross-border,Water/Sanitation
NEMA,land_row_dispute,Cross-border,Water/Sanitation
Court,land_row_dispute,Central,Land/Urban
Government,land_row_dispute,Central,Land/Urban
Ministry of Education,land_row_dispute,Central,Land/Urban
President Museveni,land_row_dispute,Central,Land/Urban
Court,land_row_dispute,Central,Buildings/Housing
Ministry of Education,land_row_dispute,Central,Buildings/Housing
Court,land_row_dispute,Northern,Other
Parliament,land_row_dispute,Northern,Other
Parliament,land_row_dispute,Eastern,Roads/Transport
Government,land_row_dispute,Central,Energy
KCCA,land_row_dispute,Central,Energy
Ministry of Energy,land_row_dispute,Central,Energy
Police,land_row_dispute,Central,Energy
Government,land_row_dispute,Central,Energy
Government,land_row_dispute,Cross-border,Other
President Museveni,land_row_dispute,Cross-border,Other
Government,land_row_dispute,Central,Buildings/Housing
Police,land_row_dispute,Central,Buildings/Housing
President Museveni,land_row_dispute,Central,Buildings/Housing
Umeme/ERA,land_row_dispute,Central,Buildings/Housing
Court,land_row_dispute,Central,Roads/Transport
Government,land_row_dispute,Central,Roads/Transport
KCCA,land_row_dispute,Central,Roads/Transport
Government,quality_technical_defect,Central,Roads/Transport
UNRA,quality_technical_defect,Central,Roads/Transport
Government,land_row_dispute,Eastern,Roads/Transport
Court,contract_management_failure,Central,Land/Urban
KCCA,contract_management_failure,Central,Land/Urban
Umeme/ERA,contract_management_failure,Central,Land/Urban
Court,land_row_dispute,Cross-border,Oil/Gas
EACOP,land_row_dispute,Cross-border,Oil/Gas
Government,land_row_dispute,Cross-border,Oil/Gas
KCCA,procurement_irregularity,Central,Land/Urban
Court,land_row_dispute,Central,Roads/Transport
Government,land_row_dispute,Central,Roads/Transport
KCCA,land_row_dispute,Central,Roads/Transport
Parliament,land_row_dispute,Central,Roads/Transport
KCCA,delay_time_overrun,Central,Roads/Transport
Government,land_row_dispute,Central,Buildings/Housing
Ministry of Education,land_row_dispute,Central,Buildings/Housing
Parliament,land_row_dispute,Central,Buildings/Housing
President Museveni,land_row_dispute,Central,Buildings/Housing
Government,delay_time_overrun,Central,Energy
Ministry of Energy,delay_time_overrun,Central,Energy
President Museveni,delay_time_overrun,Central,Energy
Umeme,delay_time_overrun,Central,Energy
Umeme/ERA,delay_time_overrun,Central,Energy
Court,land_row_dispute,Central,Land/Urban
Government,land_row_dispute,Central,Land/Urban
Parliament,land_row_dispute,Central,Land/Urban
President Museveni,land_row_dispute,Central,Land/Urban
Government,land_row_dispute,Eastern,Buildings/Housing
Parliament,land_row_dispute,Eastern,Buildings/Housing
President Museveni,land_row_dispute,Eastern,Buildings/Housing
Government,land_row_dispute,Central,Buildings/Housing
President Museveni,land_row_dispute,Central,Buildings/Housing
Government,delay_time_overrun,Northern,Energy
Government,land_row_dispute,Eastern,Energy
Umeme/ERA,land_row_dispute,Eastern,Energy
Government,delay_time_overrun,Western,Roads/Transport
Parliament,delay_time_overrun,Western,Roads/Transport
Government,land_row_dispute,Central,Energy
Ministry of Energy,land_row_dispute,Central,Energy
Police,land_row_dispute,Central,Energy
President Museveni,land_row_dispute,Central,Energy
KCCA,delay_time_overrun,Central/Western,Roads/Transport
Government,delay_time_overrun,Central,Energy
Ministry of Energy,delay_time_overrun,Central,Energy
Government,land_row_dispute,Cross-border,Roads/Transport
President Museveni,land_row_dispute,Cross-border,Roads/Transport
Umeme/ERA,land_row_dispute,Cross-border,Roads/Transport
Court,land_row_dispute,Central,Water/Sanitation
Court,land_row_dispute,Central,Roads/Transport
Police,land_row_dispute,Central,Roads/Transport
Court,procurement_irregularity,Central,Buildings/Housing
IGG,procurement_irregularity,Central,Buildings/Housing
President Museveni,procurement_irregularity,Central,Buildings/Housing
Court,procurement_irregularity,Central,Land/Urban
Government,procurement_irregularity,Central,Land/Urban
Ministry of Finance,procurement_irregularity,Central,Land/Urban
Parliament,procurement_irregularity,Central,Land/Urban
Court,land_row_dispute,Central,Other
Parliament,land_row_dispute,Central,Other
KCCA,land_row_dispute,Central,Land/Urban
Government,land_row_dispute,Central,Roads/Transport
KCCA,land_row_dispute,Central,Roads/Transport
Court,contract_management_failure,Northern,Roads/Transport
Parliament,contract_management_failure,Northern,Roads/Transport
Police,contract_management_failure,Northern,Roads/Transport
Court,land_row_dispute,Central,Land/Urban
Government,land_row_dispute,Central,Land/Urban
KCCA,land_row_dispute,Central,Roads/Transport
NWSC,land_row_dispute,Central,Roads/Transport
Government,land_row_dispute,Central,Other
Ministry of Health,land_row_dispute,Cross-border,Oil/Gas
Government,land_row_dispute,Central,Roads/Transport
Ministry of Health,land_row_dispute,Central,Roads/Transport
Parliament,land_row_dispute,Central,Roads/Transport
Police,land_row_dispute,Central,Roads/Transport
President Museveni,land_row_dispute,Central,Roads/Transport
EACOP,land_row_dispute,Western,Energy
Government,land_row_dispute,Western,Energy
Government,procurement_irregularity,Cross-border,Water/Sanitation
Ministry of Health,procurement_irregularity,Cross-border,Water/Sanitation
Umeme/ERA,procurement_irregularity,Cross-border,Water/Sanitation
Court,land_row_dispute,Central,Roads/Transport
Police,land_row_dispute,Central,Roads/Transport
Court,land_row_dispute,Eastern,Water/Sanitation
Government,land_row_dispute,Eastern,Water/Sanitation
Police,land_row_dispute,Eastern,Water/Sanitation
President Museveni,land_row_dispute,Eastern,Water/Sanitation
Court,land_row_dispute,Northern,Energy
Government,land_row_dispute,Northern,Energy
Court,land_row_dispute,Northern,Land/Urban
Government,land_row_dispute,Northern,Land/Urban
Ministry of Finance,land_row_dispute,Northern,Land/Urban
Parliament,land_row_dispute,Northern,Land/Urban
President Museveni,land_row_dispute,Northern,Land/Urban
Parliament,land_row_dispute,Central,Land/Urban
Police,land_row_dispute,Central,Land/Urban
EACOP,land_row_dispute,Cross-border,Oil/Gas
Government,land_row_dispute,Cross-border,Oil/Gas
Court,land_row_dispute,Eastern,Land/Urban
Government,land_row_dispute,Eastern,Land/Urban
IGG,land_row_dispute,Eastern,Land/Urban
Parliament,land_row_dispute,Eastern,Land/Urban
Government,land_row_dispute,Northern,Buildings/Housing
Government,land_row_dispute,Eastern,Energy
Ministry of Energy,land_row_dispute,Eastern,Energy
Parliament,land_row_dispute,Eastern,Energy
President Museveni,land_row_dispute,Eastern,Energy
Government,delay_time_overrun,Central,Oil/Gas
Government,land_row_dispute,Central,Energy
President Museveni,land_row_dispute,Central,Energy
Government,land_row_dispute,Central,Roads/Transport
Umeme/ERA,land_row_dispute,Central,Roads/Transport
Court,land_row_dispute,Central,Land/Urban
Government,land_row_dispute,Central,Land/Urban
Parliament,land_row_dispute,Central,Land/Urban
Police,land_row_dispute,Central,Land/Urban
Court,land_row_dispute,Central,Land/Urban
Government,land_row_dispute,Central,Land/Urban
Parliament,land_row_dispute,Central,Land/Urban
KCCA,delay_time_overrun,Eastern,Land/Urban
URA,delay_time_overrun,Eastern,Land/Urban
Government,delay_time_overrun,Central,Land/Urban
Ministry of Finance,delay_time_overrun,Central,Land/Urban
Ministry of Works,delay_time_overrun,Central,Land/Urban
President Museveni,delay_time_overrun,Central,Land/Urban
Court,governance_oversight_failure,Central,Energy
Government,governance_oversight_failure,Central,Energy
Parliament,governance_oversight_failure,Central,Energy
Police,governance_oversight_failure,Central,Energy
President Museveni,governance_oversight_failure,Central,Energy
Court,land_row_dispute,National Corridor,Energy
Police,land_row_dispute,National Corridor,Energy
Umeme/ERA,land_row_dispute,National Corridor,Energy
Government,land_row_dispute,Cross-border,Energy
Government,land_row_dispute,Central,Buildings/Housing
IGG,land_row_dispute,Central,Buildings/Housing
KCCA,land_row_dispute,Central,Buildings/Housing
Ministry of Finance,land_row_dispute,Central,Buildings/Housing
Police,land_row_dispute,Central,Buildings/Housing
Government,delay_time_overrun,Central,Energy
President Museveni,land_row_dispute,Central,Buildings/Housing
Government,land_row_dispute,Central,Other
Government,land_row_dispute,Eastern,Roads/Transport
Ministry of Works,land_row_dispute,Eastern,Roads/Transport
Court,land_row_dispute,Central,Roads/Transport
Government,land_row_dispute,Central,Roads/Transport
Parliament,land_row_dispute,Central,Roads/Transport
Police,land_row_dispute,Central,Roads/Transport
President Museveni,land_row_dispute,Central,Roads/Transport
Police,land_row_dispute,Central,Buildings/Housing
Court,land_row_dispute,Northern,Buildings/Housing
Government,land_row_dispute,Northern/Eastern,Land/Urban
President Museveni,land_row_dispute,Northern/Eastern,Land/Urban
URA,payment_financial_dispute,Central,Other
Government,land_row_dispute,Eastern,Buildings/Housing
Parliament,land_row_dispute,Eastern,Buildings/Housing
Umeme/ERA,land_row_dispute,Eastern,Buildings/Housing
Government,land_row_dispute,Northern/Eastern,Energy
Ministry of Education,land_row_dispute,Northern/Eastern,Energy
World Bank,delay_time_overrun,Cross-border,Energy
Court,land_row_dispute,Central,Energy
Government,land_row_dispute,Central,Energy
Police,land_row_dispute,Central,Energy
President Museveni,land_row_dispute,Central,Energy
Court,delay_time_overrun,Central,Energy
Government,land_row_dispute,Eastern,Energy
UEGCL,land_row_dispute,Eastern,Energy
Government,land_row_dispute,Eastern,Buildings/Housing
Government,land_row_dispute,Western,Energy
Ministry of Energy,land_row_dispute,Western,Energy
Parliament,land_row_dispute,Western,Energy
Government,land_row_dispute,National Corridor,Roads/Transport
Ministry of Works,land_row_dispute,National Corridor,Roads/Transport
Government,contract_management_failure,Central,Energy
Ministry of Education,contract_management_failure,Central,Energy
UNRA,delay_time_overrun,Central,Roads/Transport
Government,delay_time_overrun,Central,Energy
Ministry of Health,delay_time_overrun,Central,Energy
Parliament,delay_time_overrun,Central,Energy
Government,delay_time_overrun,Western,Roads/Transport
Government,land_row_dispute,Cross-border,Buildings/Housing
Ministry of Education,land_row_dispute,Cross-border,Buildings/Housing
Parliament,land_row_dispute,Cross-border,Buildings/Housing
Government,land_row_dispute,Central,Energy
Police,land_row_dispute,Central,Energy
Umeme,land_row_dispute,Central,Energy
Umeme/ERA,land_row_dispute,Central,Energy
Government,quality_technical_defect,Central,Roads/Transport
Ministry of Health,quality_technical_defect,Central,Roads/Transport
Police,quality_technical_defect,Central,Roads/Transport
Police,delay_time_overrun,Central,Roads/Transport
NSSF,land_row_dispute,Central,Buildings/Housing
Government,quality_technical_defect,Western,Energy
UEGCL,quality_technical_defect,Western,Energy
Government,land_row_dispute,Central,Roads/Transport
Ministry of Health,land_row_dispute,Central,Roads/Transport
Government,delay_time_overrun,Central,Energy
Police,delay_time_overrun,Central,Energy
Umeme,delay_time_overrun,Central,Energy
Court,delay_time_overrun,Cross-border,Other
Government,delay_time_overrun,Cross-border,Other
Government,delay_time_overrun,Eastern,Water/Sanitation
NWSC,delay_time_overrun,Eastern,Water/Sanitation
World Bank,delay_time_overrun,Eastern,Water/Sanitation
Police,land_row_dispute,Northern,Roads/Transport
UNRA,land_row_dispute,Northern,Roads/Transport
Government,land_row_dispute,Cross-border,Oil/Gas
President Museveni,land_row_dispute,Cross-border,Oil/Gas
Court,land_row_dispute,Central,Land/Urban
Government,land_row_dispute,Central,Land/Urban
KCCA,land_row_dispute,Central,Land/Urban
Parliament,land_row_dispute,Central,Land/Urban
Police,land_row_dispute,Central,Land/Urban
President Museveni,land_row_dispute,Central,Land/Urban
Government,land_row_dispute,Central,Roads/Transport
World Bank,land_row_dispute,Central,Roads/Transport
Government,land_row_dispute,Northern,Energy
President Museveni,land_row_dispute,Northern,Energy
UEGCL,land_row_dispute,Northern,Energy
Government,land_row_dispute,Cross-border,Buildings/Housing
President Museveni,land_row_dispute,Cross-border,Buildings/Housing
Court,delay_time_overrun,Central,Land/Urban
Government,delay_time_overrun,Central,Land/Urban
Parliament,delay_time_overrun,Central,Land/Urban
President Museveni,delay_time_overrun,Central,Land/Urban
Government,land_row_dispute,Central,Roads/Transport
KCCA,land_row_dispute,Central,Roads/Transport
Government,land_row_dispute,Central,Roads/Transport
Government,land_row_dispute,Central,Roads/Transport
Court,land_row_dispute,Western,Roads/Transport
Police,land_row_dispute,Western,Roads/Transport
Government,governance_oversight_failure,Cross-border,Buildings/Housing
Ministry of Health,governance_oversight_failure,Cross-border,Buildings/Housing
NEMA,land_row_dispute,Central/Western,Land/Urban
Parliament,land_row_dispute,Central/Western,Land/Urban
Government,quality_technical_defect,Central,Energy
Umeme,quality_technical_defect,Central,Energy
Umeme/ERA,quality_technical_defect,Central,Energy
Government,land_row_dispute,Central,Other
Government,land_row_dispute,Central,Buildings/Housing
Police,land_row_dispute,Central,Roads/Transport
Umeme/ERA,land_row_dispute,Central,Roads/Transport
NSSF,land_row_dispute,Central,Other
Government,quality_technical_defect,Central,Buildings/Housing
World Bank,quality_technical_defect,Central,Buildings/Housing
Government,land_row_dispute,Central,Roads/Transport
President Museveni,land_row_dispute,National Corridor,Roads/Transport
UNRA,land_row_dispute,National Corridor,Roads/Transport
Umeme,land_row_dispute,Central,Energy
Government,land_row_dispute,Central,Buildings/Housing
Police,land_row_dispute,Cross-border,Buildings/Housing
Court,land_row_dispute,Central,Roads/Transport
Government,land_row_dispute,Central,Roads/Transport
Ministry of Works,land_row_dispute,Central,Roads/Transport
Parliament,land_row_dispute,Central,Roads/Transport
President Museveni,land_row_dispute,Central,Roads/Transport
Court,land_row_dispute,Central,Land/Urban
Government,land_row_dispute,Central,Land/Urban
Ministry of Finance,land_row_dispute,Central,Land/Urban
Ministry of Works,land_row_dispute,Central,Land/Urban
Parliament,land_row_dispute,Central,Land/Urban
Police,land_row_dispute,Central,Land/Urban
Government,land_row_dispute,Central,Land/Urban
KCCA,land_row_dispute,Central,Land/Urban
President Museveni,land_row_dispute,Central,Land/Urban
URA,land_row_dispute,Central,Land/Urban
Government,land_row_dispute,Cross-border,Land/Urban
Court,land_row_dispute,Central,Roads/Transport
Government,land_row_dispute,Central,Roads/Transport
Police,land_row_dispute,Central,Roads/Transport
Government,governance_oversight_failure,Central,Land/Urban
Parliament,governance_oversight_failure,Central,Land/Urban
Police,governance_oversight_failure,Central,Land/Urban
President Museveni,governance_oversight_failure,Central,Land/Urban
Government,delay_time_overrun,Northern,Energy
UEGCL,delay_time_overrun,Northern,Energy
Government,land_row_dispute,Central,Energy
Umeme,land_row_dispute,Central,Energy
Umeme/ERA,land_row_dispute,Central,Energy
Government,land_row_dispute,Cross-border,Other
Government,land_row_dispute,Central,Energy
Ministry of Energy,land_row_dispute,Central,Energy
President Museveni,land_row_dispute,Central,Energy
KCCA,land_row_dispute,Central,Roads/Transport
Ministry of Finance,land_row_dispute,Central,Roads/Transport
Government,delay_time_overrun,Eastern,Energy
Ministry of Energy,delay_time_overrun,Eastern,Energy
Umeme/ERA,delay_time_overrun,Eastern,Energy
World Bank,delay_time_overrun,Eastern,Energy
Government,quality_technical_defect,National Corridor,Buildings/Housing
Court,land_row_dispute,Eastern,Buildings/Housing
Government,land_row_dispute,Cross-border,Other
IGG,land_row_dispute,Cross-border,Other
President Museveni,land_row_dispute,Cross-border,Other
Government,land_row_dispute,Eastern,Energy
Umeme,land_row_dispute,Eastern,Energy
Court,governance_oversight_failure,Central,Other
Ministry of Finance,governance_oversight_failure,Central,Other
Court,land_row_dispute,Eastern,Buildings/Housing
Government,land_row_dispute,Eastern,Buildings/Housing
Government,land_row_dispute,Central,Roads/Transport
Ministry of Works,land_row_dispute,Central,Roads/Transport
Police,land_row_dispute,Central,Roads/Transport
Court,land_row_dispute,Central,Land/Urban
Government,land_row_dispute,Central,Land/Urban
Police,land_row_dispute,Central,Land/Urban
Government,land_row_dispute,Cross-border,Roads/Transport
Parliament,land_row_dispute,Cross-border,Roads/Transport
Court,procurement_irregularity,Central,Roads/Transport
Government,procurement_irregularity,Central,Roads/Transport
UNRA,procurement_irregularity,Central,Roads/Transport
Government,land_row_dispute,Central,Roads/Transport
Ministry of Education,land_row_dispute,Central,Roads/Transport
Ministry of Health,land_row_dispute,Central,Roads/Transport
President Museveni,land_row_dispute,Central,Roads/Transport
Government,procurement_irregularity,Central,Energy
Government,delay_time_overrun,Central,Buildings/Housing
Ministry of Education,delay_time_overrun,Central,Buildings/Housing
President Museveni,delay_time_overrun,Central,Buildings/Housing
Court,land_row_dispute,National Corridor,Land/Urban
Government,land_row_dispute,National Corridor,Land/Urban
Parliament,land_row_dispute,National Corridor,Land/Urban
Government,land_row_dispute,Northern,Energy
President Museveni,land_row_dispute,Northern,Energy
Umeme,land_row_dispute,Northern,Energy
Umeme/ERA,land_row_dispute,Northern,Energy
Ministry of Works,land_row_dispute,Western,Roads/Transport
Parliament,land_row_dispute,Western,Roads/Transport
UNRA,land_row_dispute,Western,Roads/Transport
Government,land_row_dispute,Central,Roads/Transport
Parliament,land_row_dispute,Central,Roads/Transport
Police,land_row_dispute,Central,Roads/Transport
President Museveni,land_row_dispute,Central,Roads/Transport
Government,land_row_dispute,Central,Buildings/Housing
Ministry of Education,land_row_dispute,Central,Buildings/Housing
Government,land_row_dispute,Eastern,Energy
Umeme,land_row_dispute,Eastern,Energy
Umeme/ERA,land_row_dispute,Eastern,Energy
World Bank,land_row_dispute,Eastern,Energy
Government,delay_time_overrun,Central,Other
Ministry of Health,delay_time_overrun,Central,Other
President Museveni,delay_time_overrun,Central,Other
Government,land_row_dispute,Central,Roads/Transport
KCCA,land_row_dispute,Central,Roads/Transport
Ministry of Finance,land_row_dispute,Central,Roads/Transport
Ministry of Works,land_row_dispute,Central,Roads/Transport
Parliament,land_row_dispute,Central,Roads/Transport
UNRA,land_row_dispute,Central,Roads/Transport
Government,land_row_dispute,Central,Water/Sanitation
Parliament,land_row_dispute,Central,Water/Sanitation
EACOP,land_row_dispute,Cross-border,Oil/Gas
NEMA,land_row_dispute,Cross-border,Oil/Gas
Government,land_row_dispute,Cross-border,Water/Sanitation
Court,delay_time_overrun,Central,Land/Urban
Government,delay_time_overrun,Central,Land/Urban
President Museveni,delay_time_overrun,Central,Land/Urban
Government,land_row_dispute,Central,Buildings/Housing
Police,land_row_dispute,Central,Buildings/Housing
President Museveni,land_row_dispute,Central,Buildings/Housing
Police,land_row_dispute,Central,Roads/Transport
UNRA,land_row_dispute,Central,Roads/Transport
Parliament,land_row_dispute,Central,Oil/Gas
Court,contract_management_failure,Central,Other
KCCA,delay_time_overrun,Central,Land/Urban
Court,land_row_dispute,Central,Other
Police,land_row_dispute,Central,Other
Government,land_row_dispute,Central,Other
Parliament,land_row_dispute,Central,Other
Government,delay_time_overrun,Central,Roads/Transport
KCCA,delay_time_overrun,Central,Roads/Transport
UNRA,delay_time_overrun,Central,Roads/Transport
Court,delay_time_overrun,Central,Energy
Government,delay_time_overrun,Central,Energy
Ministry of Finance,delay_time_overrun,Central,Energy
Ministry of Health,delay_time_overrun,Central,Energy
Parliament,delay_time_overrun,Central,Energy
President Museveni,delay_time_overrun,Central,Energy
Government,land_row_dispute,Central,Roads/Transport
Ministry of Works,land_row_dispute,Central,Roads/Transport
President Museveni,land_row_dispute,Cross-border,Water/Sanitation
Court,land_row_dispute,Central,Land/Urban
Police,land_row_dispute,Central,Land/Urban
Ministry of Finance,land_row_dispute,Central,Energy
KCCA,land_row_dispute,Central,Land/Urban
Ministry of Education,land_row_dispute,Central,Energy
Parliament,land_row_dispute,Central,Other
President Museveni,land_row_dispute,Central,Other
Government,procurement_irregularity,Cross-border,Roads/Transport
Parliament,procurement_irregularity,Cross-border,Roads/Transport
Police,procurement_irregularity,Cross-border,Roads/Transport
President Museveni,procurement_irregularity,Cross-border,Roads/Transport
Government,land_row_dispute,Central,Buildings/Housing
Parliament,land_row_dispute,Central,Buildings/Housing
President Museveni,land_row_dispute,Central,Buildings/Housing
Court,land_row_dispute,Central,Energy
Government,land_row_dispute,Eastern,Other
Ministry of Finance,land_row_dispute,Eastern,Other
President Museveni,land_row_dispute,Eastern,Other
President Museveni,governance_oversight_failure,Central/Western,Buildings/Housing
Parliament,quality_technical_defect,Central,Roads/Transport
Government,land_row_dispute,National Corridor,Water/Sanitation
World Bank,land_row_dispute,National Corridor,Water/Sanitation
KCCA,land_row_dispute,Central,Water/Sanitation
Government,procurement_irregularity,Central,Roads/Transport
World Bank,procurement_irregularity,Central,Roads/Transport
Government,land_row_dispute,Central,Energy
Government,land_row_dispute,Central,Roads/Transport
President Museveni,land_row_dispute,Central,Roads/Transport
UNRA,land_row_dispute,Central,Roads/Transport
Court,land_row_dispute,Central,Land/Urban
KCCA,land_row_dispute,Central,Land/Urban
Court,land_row_dispute,Central,Buildings/Housing
Government,land_row_dispute,Central,Land/Urban
KCCA,land_row_dispute,Central,Land/Urban
Government,land_row_dispute,Northern,Energy
Parliament,land_row_dispute,Northern,Energy
Umeme,land_row_dispute,Northern,Energy
Umeme/ERA,land_row_dispute,Northern,Energy
Government,land_row_dispute,Eastern,Roads/Transport
UNRA,land_row_dispute,Eastern,Roads/Transport
Government,land_row_dispute,Eastern,Energy
World Bank,land_row_dispute,Eastern,Energy
Government,land_row_dispute,Northern,Other
NEMA,land_row_dispute,Northern,Other
Government,delay_time_overrun,Central,Land/Urban
Government,land_row_dispute,Central,Buildings/Housing
Parliament,land_row_dispute,Central,Buildings/Housing
Police,land_row_dispute,Northern,Other
Government,land_row_dispute,Central,Energy
Ministry of Energy,land_row_dispute,Central,Energy
President Museveni,land_row_dispute,Central,Energy
Government,land_row_dispute,Central,Roads/Transport
Ministry of Works,land_row_dispute,Central,Roads/Transport
EACOP,land_row_dispute,Western,Buildings/Housing
Government,land_row_dispute,Western,Buildings/Housing
KCCA,governance_oversight_failure,Central,Water/Sanitation
Government,land_row_dispute,Central,Energy
Ministry of Energy,land_row_dispute,Central,Energy
Court,land_row_dispute,Central,Roads/Transport
Government,land_row_dispute,Central,Roads/Transport
Government,land_row_dispute,Central,Energy
KCCA,land_row_dispute,Central,Energy
Government,land_row_dispute,Eastern,Roads/Transport
Parliament,land_row_dispute,Eastern,Roads/Transport
Government,land_row_dispute,Central,Land/Urban
KCCA,land_row_dispute,Central,Land/Urban
Court,delay_time_overrun,Central,Land/Urban
Government,delay_time_overrun,Central,Land/Urban
President Museveni,delay_time_overrun,Central,Land/Urban
NWSC,land_row_dispute,Central,Water/Sanitation
Government,land_row_dispute,Northern/Eastern,Energy
Court,land_row_dispute,Central,Energy
Government,land_row_dispute,Central,Energy
KCCA,land_row_dispute,Central,Energy
Police,land_row_dispute,Central,Energy
President Museveni,land_row_dispute,Central,Energy
Government,payment_financial_dispute,Northern,Other
Police,payment_financial_dispute,Northern,Other
Police,land_row_dispute,Eastern,Buildings/Housing
Court,land_row_dispute,Central,Land/Urban
Police,land_row_dispute,Central,Land/Urban
Government,land_row_dispute,Central,Roads/Transport
KCCA,land_row_dispute,Central,Roads/Transport
Police,land_row_dispute,Central,Roads/Transport
World Bank,land_row_dispute,Central,Roads/Transport
Court,procurement_irregularity,Central,Buildings/Housing
Government,procurement_irregularity,Central,Buildings/Housing
President Museveni,procurement_irregularity,Central,Buildings/Housing
KCCA,land_row_dispute,National Corridor,Land/Urban
URA,land_row_dispute,National Corridor,Land/Urban
Government,procurement_irregularity,Central,Buildings/Housing
Court,land_row_dispute,Central,Water/Sanitation
Government,land_row_dispute,Central,Water/Sanitation
Parliament,land_row_dispute,Central,Water/Sanitation
Police,land_row_dispute,Central,Water/Sanitation
Umeme,delay_time_overrun,Eastern,Energy
Court,procurement_irregularity,Eastern,Roads/Transport
Government,procurement_irregularity,Eastern,Roads/Transport
PPDA,procurement_irregularity,Eastern,Roads/Transport
UNRA,procurement_irregularity,Eastern,Roads/Transport
Parliament,land_row_dispute,Central,Buildings/Housing
President Museveni,land_row_dispute,Central,Buildings/Housing
Government,land_row_dispute,Central,Other
Ministry of Education,land_row_dispute,Central,Other
Government,quality_technical_defect,Northern,Energy
President Museveni,quality_technical_defect,Northern,Energy
Umeme,quality_technical_defect,Northern,Energy
Umeme/ERA,quality_technical_defect,Northern,Energy
Government,procurement_irregularity,Cross-border,Oil/Gas
President Museveni,procurement_irregularity,Cross-border,Oil/Gas
Government,land_row_dispute,Northern,Buildings/Housing
NWSC,land_row_dispute,Northern,Water/Sanitation
Court,land_row_dispute,Central,Roads/Transport
KCCA,land_row_dispute,Central,Roads/Transport
Police,land_row_dispute,Cross-border,Other
KCCA,land_row_dispute,Central,Roads/Transport
NWSC,land_row_dispute,Central,Roads/Transport
Police,land_row_dispute,Central,Roads/Transport
Court,land_row_dispute,Central,Roads/Transport
Government,land_row_dispute,Central,Roads/Transport
KCCA,land_row_dispute,Central,Roads/Transport
Ministry of Works,land_row_dispute,Central,Roads/Transport
NEMA,land_row_dispute,Central,Roads/Transport
Parliament,land_row_dispute,Central,Roads/Transport
Police,land_row_dispute,Central,Roads/Transport
President Museveni,land_row_dispute,Central,Roads/Transport
UNRA,land_row_dispute,Central,Roads/Transport
Court,land_row_dispute,Northern,Buildings/Housing
Government,land_row_dispute,Northern,Buildings/Housing
Police,land_row_dispute,Northern,Buildings/Housing
Court,land_row_dispute,Central,Buildings/Housing
Government,land_row_dispute,Central,Buildings/Housing
Parliament,land_row_dispute,Central,Buildings/Housing
Police,land_row_dispute,Central,Buildings/Housing
Parliament,procurement_irregularity,Central,Buildings/Housing
Court,land_row_dispute,Cross-border,Energy
Government,land_row_dispute,Cross-border,Energy
IGG,land_row_dispute,Cross-border,Energy
Parliament,land_row_dispute,Cross-border,Energy
President Museveni,land_row_dispute,Cross-border,Energy
Ministry of Finance,land_row_dispute,Central,Buildings/Housing
Government,land_row_dispute,Central,Buildings/Housing
Ministry of Health,land_row_dispute,Central,Buildings/Housing
Parliament,land_row_dispute,Central,Buildings/Housing
Government,land_row_dispute,Western,Water/Sanitation
Parliament,land_row_dispute,Western,Water/Sanitation
Police,land_row_dispute,Western,Water/Sanitation
President Museveni,land_row_dispute,Western,Water/Sanitation
Government,land_row_dispute,Central,Energy
President Museveni,land_row_dispute,Central,Energy
Court,land_row_dispute,Northern,Energy
Government,land_row_dispute,Northern,Energy
Police,land_row_dispute,Northern,Energy
President Museveni,land_row_dispute,Northern,Energy
KCCA,quality_technical_defect,Central,Land/Urban
Court,governance_oversight_failure,Central,Energy
Government,governance_oversight_failure,Central,Energy
Umeme,governance_oversight_failure,Central,Energy
Umeme/ERA,governance_oversight_failure,Central,Energy
KCCA,land_row_dispute,Central,Roads/Transport
Police,land_row_dispute,Central,Roads/Transport
Government,procurement_irregularity,Eastern,Buildings/Housing
Ministry of Health,procurement_irregularity,Eastern,Buildings/Housing
Court,land_row_dispute,Central,Buildings/Housing
Court,land_row_dispute,Central,Energy
EACOP,land_row_dispute,Central,Roads/Transport
Government,land_row_dispute,Central,Roads/Transport
UNRA,land_row_dispute,Central,Roads/Transport
Court,delay_time_overrun,Central,Other
Government,delay_time_overrun,Central,Other
President Museveni,delay_time_overrun,Central,Other
Parliament,land_row_dispute,Central,Other
President Museveni,land_row_dispute,Central,Other
Court,land_row_dispute,Central,Land/Urban
Government,land_row_dispute,Central,Land/Urban
KCCA,land_row_dispute,Central,Land/Urban
UNRA,delay_time_overrun,Central,Roads/Transport
Court,contract_management_failure,Central,Roads/Transport
Government,contract_management_failure,Central,Roads/Transport
Ministry of Health,contract_management_failure,Central,Roads/Transport
Government,land_row_dispute,Central,Roads/Transport
Parliament,land_row_dispute,Central,Roads/Transport
Police,land_row_dispute,Central,Roads/Transport
Court,land_row_dispute,Central,Buildings/Housing
Government,land_row_dispute,Central,Buildings/Housing
IGG,land_row_dispute,Central,Buildings/Housing
NSSF,land_row_dispute,Central,Buildings/Housing
Government,land_row_dispute,Western,Roads/Transport
Court,contract_management_failure,Central,Energy
Government,contract_management_failure,Central,Energy
KCCA,contract_management_failure,Central,Energy
Parliament,contract_management_failure,Central,Energy
Police,contract_management_failure,Central,Energy
President Museveni,contract_management_failure,Central,Energy
Court,land_row_dispute,Central,Land/Urban
Government,land_row_dispute,Central,Land/Urban
KCCA,land_row_dispute,Central,Land/Urban
Parliament,land_row_dispute,Central,Land/Urban
Government,land_row_dispute,Eastern,Buildings/Housing
Ministry of Education,land_row_dispute,Eastern,Buildings/Housing
Government,delay_time_overrun,Cross-border,Buildings/Housing
Court,delay_time_overrun,Central,Other
Government,delay_time_overrun,Central,Other
Parliament,delay_time_overrun,Central,Other
Government,land_row_dispute,Eastern,Energy
Umeme,land_row_dispute,Eastern,Energy
Umeme/ERA,land_row_dispute,Eastern,Energy
Police,land_row_dispute,Northern,Other
Government,land_row_dispute,Central/Western,Buildings/Housing
URA,land_row_dispute,Central/Western,Buildings/Housing
Court,land_row_dispute,Central,Energy
Government,land_row_dispute,Central,Energy
Police,land_row_dispute,Central,Energy
President Museveni,land_row_dispute,Central,Energy
Government,delay_time_overrun,Eastern,Buildings/Housing
Ministry of Health,delay_time_overrun,Eastern,Buildings/Housing
Government,quality_technical_defect,Central,Other
Ministry of Finance,quality_technical_defect,Central,Other
World Bank,delay_time_overrun,Eastern,Roads/Transport
Government,land_row_dispute,Northern,Land/Urban
Parliament,land_row_dispute,Northern,Land/Urban
President Museveni,land_row_dispute,Northern,Land/Urban
Government,land_row_dispute,Central,Energy
Ministry of Energy,land_row_dispute,Central,Energy
Parliament,land_row_dispute,Central,Energy
President Museveni,land_row_dispute,Central,Energy
KCCA,procurement_irregularity,Eastern,Land/Urban
Police,procurement_irregularity,Eastern,Land/Urban
URA,procurement_irregularity,Eastern,Land/Urban
EACOP,land_row_dispute,Central,Roads/Transport
Government,land_row_dispute,Central,Roads/Transport
Ministry of Finance,land_row_dispute,Central,Roads/Transport
President Museveni,land_row_dispute,Central,Roads/Transport
World Bank,land_row_dispute,Central,Roads/Transport
Court,land_row_dispute,Central,Land/Urban
Police,land_row_dispute,Central,Land/Urban
World Bank,land_row_dispute,Central,Land/Urban
Court,delay_time_overrun,Northern/Eastern,Other
Government,delay_time_overrun,Northern/Eastern,Other
Parliament,delay_time_overrun,Northern/Eastern,Other
Government,land_row_dispute,Central,Roads/Transport
UNRA,land_row_dispute,Central,Roads/Transport
Court,land_row_dispute,Central,Buildings/Housing
World Bank,land_row_dispute,Northern,Buildings/Housing
Government,land_row_dispute,Central,Roads/Transport
KCCA,land_row_dispute,Central,Roads/Transport
Ministry of Finance,land_row_dispute,Central,Roads/Transport
Parliament,land_row_dispute,Central,Roads/Transport
World Bank,land_row_dispute,Central,Roads/Transport
President Museveni,land_row_dispute,Central,Roads/Transport
Government,land_row_dispute,Central,Energy
Ministry of Energy,land_row_dispute,Central,Energy
Umeme,land_row_dispute,Central,Energy
Umeme/ERA,land_row_dispute,Central,Energy
World Bank,land_row_dispute,Central,Energy
Government,delay_time_overrun,Central,Roads/Transport
President Museveni,delay_time_overrun,Central,Roads/Transport
UNRA,delay_time_overrun,Central,Roads/Transport
Court,land_row_dispute,Northern,Roads/Transport
UNRA,land_row_dispute,Northern,Roads/Transport
Court,governance_oversight_failure,Central,Roads/Transport
Government,governance_oversight_failure,Central,Roads/Transport
KCCA,governance_oversight_failure,Central,Roads/Transport
NEMA,governance_oversight_failure,Central,Roads/Transport
NSSF,governance_oversight_failure,Central,Roads/Transport
Parliament,governance_oversight_failure,Central,Roads/Transport
Police,governance_oversight_failure,Central,Roads/Transport
President Museveni,governance_oversight_failure,Central,Roads/Transport
NWSC,land_row_dispute,Northern,Energy
Police,land_row_dispute,Northern,Energy
PPDA,procurement_irregularity,Central,Energy
Parliament,land_row_dispute,Central,Buildings/Housing
Government,land_row_dispute,Central,Roads/Transport
Court,land_row_dispute,Western,Energy
Government,land_row_dispute,Western,Energy
NEMA,land_row_dispute,Western,Energy
Government,procurement_irregularity,Central,Buildings/Housing
IGG,procurement_irregularity,Central,Buildings/Housing
Ministry of Finance,procurement_irregularity,Central,Buildings/Housing
Parliament,procurement_irregularity,Central,Buildings/Housing
Police,procurement_irregularity,Central,Buildings/Housing
President Museveni,procurement_irregularity,Central,Buildings/Housing
Court,land_row_dispute,Central,Energy
Ministry of Energy,land_row_dispute,Central,Energy
Government,land_row_dispute,Central,Energy
Ministry of Energy,land_row_dispute,Central,Energy
President Museveni,land_row_dispute,Central,Energy
KCCA,governance_oversight_failure,Central,Water/Sanitation
Government,land_row_dispute,Eastern,Roads/Transport
Court,governance_oversight_failure,Central,Other
Police,governance_oversight_failure,Central,Other
Government,land_row_dispute,Central,Energy
Government,governance_oversight_failure,Eastern,Water/Sanitation
Court,land_row_dispute,Central,Other
Government,land_row_dispute,Central,Other
Police,land_row_dispute,Central,Other
Government,land_row_dispute,Central,Buildings/Housing
KCCA,land_row_dispute,Central,Buildings/Housing
Parliament,land_row_dispute,Central,Buildings/Housing
Police,land_row_dispute,Central,Buildings/Housing
Government,payment_financial_dispute,Eastern,Other
Government,land_row_dispute,Central,Energy
KCCA,land_row_dispute,Central,Energy
Government,land_row_dispute,Eastern,Energy
Umeme/ERA,land_row_dispute,Eastern,Energy
Court,land_row_dispute,Western,Energy
EACOP,land_row_dispute,Western,Energy
Government,land_row_dispute,Western,Energy
Ministry of Energy,land_row_dispute,Western,Energy
Government,land_row_dispute,Central,Roads/Transport
President Museveni,land_row_dispute,Central,Roads/Transport
UNRA,land_row_dispute,Central,Roads/Transport
Government,land_row_dispute,Eastern,Roads/Transport
EACOP,land_row_dispute,Cross-border,Roads/Transport
Government,land_row_dispute,Cross-border,Roads/Transport
Ministry of Energy,land_row_dispute,Cross-border,Roads/Transport
Ministry of Works,land_row_dispute,Cross-border,Roads/Transport
UEGCL,land_row_dispute,Cross-border,Roads/Transport
Umeme,land_row_dispute,Cross-border,Roads/Transport
Government,land_row_dispute,Central,Roads/Transport
Parliament,land_row_dispute,Central,Roads/Transport
Government,land_row_dispute,Central,Roads/Transport
Ministry of Works,land_row_dispute,Central,Roads/Transport
Police,land_row_dispute,Central,Roads/Transport
Court,delay_time_overrun,Central,Land/Urban
Government,delay_time_overrun,Central,Land/Urban
KCCA,delay_time_overrun,Central,Land/Urban
Parliament,delay_time_overrun,Central,Land/Urban
President Museveni,delay_time_overrun,Central,Land/Urban
EACOP,land_row_dispute,Cross-border,Water/Sanitation
Court,payment_financial_dispute,Cross-border,Oil/Gas
Government,payment_financial_dispute,Cross-border,Oil/Gas
Ministry of Finance,payment_financial_dispute,Cross-border,Oil/Gas
URA,payment_financial_dispute,Cross-border,Oil/Gas
KCCA,land_row_dispute,Central,Water/Sanitation
Government,land_row_dispute,Western,Water/Sanitation
PPDA,land_row_dispute,Western,Water/Sanitation
Government,land_row_dispute,Central,Roads/Transport
KCCA,land_row_dispute,Central,Roads/Transport
World Bank,land_row_dispute,Central,Roads/Transport
Court,land_row_dispute,Central,Water/Sanitation
Police,land_row_dispute,Central,Water/Sanitation
Government,land_row_dispute,Central,Roads/Transport
Police,land_row_dispute,Central,Roads/Transport
Court,land_row_dispute,Central,Buildings/Housing
Government,land_row_dispute,Central,Buildings/Housing
Ministry of Finance,land_row_dispute,Central,Buildings/Housing
Parliament,land_row_dispute,Central,Buildings/Housing
Court,land_row_dispute,Cross-border,Buildings/Housing
Government,land_row_dispute,Cross-border,Buildings/Housing
Police,land_row_dispute,Cross-border,Buildings/Housing
Police,land_row_dispute,Eastern,Buildings/Housing
Ministry of Education,procurement_irregularity,Central,Buildings/Housing
Government,delay_time_overrun,Northern,Energy
President Museveni,delay_time_overrun,Northern,Energy
Umeme,delay_time_overrun,Northern,Energy
Umeme/ERA,delay_time_overrun,Northern,Energy
KCCA,land_row_dispute,Central,Energy
EACOP,land_row_dispute,Cross-border,Energy
Government,land_row_dispute,Cross-border,Energy
NEMA,land_row_dispute,Cross-border,Energy
Parliament,land_row_dispute,Cross-border,Energy
President Museveni,land_row_dispute,Cross-border,Energy
Government,land_row_dispute,Western,Buildings/Housing
Ministry of Health,land_row_dispute,Western,Buildings/Housing
EACOP,land_row_dispute,Central,Oil/Gas
President Museveni,land_row_dispute,Central,Oil/Gas
Court,land_row_dispute,Central,Roads/Transport
Government,land_row_dispute,Central,Roads/Transport
Ministry of Finance,land_row_dispute,Central,Roads/Transport
President Museveni,land_row_dispute,Central,Roads/Transport
Government,land_row_dispute,Central,Land/Urban
President Museveni,land_row_dispute,Central,Land/Urban
Ministry of Finance,procurement_irregularity,Eastern,Buildings/Housing
Parliament,procurement_irregularity,Eastern,Buildings/Housing
EACOP,land_row_dispute,Western,Energy
Government,land_row_dispute,Western,Energy
Government,land_row_dispute,Northern,Energy
Government,land_row_dispute,Northern/Eastern,Buildings/Housing
Court,procurement_irregularity,Central,Roads/Transport
Ministry of Works,procurement_irregularity,Central,Roads/Transport
Government,land_row_dispute,Northern,Land/Urban
Ministry of Education,land_row_dispute,Northern,Land/Urban
Ministry of Finance,land_row_dispute,Northern,Land/Urban
President Museveni,land_row_dispute,Northern,Land/Urban
Government,governance_oversight_failure,Cross-border,Other
Court,land_row_dispute,Western,Roads/Transport
President Museveni,land_row_dispute,Western,Roads/Transport
Government,land_row_dispute,Central,Buildings/Housing
Parliament,land_row_dispute,Central,Buildings/Housing
President Museveni,land_row_dispute,Central,Buildings/Housing
Court,land_row_dispute,Central,Buildings/Housing
Government,land_row_dispute,Central,Buildings/Housing
KCCA,land_row_dispute,Central,Buildings/Housing
URA,land_row_dispute,Central,Buildings/Housing
Police,land_row_dispute,Central,Roads/Transport
President Museveni,land_row_dispute,Central,Roads/Transport
UNRA,land_row_dispute,Central,Roads/Transport
Government,delay_time_overrun,Central,Buildings/Housing
Ministry of Education,delay_time_overrun,Central,Buildings/Housing
Court,land_row_dispute,Central,Land/Urban
Government,land_row_dispute,Central,Land/Urban
EACOP,land_row_dispute,Western,Energy
Government,land_row_dispute,Western,Energy
Ministry of Energy,land_row_dispute,Western,Energy
Parliament,land_row_dispute,Western,Energy
Court,land_row_dispute,Eastern,Buildings/Housing
Government,land_row_dispute,Eastern,Buildings/Housing
Police,land_row_dispute,Eastern,Buildings/Housing
Government,procurement_irregularity,Northern,Energy
Ministry of Health,procurement_irregularity,Northern,Energy
Parliament,procurement_irregularity,Northern,Energy
Umeme,procurement_irregularity,Northern,Energy
Government,procurement_irregularity,Central,Other
Police,procurement_irregularity,Central,Other
Government,payment_financial_dispute,Central,Water/Sanitation
Parliament,payment_financial_dispute,Central,Water/Sanitation
Police,payment_financial_dispute,Central,Water/Sanitation
Court,quality_technical_defect,Central,Buildings/Housing
KCCA,quality_technical_defect,Central,Buildings/Housing
Police,quality_technical_defect,Central,Buildings/Housing
Court,contract_management_failure,Central,Roads/Transport
NEMA,contract_management_failure,Central,Roads/Transport
Police,contract_management_failure,Central,Roads/Transport
Police,land_row_dispute,Central,Roads/Transport
UNRA,land_row_dispute,Central,Roads/Transport
Police,land_row_dispute,Central,Water/Sanitation
Government,land_row_dispute,Central,Other
Ministry of Health,land_row_dispute,Central,Other
Police,land_row_dispute,Central,Other
Government,land_row_dispute,Central,Water/Sanitation
President Museveni,land_row_dispute,Central,Water/Sanitation
World Bank,land_row_dispute,Central,Water/Sanitation
Umeme,delay_time_overrun,Eastern,Energy
Government,delay_time_overrun,Cross-border,Roads/Transport
Court,land_row_dispute,Central,Roads/Transport
Government,land_row_dispute,Central,Roads/Transport
Government,land_row_dispute,Central,Land/Urban
Police,land_row_dispute,Central,Land/Urban
President Museveni,land_row_dispute,Central,Land/Urban
Court,land_row_dispute,Central,Energy
Government,land_row_dispute,Central,Energy
Parliament,land_row_dispute,Central,Energy
Police,land_row_dispute,Central,Energy
President Museveni,land_row_dispute,Central,Energy
Government,delay_time_overrun,Central,Water/Sanitation
Court,land_row_dispute,Central,Oil/Gas
Government,land_row_dispute,Central,Oil/Gas
Government,land_row_dispute,Northern,Energy
President Museveni,land_row_dispute,Northern,Energy
UEGCL,land_row_dispute,Northern,Energy
Court,land_row_dispute,Eastern,Roads/Transport
Government,land_row_dispute,Eastern,Roads/Transport
Parliament,land_row_dispute,Eastern,Roads/Transport
President Museveni,land_row_dispute,Eastern,Roads/Transport
Government,land_row_dispute,Northern,Roads/Transport
UEGCL,land_row_dispute,Northern,Roads/Transport
Umeme,land_row_dispute,Northern,Roads/Transport
World Bank,land_row_dispute,Northern,Roads/Transport
Umeme/ERA,land_row_dispute,Central,Buildings/Housing
Ministry of Energy,land_row_dispute,Northern,Roads/Transport
Umeme,land_row_dispute,Northern,Roads/Transport
Government,land_row_dispute,Central,Roads/Transport
Ministry of Health,land_row_dispute,Central,Other
URA,land_row_dispute,Central,Other
Court,land_row_dispute,Central,Buildings/Housing
Government,land_row_dispute,Central,Buildings/Housing
KCCA,land_row_dispute,Central,Buildings/Housing
Police,land_row_dispute,Central,Buildings/Housing
NWSC,land_row_dispute,Central,Water/Sanitation
Government,delay_time_overrun,Western,Other
Ministry of Works,delay_time_overrun,Western,Other
Court,governance_oversight_failure,Central,Roads/Transport
Government,governance_oversight_failure,Central,Roads/Transport
Ministry of Finance,governance_oversight_failure,Central,Roads/Transport
Parliament,governance_oversight_failure,Central,Roads/Transport
UNRA,land_row_dispute,Eastern,Roads/Transport
Court,land_row_dispute,Central,Land/Urban
Government,land_row_dispute,Central,Land/Urban
Parliament,land_row_dispute,Central,Land/Urban
Ministry of Works,land_row_dispute,Eastern,Roads/Transport
Police,land_row_dispute,Eastern,Roads/Transport
URA,land_row_dispute,Eastern,Roads/Transport
Court,land_row_dispute,Central,Buildings/Housing
Police,land_row_dispute,Central,Buildings/Housing
Court,land_row_dispute,Central,Roads/Transport
Government,land_row_dispute,Central,Roads/Transport
Parliament,land_row_dispute,Central,Roads/Transport
President Museveni,land_row_dispute,Central,Roads/Transport
UNRA,land_row_dispute,Central,Roads/Transport
EACOP,land_row_dispute,Western,Buildings/Housing
Government,land_row_dispute,Western,Buildings/Housing
Ministry of Health,land_row_dispute,Western,Buildings/Housing
Government,land_row_dispute,Cross-border,Other
Parliament,land_row_dispute,Cross-border,Other
Government,land_row_dispute,Eastern,Land/Urban
Government,land_row_dispute,National Corridor,Land/Urban
Ministry of Finance,land_row_dispute,National Corridor,Land/Urban
Parliament,land_row_dispute,National Corridor,Land/Urban
President Museveni,land_row_dispute,National Corridor,Land/Urban
Police,land_row_dispute,Central,Roads/Transport
KCCA,land_row_dispute,Central,Roads/Transport
Police,land_row_dispute,Central,Roads/Transport
Government,land_row_dispute,Northern,Land/Urban
Ministry of Education,land_row_dispute,Northern,Land/Urban
Government,land_row_dispute,Northern,Energy
Umeme/ERA,land_row_dispute,Northern,Energy
Government,delay_time_overrun,Northern/Eastern,Buildings/Housing
Ministry of Education,delay_time_overrun,Northern/Eastern,Buildings/Housing
Court,land_row_dispute,Western,Buildings/Housing
Government,land_row_dispute,Western,Buildings/Housing
NEMA,land_row_dispute,Western,Buildings/Housing
Government,land_row_dispute,Central,Energy
Parliament,land_row_dispute,Central,Buildings/Housing
Government,land_row_dispute,Central,Roads/Transport
Ministry of Education,land_row_dispute,Central,Roads/Transport
Parliament,land_row_dispute,Central,Roads/Transport
President Museveni,land_row_dispute,Central,Roads/Transport
World Bank,land_row_dispute,Central,Roads/Transport
Government,delay_time_overrun,Central,Roads/Transport
Ministry of Finance,delay_time_overrun,Central,Roads/Transport
President Museveni,delay_time_overrun,Central,Roads/Transport
Government,delay_time_overrun,Northern,Water/Sanitation
Ministry of Education,delay_time_overrun,Northern,Water/Sanitation
President Museveni,delay_time_overrun,Northern,Water/Sanitation
World Bank,delay_time_overrun,Northern,Water/Sanitation
Court,land_row_dispute,Central,Land/Urban
KCCA,land_row_dispute,Central,Land/Urban
Government,delay_time_overrun,Central,Land/Urban
Government,payment_financial_dispute,Central,Roads/Transport
KCCA,payment_financial_dispute,Central,Roads/Transport
Ministry of Finance,payment_financial_dispute,Central,Roads/Transport
Parliament,payment_financial_dispute,Central,Roads/Transport
President Museveni,payment_financial_dispute,Central,Roads/Transport
Government,delay_time_overrun,Western,Buildings/Housing
Ministry of Education,delay_time_overrun,Western,Buildings/Housing
Police,delay_time_overrun,Western,Buildings/Housing
Government,governance_oversight_failure,National Corridor,Buildings/Housing
Ministry of Finance,governance_oversight_failure,National Corridor,Buildings/Housing
President Museveni,governance_oversight_failure,National Corridor,Buildings/Housing
Government,governance_oversight_failure,Cross-border,Roads/Transport
Ministry of Health,governance_oversight_failure,Cross-border,Roads/Transport
President Museveni,governance_oversight_failure,Cross-border,Roads/Transport
Court,land_row_dispute,Central,Energy
Government,land_row_dispute,Central,Energy
President Museveni,land_row_dispute,Central,Buildings/Housing
Parliament,land_row_dispute,Cross-border,Buildings/Housing
KCCA,delay_time_overrun,Central,Roads/Transport
Ministry of Health,delay_time_overrun,Central,Roads/Transport
Government,land_row_dispute,Northern,Buildings/Housing
Ministry of Health,land_row_dispute,Northern,Buildings/Housing
Parliament,land_row_dispute,Northern,Buildings/Housing
Government,governance_oversight_failure,Eastern,Buildings/Housing
Ministry of Education,governance_oversight_failure,Eastern,Buildings/Housing
Parliament,governance_oversight_failure,Eastern,Buildings/Housing
KCCA,land_row_dispute,Central,Land/Urban
URA,land_row_dispute,Central,Land/Urban
EACOP,land_row_dispute,Western,Energy
KCCA,delay_time_overrun,Central,Land/Urban
Court,land_row_dispute,Cross-border,Energy
EACOP,land_row_dispute,Cross-border,Energy
Government,land_row_dispute,Cross-border,Energy
Court,land_row_dispute,Cross-border,Energy
EACOP,land_row_dispute,Cross-border,Energy
Police,land_row_dispute,Central,Roads/Transport
Court,land_row_dispute,Northern/Eastern,Roads/Transport
EACOP,land_row_dispute,Northern/Eastern,Roads/Transport
Government,land_row_dispute,Northern/Eastern,Roads/Transport
Ministry of Finance,land_row_dispute,Northern/Eastern,Roads/Transport
Parliament,land_row_dispute,Northern/Eastern,Roads/Transport
URA,land_row_dispute,Northern/Eastern,Roads/Transport
Court,land_row_dispute,Eastern,Buildings/Housing
Government,land_row_dispute,Eastern,Buildings/Housing
Ministry of Education,land_row_dispute,Eastern,Buildings/Housing
Police,land_row_dispute,Eastern,Buildings/Housing
President Museveni,land_row_dispute,Eastern,Buildings/Housing
Government,land_row_dispute,Central,Roads/Transport
World Bank,land_row_dispute,Central,Roads/Transport
Government,land_row_dispute,Central,Water/Sanitation
Parliament,land_row_dispute,Central,Water/Sanitation
World Bank,land_row_dispute,Central,Roads/Transport
Court,land_row_dispute,Northern,Land/Urban
Government,land_row_dispute,Northern,Land/Urban
World Bank,land_row_dispute,Cross-border,Roads/Transport
Government,land_row_dispute,Central,Roads/Transport
UNRA,land_row_dispute,Central,Roads/Transport
Court,land_row_dispute,Central,Roads/Transport
Government,land_row_dispute,Central,Roads/Transport
Parliament,land_row_dispute,Central,Roads/Transport
Police,land_row_dispute,Central,Roads/Transport
Government,land_row_dispute,Central,Energy
Ministry of Finance,land_row_dispute,Central,Energy
Ministry of Health,land_row_dispute,Central,Energy
President Museveni,land_row_dispute,Central,Energy
Government,land_row_dispute,Central,Buildings/Housing
Ministry of Education,land_row_dispute,Central,Buildings/Housing
Police,land_row_dispute,Central,Buildings/Housing
URA,land_row_dispute,Central,Buildings/Housing
UNRA,contract_management_failure,Western,Roads/Transport
Court,land_row_dispute,Central,Roads/Transport
KCCA,land_row_dispute,Central,Roads/Transport
Police,land_row_dispute,Central,Buildings/Housing
Government,quality_technical_defect,Northern,Energy
Umeme,quality_technical_defect,Northern,Energy
Umeme/ERA,quality_technical_defect,Northern,Energy
Government,land_row_dispute,Central,Buildings/Housing
Ministry of Education,land_row_dispute,Central,Buildings/Housing
Ministry of Health,land_row_dispute,Central,Buildings/Housing
Ministry of Works,land_row_dispute,Eastern,Roads/Transport
Parliament,land_row_dispute,Eastern,Roads/Transport
UNRA,land_row_dispute,Eastern,Roads/Transport
Government,land_row_dispute,Central,Roads/Transport
Ministry of Finance,land_row_dispute,Central,Roads/Transport
Ministry of Health,land_row_dispute,Central,Roads/Transport
Parliament,land_row_dispute,Central,Roads/Transport
Government,delay_time_overrun,Western,Buildings/Housing
Parliament,delay_time_overrun,Western,Buildings/Housing
President Museveni,delay_time_overrun,Western,Buildings/Housing
Court,land_row_dispute,Central,Other
Government,land_row_dispute,Central,Other
Government,land_row_dispute,Cross-border,Energy
Ministry of Education,land_row_dispute,Cross-border,Energy
Court,land_row_dispute,Central,Buildings/Housing
EACOP,land_row_dispute,Western,Energy
Government,land_row_dispute,Western,Energy
Ministry of Energy,land_row_dispute,Western,Energy
Government,land_row_dispute,Central,Water/Sanitation
Court,land_row_dispute,Central,Land/Urban
Government,land_row_dispute,Central,Land/Urban
Police,land_row_dispute,Central,Land/Urban
Court,contract_management_failure,Central,Other
Government,contract_management_failure,Central,Other
IGG,contract_management_failure,Central,Other
Parliament,contract_management_failure,Central,Other
Court,land_row_dispute,Cross-border,Buildings/Housing
Government,land_row_dispute,Cross-border,Buildings/Housing
Government,land_row_dispute,Central,Roads/Transport
KCCA,procurement_irregularity,Central,Buildings/Housing
Umeme/ERA,procurement_irregularity,Central,Buildings/Housing
Government,governance_oversight_failure,Central,Other
President Museveni,governance_oversight_failure,Central,Other
Government,procurement_irregularity,Western,Energy
EACOP,procurement_irregularity,Northern,Energy
Government,procurement_irregularity,Northern,Energy
Ministry of Education,procurement_irregularity,Northern,Energy
President Museveni,procurement_irregularity,Northern,Energy
KCCA,land_row_dispute,Northern,Land/Urban
Government,land_row_dispute,Central,Roads/Transport
Ministry of Education,land_row_dispute,Central,Roads/Transport
President Museveni,land_row_dispute,Central,Roads/Transport
Court,procurement_irregularity,Central,Buildings/Housing
Government,procurement_irregularity,Central,Buildings/Housing
President Museveni,procurement_irregularity,Central,Buildings/Housing
Government,land_row_dispute,Northern,Energy
Government,land_row_dispute,Cross-border,Land/Urban
Government,land_row_dispute,Central,Energy
Ministry of Education,land_row_dispute,Central,Energy
Ministry of Energy,land_row_dispute,Central,Energy
President Museveni,land_row_dispute,Central,Energy
Umeme/ERA,land_row_dispute,Central,Energy
Government,land_row_dispute,Central,Roads/Transport
KCCA,land_row_dispute,Central,Roads/Transport
Ministry of Works,land_row_dispute,Central,Roads/Transport
President Museveni,land_row_dispute,Central,Roads/Transport
URA,land_row_dispute,Central,Roads/Transport
Government,land_row_dispute,Central,Roads/Transport
Ministry of Education,land_row_dispute,Central,Roads/Transport
Ministry of Works,land_row_dispute,Central,Roads/Transport
Parliament,land_row_dispute,Central,Roads/Transport
Government,delay_time_overrun,Northern,Energy
Umeme,delay_time_overrun,Northern,Energy
Umeme/ERA,delay_time_overrun,Northern,Energy
Government,delay_time_overrun,Central,Roads/Transport
Government,land_row_dispute,Northern/Eastern,Land/Urban
Parliament,land_row_dispute,Northern/Eastern,Land/Urban
Government,land_row_dispute,Central,Energy
Police,land_row_dispute,Central,Energy
Court,land_row_dispute,Central,Buildings/Housing
NEMA,land_row_dispute,Central,Buildings/Housing
Police,land_row_dispute,Central,Buildings/Housing
Government,land_row_dispute,Central,Land/Urban
KCCA,land_row_dispute,Central,Land/Urban
Government,contract_management_failure,Northern,Buildings/Housing
Police,land_row_dispute,Central,Roads/Transport
Umeme/ERA,land_row_dispute,Central,Energy
Government,land_row_dispute,National Corridor,Roads/Transport
Court,land_row_dispute,Eastern,Roads/Transport
Government,land_row_dispute,Eastern,Roads/Transport
Ministry of Energy,land_row_dispute,Eastern,Roads/Transport
Parliament,land_row_dispute,Eastern,Roads/Transport
President Museveni,land_row_dispute,Eastern,Roads/Transport
UNRA,land_row_dispute,Eastern,Roads/Transport
Parliament,land_row_dispute,Central,Roads/Transport
Police,land_row_dispute,Central,Roads/Transport
Government,land_row_dispute,Central,Other
Parliament,land_row_dispute,Central,Other
President Museveni,land_row_dispute,Central,Other
NSSF,land_row_dispute,Central,Other
Umeme/ERA,land_row_dispute,Central,Other
Court,land_row_dispute,Central,Buildings/Housing
Court,land_row_dispute,Central,Buildings/Housing
Government,land_row_dispute,Central,Buildings/Housing
Ministry of Health,land_row_dispute,Central,Buildings/Housing
Parliament,land_row_dispute,Central,Buildings/Housing
Police,land_row_dispute,Central,Buildings/Housing
Government,land_row_dispute,Central,Energy
Ministry of Finance,land_row_dispute,Central,Energy
Ministry of Health,land_row_dispute,Central,Energy
Ministry of Works,land_row_dispute,Central,Energy
Parliament,land_row_dispute,Central,Energy
Police,land_row_dispute,Central,Energy
UEGCL,land_row_dispute,Central,Energy
Umeme,land_row_dispute,Central,Energy
Parliament,land_row_dispute,Central,Energy
Government,payment_financial_dispute,Northern,Roads/Transport
Parliament,payment_financial_dispute,Northern,Roads/Transport
Government,land_row_dispute,Central,Roads/Transport
Court,delay_time_overrun,Central,Buildings/Housing
Government,land_row_dispute,Central,Roads/Transport
Court,land_row_dispute,Central,Energy
Government,land_row_dispute,Central,Energy
Police,land_row_dispute,Central,Energy
President Museveni,land_row_dispute,Central,Energy
Court,land_row_dispute,Central,Buildings/Housing
Government,land_row_dispute,Central,Buildings/Housing
Parliament,land_row_dispute,Central,Buildings/Housing
Police,land_row_dispute,Central,Buildings/Housing
Police,land_row_dispute,Central,Roads/Transport
KCCA,land_row_dispute,Central,Land/Urban
Government,land_row_dispute,Central,Buildings/Housing
Ministry of Finance,land_row_dispute,Central,Buildings/Housing
Parliament,land_row_dispute,Central,Buildings/Housing
Court,land_row_dispute,Central,Land/Urban
Government,land_row_dispute,Central,Land/Urban
KCCA,land_row_dispute,Central,Land/Urban
Court,delay_time_overrun,Central,Other
Parliament,delay_time_overrun,Central,Other
Court,land_row_dispute,Central,Roads/Transport
Government,land_row_dispute,Central,Roads/Transport
IGG,land_row_dispute,Central,Roads/Transport
KCCA,land_row_dispute,Central,Roads/Transport
Ministry of Works,land_row_dispute,Central,Roads/Transport
PPDA,land_row_dispute,Central,Roads/Transport
Police,land_row_dispute,Central,Roads/Transport
UNRA,land_row_dispute,Northern,Roads/Transport
Government,land_row_dispute,Cross-border,Other
World Bank,land_row_dispute,Cross-border,Other
Government,quality_technical_defect,Eastern,Buildings/Housing
Court,land_row_dispute,Cross-border,Energy
Government,land_row_dispute,Cross-border,Energy
Umeme/ERA,land_row_dispute,Cross-border,Energy
Court,land_row_dispute,Central,Roads/Transport
Government,land_row_dispute,Central,Roads/Transport
KCCA,land_row_dispute,Central,Roads/Transport
Ministry of Works,land_row_dispute,Central,Roads/Transport
Police,land_row_dispute,Central,Roads/Transport
Court,land_row_dispute,Eastern,Buildings/Housing
Court,land_row_dispute,Central,Water/Sanitation
Government,land_row_dispute,Central,Water/Sanitation
KCCA,land_row_dispute,Central,Water/Sanitation
NEMA,land_row_dispute,Central,Water/Sanitation
Government,land_row_dispute,Cross-border,Other
Parliament,land_row_dispute,Cross-border,Other
Court,land_row_dispute,Central,Energy
Government,land_row_dispute,Central,Energy
IGG,land_row_dispute,Central,Energy
KCCA,land_row_dispute,Central,Energy
Ministry of Finance,land_row_dispute,Central,Energy
NEMA,land_row_dispute,Central,Energy
Parliament,land_row_dispute,Central,Energy
Government,land_row_dispute,Northern,Water/Sanitation
Parliament,land_row_dispute,Northern,Water/Sanitation
Government,land_row_dispute,Central,Roads/Transport
Ministry of Education,land_row_dispute,Central,Roads/Transport
Ministry of Energy,land_row_dispute,Central,Roads/Transport
Ministry of Works,land_row_dispute,Central,Roads/Transport
President Museveni,land_row_dispute,Central,Roads/Transport
UNRA,land_row_dispute,Central,Roads/Transport
World Bank,land_row_dispute,Central,Roads/Transport
Government,quality_technical_defect,Central,Buildings/Housing
Ministry of Education,quality_technical_defect,Central,Buildings/Housing
Government,land_row_dispute,Central,Energy
Umeme/ERA,land_row_dispute,Central,Energy
President Museveni,land_row_dispute,Cross-border,Other
Court,land_row_dispute,Central,Land/Urban
Court,land_row_dispute,Central,Roads/Transport
EACOP,land_row_dispute,Central,Roads/Transport
Government,land_row_dispute,Central,Roads/Transport
Government,quality_technical_defect,Central,Buildings/Housing
President Museveni,quality_technical_defect,Central,Buildings/Housing
Police,land_row_dispute,Central,Buildings/Housing
President Museveni,land_row_dispute,Central,Water/Sanitation
URA,payment_financial_dispute,Central,Other
Court,delay_time_overrun,Cross-border,Energy
Government,delay_time_overrun,Cross-border,Energy
Parliament,delay_time_overrun,Cross-border,Energy
Police,delay_time_overrun,Cross-border,Energy
President Museveni,delay_time_overrun,Cross-border,Energy
Government,delay_time_overrun,Central,Roads/Transport
KCCA,delay_time_overrun,Central,Roads/Transport
World Bank,delay_time_overrun,Central,Roads/Transport
Government,quality_technical_defect,Central,Water/Sanitation
Government,delay_time_overrun,Central,Water/Sanitation
NWSC,land_row_dispute,Central,Water/Sanitation
Government,quality_technical_defect,Eastern,Buildings/Housing
Ministry of Education,quality_technical_defect,Eastern,Buildings/Housing
World Bank,quality_technical_defect,Eastern,Buildings/Housing
Government,land_row_dispute,Eastern,Buildings/Housing
Parliament,land_row_dispute,Eastern,Buildings/Housing
Umeme/ERA,land_row_dispute,Eastern,Buildings/Housing
Government,delay_time_overrun,Central,Roads/Transport
President Museveni,delay_time_overrun,Central,Roads/Transport
Court,land_row_dispute,Central,Energy
Government,land_row_dispute,Central,Energy
President Museveni,land_row_dispute,Central,Energy
Umeme,land_row_dispute,Central,Energy
Umeme/ERA,land_row_dispute,Central,Energy
Police,land_row_dispute,Central,Roads/Transport
Government,land_row_dispute,Central,Other
Ministry of Works,land_row_dispute,Central,Other
Parliament,land_row_dispute,Central,Other
KCCA,land_row_dispute,Central,Land/Urban
Ministry of Health,land_row_dispute,Central,Land/Urban
Parliament,land_row_dispute,Central,Land/Urban
Court,land_row_dispute,Northern,Buildings/Housing
Government,land_row_dispute,Northern,Roads/Transport
Parliament,land_row_dispute,Northern,Roads/Transport
Police,land_row_dispute,Northern,Roads/Transport
Court,land_row_dispute,Central,Land/Urban
Government,land_row_dispute,Central,Roads/Transport
Ministry of Energy,land_row_dispute,Central,Roads/Transport
UEGCL,land_row_dispute,Central,Roads/Transport
UNRA,land_row_dispute,Central,Roads/Transport
Court,land_row_dispute,Central,Roads/Transport
Government,land_row_dispute,Central,Roads/Transport
Government,land_row_dispute,Northern,Energy
Ministry of Energy,land_row_dispute,Northern,Energy
President Museveni,land_row_dispute,Northern,Energy
Umeme,land_row_dispute,Northern,Energy
Umeme/ERA,land_row_dispute,Northern,Energy
World Bank,land_row_dispute,Northern,Energy
Court,procurement_irregularity,Northern/Eastern,Energy
Government,procurement_irregularity,Northern/Eastern,Energy
Parliament,procurement_irregularity,Northern/Eastern,Energy
Police,procurement_irregularity,Northern/Eastern,Energy
President Museveni,procurement_irregularity,Northern/Eastern,Energy
NEMA,land_row_dispute,Central,Water/Sanitation
Government,land_row_dispute,Cross-border,Buildings/Housing
Government,land_row_dispute,Central,Other
Ministry of Finance,land_row_dispute,Central,Other
Parliament,land_row_dispute,Central,Other
Government,land_row_dispute,Central,Buildings/Housing
Parliament,procurement_irregularity,Cross-border,Other
Government,delay_time_overrun,Central,Roads/Transport
Parliament,delay_time_overrun,Central,Roads/Transport
World Bank,delay_time_overrun,Central,Roads/Transport
Court,land_row_dispute,Eastern,Energy
Government,land_row_dispute,Eastern,Energy
Parliament,land_row_dispute,Eastern,Energy
President Museveni,land_row_dispute,Eastern,Energy
URA,land_row_dispute,Eastern,Energy
Government,land_row_dispute,Eastern,Land/Urban
President Museveni,land_row_dispute,Eastern,Land/Urban
EACOP,land_row_dispute,Central,Roads/Transport
Government,land_row_dispute,Central,Roads/Transport
NSSF,land_row_dispute,Central,Roads/Transport
President Museveni,land_row_dispute,Central,Roads/Transport
Umeme,land_row_dispute,Central,Roads/Transport
Court,land_row_dispute,Central,Roads/Transport
Government,land_row_dispute,Central,Roads/Transport
UNRA,land_row_dispute,Central,Roads/Transport
Government,quality_technical_defect,Central,Roads/Transport
Ministry of Health,quality_technical_defect,Central,Roads/Transport
Parliament,land_row_dispute,Central,Other
Police,land_row_dispute,Central,Roads/Transport
Government,procurement_irregularity,Central,Roads/Transport
KCCA,procurement_irregularity,Central,Roads/Transport
Ministry of Finance,procurement_irregularity,Central,Roads/Transport
NSSF,procurement_irregularity,Central,Roads/Transport
PPDA,procurement_irregularity,Central,Roads/Transport
UNRA,procurement_irregularity,Central,Roads/Transport
URA,procurement_irregularity,Central,Roads/Transport
World Bank,procurement_irregularity,Central,Roads/Transport
PPDA,procurement_irregularity,Central,Other
Court,land_row_dispute,Central,Land/Urban
Government,land_row_dispute,Central,Land/Urban
KCCA,land_row_dispute,Central,Land/Urban
Police,land_row_dispute,Central,Land/Urban
President Museveni,land_row_dispute,Central,Land/Urban
Court,procurement_irregularity,Central,Other
Government,procurement_irregularity,Central,Other
Government,payment_financial_dispute,Eastern,Buildings/Housing
Ministry of Education,payment_financial_dispute,Eastern,Buildings/Housing
Police,payment_financial_dispute,Eastern,Buildings/Housing
President Museveni,payment_financial_dispute,Eastern,Buildings/Housing
Court,land_row_dispute,Central,Land/Urban
Government,land_row_dispute,Central,Land/Urban
Police,land_row_dispute,Central,Land/Urban
Court,land_row_dispute,Central,Energy
Umeme/ERA,land_row_dispute,Central,Energy
Government,land_row_dispute,Central,Buildings/Housing
Ministry of Health,land_row_dispute,Central,Buildings/Housing
Government,land_row_dispute,Northern,Water/Sanitation
EACOP,land_row_dispute,Western,Buildings/Housing
Government,land_row_dispute,Western,Buildings/Housing
NEMA,land_row_dispute,Western,Buildings/Housing
Parliament,land_row_dispute,Western,Buildings/Housing
Court,quality_technical_defect,Central,Land/Urban
Police,quality_technical_defect,Central,Land/Urban
Government,quality_technical_defect,Central,Roads/Transport
KCCA,quality_technical_defect,Central,Roads/Transport
Ministry of Works,quality_technical_defect,Central,Roads/Transport
Police,quality_technical_defect,Central,Roads/Transport
UNRA,quality_technical_defect,Central,Roads/Transport
Court,land_row_dispute,Central,Buildings/Housing
Government,land_row_dispute,Central,Buildings/Housing
KCCA,land_row_dispute,Central,Buildings/Housing
Ministry of Education,land_row_dispute,Central,Buildings/Housing
President Museveni,governance_oversight_failure,Central,Other
Court,delay_time_overrun,Central,Roads/Transport
Government,delay_time_overrun,Central,Roads/Transport
Parliament,delay_time_overrun,Central,Roads/Transport
UNRA,delay_time_overrun,Central,Roads/Transport
EACOP,land_row_dispute,Cross-border,Energy
Government,land_row_dispute,Cross-border,Energy
President Museveni,land_row_dispute,Cross-border,Energy
President Museveni,land_row_dispute,Eastern,Buildings/Housing
Government,delay_time_overrun,Central,Land/Urban
KCCA,delay_time_overrun,Central,Land/Urban
Government,land_row_dispute,Central,Buildings/Housing
Ministry of Finance,land_row_dispute,Central,Buildings/Housing
Parliament,land_row_dispute,Central,Buildings/Housing
President Museveni,land_row_dispute,Central,Buildings/Housing
Government,land_row_dispute,Central,Buildings/Housing
NSSF,land_row_dispute,Central,Buildings/Housing
World Bank,land_row_dispute,Central,Buildings/Housing
Government,land_row_dispute,Cross-border,Buildings/Housing
Court,delay_time_overrun,Central,Buildings/Housing
Court,land_row_dispute,Central/Western,Land/Urban
Government,land_row_dispute,Central/Western,Land/Urban
Police,land_row_dispute,Central/Western,Land/Urban
Government,land_row_dispute,Central,Roads/Transport
Parliament,land_row_dispute,Central,Roads/Transport
Government,procurement_irregularity,Eastern,Energy
President Museveni,procurement_irregularity,Eastern,Energy
World Bank,procurement_irregularity,Eastern,Energy
Government,land_row_dispute,Central,Roads/Transport
KCCA,land_row_dispute,Central,Roads/Transport
Police,land_row_dispute,Central,Roads/Transport
Government,land_row_dispute,Cross-border,Buildings/Housing
Ministry of Finance,land_row_dispute,Cross-border,Buildings/Housing
Parliament,land_row_dispute,Cross-border,Buildings/Housing
Government,land_row_dispute,Central,Energy
Government,land_row_dispute,Central,Roads/Transport
President Museveni,land_row_dispute,Central,Roads/Transport
Court,contract_management_failure,Cross-border,Water/Sanitation
Parliament,contract_management_failure,Cross-border,Water/Sanitation
URA,contract_management_failure,Cross-border,Water/Sanitation
Government,land_row_dispute,Northern,Energy
Ministry of Energy,land_row_dispute,Northern,Energy
President Museveni,land_row_dispute,Northern,Energy
Umeme/ERA,land_row_dispute,Northern,Energy
World Bank,land_row_dispute,Northern,Energy
EACOP,land_row_dispute,Central,Roads/Transport
Government,land_row_dispute,Central,Roads/Transport
Ministry of Works,land_row_dispute,Central,Roads/Transport
President Museveni,land_row_dispute,Central,Roads/Transport
World Bank,land_row_dispute,Central,Roads/Transport
KCCA,land_row_dispute,Eastern,Land/Urban
URA,land_row_dispute,Eastern,Land/Urban
Police,land_row_dispute,Eastern,Roads/Transport
Court,land_row_dispute,Central,Land/Urban
Government,land_row_dispute,Central,Land/Urban
Parliament,land_row_dispute,Central,Land/Urban
Court,delay_time_overrun,Central,Other
Government,delay_time_overrun,Central,Other
Parliament,delay_time_overrun,Central,Other
Court,land_row_dispute,Cross-border,Energy
EACOP,land_row_dispute,Cross-border,Energy
Government,land_row_dispute,Cross-border,Energy
Ministry of Energy,land_row_dispute,Cross-border,Energy
President Museveni,land_row_dispute,Cross-border,Energy
Parliament,land_row_dispute,Western,Energy
President Museveni,land_row_dispute,Western,Energy
Police,land_row_dispute,Central,Roads/Transport
Court,land_row_dispute,Northern,Buildings/Housing
Court,land_row_dispute,Central,Land/Urban
Police,land_row_dispute,Central,Land/Urban
Government,land_row_dispute,Central,Buildings/Housing
Ministry of Education,land_row_dispute,Central,Buildings/Housing
Ministry of Works,land_row_dispute,Central,Other
Parliament,land_row_dispute,Central,Other
URA,land_row_dispute,Central,Other
Umeme/ERA,land_row_dispute,Central,Other
Government,land_row_dispute,Central,Roads/Transport
Court,contract_management_failure,Central,Water/Sanitation
Government,payment_financial_dispute,Central,Roads/Transport
KCCA,payment_financial_dispute,Central,Roads/Transport
Ministry of Finance,payment_financial_dispute,Central,Roads/Transport
NSSF,payment_financial_dispute,Central,Roads/Transport
President Museveni,payment_financial_dispute,Central,Roads/Transport
URA,payment_financial_dispute,Central,Roads/Transport
Government,land_row_dispute,Central,Roads/Transport
PPDA,land_row_dispute,Central,Roads/Transport
Parliament,land_row_dispute,Central,Roads/Transport
President Museveni,land_row_dispute,Central,Roads/Transport
UNRA,land_row_dispute,Central,Roads/Transport
UNRA,land_row_dispute,Central,Roads/Transport
Government,land_row_dispute,Eastern,Roads/Transport
Ministry of Works,land_row_dispute,Eastern,Roads/Transport
World Bank,land_row_dispute,Eastern,Roads/Transport
Government,delay_time_overrun,Central,Buildings/Housing
EACOP,land_row_dispute,Central,Energy
Government,land_row_dispute,Central,Energy
Ministry of Energy,land_row_dispute,Central,Energy
Ministry of Finance,land_row_dispute,Central,Energy
President Museveni,land_row_dispute,Central,Energy
Parliament,contract_management_failure,Central,Other
Court,land_row_dispute,Eastern,Roads/Transport
Parliament,land_row_dispute,Eastern,Roads/Transport
Court,land_row_dispute,Northern/Eastern,Energy
Government,land_row_dispute,Northern/Eastern,Energy
Parliament,land_row_dispute,Northern/Eastern,Energy
Government,land_row_dispute,Central,Energy
NSSF,land_row_dispute,Central,Energy
Government,delay_time_overrun,Central,Roads/Transport
Police,delay_time_overrun,Central,Roads/Transport
Government,land_row_dispute,Northern,Buildings/Housing
Court,land_row_dispute,Central,Buildings/Housing
Government,land_row_dispute,Central,Buildings/Housing
Parliament,land_row_dispute,Central,Buildings/Housing
Police,land_row_dispute,Central,Buildings/Housing
President Museveni,land_row_dispute,Central,Buildings/Housing
Court,procurement_irregularity,Central,Buildings/Housing
Government,procurement_irregularity,Central,Buildings/Housing
Parliament,procurement_irregularity,Central,Buildings/Housing
President Museveni,procurement_irregularity,Central,Buildings/Housing
Court,land_row_dispute,Northern/Eastern,Buildings/Housing
Police,land_row_dispute,Northern/Eastern,Buildings/Housing
President Museveni,land_row_dispute,Northern/Eastern,Buildings/Housing
Ministry of Health,delay_time_overrun,Northern/Eastern,Buildings/Housing
World Bank,delay_time_overrun,Northern/Eastern,Buildings/Housing
Court,land_row_dispute,Central,Roads/Transport
Parliament,land_row_dispute,Central,Roads/Transport
Court,land_row_dispute,Northern/Eastern,Land/Urban
Government,land_row_dispute,Northern/Eastern,Land/Urban
Court,land_row_dispute,Northern/Eastern,Energy
Government,land_row_dispute,Northern/Eastern,Energy
Court,land_row_dispute,Central,Roads/Transport
KCCA,land_row_dispute,Central,Roads/Transport
Government,delay_time_overrun,Central,Land/Urban
Parliament,delay_time_overrun,Central,Land/Urban
President Museveni,delay_time_overrun,Central,Land/Urban
Government,land_row_dispute,Western,Buildings/Housing
Ministry of Finance,land_row_dispute,Western,Buildings/Housing
Parliament,land_row_dispute,Western,Buildings/Housing
Court,land_row_dispute,Central,Energy
Government,land_row_dispute,Central,Energy
Ministry of Energy,land_row_dispute,Central,Energy
Ministry of Finance,land_row_dispute,Central,Energy
UEGCL,land_row_dispute,Central,Energy
Umeme,land_row_dispute,Central,Energy
Umeme/ERA,land_row_dispute,Central,Energy
Court,contract_management_failure,Cross-border,Energy
Government,contract_management_failure,Cross-border,Energy
Ministry of Health,contract_management_failure,Cross-border,Energy
Parliament,contract_management_failure,Cross-border,Energy
Umeme/ERA,contract_management_failure,Cross-border,Energy
Government,procurement_irregularity,Northern,Energy
Ministry of Energy,procurement_irregularity,Northern,Energy
Ministry of Finance,procurement_irregularity,Northern,Energy
PPDA,procurement_irregularity,Northern,Energy
President Museveni,procurement_irregularity,Northern,Energy
UEGCL,procurement_irregularity,Northern,Energy
KCCA,land_row_dispute,Central,Water/Sanitation
EACOP,land_row_dispute,Western,Energy
Government,land_row_dispute,Western,Energy
Ministry of Energy,land_row_dispute,Western,Energy
President Museveni,land_row_dispute,Western,Energy
EACOP,land_row_dispute,Western,Oil/Gas
Government,land_row_dispute,Western,Oil/Gas
President Museveni,land_row_dispute,Western,Oil/Gas
Government,land_row_dispute,Cross-border,Roads/Transport
President Museveni,land_row_dispute,Cross-border,Roads/Transport
Police,land_row_dispute,Central,Roads/Transport
Government,quality_technical_defect,Central,Roads/Transport
Ministry of Energy,quality_technical_defect,Central,Roads/Transport
Parliament,quality_technical_defect,Central,Roads/Transport
Umeme,quality_technical_defect,Central,Roads/Transport
Umeme/ERA,quality_technical_defect,Central,Roads/Transport
World Bank,quality_technical_defect,Central,Roads/Transport
Government,land_row_dispute,Central,Roads/Transport
Government,land_row_dispute,Eastern,Buildings/Housing
KCCA,land_row_dispute,Eastern,Buildings/Housing
URA,land_row_dispute,Eastern,Buildings/Housing
Court,land_row_dispute,Central,Roads/Transport
Government,land_row_dispute,Central,Roads/Transport
Parliament,land_row_dispute,Central,Roads/Transport
President Museveni,land_row_dispute,Central,Roads/Transport
URA,land_row_dispute,Central,Roads/Transport
Umeme/ERA,land_row_dispute,Eastern,Buildings/Housing
Court,land_row_dispute,Central,Energy
Government,land_row_dispute,Central,Energy
Ministry of Health,land_row_dispute,Central,Energy
President Museveni,land_row_dispute,Central,Energy
Government,delay_time_overrun,Central,Roads/Transport
UNRA,delay_time_overrun,Central,Roads/Transport
Court,land_row_dispute,Central,Roads/Transport
Government,land_row_dispute,Central,Roads/Transport
Police,land_row_dispute,Central,Roads/Transport
Government,governance_oversight_failure,Central,Buildings/Housing
Ministry of Education,governance_oversight_failure,Central,Buildings/Housing
Ministry of Education,delay_time_overrun,Central,Buildings/Housing
NSSF,procurement_irregularity,Cross-border,Land/Urban
Parliament,land_row_dispute,Central,Other
Government,quality_technical_defect,Northern,Buildings/Housing
Government,delay_time_overrun,Central,Energy
Police,delay_time_overrun,Central,Energy
President Museveni,delay_time_overrun,Central,Energy
Government,delay_time_overrun,Central,Buildings/Housing
Ministry of Education,delay_time_overrun,Central,Buildings/Housing
Government,land_row_dispute,Central,Land/Urban
Court,land_row_dispute,Northern,Roads/Transport
Government,land_row_dispute,Northern,Roads/Transport
Ministry of Finance,land_row_dispute,Northern,Roads/Transport
Parliament,land_row_dispute,Northern,Roads/Transport
President Museveni,land_row_dispute,Northern,Roads/Transport
UNRA,land_row_dispute,Northern,Roads/Transport
Government,land_row_dispute,Central,Energy
World Bank,land_row_dispute,Central,Energy
PPDA,procurement_irregularity,Central,Roads/Transport
Police,land_row_dispute,Western,Buildings/Housing
President Museveni,land_row_dispute,Western,Buildings/Housing
Government,land_row_dispute,Northern,Energy
Ministry of Energy,land_row_dispute,Northern,Energy
Ministry of Finance,land_row_dispute,Northern,Energy
Parliament,land_row_dispute,Northern,Energy
President Museveni,land_row_dispute,Northern,Energy
URA,land_row_dispute,Northern,Energy
Court,governance_oversight_failure,Central,Energy
Government,governance_oversight_failure,Central,Energy
President Museveni,governance_oversight_failure,Central,Energy
EACOP,land_row_dispute,Cross-border,Water/Sanitation
Government,land_row_dispute,Central,Roads/Transport
KCCA,land_row_dispute,Central,Roads/Transport
UNRA,land_row_dispute,Central,Roads/Transport
Parliament,land_row_dispute,Central,Roads/Transport
President Museveni,land_row_dispute,Central,Roads/Transport
EACOP,land_row_dispute,Cross-border,Oil/Gas
Government,land_row_dispute,Cross-border,Oil/Gas
Parliament,land_row_dispute,Cross-border,Oil/Gas
President Museveni,land_row_dispute,Cross-border,Oil/Gas
Government,contract_management_failure,Northern,Roads/Transport
IGG,contract_management_failure,Northern,Roads/Transport
PPDA,contract_management_failure,Northern,Roads/Transport
President Museveni,contract_management_failure,Northern,Roads/Transport
World Bank,contract_management_failure,Northern,Roads/Transport
EACOP,land_row_dispute,Western,Buildings/Housing
Government,land_row_dispute,Western,Buildings/Housing
Ministry of Health,land_row_dispute,Western,Buildings/Housing
Government,delay_time_overrun,Western,Energy
Government,land_row_dispute,Cross-border,Other
Government,land_row_dispute,Central,Buildings/Housing
KCCA,land_row_dispute,Central,Buildings/Housing
Ministry of Education,land_row_dispute,Central,Buildings/Housing
Police,quality_technical_defect,Central,Buildings/Housing
Government,land_row_dispute,Central,Energy
Ministry of Finance,land_row_dispute,Central,Energy
Parliament,land_row_dispute,Central,Energy
President Museveni,land_row_dispute,Central,Energy
World Bank,land_row_dispute,Central,Energy
EACOP,land_row_dispute,Eastern,Energy
Government,land_row_dispute,Eastern,Energy
Umeme/ERA,land_row_dispute,Eastern,Energy
Government,delay_time_overrun,Central,Buildings/Housing
Ministry of Education,delay_time_overrun,Central,Buildings/Housing
Police,delay_time_overrun,Central,Roads/Transport
Court,land_row_dispute,Eastern,Other
President Museveni,land_row_dispute,Eastern,Other
Police,quality_technical_defect,Northern,Roads/Transport
President Museveni,quality_technical_defect,Northern,Roads/Transport
Government,land_row_dispute,Central,Water/Sanitation
President Museveni,land_row_dispute,Central,Water/Sanitation
Government,governance_oversight_failure,Central,Buildings/Housing
Parliament,governance_oversight_failure,Central,Buildings/Housing
President Museveni,governance_oversight_failure,Central,Buildings/Housing
Court,land_row_dispute,Central,Buildings/Housing
Ministry of Education,land_row_dispute,Central,Buildings/Housing
Police,land_row_dispute,Central,Buildings/Housing
Government,quality_technical_defect,Central,Other
IGG,quality_technical_defect,Central,Other
World Bank,procurement_irregularity,Cross-border,Other
Police,land_row_dispute,Central,Other
EACOP,land_row_dispute,Western,Energy
Government,land_row_dispute,Western,Energy
Ministry of Energy,land_row_dispute,Western,Energy
Court,land_row_dispute,Northern,Energy
Government,land_row_dispute,Northern,Energy
Ministry of Energy,land_row_dispute,Northern,Energy
UEGCL,land_row_dispute,Northern,Energy
Government,land_row_dispute,Central,Roads/Transport
President Museveni,land_row_dispute,Central,Roads/Transport
UNRA,land_row_dispute,Central,Roads/Transport
NEMA,land_row_dispute,Central,Roads/Transport
UNRA,land_row_dispute,Central,Roads/Transport
Police,land_row_dispute,Central,Buildings/Housing
Government,land_row_dispute,Central,Energy
Court,land_row_dispute,Central,Roads/Transport
Government,land_row_dispute,Central,Roads/Transport
Parliament,land_row_dispute,Central,Roads/Transport
President Museveni,land_row_dispute,Central,Roads/Transport
Ministry of Health,quality_technical_defect,Central,Buildings/Housing
Government,land_row_dispute,Central,Energy
Court,procurement_irregularity,Cross-border,Other
Government,procurement_irregularity,Cross-border,Other
Ministry of Health,procurement_irregularity,Cross-border,Other
Police,procurement_irregularity,Cross-border,Other
World Bank,procurement_irregularity,Cross-border,Other
Government,land_row_dispute,Central,Roads/Transport
Parliament,land_row_dispute,Central,Roads/Transport
Government,land_row_dispute,Cross-border,Energy
Parliament,land_row_dispute,Cross-border,Energy
President Museveni,land_row_dispute,Cross-border,Energy
Ministry of Education,land_row_dispute,Central,Water/Sanitation
Ministry of Finance,land_row_dispute,Central,Water/Sanitation
Ministry of Health,land_row_dispute,Central,Water/Sanitation
Parliament,land_row_dispute,Central,Water/Sanitation
Government,land_row_dispute,Cross-border,Other
Court,contract_management_failure,Central,Other
Government,contract_management_failure,Central,Other
Court,governance_oversight_failure,Central,Roads/Transport
Government,governance_oversight_failure,Central,Roads/Transport
Parliament,governance_oversight_failure,Central,Roads/Transport
Police,governance_oversight_failure,Central,Roads/Transport
President Museveni,governance_oversight_failure,Central,Roads/Transport
Police,delay_time_overrun,Cross-border,Roads/Transport
President Museveni,delay_time_overrun,Cross-border,Roads/Transport
EACOP,land_row_dispute,Western,Oil/Gas
Government,land_row_dispute,Western,Oil/Gas
URA,land_row_dispute,Western,Oil/Gas
World Bank,land_row_dispute,Western,Oil/Gas
Government,land_row_dispute,Central,Roads/Transport
Police,land_row_dispute,Central,Roads/Transport
UNRA,land_row_dispute,Central,Roads/Transport
Court,land_row_dispute,Central,Land/Urban
Police,land_row_dispute,Central,Land/Urban
Court,delay_time_overrun,Central,Other
Parliament,land_row_dispute,Eastern,Roads/Transport
President Museveni,land_row_dispute,Eastern,Roads/Transport
Government,land_row_dispute,Eastern,Land/Urban
President Museveni,land_row_dispute,Eastern,Land/Urban
Court,procurement_irregularity,Central,Land/Urban
Government,procurement_irregularity,Central,Land/Urban
Parliament,procurement_irregularity,Central,Land/Urban
Police,procurement_irregularity,Central,Land/Urban
Government,land_row_dispute,Western,Roads/Transport
Police,land_row_dispute,Western,Roads/Transport
UNRA,land_row_dispute,Western,Roads/Transport
World Bank,land_row_dispute,Western,Roads/Transport
Parliament,land_row_dispute,Central,Buildings/Housing
Court,land_row_dispute,Western,Water/Sanitation
Government,land_row_dispute,Western,Water/Sanitation
Government,delay_time_overrun,Central,Energy
President Museveni,delay_time_overrun,Central,Energy
World Bank,delay_time_overrun,Central,Energy
Government,contract_management_failure,Central,Roads/Transport
IGG,contract_management_failure,Central,Roads/Transport
UNRA,contract_management_failure,Central,Roads/Transport
Ministry of Finance,procurement_irregularity,Central,Roads/Transport
UNRA,procurement_irregularity,Central,Roads/Transport
Court,contract_management_failure,Central,Other
Government,contract_management_failure,Central,Other
Parliament,contract_management_failure,Central,Other
Police,contract_management_failure,Central,Other
Government,land_row_dispute,Western,Energy
President Museveni,land_row_dispute,Western,Energy
Court,land_row_dispute,Central,Buildings/Housing
Ministry of Finance,land_row_dispute,Central,Buildings/Housing
PPDA,land_row_dispute,Central,Buildings/Housing
Parliament,land_row_dispute,Central,Buildings/Housing
President Museveni,land_row_dispute,Central,Buildings/Housing
Government,land_row_dispute,Central,Energy
Ministry of Finance,land_row_dispute,Central,Energy
Parliament,land_row_dispute,Central,Energy
Parliament,land_row_dispute,Central,Energy
Police,land_row_dispute,Central,Energy
President Museveni,land_row_dispute,Central,Energy
World Bank,land_row_dispute,Central,Energy
Court,land_row_dispute,Central,Land/Urban
Government,land_row_dispute,Central,Land/Urban
KCCA,land_row_dispute,Central,Land/Urban
Parliament,land_row_dispute,Central,Land/Urban
Police,land_row_dispute,Central,Land/Urban
Court,land_row_dispute,Central,Roads/Transport
Government,land_row_dispute,Central,Roads/Transport
Ministry of Health,land_row_dispute,Central,Roads/Transport
Ministry of Works,land_row_dispute,Central,Roads/Transport
Parliament,land_row_dispute,Central,Roads/Transport
Police,land_row_dispute,Central,Roads/Transport
President Museveni,land_row_dispute,Central,Roads/Transport
Government,land_row_dispute,Cross-border,Other
President Museveni,land_row_dispute,Central,Water/Sanitation
Ministry of Energy,land_row_dispute,Central,Energy
Parliament,land_row_dispute,Central,Energy
Court,land_row_dispute,Northern,Buildings/Housing
Government,land_row_dispute,Northern,Buildings/Housing
Government,land_row_dispute,Eastern,Roads/Transport
Government,land_row_dispute,Eastern,Energy
Ministry of Finance,land_row_dispute,Eastern,Energy
Parliament,land_row_dispute,Eastern,Energy
President Museveni,land_row_dispute,Eastern,Energy
URA,land_row_dispute,Eastern,Energy
Umeme,land_row_dispute,Eastern,Energy
Umeme/ERA,land_row_dispute,Eastern,Energy
Government,quality_technical_defect,Northern,Energy
Umeme,quality_technical_defect,Northern,Energy
Umeme/ERA,quality_technical_defect,Northern,Energy
Government,land_row_dispute,Central,Roads/Transport
KCCA,land_row_dispute,Central,Roads/Transport
Government,land_row_dispute,Central,Energy
Police,land_row_dispute,Central,Buildings/Housing
Government,land_row_dispute,Central,Energy
KCCA,land_row_dispute,Central,Energy
President Museveni,land_row_dispute,Central,Energy
Government,land_row_dispute,Central,Roads/Transport
Parliament,land_row_dispute,Central,Roads/Transport
Court,delay_time_overrun,Central,Roads/Transport
Police,delay_time_overrun,Central,Roads/Transport
EACOP,land_row_dispute,Western,Water/Sanitation
Government,land_row_dispute,Western,Water/Sanitation
NEMA,land_row_dispute,Western,Water/Sanitation
President Museveni,land_row_dispute,Western,Water/Sanitation
Government,procurement_irregularity,Central,Buildings/Housing
KCCA,procurement_irregularity,Central,Buildings/Housing
Ministry of Health,procurement_irregularity,Central,Buildings/Housing
Parliament,procurement_irregularity,Central,Buildings/Housing
Court,delay_time_overrun,Central,Water/Sanitation
Government,delay_time_overrun,Central,Water/Sanitation
Police,delay_time_overrun,Central,Water/Sanitation
President Museveni,delay_time_overrun,Central,Water/Sanitation
Government,quality_technical_defect,Central,Roads/Transport
KCCA,quality_technical_defect,Central,Roads/Transport
Police,quality_technical_defect,Central,Roads/Transport
Government,land_row_dispute,Eastern,Energy
Government,land_row_dispute,Central,Energy
Ministry of Finance,land_row_dispute,Central,Energy
President Museveni,land_row_dispute,Central,Energy
Government,land_row_dispute,Eastern,Roads/Transport
EACOP,land_row_dispute,Central,Energy
Government,land_row_dispute,Central,Energy
President Museveni,land_row_dispute,Central,Energy
World Bank,land_row_dispute,Central,Energy
Government,land_row_dispute,Central,Buildings/Housing
KCCA,land_row_dispute,Central,Buildings/Housing
NSSF,land_row_dispute,Central,Buildings/Housing
Government,land_row_dispute,Central,Energy
Ministry of Energy,land_row_dispute,Central,Energy
Police,land_row_dispute,Central,Energy
President Museveni,land_row_dispute,Central,Energy
Government,land_row_dispute,Central,Roads/Transport
Parliament,land_row_dispute,Central,Roads/Transport
Government,quality_technical_defect,Central,Energy
Parliament,quality_technical_defect,Central,Energy
World Bank,quality_technical_defect,Central,Energy
Government,delay_time_overrun,Central,Roads/Transport
President Museveni,delay_time_overrun,Central,Roads/Transport
Government,governance_oversight_failure,Central,Roads/Transport
Parliament,governance_oversight_failure,Central,Roads/Transport
Court,delay_time_overrun,Central,Roads/Transport
Government,delay_time_overrun,Central,Roads/Transport
Parliament,delay_time_overrun,Central,Roads/Transport
President Museveni,delay_time_overrun,Central,Roads/Transport
UNRA,delay_time_overrun,Central,Roads/Transport
World Bank,delay_time_overrun,Central,Roads/Transport
Government,land_row_dispute,Cross-border,Buildings/Housing
Government,land_row_dispute,Central,Roads/Transport
KCCA,land_row_dispute,Central,Roads/Transport
World Bank,land_row_dispute,Central,Roads/Transport
Government,land_row_dispute,Central,Buildings/Housing
Ministry of Health,land_row_dispute,Central,Buildings/Housing
Government,land_row_dispute,Northern,Roads/Transport
President Museveni,land_row_dispute,Northern,Roads/Transport
UNRA,land_row_dispute,Northern,Roads/Transport
KCCA,delay_time_overrun,Central,Water/Sanitation
Court,land_row_dispute,Central,Roads/Transport
Government,land_row_dispute,Central,Roads/Transport
Police,land_row_dispute,Central,Roads/Transport
Police,governance_oversight_failure,Central,Roads/Transport
Government,delay_time_overrun,Central,Buildings/Housing
Court,land_row_dispute,Eastern,Roads/Transport
Government,land_row_dispute,Eastern,Roads/Transport
Police,land_row_dispute,Eastern,Roads/Transport
Court,land_row_dispute,Western,Buildings/Housing
Police,land_row_dispute,Western,Buildings/Housing
Court,contract_management_failure,Central,Other
Government,contract_management_failure,Central,Other
Parliament,contract_management_failure,Central,Other
Government,governance_oversight_failure,Central,Roads/Transport
Police,governance_oversight_failure,Central,Roads/Transport
Government,procurement_irregularity,Central,Buildings/Housing
Parliament,procurement_irregularity,Central,Buildings/Housing
Police,procurement_irregularity,Central,Buildings/Housing
Court,land_row_dispute,Northern,Roads/Transport
Government,land_row_dispute,Northern,Roads/Transport
Government,procurement_irregularity,Northern/Eastern,Energy
Government,land_row_dispute,Eastern,Energy
Umeme/ERA,land_row_dispute,Eastern,Energy
Court,land_row_dispute,Central,Land/Urban
Police,land_row_dispute,Central,Land/Urban
Government,land_row_dispute,Central,Other
Parliament,land_row_dispute,Central,Other
World Bank,land_row_dispute,Central,Other
Court,payment_financial_dispute,Central,Energy
Government,payment_financial_dispute,Central,Energy
Ministry of Finance,payment_financial_dispute,Central,Energy
Parliament,payment_financial_dispute,Central,Energy
President Museveni,payment_financial_dispute,Central,Energy
URA,payment_financial_dispute,Central,Energy
Police,land_row_dispute,Central,Other
Government,land_row_dispute,Central,Energy
Ministry of Finance,land_row_dispute,Central,Energy
Ministry of Health,land_row_dispute,Central,Energy
Parliament,land_row_dispute,Central,Energy
Court,land_row_dispute,Central,Land/Urban
NSSF,land_row_dispute,Central,Land/Urban
Government,land_row_dispute,Eastern,Energy
Ministry of Energy,land_row_dispute,Eastern,Energy
Government,payment_financial_dispute,Eastern,Roads/Transport
Ministry of Energy,payment_financial_dispute,Eastern,Roads/Transport
Ministry of Finance,payment_financial_dispute,Eastern,Roads/Transport
UEGCL,payment_financial_dispute,Eastern,Roads/Transport
Government,land_row_dispute,Cross-border,Energy
Government,land_row_dispute,Northern,Energy
Umeme,land_row_dispute,Northern,Energy
Umeme/ERA,land_row_dispute,Northern,Energy
Police,land_row_dispute,Central,Buildings/Housing
President Museveni,land_row_dispute,Central,Buildings/Housing
EACOP,land_row_dispute,Western,Energy
Government,governance_oversight_failure,Central,Other
IGG,governance_oversight_failure,Central,Other
NSSF,governance_oversight_failure,Central,Other
Parliament,governance_oversight_failure,Central,Other
President Museveni,governance_oversight_failure,Central,Other
Court,land_row_dispute,Central/Western,Energy
Government,land_row_dispute,Central/Western,Energy
Police,land_row_dispute,Central/Western,Energy
Government,governance_oversight_failure,Central,Buildings/Housing
Ministry of Education,governance_oversight_failure,Central,Buildings/Housing
Ministry of Health,governance_oversight_failure,Central,Buildings/Housing
Government,delay_time_overrun,Central,Energy
Ministry of Energy,delay_time_overrun,Central,Energy
Ministry of Finance,delay_time_overrun,Central,Energy
President Museveni,delay_time_overrun,Central,Energy
Umeme,delay_time_overrun,Central,Energy
Umeme/ERA,delay_time_overrun,Central,Energy
Government,delay_time_overrun,Central,Energy
Ministry of Health,delay_time_overrun,Central,Energy
PPDA,delay_time_overrun,Central,Energy
Parliament,delay_time_overrun,Central,Energy
Government,land_row_dispute,Central,Energy
Ministry of Energy,land_row_dispute,Central,Energy
Parliament,land_row_dispute,Central,Energy
Umeme/ERA,land_row_dispute,Central,Energy
Government,contract_management_failure,Central,Water/Sanitation
Ministry of Education,contract_management_failure,Central,Water/Sanitation
Ministry of Health,contract_management_failure,Central,Water/Sanitation
President Museveni,contract_management_failure,Central,Water/Sanitation
Government,land_row_dispute,Central,Buildings/Housing
Ministry of Health,land_row_dispute,Central,Buildings/Housing
President Museveni,land_row_dispute,Central,Buildings/Housing
Police,land_row_dispute,Central,Buildings/Housing
Government,land_row_dispute,Central,Roads/Transport
KCCA,delay_time_overrun,Central,Land/Urban
KCCA,land_row_dispute,Central,Roads/Transport
KCCA,land_row_dispute,Central,Energy
URA,land_row_dispute,Central,Energy
Umeme/ERA,land_row_dispute,Central,Energy
Police,land_row_dispute,Central,Other
President Museveni,land_row_dispute,Central,Other
Government,land_row_dispute,Central,Other
KCCA,land_row_dispute,Central,Land/Urban
EACOP,land_row_dispute,Western,Energy
Government,land_row_dispute,Western,Energy
Ministry of Energy,land_row_dispute,Western,Energy
Court,land_row_dispute,Central,Other
Government,land_row_dispute,Central,Other
Ministry of Health,land_row_dispute,Central,Other
Parliament,land_row_dispute,Central,Other
Government,land_row_dispute,Central,Energy
Police,delay_time_overrun,Western,Buildings/Housing
KCCA,land_row_dispute,Central,Land/Urban
Police,land_row_dispute,Central,Land/Urban
Government,land_row_dispute,Western,Buildings/Housing
Ministry of Health,land_row_dispute,Western,Buildings/Housing
URA,land_row_dispute,Central,Other
Government,land_row_dispute,Central,Roads/Transport
President Museveni,land_row_dispute,Central,Roads/Transport
Court,land_row_dispute,Central,Buildings/Housing
Government,delay_time_overrun,Central,Roads/Transport
Ministry of Works,delay_time_overrun,Central,Roads/Transport
UNRA,delay_time_overrun,Central,Roads/Transport
Government,land_row_dispute,Northern,Buildings/Housing
Government,contract_management_failure,Central,Energy
Umeme,contract_management_failure,Central,Energy
Umeme/ERA,contract_management_failure,Central,Energy
Court,procurement_irregularity,Central,Roads/Transport
Government,procurement_irregularity,Central,Roads/Transport
Ministry of Finance,procurement_irregularity,Central,Roads/Transport
Ministry of Health,procurement_irregularity,Central,Roads/Transport
PPDA,procurement_irregularity,Central,Roads/Transport
Parliament,procurement_irregularity,Central,Roads/Transport
Police,procurement_irregularity,Central,Roads/Transport
URA,procurement_irregularity,Central,Roads/Transport
Umeme,procurement_irregularity,Central,Roads/Transport
Government,land_row_dispute,Central,Roads/Transport
KCCA,land_row_dispute,Central,Roads/Transport
Government,land_row_dispute,Northern,Energy
Ministry of Energy,land_row_dispute,Northern,Energy
Court,land_row_dispute,Central,Roads/Transport
Umeme/ERA,land_row_dispute,Central,Roads/Transport
EACOP,land_row_dispute,Central,Buildings/Housing
Government,land_row_dispute,Central,Buildings/Housing
Parliament,land_row_dispute,Central,Buildings/Housing
Police,land_row_dispute,Central,Buildings/Housing
President Museveni,land_row_dispute,Central,Buildings/Housing
Government,land_row_dispute,Northern,Energy
Government,quality_technical_defect,Northern/Eastern,Roads/Transport
Ministry of Education,quality_technical_defect,Northern/Eastern,Roads/Transport
President Museveni,quality_technical_defect,Northern/Eastern,Roads/Transport
Court,land_row_dispute,Central,Roads/Transport
Ministry of Energy,land_row_dispute,Central,Roads/Transport
Parliament,land_row_dispute,Central,Roads/Transport
President Museveni,land_row_dispute,Central,Roads/Transport
Court,procurement_irregularity,Central,Energy
Government,procurement_irregularity,Central,Energy
Ministry of Finance,procurement_irregularity,Central,Energy
Parliament,procurement_irregularity,Central,Energy
URA,procurement_irregularity,Central,Energy
Court,land_row_dispute,Central,Land/Urban
Government,land_row_dispute,Central,Land/Urban
Ministry of Finance,land_row_dispute,Central,Land/Urban
Parliament,land_row_dispute,Central,Land/Urban
Government,land_row_dispute,Central,Other
EACOP,land_row_dispute,Cross-border,Energy
Government,land_row_dispute,Cross-border,Energy
Parliament,land_row_dispute,Cross-border,Energy
Court,land_row_dispute,Central,Roads/Transport
Government,land_row_dispute,Central,Roads/Transport
KCCA,land_row_dispute,Central,Roads/Transport
Parliament,land_row_dispute,Central,Roads/Transport
President Museveni,land_row_dispute,Central,Roads/Transport
Court,land_row_dispute,Central,Buildings/Housing
Police,land_row_dispute,Central,Buildings/Housing
Government,land_row_dispute,Northern,Energy
Ministry of Finance,land_row_dispute,Northern,Energy
Parliament,land_row_dispute,Northern,Energy
Government,land_row_dispute,Central,Energy
Police,land_row_dispute,Central,Energy
President Museveni,land_row_dispute,Central,Energy
Ministry of Finance,land_row_dispute,Eastern,Roads/Transport
Parliament,land_row_dispute,Eastern,Roads/Transport
Police,land_row_dispute,Eastern,Roads/Transport
President Museveni,land_row_dispute,Eastern,Roads/Transport
KCCA,delay_time_overrun,Central,Buildings/Housing
Police,delay_time_overrun,Central,Buildings/Housing
URA,delay_time_overrun,Central,Buildings/Housing
Umeme/ERA,land_row_dispute,Eastern,Energy
Government,delay_time_overrun,Central,Roads/Transport
Court,land_row_dispute,Northern,Water/Sanitation
Government,land_row_dispute,Northern,Water/Sanitation
NEMA,land_row_dispute,Northern,Water/Sanitation
Police,land_row_dispute,Central,Energy
Court,land_row_dispute,Northern,Roads/Transport
Government,land_row_dispute,Northern,Roads/Transport
Parliament,land_row_dispute,Northern,Roads/Transport
Police,land_row_dispute,Northern,Roads/Transport
Government,land_row_dispute,Central,Roads/Transport
Ministry of Education,land_row_dispute,Central,Roads/Transport
President Museveni,land_row_dispute,Central,Roads/Transport
Government,land_row_dispute,Central,Energy
Ministry of Finance,land_row_dispute,Central,Energy
NSSF,land_row_dispute,Central,Energy
Umeme,land_row_dispute,Central,Energy
Court,land_row_dispute,Central/Western,Land/Urban
Government,land_row_dispute,Central/Western,Land/Urban
Police,land_row_dispute,Central/Western,Land/Urban
Court,land_row_dispute,Central,Other
Government,land_row_dispute,Central,Other
Police,land_row_dispute,Central,Other
Court,land_row_dispute,Central,Energy
Government,land_row_dispute,Central,Energy
Parliament,land_row_dispute,Central,Energy
President Museveni,land_row_dispute,Central,Energy
World Bank,land_row_dispute,Central,Energy
KCCA,quality_technical_defect,Central,Land/Urban
Police,quality_technical_defect,Central,Land/Urban
URA,quality_technical_defect,Central,Land/Urban
Government,land_row_dispute,Eastern,Energy
Umeme,land_row_dispute,Eastern,Energy
Umeme/ERA,land_row_dispute,Eastern,Energy
Government,land_row_dispute,Central,Energy
Parliament,land_row_dispute,Central,Energy
Police,land_row_dispute,Central,Energy
President Museveni,land_row_dispute,Central,Energy
Government,land_row_dispute,Central,Water/Sanitation
Police,land_row_dispute,Central,Water/Sanitation
KCCA,land_row_dispute,Central,Land/Urban
Parliament,land_row_dispute,Central,Land/Urban
KCCA,land_row_dispute,Central,Land/Urban
Ministry of Health,land_row_dispute,Cross-border,Other
Court,land_row_dispute,Central,Buildings/Housing
Court,land_row_dispute,Central,Other
Police,land_row_dispute,Central,Other
KCCA,land_row_dispute,Central,Land/Urban
Police,quality_technical_defect,Central,Roads/Transport
UNRA,quality_technical_defect,Central,Roads/Transport
Government,land_row_dispute,Eastern,Energy
Ministry of Energy,land_row_dispute,Eastern,Energy
Parliament,land_row_dispute,Eastern,Energy
UEGCL,land_row_dispute,Eastern,Energy
Umeme,land_row_dispute,Eastern,Energy
Umeme/ERA,land_row_dispute,Eastern,Energy
Government,land_row_dispute,Cross-border,Other
Ministry of Finance,land_row_dispute,Cross-border,Other
President Museveni,land_row_dispute,Cross-border,Other
Court,land_row_dispute,Central,Buildings/Housing
Government,land_row_dispute,Central,Buildings/Housing
Police,land_row_dispute,Central,Buildings/Housing
Government,land_row_dispute,Central,Land/Urban
Court,land_row_dispute,Northern,Land/Urban
Government,land_row_dispute,Northern,Land/Urban
IGG,land_row_dispute,Northern,Land/Urban
Parliament,land_row_dispute,Northern,Land/Urban
Police,land_row_dispute,Northern,Land/Urban
Government,quality_technical_defect,Eastern,Roads/Transport
Ministry of Energy,quality_technical_defect,Eastern,Roads/Transport
Parliament,quality_technical_defect,Eastern,Roads/Transport
UNRA,quality_technical_defect,Eastern,Roads/Transport
Parliament,land_row_dispute,Central,Energy
Police,land_row_dispute,Central,Energy
President Museveni,land_row_dispute,Central,Energy
Court,contract_management_failure,Central,Energy
Government,contract_management_failure,Central,Energy
Ministry of Energy,contract_management_failure,Central,Energy
Parliament,contract_management_failure,Central,Energy
Umeme,contract_management_failure,Central,Energy
Government,land_row_dispute,Central,Roads/Transport
Ministry of Works,land_row_dispute,Central,Roads/Transport
Government,land_row_dispute,Central,Roads/Transport
Government,land_row_dispute,Central,Roads/Transport
Government,quality_technical_defect,Central,Water/Sanitation
Ministry of Education,quality_technical_defect,Central,Water/Sanitation
Parliament,quality_technical_defect,Central,Water/Sanitation
Police,land_row_dispute,Central,Roads/Transport
President Museveni,land_row_dispute,Central,Roads/Transport
Government,land_row_dispute,Central,Energy
Parliament,land_row_dispute,Central,Energy
President Museveni,land_row_dispute,Central,Energy
Government,land_row_dispute,Central,Land/Urban
KCCA,land_row_dispute,Central,Land/Urban
Parliament,land_row_dispute,Central,Land/Urban
Government,land_row_dispute,Eastern,Energy
Umeme,land_row_dispute,Eastern,Energy
Umeme/ERA,land_row_dispute,Eastern,Energy
Government,land_row_dispute,Central,Roads/Transport
Ministry of Health,land_row_dispute,Central,Roads/Transport
Ministry of Finance,land_row_dispute,Central,Roads/Transport
Ministry of Health,land_row_dispute,Central,Roads/Transport
Parliament,land_row_dispute,Central,Roads/Transport
Police,land_row_dispute,Central,Roads/Transport
URA,land_row_dispute,Central,Roads/Transport
President Museveni,land_row_dispute,Central,Roads/Transport
Court,land_row_dispute,Central,Water/Sanitation
Government,land_row_dispute,Central,Water/Sanitation
Police,land_row_dispute,Central,Water/Sanitation
President Museveni,land_row_dispute,Central,Water/Sanitation
Court,governance_oversight_failure,Central,Energy
Government,governance_oversight_failure,Central,Energy
President Museveni,governance_oversight_failure,Central,Energy
Government,land_row_dispute,Central,Roads/Transport
Parliament,land_row_dispute,Central,Roads/Transport
Police,land_row_dispute,Central,Roads/Transport
Government,land_row_dispute,Central,Buildings/Housing
Ministry of Health,land_row_dispute,Central,Buildings/Housing
Ministry of Works,land_row_dispute,Central,Buildings/Housing
Parliament,land_row_dispute,Central,Buildings/Housing
Government,land_row_dispute,Cross-border,Other
Parliament,land_row_dispute,Cross-border,Other
President Museveni,land_row_dispute,Cross-border,Other
UNRA,land_row_dispute,Cross-border,Other
Court,land_row_dispute,Central,Buildings/Housing
Government,land_row_dispute,Central,Buildings/Housing
NSSF,land_row_dispute,Central,Buildings/Housing
President Museveni,land_row_dispute,Central,Buildings/Housing
Parliament,land_row_dispute,Central,Land/Urban
Court,land_row_dispute,Central,Roads/Transport
Police,land_row_dispute,Central,Roads/Transport
Court,land_row_dispute,National Corridor,Other
Government,land_row_dispute,National Corridor,Other
Ministry of Finance,land_row_dispute,National Corridor,Other
Ministry of Health,land_row_dispute,National Corridor,Other
President Museveni,land_row_dispute,National Corridor,Other
Court,land_row_dispute,Central,Roads/Transport
Government,land_row_dispute,Central,Roads/Transport
KCCA,land_row_dispute,Central,Roads/Transport
Police,land_row_dispute,Central,Roads/Transport
Court,contract_management_failure,Central,Roads/Transport
Government,contract_management_failure,Central,Roads/Transport
Government,delay_time_overrun,Central,Buildings/Housing
Ministry of Health,delay_time_overrun,Central,Buildings/Housing
Court,land_row_dispute,Central,Land/Urban
Government,land_row_dispute,Central,Land/Urban
Parliament,land_row_dispute,Central,Land/Urban
President Museveni,land_row_dispute,Central,Land/Urban
Government,land_row_dispute,Central,Water/Sanitation
Government,land_row_dispute,Eastern,Energy
Government,land_row_dispute,Central,Roads/Transport
KCCA,land_row_dispute,Central,Roads/Transport
Parliament,land_row_dispute,Central,Roads/Transport
Police,land_row_dispute,Central,Roads/Transport
Government,quality_technical_defect,Central,Roads/Transport
Ministry of Education,quality_technical_defect,Central,Roads/Transport
Parliament,quality_technical_defect,Central,Roads/Transport
Government,land_row_dispute,Central,Roads/Transport
Ministry of Works,land_row_dispute,Central,Roads/Transport
Court,land_row_dispute,Central,Roads/Transport
Government,land_row_dispute,Central,Roads/Transport
IGG,land_row_dispute,Central,Roads/Transport
Ministry of Finance,land_row_dispute,Central,Roads/Transport
Police,land_row_dispute,Central,Roads/Transport
President Museveni,land_row_dispute,Central,Roads/Transport
UNRA,land_row_dispute,Central,Roads/Transport
Court,land_row_dispute,Northern,Land/Urban
Government,land_row_dispute,Northern,Land/Urban
Police,land_row_dispute,Northern,Land/Urban
Court,land_row_dispute,Central,Energy
Umeme,land_row_dispute,Central,Energy
KCCA,land_row_dispute,Central,Energy
Police,land_row_dispute,Central,Energy
URA,land_row_dispute,Central,Energy
Government,land_row_dispute,Northern,Buildings/Housing
Court,land_row_dispute,Cross-border,Buildings/Housing
PPDA,land_row_dispute,Cross-border,Buildings/Housing
Government,land_row_dispute,Cross-border,Energy
Umeme,land_row_dispute,Cross-border,Energy
Umeme/ERA,land_row_dispute,Cross-border,Energy
Government,quality_technical_defect,Eastern,Energy
Court,governance_oversight_failure,Central,Buildings/Housing
Government,governance_oversight_failure,Central,Buildings/Housing
Ministry of Education,governance_oversight_failure,Central,Buildings/Housing
Parliament,governance_oversight_failure,Central,Buildings/Housing
Police,governance_oversight_failure,Central,Buildings/Housing
President Museveni,governance_oversight_failure,Central,Buildings/Housing
Government,contract_management_failure,Northern,Land/Urban
Police,contract_management_failure,Northern,Land/Urban
Government,land_row_dispute,Eastern,Energy
Ministry of Health,land_row_dispute,Eastern,Energy
Government,land_row_dispute,Eastern,Roads/Transport
Police,land_row_dispute,Eastern,Roads/Transport
Court,land_row_dispute,Central,Buildings/Housing
Government,land_row_dispute,Central,Buildings/Housing
Ministry of Works,land_row_dispute,Central,Buildings/Housing
Parliament,land_row_dispute,Central,Buildings/Housing
Government,land_row_dispute,Central,Buildings/Housing
NEMA,land_row_dispute,Central,Buildings/Housing
UNRA,land_row_dispute,Central,Roads/Transport
Court,land_row_dispute,Central,Energy
Parliament,land_row_dispute,Central,Energy
President Museveni,land_row_dispute,Central,Energy
KCCA,land_row_dispute,Central,Land/Urban
Police,land_row_dispute,Central,Land/Urban
URA,land_row_dispute,Central,Land/Urban
Court,land_row_dispute,Cross-border,Land/Urban
Parliament,land_row_dispute,Central,Roads/Transport
President Museveni,land_row_dispute,Central,Roads/Transport
URA,land_row_dispute,Central,Roads/Transport
Government,land_row_dispute,Central,Buildings/Housing
KCCA,land_row_dispute,Central,Buildings/Housing
President Museveni,land_row_dispute,Central,Buildings/Housing
Government,land_row_dispute,Central,Buildings/Housing
Police,land_row_dispute,Central,Buildings/Housing
Government,delay_time_overrun,Central,Roads/Transport
Police,delay_time_overrun,Central,Roads/Transport
Court,procurement_irregularity,Central,Roads/Transport
UNRA,procurement_irregularity,Central,Roads/Transport
Court,land_row_dispute,Central,Roads/Transport
Police,land_row_dispute,Central,Roads/Transport
Government,land_row_dispute,Northern/Eastern,Buildings/Housing
KCCA,land_row_dispute,Central,Land/Urban
Government,land_row_dispute,Eastern,Energy
Ministry of Energy,land_row_dispute,Eastern,Energy
Umeme/ERA,land_row_dispute,Eastern,Energy
Court,land_row_dispute,Central,Land/Urban
Parliament,land_row_dispute,Central,Land/Urban
Police,land_row_dispute,Central,Land/Urban
Government,land_row_dispute,Central,Buildings/Housing
Ministry of Finance,land_row_dispute,Central,Buildings/Housing
Ministry of Works,land_row_dispute,Central,Buildings/Housing
PPDA,land_row_dispute,Central,Buildings/Housing
Parliament,land_row_dispute,Central,Buildings/Housing
Government,quality_technical_defect,Central,Energy
Police,quality_technical_defect,Central,Energy
Court,contract_management_failure,Cross-border,Other
Parliament,contract_management_failure,Cross-border,Other
Parliament,land_row_dispute,Central,Land/Urban
Court,land_row_dispute,Central,Roads/Transport
Government,land_row_dispute,Central,Roads/Transport
Ministry of Finance,land_row_dispute,Central,Roads/Transport
Parliament,land_row_dispute,Central,Roads/Transport
Court,land_row_dispute,Central,Roads/Transport
Police,land_row_dispute,Central,Roads/Transport
President Museveni,land_row_dispute,Central,Roads/Transport
Government,delay_time_overrun,Central,Energy
Ministry of Education,delay_time_overrun,Central,Energy
Ministry of Finance,delay_time_overrun,Central,Energy
Police,delay_time_overrun,Central,Energy
Government,land_row_dispute,Central,Roads/Transport
Ministry of Works,land_row_dispute,Central,Roads/Transport
Parliament,land_row_dispute,Central,Roads/Transport
Government,delay_time_overrun,Central,Energy
Umeme,delay_time_overrun,Central,Energy
Government,land_row_dispute,Central/Western,Energy
Ministry of Energy,land_row_dispute,Central/Western,Energy
Police,land_row_dispute,Central/Western,Energy
President Museveni,land_row_dispute,Central/Western,Energy
Government,land_row_dispute,Cross-border,Energy
Parliament,land_row_dispute,Cross-border,Energy
Police,land_row_dispute,Cross-border,Energy
Government,land_row_dispute,Central,Land/Urban
Government,land_row_dispute,Central,Land/Urban
President Museveni,land_row_dispute,Central,Land/Urban
Court,land_row_dispute,Central,Energy
Government,land_row_dispute,Central,Energy
President Museveni,land_row_dispute,Central,Energy
Umeme/ERA,land_row_dispute,Central,Energy
Government,land_row_dispute,Eastern,Energy
Parliament,land_row_dispute,Eastern,Energy
Court,land_row_dispute,Central,Energy
Government,land_row_dispute,Central,Energy
KCCA,land_row_dispute,Central,Energy
Ministry of Energy,land_row_dispute,Central,Energy
Police,land_row_dispute,Central,Energy
President Museveni,land_row_dispute,Central,Energy
Court,land_row_dispute,Cross-border,Land/Urban
Government,land_row_dispute,Cross-border,Land/Urban
Ministry of Finance,land_row_dispute,Cross-border,Land/Urban
Court,land_row_dispute,Northern,Other
Government,quality_technical_defect,Central,Buildings/Housing
Parliament,quality_technical_defect,Central,Buildings/Housing
Court,land_row_dispute,Central,Roads/Transport
KCCA,land_row_dispute,Central,Roads/Transport
Police,land_row_dispute,Central,Roads/Transport
President Museveni,land_row_dispute,Central,Roads/Transport
Government,delay_time_overrun,Eastern,Energy
Ministry of Energy,delay_time_overrun,Eastern,Energy
Umeme/ERA,delay_time_overrun,Eastern,Energy
Government,delay_time_overrun,Central,Roads/Transport
IGG,delay_time_overrun,Central,Roads/Transport
Ministry of Finance,delay_time_overrun,Central,Roads/Transport
NEMA,delay_time_overrun,Central,Roads/Transport
Parliament,delay_time_overrun,Central,Roads/Transport
Police,delay_time_overrun,Central,Roads/Transport
President Museveni,delay_time_overrun,Central,Roads/Transport
Government,land_row_dispute,Central,Roads/Transport
Parliament,land_row_dispute,Central,Roads/Transport
President Museveni,land_row_dispute,Central,Roads/Transport
UNRA,land_row_dispute,Central,Roads/Transport
Government,delay_time_overrun,Central,Energy
Ministry of Energy,delay_time_overrun,Central,Energy
Umeme,delay_time_overrun,Central,Energy
Umeme/ERA,delay_time_overrun,Central,Energy
World Bank,delay_time_overrun,Central,Energy
Court,land_row_dispute,Central,Energy
Government,land_row_dispute,Central,Energy
Parliament,land_row_dispute,Central,Energy
Police,land_row_dispute,Central,Energy
President Museveni,land_row_dispute,Central,Energy
KCCA,land_row_dispute,Central,Land/Urban
URA,land_row_dispute,Central,Land/Urban
UEGCL,land_row_dispute,Eastern,Energy
Umeme,land_row_dispute,Eastern,Energy
Umeme/ERA,land_row_dispute,Eastern,Energy
Government,land_row_dispute,Central,Roads/Transport
Ministry of Works,land_row_dispute,Central,Roads/Transport
Parliament,land_row_dispute,Central,Roads/Transport
UEGCL,land_row_dispute,Central,Roads/Transport
UNRA,land_row_dispute,Central,Roads/Transport
Government,land_row_dispute,Central,Energy
Umeme/ERA,land_row_dispute,Northern,Energy
EACOP,land_row_dispute,Eastern,Energy
Government,land_row_dispute,Eastern,Energy
NEMA,land_row_dispute,Eastern,Energy
KCCA,land_row_dispute,Central,Roads/Transport
Court,payment_financial_dispute,Cross-border,Other
Government,payment_financial_dispute,Cross-border,Other
Parliament,payment_financial_dispute,Cross-border,Other
URA,payment_financial_dispute,Cross-border,Other
Court,delay_time_overrun,Central,Buildings/Housing
Government,delay_time_overrun,Central,Buildings/Housing
Police,delay_time_overrun,Central,Buildings/Housing
Government,land_row_dispute,Central,Roads/Transport
Ministry of Finance,land_row_dispute,Central,Roads/Transport
Parliament,land_row_dispute,Central,Roads/Transport
Ministry of Energy,land_row_dispute,Eastern,Energy
Ministry of Health,land_row_dispute,Eastern,Energy
Umeme,land_row_dispute,Eastern,Energy
Ministry of Works,land_row_dispute,Central,Other
Police,land_row_dispute,Central,Other
Court,land_row_dispute,Central,Land/Urban
Government,land_row_dispute,Central,Land/Urban
Government,land_row_dispute,Central,Roads/Transport
Police,land_row_dispute,Central,Roads/Transport
Court,land_row_dispute,Central,Roads/Transport
KCCA,land_row_dispute,Central,Roads/Transport
KCCA,land_row_dispute,Northern,Land/Urban
Police,land_row_dispute,Northern,Land/Urban
Court,land_row_dispute,Western,Buildings/Housing
Police,land_row_dispute,Western,Buildings/Housing
President Museveni,land_row_dispute,Central,Roads/Transport
Government,land_row_dispute,Central,Energy
Court,land_row_dispute,Central,Land/Urban
Parliament,land_row_dispute,Central,Land/Urban
Police,land_row_dispute,Central,Land/Urban
President Museveni,land_row_dispute,Central,Land/Urban
Government,land_row_dispute,Central,Roads/Transport
KCCA,land_row_dispute,Central,Roads/Transport
Ministry of Finance,land_row_dispute,Central,Roads/Transport
Ministry of Health,land_row_dispute,Central,Roads/Transport
Parliament,land_row_dispute,Central,Roads/Transport
Police,land_row_dispute,Central,Roads/Transport
President Museveni,land_row_dispute,Central,Roads/Transport
UNRA,land_row_dispute,Central,Roads/Transport
Parliament,procurement_irregularity,Central,Buildings/Housing
Court,delay_time_overrun,Central,Water/Sanitation
Police,delay_time_overrun,Central,Water/Sanitation
Court,land_row_dispute,Northern/Eastern,Energy
Government,land_row_dispute,Northern/Eastern,Energy
Parliament,land_row_dispute,Northern/Eastern,Energy
President Museveni,land_row_dispute,Northern/Eastern,Energy
Umeme/ERA,land_row_dispute,Northern/Eastern,Energy
Court,land_row_dispute,Northern,Buildings/Housing
Government,land_row_dispute,Northern,Buildings/Housing
Ministry of Works,land_row_dispute,Northern,Buildings/Housing
URA,land_row_dispute,Northern,Buildings/Housing
World Bank,land_row_dispute,Northern,Buildings/Housing
Court,land_row_dispute,Central,Roads/Transport
Parliament,land_row_dispute,Central,Roads/Transport
Police,land_row_dispute,Central,Roads/Transport
Court,land_row_dispute,Central,Roads/Transport
Government,land_row_dispute,Central,Roads/Transport
Parliament,land_row_dispute,Central,Roads/Transport
Police,land_row_dispute,Central,Roads/Transport
Court,land_row_dispute,Eastern,Roads/Transport
Government,land_row_dispute,Eastern,Roads/Transport
Government,land_row_dispute,Western,Energy
Ministry of Energy,land_row_dispute,Western,Energy
Umeme/ERA,land_row_dispute,Western,Energy
Court,land_row_dispute,Cross-border,Roads/Transport
Government,land_row_dispute,Cross-border,Roads/Transport
KCCA,land_row_dispute,Cross-border,Roads/Transport
Police,land_row_dispute,Cross-border,Roads/Transport
President Museveni,land_row_dispute,Cross-border,Roads/Transport
Government,land_row_dispute,Western,Buildings/Housing
Court,procurement_irregularity,Central,Other
Government,procurement_irregularity,Central,Other
Parliament,procurement_irregularity,Central,Other
Government,land_row_dispute,Central,Energy
Government,land_row_dispute,Eastern,Buildings/Housing
Ministry of Finance,land_row_dispute,Eastern,Buildings/Housing
Court,land_row_dispute,Central,Buildings/Housing
Court,land_row_dispute,Central,Roads/Transport
Government,land_row_dispute,Central,Roads/Transport
Parliament,land_row_dispute,Central,Roads/Transport
URA,land_row_dispute,Central,Roads/Transport
Government,land_row_dispute,Central,Buildings/Housing
Parliament,land_row_dispute,Central,Buildings/Housing
Court,land_row_dispute,Cross-border,Oil/Gas
EACOP,land_row_dispute,Cross-border,Oil/Gas
Government,land_row_dispute,Cross-border,Oil/Gas
KCCA,contract_management_failure,Central,Land/Urban
Police,contract_management_failure,Central,Land/Urban
Government,land_row_dispute,Central,Buildings/Housing
Government,delay_time_overrun,Eastern,Roads/Transport
Ministry of Education,delay_time_overrun,Eastern,Roads/Transport
Court,land_row_dispute,Central,Roads/Transport
Government,land_row_dispute,Central,Roads/Transport
IGG,land_row_dispute,Central,Roads/Transport
UNRA,land_row_dispute,Central,Roads/Transport
Government,land_row_dispute,Northern/Eastern,Roads/Transport
Ministry of Education,land_row_dispute,Northern/Eastern,Roads/Transport
World Bank,land_row_dispute,Northern/Eastern,Roads/Transport
Police,land_row_dispute,Western,Roads/Transport
President Museveni,land_row_dispute,Western,Roads/Transport
Court,contract_management_failure,Central,Other
Government,contract_management_failure,Central,Other
IGG,contract_management_failure,Central,Other
Government,land_row_dispute,Central,Buildings/Housing
Ministry of Finance,land_row_dispute,Central,Buildings/Housing
Ministry of Health,land_row_dispute,Central,Buildings/Housing
Court,land_row_dispute,Central,Roads/Transport
Government,land_row_dispute,Central,Roads/Transport
Parliament,land_row_dispute,Central,Roads/Transport
UNRA,land_row_dispute,Central,Roads/Transport
Police,land_row_dispute,Central,Roads/Transport
President Museveni,land_row_dispute,Central,Roads/Transport
KCCA,quality_technical_defect,Central,Buildings/Housing
URA,quality_technical_defect,Central,Buildings/Housing
Government,delay_time_overrun,Central,Roads/Transport
Parliament,delay_time_overrun,Central,Roads/Transport
President Museveni,delay_time_overrun,Central,Roads/Transport
Government,procurement_irregularity,Cross-border,Energy
Government,land_row_dispute,Central,Land/Urban
President Museveni,land_row_dispute,Central,Land/Urban
Court,land_row_dispute,Central/Western,Buildings/Housing
Government,land_row_dispute,Central/Western,Buildings/Housing
Umeme,governance_oversight_failure,National Corridor,Energy
Umeme/ERA,governance_oversight_failure,National Corridor,Energy
Court,land_row_dispute,Western,Land/Urban
Government,land_row_dispute,Western,Land/Urban
Parliament,land_row_dispute,Western,Land/Urban
Court,land_row_dispute,Central,Land/Urban
Government,land_row_dispute,Central,Land/Urban
IGG,land_row_dispute,Central,Land/Urban
Court,land_row_dispute,Central,Energy
Government,land_row_dispute,Central,Energy
Ministry of Health,delay_time_overrun,Northern,Buildings/Housing
Police,delay_time_overrun,Northern,Buildings/Housing
Court,land_row_dispute,Central,Energy
Government,land_row_dispute,Central,Energy
Ministry of Finance,land_row_dispute,Central,Energy
Parliament,land_row_dispute,Central,Energy
President Museveni,land_row_dispute,Central,Energy
Government,land_row_dispute,Central,Roads/Transport
Court,governance_oversight_failure,Central,Roads/Transport
Government,governance_oversight_failure,Central,Roads/Transport
Ministry of Finance,governance_oversight_failure,Central,Roads/Transport
Ministry of Health,governance_oversight_failure,Central,Roads/Transport
Parliament,governance_oversight_failure,Central,Roads/Transport
UNRA,governance_oversight_failure,Central,Roads/Transport
Government,payment_financial_dispute,Western,Roads/Transport
Police,payment_financial_dispute,Western,Roads/Transport
UNRA,payment_financial_dispute,Western,Roads/Transport
Court,land_row_dispute,Central,Other
Government,land_row_dispute,Central,Other
Parliament,land_row_dispute,Central,Other
Government,governance_oversight_failure,Central,Energy
Ministry of Finance,governance_oversight_failure,Central,Energy
Parliament,governance_oversight_failure,Central,Energy
President Museveni,governance_oversight_failure,Central,Energy
Government,delay_time_overrun,Central,Roads/Transport
Parliament,delay_time_overrun,Central,Roads/Transport
Court,land_row_dispute,Eastern,Energy
Government,land_row_dispute,Eastern,Energy
Ministry of Energy,land_row_dispute,Eastern,Energy
URA,land_row_dispute,Eastern,Energy
Government,land_row_dispute,Cross-border,Buildings/Housing
Parliament,land_row_dispute,Cross-border,Buildings/Housing
KCCA,land_row_dispute,Eastern,Land/Urban
Police,land_row_dispute,Eastern,Land/Urban
URA,land_row_dispute,Eastern,Land/Urban
Police,land_row_dispute,Eastern,Roads/Transport
Government,land_row_dispute,Central,Oil/Gas
Parliament,land_row_dispute,Central,Oil/Gas
President Museveni,land_row_dispute,Central,Oil/Gas
Court,land_row_dispute,Central,Roads/Transport
Government,land_row_dispute,Central,Roads/Transport
KCCA,land_row_dispute,Central,Roads/Transport
Umeme,land_row_dispute,Central,Roads/Transport
UNRA,land_row_dispute,Central,Roads/Transport
Parliament,land_row_dispute,Eastern,Oil/Gas
Government,land_row_dispute,Central,Energy
Government,delay_time_overrun,Central,Buildings/Housing
Ministry of Education,delay_time_overrun,Central,Buildings/Housing
Parliament,delay_time_overrun,Central,Buildings/Housing
Government,land_row_dispute,Central,Roads/Transport
UNRA,land_row_dispute,Central,Roads/Transport
Court,contract_management_failure,Cross-border,Land/Urban
Government,governance_oversight_failure,Central,Other
NSSF,governance_oversight_failure,Central,Other
Parliament,governance_oversight_failure,Central,Other
Police,governance_oversight_failure,Central,Other
Government,land_row_dispute,Central,Water/Sanitation
NEMA,land_row_dispute,Central,Water/Sanitation
Police,land_row_dispute,Central,Water/Sanitation
Government,procurement_irregularity,Central,Other
Court,contract_management_failure,Central,Land/Urban
Government,contract_management_failure,Central,Land/Urban
Police,contract_management_failure,Central,Land/Urban
Court,land_row_dispute,Central,Land/Urban
Government,land_row_dispute,Central,Land/Urban
Court,procurement_irregularity,Central,Roads/Transport
Government,procurement_irregularity,Central,Roads/Transport
IGG,procurement_irregularity,Central,Roads/Transport
UNRA,procurement_irregularity,Central,Roads/Transport
Government,payment_financial_dispute,Central,Other
Parliament,payment_financial_dispute,Central,Other
President Museveni,payment_financial_dispute,Central,Other
Police,land_row_dispute,Central,Roads/Transport
Police,delay_time_overrun,Eastern,Roads/Transport
EACOP,delay_time_overrun,Western,Roads/Transport
Government,delay_time_overrun,Western,Roads/Transport
Ministry of Works,delay_time_overrun,Western,Roads/Transport
NEMA,delay_time_overrun,Western,Roads/Transport
UNRA,delay_time_overrun,Western,Roads/Transport
Government,land_row_dispute,Central,Energy
Ministry of Finance,land_row_dispute,Central,Energy
NSSF,land_row_dispute,Central,Energy
Parliament,land_row_dispute,Central,Energy
Court,governance_oversight_failure,Central,Energy
Government,governance_oversight_failure,Central,Energy
IGG,governance_oversight_failure,Central,Energy
KCCA,governance_oversight_failure,Central,Energy
Parliament,governance_oversight_failure,Central,Energy
EACOP,land_row_dispute,Western,Energy
Government,land_row_dispute,Western,Energy
Ministry of Energy,land_row_dispute,Western,Energy
NEMA,land_row_dispute,Western,Energy
Government,land_row_dispute,Eastern,Buildings/Housing
Court,land_row_dispute,Northern/Eastern,Roads/Transport
Police,land_row_dispute,Northern/Eastern,Roads/Transport
President Museveni,land_row_dispute,Northern/Eastern,Roads/Transport
Government,land_row_dispute,Central,Energy
KCCA,land_row_dispute,Central,Energy
Ministry of Finance,land_row_dispute,Central,Energy
Ministry of Works,land_row_dispute,Central,Energy
Parliament,land_row_dispute,Central,Energy
URA,land_row_dispute,Central,Energy
Government,land_row_dispute,Central,Roads/Transport
Parliament,land_row_dispute,Central,Roads/Transport
Court,land_row_dispute,Central,Roads/Transport
Government,land_row_dispute,Central,Roads/Transport
Court,land_row_dispute,Cross-border,Energy
Court,land_row_dispute,Central,Roads/Transport
Government,land_row_dispute,Central,Roads/Transport
KCCA,land_row_dispute,Central,Roads/Transport
Parliament,land_row_dispute,Central,Roads/Transport
Government,land_row_dispute,Central,Buildings/Housing
KCCA,land_row_dispute,Central,Buildings/Housing
Parliament,land_row_dispute,Central,Buildings/Housing
Government,delay_time_overrun,Central,Buildings/Housing
Ministry of Health,delay_time_overrun,Central,Buildings/Housing
Parliament,land_row_dispute,Central,Energy
President Museveni,land_row_dispute,Central,Energy
Parliament,contract_management_failure,Central,Other
Umeme/ERA,delay_time_overrun,Central,Roads/Transport
Government,land_row_dispute,Central,Roads/Transport
Police,land_row_dispute,Central,Roads/Transport
KCCA,land_row_dispute,Northern,Land/Urban
Ministry of Health,land_row_dispute,Central,Roads/Transport
President Museveni,land_row_dispute,Central,Roads/Transport
Government,land_row_dispute,Central,Roads/Transport
Parliament,land_row_dispute,Central,Roads/Transport
President Museveni,land_row_dispute,Central,Roads/Transport
NSSF,land_row_dispute,Central,Roads/Transport
World Bank,land_row_dispute,Central,Roads/Transport
Government,land_row_dispute,Central,Land/Urban
Court,contract_management_failure,Central,Roads/Transport
KCCA,contract_management_failure,Central,Roads/Transport
Parliament,contract_management_failure,Central,Roads/Transport
Police,contract_management_failure,Central,Roads/Transport
Government,land_row_dispute,Central,Buildings/Housing
Police,land_row_dispute,Central,Buildings/Housing
President Museveni,land_row_dispute,Central,Buildings/Housing
Court,land_row_dispute,Central,Roads/Transport
Government,land_row_dispute,Central,Roads/Transport
KCCA,land_row_dispute,Central,Roads/Transport
President Museveni,land_row_dispute,Central,Roads/Transport
Court,land_row_dispute,Central,Roads/Transport
Government,land_row_dispute,Central,Roads/Transport
Police,land_row_dispute,Northern,Roads/Transport
Government,land_row_dispute,Central,Roads/Transport
President Museveni,land_row_dispute,Central,Roads/Transport
President Museveni,land_row_dispute,Cross-border,Energy
Government,delay_time_overrun,Central,Roads/Transport
IGG,delay_time_overrun,Central,Roads/Transport
Parliament,delay_time_overrun,Central,Roads/Transport
President Museveni,delay_time_overrun,Central,Roads/Transport
Government,land_row_dispute,Central,Energy
Police,land_row_dispute,Central,Roads/Transport
President Museveni,delay_time_overrun,Central,Roads/Transport
Government,delay_time_overrun,Northern,Energy
President Museveni,delay_time_overrun,Northern,Energy
Umeme/ERA,delay_time_overrun,Northern,Energy
Court,land_row_dispute,Central,Roads/Transport
Court,land_row_dispute,Northern,Buildings/Housing
Court,land_row_dispute,Central,Land/Urban
Government,land_row_dispute,Central,Land/Urban
KCCA,land_row_dispute,Central,Land/Urban
President Museveni,land_row_dispute,Central,Land/Urban
Umeme/ERA,delay_time_overrun,Eastern,Energy
Government,land_row_dispute,Central,Buildings/Housing
KCCA,land_row_dispute,Central,Buildings/Housing
President Museveni,land_row_dispute,Central,Buildings/Housing
Court,procurement_irregularity,Central,Energy
Government,procurement_irregularity,Central,Energy
KCCA,procurement_irregularity,Central,Energy
Parliament,procurement_irregularity,Central,Energy
Court,procurement_irregularity,Central,Other
Government,procurement_irregularity,Central,Other
Parliament,procurement_irregularity,Central,Other
Police,procurement_irregularity,Central,Other
President Museveni,procurement_irregularity,Central,Other
Government,land_row_dispute,Northern,Buildings/Housing
Parliament,land_row_dispute,Northern,Buildings/Housing
Police,land_row_dispute,Northern,Buildings/Housing
President Museveni,land_row_dispute,Northern,Buildings/Housing
Government,delay_time_overrun,Northern,Buildings/Housing
Parliament,delay_time_overrun,Northern,Buildings/Housing
Government,delay_time_overrun,Northern/Eastern,Roads/Transport
Parliament,delay_time_overrun,Northern/Eastern,Roads/Transport
President Museveni,delay_time_overrun,Northern/Eastern,Roads/Transport
Court,land_row_dispute,Central,Roads/Transport
Government,land_row_dispute,Central,Roads/Transport
Parliament,land_row_dispute,Central,Roads/Transport
President Museveni,land_row_dispute,Central,Roads/Transport
UNRA,land_row_dispute,Central,Roads/Transport
Court,delay_time_overrun,Central,Buildings/Housing
KCCA,land_row_dispute,Central,Roads/Transport
Parliament,land_row_dispute,Central,Roads/Transport
Government,land_row_dispute,Central,Roads/Transport
Ministry of Works,land_row_dispute,Central,Roads/Transport
KCCA,land_row_dispute,Central,Water/Sanitation
Government,land_row_dispute,Cross-border,Buildings/Housing
KCCA,land_row_dispute,Cross-border,Buildings/Housing
KCCA,land_row_dispute,Central,Land/Urban
Ministry of Works,land_row_dispute,Central,Other
Government,payment_financial_dispute,Eastern,Other
Parliament,payment_financial_dispute,Eastern,Other
Police,payment_financial_dispute,Eastern,Other
President Museveni,payment_financial_dispute,Eastern,Other
Government,land_row_dispute,Eastern,Energy
President Museveni,land_row_dispute,Eastern,Energy
Umeme/ERA,land_row_dispute,Eastern,Energy
Government,land_row_dispute,Central,Roads/Transport
Ministry of Finance,land_row_dispute,Central,Roads/Transport
Parliament,land_row_dispute,Central,Roads/Transport
Government,land_row_dispute,Central,Other
Government,land_row_dispute,Central,Buildings/Housing
Ministry of Education,land_row_dispute,Central,Buildings/Housing
Court,land_row_dispute,Central/Western,Land/Urban
Police,land_row_dispute,Central/Western,Land/Urban
Government,land_row_dispute,Eastern,Buildings/Housing
Ministry of Education,land_row_dispute,Eastern,Buildings/Housing
Government,land_row_dispute,Central,Buildings/Housing
Ministry of Education,land_row_dispute,Central,Buildings/Housing
Umeme/ERA,land_row_dispute,Central,Buildings/Housing
Government,land_row_dispute,Central,Energy
Government,delay_time_overrun,Western,Energy
Government,land_row_dispute,Central,Water/Sanitation
NWSC,land_row_dispute,Central,Water/Sanitation
Police,land_row_dispute,Central,Water/Sanitation
Government,delay_time_overrun,Cross-border,Roads/Transport
Police,land_row_dispute,Central,Roads/Transport
Government,delay_time_overrun,Central,Buildings/Housing
Parliament,delay_time_overrun,Central,Buildings/Housing
Parliament,delay_time_overrun,National Corridor,Buildings/Housing
Police,delay_time_overrun,National Corridor,Buildings/Housing
Court,land_row_dispute,Central/Western,Energy
Government,land_row_dispute,Central/Western,Energy
Court,land_row_dispute,Western,Roads/Transport
UNRA,land_row_dispute,Western,Roads/Transport
Court,governance_oversight_failure,Central,Other
Ministry of Finance,governance_oversight_failure,Central,Other
Police,governance_oversight_failure,Central,Other
Court,land_row_dispute,Central,Energy
Police,land_row_dispute,Central,Energy
President Museveni,land_row_dispute,Central,Energy
Police,land_row_dispute,Northern/Eastern,Roads/Transport
Government,land_row_dispute,Central,Roads/Transport
UEGCL,land_row_dispute,Central,Roads/Transport
Umeme,land_row_dispute,Central,Roads/Transport
World Bank,land_row_dispute,Central,Roads/Transport
Court,land_row_dispute,Central,Energy
Government,land_row_dispute,Central,Energy
Ministry of Energy,land_row_dispute,Central,Energy
Parliament,land_row_dispute,Central,Energy
Police,land_row_dispute,Central,Energy
President Museveni,land_row_dispute,Central,Energy
Court,quality_technical_defect,Central,Roads/Transport
Government,quality_technical_defect,Central,Roads/Transport
Ministry of Works,quality_technical_defect,Central,Roads/Transport
UNRA,quality_technical_defect,Central,Roads/Transport
World Bank,quality_technical_defect,Central,Roads/Transport
Court,land_row_dispute,Central,Roads/Transport
Government,land_row_dispute,Central,Roads/Transport
Parliament,land_row_dispute,Central,Roads/Transport
Police,land_row_dispute,Central,Roads/Transport
President Museveni,land_row_dispute,Central,Roads/Transport
Umeme/ERA,land_row_dispute,Central,Roads/Transport
Court,land_row_dispute,Central,Energy
Government,land_row_dispute,Central,Energy
Ministry of Finance,land_row_dispute,Central,Energy
Parliament,land_row_dispute,Central,Energy
Police,land_row_dispute,Central,Energy
President Museveni,land_row_dispute,Central,Energy
Ministry of Education,land_row_dispute,Central,Other
Ministry of Health,land_row_dispute,Central,Other
Government,land_row_dispute,Central,Water/Sanitation
NWSC,land_row_dispute,Central,Water/Sanitation
Government,land_row_dispute,National Corridor,Water/Sanitation
NEMA,land_row_dispute,National Corridor,Water/Sanitation
Government,delay_time_overrun,Central,Buildings/Housing
Parliament,delay_time_overrun,Central,Buildings/Housing
President Museveni,delay_time_overrun,Central,Buildings/Housing
Court,land_row_dispute,Central,Buildings/Housing
Government,land_row_dispute,Central,Buildings/Housing
Police,land_row_dispute,Central,Buildings/Housing
President Museveni,land_row_dispute,Central,Buildings/Housing
Government,land_row_dispute,Northern,Roads/Transport
Police,land_row_dispute,Northern,Roads/Transport
